2026-07-24 07:54:17.875 | INFO     | lightx2v_platform.base.base:init_ai_device:17 - Initialized AI_DEVICE: cuda
2026-07-24 07:54:18.387 | INFO     | lightx2v_platform.base.base:check_ai_device:34 - AI device for platform 'cuda' is available.
/app/MagiAttention/magi_attention/__init__.py:26: UserWarning: You are using magi_attention without installing it. This may cause some unexpected errors.
  warnings.warn(
2026-07-24 07:54:20.755 | INFO     | lightx2v.common.ops.attn.dynamic_sparse_attn:<module>:16 - flash_attn.cute not found, please install flashattention4 first
2026-07-24 07:54:20.756 | INFO     | lightx2v.common.ops.attn.dynamic_sparse_attn:<module>:22 - sageattn3_sparse not found, please install sageattn3_sparse first
2026-07-24 07:54:20.760 | INFO     | lightx2v.common.ops.attn.flash_attn:<module>:26 - flash_attn.cute not found, please install flashattention4 first
2026-07-24 07:54:21.015 | INFO     | lightx2v.common.ops.attn.sage_attn:<module>:23 - sageattn3_sparse not found, please install sageattn3_sparse first
2026-07-24 07:54:21.048 | INFO     | lightx2v.common.ops.attn.sage_attn:<module>:61 - sageattn3_sparse not found, please install sageattention sparse first
2026-07-24 07:54:21.066 | INFO     | lightx2v.common.ops.attn.sparse_operator:<module>:14 - flash_attn.cute not found, please install flashattention4 first
2026-07-24 07:54:21.067 | INFO     | lightx2v.common.ops.attn.sparse_operator:<module>:20 - sageattn3_sparse not found, please install sageattn3_sparse first
2026-07-24 07:54:25.283 | INFO     | __main__:_controller_main:426 - launched 8 workers
2026-07-24 07:54:25.289 | INFO     | __main__:_dispatch:489 - [dispatch] request_id=0 -> cooperative workers [0..7]
2026-07-24 07:54:26.504 | INFO     | lightx2v_platform.base.base:init_ai_device:17 - Initialized AI_DEVICE: cuda
2026-07-24 07:54:26.505 | INFO     | lightx2v_platform.base.base:init_ai_device:17 - Initialized AI_DEVICE: cuda
2026-07-24 07:54:26.507 | INFO     | lightx2v_platform.base.base:init_ai_device:17 - Initialized AI_DEVICE: cuda
2026-07-24 07:54:26.508 | INFO     | lightx2v_platform.base.base:init_ai_device:17 - Initialized AI_DEVICE: cuda
2026-07-24 07:54:26.509 | INFO     | lightx2v_platform.base.base:init_ai_device:17 - Initialized AI_DEVICE: cuda
2026-07-24 07:54:26.518 | INFO     | lightx2v_platform.base.base:init_ai_device:17 - Initialized AI_DEVICE: cuda
2026-07-24 07:54:26.519 | INFO     | lightx2v_platform.base.base:init_ai_device:17 - Initialized AI_DEVICE: cuda
2026-07-24 07:54:26.520 | INFO     | lightx2v_platform.base.base:init_ai_device:17 - Initialized AI_DEVICE: cuda
2026-07-24 07:54:26.588 | INFO     | lightx2v_platform.base.base:check_ai_device:34 - AI device for platform 'cuda' is available.
2026-07-24 07:54:26.603 | INFO     | lightx2v_platform.base.base:check_ai_device:34 - AI device for platform 'cuda' is available.
2026-07-24 07:54:26.607 | INFO     | lightx2v_platform.base.base:check_ai_device:34 - AI device for platform 'cuda' is available.
2026-07-24 07:54:26.611 | INFO     | lightx2v_platform.base.base:check_ai_device:34 - AI device for platform 'cuda' is available.
2026-07-24 07:54:26.617 | INFO     | lightx2v_platform.base.base:check_ai_device:34 - AI device for platform 'cuda' is available.
2026-07-24 07:54:26.617 | INFO     | lightx2v_platform.base.base:check_ai_device:34 - AI device for platform 'cuda' is available.
2026-07-24 07:54:26.619 | INFO     | lightx2v_platform.base.base:check_ai_device:34 - AI device for platform 'cuda' is available.
2026-07-24 07:54:26.622 | INFO     | lightx2v_platform.base.base:check_ai_device:34 - AI device for platform 'cuda' is available.
/app/MagiAttention/magi_attention/__init__.py:26: UserWarning: You are using magi_attention without installing it. This may cause some unexpected errors.
  warnings.warn(
/app/MagiAttention/magi_attention/__init__.py:26: UserWarning: You are using magi_attention without installing it. This may cause some unexpected errors.
  warnings.warn(
/app/MagiAttention/magi_attention/__init__.py:26: UserWarning: You are using magi_attention without installing it. This may cause some unexpected errors.
  warnings.warn(
/app/MagiAttention/magi_attention/__init__.py:26: UserWarning: You are using magi_attention without installing it. This may cause some unexpected errors.
  warnings.warn(
/app/MagiAttention/magi_attention/__init__.py:26: UserWarning: You are using magi_attention without installing it. This may cause some unexpected errors.
  warnings.warn(
/app/MagiAttention/magi_attention/__init__.py:26: UserWarning: You are using magi_attention without installing it. This may cause some unexpected errors.
  warnings.warn(
2026-07-24 07:54:29.348 | INFO     | lightx2v.common.ops.attn.dynamic_sparse_attn:<module>:16 - flash_attn.cute not found, please install flashattention4 first
2026-07-24 07:54:29.348 | INFO     | lightx2v.common.ops.attn.dynamic_sparse_attn:<module>:22 - sageattn3_sparse not found, please install sageattn3_sparse first
2026-07-24 07:54:29.351 | INFO     | lightx2v.common.ops.attn.flash_attn:<module>:26 - flash_attn.cute not found, please install flashattention4 first
2026-07-24 07:54:29.411 | INFO     | lightx2v.common.ops.attn.dynamic_sparse_attn:<module>:16 - flash_attn.cute not found, please install flashattention4 first
2026-07-24 07:54:29.412 | INFO     | lightx2v.common.ops.attn.dynamic_sparse_attn:<module>:22 - sageattn3_sparse not found, please install sageattn3_sparse first
2026-07-24 07:54:29.414 | INFO     | lightx2v.common.ops.attn.flash_attn:<module>:26 - flash_attn.cute not found, please install flashattention4 first
/app/MagiAttention/magi_attention/__init__.py:26: UserWarning: You are using magi_attention without installing it. This may cause some unexpected errors.
  warnings.warn(
/app/MagiAttention/magi_attention/__init__.py:26: UserWarning: You are using magi_attention without installing it. This may cause some unexpected errors.
  warnings.warn(
2026-07-24 07:54:29.551 | INFO     | lightx2v.common.ops.attn.sage_attn:<module>:23 - sageattn3_sparse not found, please install sageattn3_sparse first
2026-07-24 07:54:29.586 | INFO     | lightx2v.common.ops.attn.sage_attn:<module>:61 - sageattn3_sparse not found, please install sageattention sparse first
2026-07-24 07:54:29.603 | INFO     | lightx2v.common.ops.attn.sparse_operator:<module>:14 - flash_attn.cute not found, please install flashattention4 first
2026-07-24 07:54:29.603 | INFO     | lightx2v.common.ops.attn.sage_attn:<module>:23 - sageattn3_sparse not found, please install sageattn3_sparse first
2026-07-24 07:54:29.603 | INFO     | lightx2v.common.ops.attn.sparse_operator:<module>:20 - sageattn3_sparse not found, please install sageattn3_sparse first
2026-07-24 07:54:29.638 | INFO     | lightx2v.common.ops.attn.sage_attn:<module>:61 - sageattn3_sparse not found, please install sageattention sparse first
2026-07-24 07:54:29.650 | INFO     | lightx2v.common.ops.attn.sparse_operator:<module>:14 - flash_attn.cute not found, please install flashattention4 first
2026-07-24 07:54:29.650 | INFO     | lightx2v.common.ops.attn.sparse_operator:<module>:20 - sageattn3_sparse not found, please install sageattn3_sparse first
2026-07-24 07:54:29.752 | INFO     | lightx2v.common.ops.attn.dynamic_sparse_attn:<module>:16 - flash_attn.cute not found, please install flashattention4 first
2026-07-24 07:54:29.752 | INFO     | lightx2v.common.ops.attn.dynamic_sparse_attn:<module>:22 - sageattn3_sparse not found, please install sageattn3_sparse first
2026-07-24 07:54:29.754 | INFO     | lightx2v.common.ops.attn.flash_attn:<module>:26 - flash_attn.cute not found, please install flashattention4 first
2026-07-24 07:54:29.788 | INFO     | lightx2v.common.ops.attn.dynamic_sparse_attn:<module>:16 - flash_attn.cute not found, please install flashattention4 first
2026-07-24 07:54:29.789 | INFO     | lightx2v.common.ops.attn.dynamic_sparse_attn:<module>:22 - sageattn3_sparse not found, please install sageattn3_sparse first
2026-07-24 07:54:29.791 | INFO     | lightx2v.common.ops.attn.flash_attn:<module>:26 - flash_attn.cute not found, please install flashattention4 first
2026-07-24 07:54:29.830 | INFO     | lightx2v.common.ops.attn.dynamic_sparse_attn:<module>:16 - flash_attn.cute not found, please install flashattention4 first
2026-07-24 07:54:29.831 | INFO     | lightx2v.common.ops.attn.dynamic_sparse_attn:<module>:22 - sageattn3_sparse not found, please install sageattn3_sparse first
2026-07-24 07:54:29.833 | INFO     | lightx2v.common.ops.attn.flash_attn:<module>:26 - flash_attn.cute not found, please install flashattention4 first
2026-07-24 07:54:29.839 | INFO     | lightx2v.common.ops.attn.dynamic_sparse_attn:<module>:16 - flash_attn.cute not found, please install flashattention4 first
2026-07-24 07:54:29.839 | INFO     | lightx2v.common.ops.attn.dynamic_sparse_attn:<module>:22 - sageattn3_sparse not found, please install sageattn3_sparse first
2026-07-24 07:54:29.841 | INFO     | lightx2v.common.ops.attn.flash_attn:<module>:26 - flash_attn.cute not found, please install flashattention4 first
2026-07-24 07:54:29.985 | INFO     | lightx2v.common.ops.attn.dynamic_sparse_attn:<module>:16 - flash_attn.cute not found, please install flashattention4 first
2026-07-24 07:54:29.986 | INFO     | lightx2v.common.ops.attn.dynamic_sparse_attn:<module>:22 - sageattn3_sparse not found, please install sageattn3_sparse first
2026-07-24 07:54:29.988 | INFO     | lightx2v.common.ops.attn.flash_attn:<module>:26 - flash_attn.cute not found, please install flashattention4 first
2026-07-24 07:54:30.000 | INFO     | lightx2v.common.ops.attn.dynamic_sparse_attn:<module>:16 - flash_attn.cute not found, please install flashattention4 first
2026-07-24 07:54:30.001 | INFO     | lightx2v.common.ops.attn.dynamic_sparse_attn:<module>:22 - sageattn3_sparse not found, please install sageattn3_sparse first
2026-07-24 07:54:30.003 | INFO     | lightx2v.common.ops.attn.flash_attn:<module>:26 - flash_attn.cute not found, please install flashattention4 first
2026-07-24 07:54:30.007 | INFO     | lightx2v.common.ops.attn.sage_attn:<module>:23 - sageattn3_sparse not found, please install sageattn3_sparse first
2026-07-24 07:54:30.037 | INFO     | lightx2v.common.ops.attn.sage_attn:<module>:23 - sageattn3_sparse not found, please install sageattn3_sparse first
2026-07-24 07:54:30.042 | INFO     | lightx2v.common.ops.attn.sage_attn:<module>:61 - sageattn3_sparse not found, please install sageattention sparse first
2026-07-24 07:54:30.055 | INFO     | lightx2v.common.ops.attn.sparse_operator:<module>:14 - flash_attn.cute not found, please install flashattention4 first
2026-07-24 07:54:30.056 | INFO     | lightx2v.common.ops.attn.sparse_operator:<module>:20 - sageattn3_sparse not found, please install sageattn3_sparse first
2026-07-24 07:54:30.071 | INFO     | lightx2v.common.ops.attn.sage_attn:<module>:61 - sageattn3_sparse not found, please install sageattention sparse first
2026-07-24 07:54:30.084 | INFO     | lightx2v.common.ops.attn.sparse_operator:<module>:14 - flash_attn.cute not found, please install flashattention4 first
2026-07-24 07:54:30.085 | INFO     | lightx2v.common.ops.attn.sparse_operator:<module>:20 - sageattn3_sparse not found, please install sageattn3_sparse first
2026-07-24 07:54:30.114 | INFO     | lightx2v.common.ops.attn.sage_attn:<module>:23 - sageattn3_sparse not found, please install sageattn3_sparse first
2026-07-24 07:54:30.115 | INFO     | lightx2v.common.ops.attn.sage_attn:<module>:23 - sageattn3_sparse not found, please install sageattn3_sparse first
2026-07-24 07:54:30.150 | INFO     | lightx2v.common.ops.attn.sage_attn:<module>:61 - sageattn3_sparse not found, please install sageattention sparse first
2026-07-24 07:54:30.154 | INFO     | lightx2v.common.ops.attn.sage_attn:<module>:61 - sageattn3_sparse not found, please install sageattention sparse first
2026-07-24 07:54:30.164 | INFO     | lightx2v.common.ops.attn.sparse_operator:<module>:14 - flash_attn.cute not found, please install flashattention4 first
2026-07-24 07:54:30.164 | INFO     | lightx2v.common.ops.attn.sparse_operator:<module>:20 - sageattn3_sparse not found, please install sageattn3_sparse first
2026-07-24 07:54:30.167 | INFO     | lightx2v.common.ops.attn.sparse_operator:<module>:14 - flash_attn.cute not found, please install flashattention4 first
2026-07-24 07:54:30.167 | INFO     | lightx2v.common.ops.attn.sparse_operator:<module>:20 - sageattn3_sparse not found, please install sageattn3_sparse first
2026-07-24 07:54:30.188 | INFO     | lightx2v.common.ops.attn.sage_attn:<module>:23 - sageattn3_sparse not found, please install sageattn3_sparse first
2026-07-24 07:54:30.212 | INFO     | lightx2v.common.ops.attn.sage_attn:<module>:23 - sageattn3_sparse not found, please install sageattn3_sparse first
2026-07-24 07:54:30.224 | INFO     | lightx2v.common.ops.attn.sage_attn:<module>:61 - sageattn3_sparse not found, please install sageattention sparse first
2026-07-24 07:54:30.237 | INFO     | lightx2v.common.ops.attn.sparse_operator:<module>:14 - flash_attn.cute not found, please install flashattention4 first
2026-07-24 07:54:30.238 | INFO     | lightx2v.common.ops.attn.sparse_operator:<module>:20 - sageattn3_sparse not found, please install sageattn3_sparse first
2026-07-24 07:54:30.249 | INFO     | lightx2v.common.ops.attn.sage_attn:<module>:61 - sageattn3_sparse not found, please install sageattention sparse first
2026-07-24 07:54:30.261 | INFO     | lightx2v.common.ops.attn.sparse_operator:<module>:14 - flash_attn.cute not found, please install flashattention4 first
2026-07-24 07:54:30.262 | INFO     | lightx2v.common.ops.attn.sparse_operator:<module>:20 - sageattn3_sparse not found, please install sageattn3_sparse first
2026-07-24 07:54:33.751 | INFO     | __main__:_worker_main:233 - worker=5 listening on port=12893 gpu=5 monitor_port=7893
2026-07-24 07:54:33.755 | INFO     | __main__:_worker_main:233 - worker=0 listening on port=12888 gpu=0 monitor_port=7888
2026-07-24 07:54:33.865 | INFO     | __main__:_worker_main:233 - worker=6 listening on port=12894 gpu=6 monitor_port=7894
2026-07-24 07:54:33.879 | INFO     | __main__:_worker_main:233 - worker=4 listening on port=12892 gpu=4 monitor_port=7892
2026-07-24 07:54:33.895 | INFO     | __main__:_worker_main:233 - worker=3 listening on port=12891 gpu=3 monitor_port=7891
2026-07-24 07:54:33.897 | INFO     | __main__:_worker_main:233 - worker=1 listening on port=12889 gpu=1 monitor_port=7889
2026-07-24 07:54:33.900 | INFO     | __main__:_worker_main:233 - worker=2 listening on port=12890 gpu=2 monitor_port=7890
2026-07-24 07:54:34.211 | INFO     | __main__:_worker_main:233 - worker=7 listening on port=12895 gpu=7 monitor_port=7895
2026-07-24 07:54:35.076 | INFO     | lightx2v_platform.base.base:init_ai_device:17 - Initialized AI_DEVICE: cuda
2026-07-24 07:54:35.079 | INFO     | lightx2v_platform.base.base:init_ai_device:17 - Initialized AI_DEVICE: cuda
2026-07-24 07:54:35.114 | INFO     | lightx2v_platform.base.base:init_ai_device:17 - Initialized AI_DEVICE: cuda
2026-07-24 07:54:35.133 | INFO     | lightx2v_platform.base.base:check_ai_device:34 - AI device for platform 'cuda' is available.
2026-07-24 07:54:35.135 | INFO     | lightx2v_platform.base.base:check_ai_device:34 - AI device for platform 'cuda' is available.
2026-07-24 07:54:35.139 | INFO     | lightx2v_platform.base.base:init_ai_device:17 - Initialized AI_DEVICE: cuda
2026-07-24 07:54:35.171 | INFO     | lightx2v_platform.base.base:check_ai_device:34 - AI device for platform 'cuda' is available.
2026-07-24 07:54:35.195 | INFO     | lightx2v_platform.base.base:check_ai_device:34 - AI device for platform 'cuda' is available.
2026-07-24 07:54:35.229 | INFO     | lightx2v_platform.base.base:init_ai_device:17 - Initialized AI_DEVICE: cuda
2026-07-24 07:54:35.238 | INFO     | lightx2v_platform.base.base:init_ai_device:17 - Initialized AI_DEVICE: cuda
2026-07-24 07:54:35.254 | INFO     | lightx2v_platform.base.base:init_ai_device:17 - Initialized AI_DEVICE: cuda
2026-07-24 07:54:35.286 | INFO     | lightx2v_platform.base.base:check_ai_device:34 - AI device for platform 'cuda' is available.
2026-07-24 07:54:35.294 | INFO     | lightx2v_platform.base.base:check_ai_device:34 - AI device for platform 'cuda' is available.
2026-07-24 07:54:35.310 | INFO     | lightx2v_platform.base.base:check_ai_device:34 - AI device for platform 'cuda' is available.
2026-07-24 07:54:35.565 | INFO     | lightx2v_platform.base.base:init_ai_device:17 - Initialized AI_DEVICE: cuda
2026-07-24 07:54:35.620 | INFO     | lightx2v_platform.base.base:check_ai_device:34 - AI device for platform 'cuda' is available.
/app/MagiAttention/magi_attention/__init__.py:26: UserWarning: You are using magi_attention without installing it. This may cause some unexpected errors.
  warnings.warn(
/app/MagiAttention/magi_attention/__init__.py:26: UserWarning: You are using magi_attention without installing it. This may cause some unexpected errors.
  warnings.warn(
/app/MagiAttention/magi_attention/__init__.py:26: UserWarning: You are using magi_attention without installing it. This may cause some unexpected errors.
  warnings.warn(
/app/MagiAttention/magi_attention/__init__.py:26: UserWarning: You are using magi_attention without installing it. This may cause some unexpected errors.
  warnings.warn(
/app/MagiAttention/magi_attention/__init__.py:26: UserWarning: You are using magi_attention without installing it. This may cause some unexpected errors.
  warnings.warn(
2026-07-24 07:54:37.731 | INFO     | lightx2v.common.ops.attn.dynamic_sparse_attn:<module>:16 - flash_attn.cute not found, please install flashattention4 first
2026-07-24 07:54:37.732 | INFO     | lightx2v.common.ops.attn.dynamic_sparse_attn:<module>:22 - sageattn3_sparse not found, please install sageattn3_sparse first
2026-07-24 07:54:37.735 | INFO     | lightx2v.common.ops.attn.flash_attn:<module>:26 - flash_attn.cute not found, please install flashattention4 first
/app/MagiAttention/magi_attention/__init__.py:26: UserWarning: You are using magi_attention without installing it. This may cause some unexpected errors.
  warnings.warn(
/app/MagiAttention/magi_attention/__init__.py:26: UserWarning: You are using magi_attention without installing it. This may cause some unexpected errors.
  warnings.warn(
2026-07-24 07:54:37.879 | INFO     | lightx2v.common.ops.attn.dynamic_sparse_attn:<module>:16 - flash_attn.cute not found, please install flashattention4 first
2026-07-24 07:54:37.880 | INFO     | lightx2v.common.ops.attn.dynamic_sparse_attn:<module>:22 - sageattn3_sparse not found, please install sageattn3_sparse first
2026-07-24 07:54:37.882 | INFO     | lightx2v.common.ops.attn.flash_attn:<module>:26 - flash_attn.cute not found, please install flashattention4 first
/app/MagiAttention/magi_attention/__init__.py:26: UserWarning: You are using magi_attention without installing it. This may cause some unexpected errors.
  warnings.warn(
2026-07-24 07:54:37.945 | INFO     | lightx2v.common.ops.attn.sage_attn:<module>:23 - sageattn3_sparse not found, please install sageattn3_sparse first
2026-07-24 07:54:37.979 | INFO     | lightx2v.common.ops.attn.sage_attn:<module>:61 - sageattn3_sparse not found, please install sageattention sparse first
2026-07-24 07:54:37.994 | INFO     | lightx2v.common.ops.attn.sparse_operator:<module>:14 - flash_attn.cute not found, please install flashattention4 first
2026-07-24 07:54:37.995 | INFO     | lightx2v.common.ops.attn.sparse_operator:<module>:20 - sageattn3_sparse not found, please install sageattn3_sparse first
2026-07-24 07:54:38.067 | INFO     | lightx2v.common.ops.attn.dynamic_sparse_attn:<module>:16 - flash_attn.cute not found, please install flashattention4 first
2026-07-24 07:54:38.068 | INFO     | lightx2v.common.ops.attn.dynamic_sparse_attn:<module>:22 - sageattn3_sparse not found, please install sageattn3_sparse first
2026-07-24 07:54:38.070 | INFO     | lightx2v.common.ops.attn.flash_attn:<module>:26 - flash_attn.cute not found, please install flashattention4 first
2026-07-24 07:54:38.099 | INFO     | lightx2v.common.ops.attn.sage_attn:<module>:23 - sageattn3_sparse not found, please install sageattn3_sparse first
2026-07-24 07:54:38.134 | INFO     | lightx2v.common.ops.attn.sage_attn:<module>:61 - sageattn3_sparse not found, please install sageattention sparse first
2026-07-24 07:54:38.148 | INFO     | lightx2v.common.ops.attn.sparse_operator:<module>:14 - flash_attn.cute not found, please install flashattention4 first
2026-07-24 07:54:38.148 | INFO     | lightx2v.common.ops.attn.sparse_operator:<module>:20 - sageattn3_sparse not found, please install sageattn3_sparse first
2026-07-24 07:54:38.181 | INFO     | lightx2v.common.ops.attn.dynamic_sparse_attn:<module>:16 - flash_attn.cute not found, please install flashattention4 first
2026-07-24 07:54:38.181 | INFO     | lightx2v.common.ops.attn.dynamic_sparse_attn:<module>:22 - sageattn3_sparse not found, please install sageattn3_sparse first
2026-07-24 07:54:38.183 | INFO     | lightx2v.common.ops.attn.flash_attn:<module>:26 - flash_attn.cute not found, please install flashattention4 first
2026-07-24 07:54:38.221 | INFO     | lightx2v.common.ops.attn.dynamic_sparse_attn:<module>:16 - flash_attn.cute not found, please install flashattention4 first
2026-07-24 07:54:38.221 | INFO     | lightx2v.common.ops.attn.dynamic_sparse_attn:<module>:22 - sageattn3_sparse not found, please install sageattn3_sparse first
2026-07-24 07:54:38.223 | INFO     | lightx2v.common.ops.attn.flash_attn:<module>:26 - flash_attn.cute not found, please install flashattention4 first
2026-07-24 07:54:38.328 | INFO     | lightx2v.common.ops.attn.sage_attn:<module>:23 - sageattn3_sparse not found, please install sageattn3_sparse first
2026-07-24 07:54:38.363 | INFO     | lightx2v.common.ops.attn.sage_attn:<module>:61 - sageattn3_sparse not found, please install sageattention sparse first
2026-07-24 07:54:38.375 | INFO     | lightx2v.common.ops.attn.sparse_operator:<module>:14 - flash_attn.cute not found, please install flashattention4 first
2026-07-24 07:54:38.375 | INFO     | lightx2v.common.ops.attn.sparse_operator:<module>:20 - sageattn3_sparse not found, please install sageattn3_sparse first
2026-07-24 07:54:38.392 | INFO     | lightx2v.common.ops.attn.dynamic_sparse_attn:<module>:16 - flash_attn.cute not found, please install flashattention4 first
2026-07-24 07:54:38.392 | INFO     | lightx2v.common.ops.attn.dynamic_sparse_attn:<module>:22 - sageattn3_sparse not found, please install sageattn3_sparse first
2026-07-24 07:54:38.394 | INFO     | lightx2v.common.ops.attn.flash_attn:<module>:26 - flash_attn.cute not found, please install flashattention4 first
2026-07-24 07:54:38.411 | INFO     | lightx2v.common.ops.attn.dynamic_sparse_attn:<module>:16 - flash_attn.cute not found, please install flashattention4 first
2026-07-24 07:54:38.412 | INFO     | lightx2v.common.ops.attn.dynamic_sparse_attn:<module>:22 - sageattn3_sparse not found, please install sageattn3_sparse first
2026-07-24 07:54:38.414 | INFO     | lightx2v.common.ops.attn.flash_attn:<module>:26 - flash_attn.cute not found, please install flashattention4 first
2026-07-24 07:54:38.431 | INFO     | lightx2v.common.ops.attn.dynamic_sparse_attn:<module>:16 - flash_attn.cute not found, please install flashattention4 first
2026-07-24 07:54:38.432 | INFO     | lightx2v.common.ops.attn.dynamic_sparse_attn:<module>:22 - sageattn3_sparse not found, please install sageattn3_sparse first
2026-07-24 07:54:38.434 | INFO     | lightx2v.common.ops.attn.flash_attn:<module>:26 - flash_attn.cute not found, please install flashattention4 first
2026-07-24 07:54:38.448 | INFO     | lightx2v.common.ops.attn.sage_attn:<module>:23 - sageattn3_sparse not found, please install sageattn3_sparse first
2026-07-24 07:54:38.483 | INFO     | lightx2v.common.ops.attn.sage_attn:<module>:61 - sageattn3_sparse not found, please install sageattention sparse first
2026-07-24 07:54:38.486 | INFO     | lightx2v.common.ops.attn.sage_attn:<module>:23 - sageattn3_sparse not found, please install sageattn3_sparse first
2026-07-24 07:54:38.496 | INFO     | lightx2v.common.ops.attn.sparse_operator:<module>:14 - flash_attn.cute not found, please install flashattention4 first
2026-07-24 07:54:38.496 | INFO     | lightx2v.common.ops.attn.sparse_operator:<module>:20 - sageattn3_sparse not found, please install sageattn3_sparse first
2026-07-24 07:54:38.521 | INFO     | lightx2v.common.ops.attn.sage_attn:<module>:61 - sageattn3_sparse not found, please install sageattention sparse first
2026-07-24 07:54:38.533 | INFO     | lightx2v.common.ops.attn.sparse_operator:<module>:14 - flash_attn.cute not found, please install flashattention4 first
2026-07-24 07:54:38.534 | INFO     | lightx2v.common.ops.attn.sparse_operator:<module>:20 - sageattn3_sparse not found, please install sageattn3_sparse first
2026-07-24 07:54:38.590 | INFO     | lightx2v.common.ops.attn.sage_attn:<module>:23 - sageattn3_sparse not found, please install sageattn3_sparse first
2026-07-24 07:54:38.605 | INFO     | lightx2v.common.ops.attn.sage_attn:<module>:23 - sageattn3_sparse not found, please install sageattn3_sparse first
2026-07-24 07:54:38.624 | INFO     | lightx2v.common.ops.attn.sage_attn:<module>:61 - sageattn3_sparse not found, please install sageattention sparse first
2026-07-24 07:54:38.628 | INFO     | lightx2v.common.ops.attn.sage_attn:<module>:23 - sageattn3_sparse not found, please install sageattn3_sparse first
2026-07-24 07:54:38.637 | INFO     | lightx2v.common.ops.attn.sparse_operator:<module>:14 - flash_attn.cute not found, please install flashattention4 first
2026-07-24 07:54:38.637 | INFO     | lightx2v.common.ops.attn.sparse_operator:<module>:20 - sageattn3_sparse not found, please install sageattn3_sparse first
2026-07-24 07:54:38.640 | INFO     | lightx2v.common.ops.attn.sage_attn:<module>:61 - sageattn3_sparse not found, please install sageattention sparse first
2026-07-24 07:54:38.651 | INFO     | lightx2v.common.ops.attn.sparse_operator:<module>:14 - flash_attn.cute not found, please install flashattention4 first
2026-07-24 07:54:38.652 | INFO     | lightx2v.common.ops.attn.sparse_operator:<module>:20 - sageattn3_sparse not found, please install sageattn3_sparse first
2026-07-24 07:54:38.662 | INFO     | lightx2v.common.ops.attn.sage_attn:<module>:61 - sageattn3_sparse not found, please install sageattention sparse first
2026-07-24 07:54:38.674 | INFO     | lightx2v.common.ops.attn.sparse_operator:<module>:14 - flash_attn.cute not found, please install flashattention4 first
2026-07-24 07:54:38.674 | INFO     | lightx2v.common.ops.attn.sparse_operator:<module>:20 - sageattn3_sparse not found, please install sageattn3_sparse first
2026-07-24 07:54:42.151 | INFO     | lightx2v.utils.set_config:auto_calc_config:62 - Loading some config from /tmp/baseline_req_0_58rd9gce/request_config.json
2026-07-24 07:54:42.151 | INFO     | lightx2v.utils.set_config:auto_calc_config:62 - Loading some config from /tmp/baseline_req_0_8ty01bkh/request_config.json
2026-07-24 07:54:42.151 | INFO     | lightx2v.utils.set_config:auto_calc_config:62 - Loading some config from /tmp/baseline_req_0_7exo9qmn/request_config.json
2026-07-24 07:54:42.151 | INFO     | lightx2v.utils.set_config:auto_calc_config:62 - Loading some config from /tmp/baseline_req_0_vrob0_y7/request_config.json
2026-07-24 07:54:42.151 | INFO     | lightx2v.utils.set_config:auto_calc_config:62 - Loading some config from /tmp/baseline_req_0_z9v146kn/request_config.json
2026-07-24 07:54:42.151 | INFO     | lightx2v.utils.set_config:auto_calc_config:62 - Loading some config from /tmp/baseline_req_0_rajtlzrv/request_config.json
2026-07-24 07:54:42.151 | INFO     | lightx2v.utils.set_config:auto_calc_config:62 - Loading some config from /tmp/baseline_req_0_q75qj5ub/request_config.json
2026-07-24 07:54:42.151 | INFO     | lightx2v.utils.set_config:auto_calc_config:62 - Loading some config from /tmp/baseline_req_0_3bcv8o0e/request_config.json
2026-07-24 07:54:43.423 | INFO     | lightx2v.utils.set_config:print_config:373 - config:
{
    "do_mm_calib": false,
    "cpu_offload": true,
    "max_area": false,
    "vae_stride": [
        4,
        8,
        8
    ],
    "patch_size": [
        1,
        2,
        2
    ],
    "feature_caching": "NoCaching",
    "teacache_thresh": 0.26,
    "use_ret_steps": false,
    "use_bfloat16": true,
    "lora_configs": null,
    "use_prompt_enhancer": false,
    "parallel": {
        "seq_p_size": 8,
        "seq_p_attn_type": "ulysses"
    },
    "seq_parallel": true,
    "cfg_parallel": false,
    "enable_cfg": false,
    "use_image_encoder": false,
    "model_cls": "wan2.2_moe",
    "task": "i2v",
    "support_tasks": [],
    "model_path": "/data/fuhaiwen1/LightX2V/models/Wan-AI/Wan2.2-I2V-A14B",
    "config_json": "/tmp/baseline_req_0_rajtlzrv/request_config.json",
    "enable_bf16": false,
    "save_rendered": false,
    "render_depth": false,
    "_wm_cli_snapshot": {
        "subfolder": null,
        "disable_heads": null,
        "enable_bf16": false,
        "save_rendered": false,
        "render_interp_per_pair": null,
        "render_depth": false,
        "wm_config_path": null,
        "wm_ckpt_path": null
    },
    "infer_steps": 4,
    "in_dim": 36,
    "dim": 5120,
    "ffn_dim": 13824,
    "freq_dim": 256,
    "num_heads": 40,
    "num_layers": 40,
    "out_dim": 16,
    "eps": 1e-06,
    "model_type": "i2v",
    "target_video_length": 81,
    "text_len": 512,
    "target_height": 480,
    "target_width": 832,
    "self_attn_1_type": "sage_attn2",
    "cross_attn_1_type": "sage_attn2",
    "cross_attn_2_type": "sage_attn2",
    "sample_guide_scale": [
        3.5,
        3.5
    ],
    "sample_shift": 5.0,
    "offload_granularity": "block",
    "t5_cpu_offload": false,
    "vae_cpu_offload": false,
    "fps": 16,
    "boundary_step_index": 2,
    "denoising_step_list": [
        1000,
        750,
        500,
        250
    ],
    "dit_quantized": true,
    "dit_quant_scheme": "int8-q8f",
    "high_noise_quantized_ckpt": "/data/fuhaiwen1/LightX2V/models/lightx2v/Wan2.2-Distill-Models/wan2.2_i2v_A14b_high_noise_int8_lightx2v_4step.safetensors",
    "low_noise_quantized_ckpt": "/data/fuhaiwen1/LightX2V/models/lightx2v/Wan2.2-Distill-Models/wan2.2_i2v_A14b_low_noise_int8_lightx2v_4step.safetensors",
    "high_noise_original_ckpt": "/data/fuhaiwen1/LightX2V/models/lightx2v/Wan2.2-Distill-Models/wan2.2_i2v_A14b_high_noise_int8_lightx2v_4step.safetensors",
    "low_noise_original_ckpt": "/data/fuhaiwen1/LightX2V/models/lightx2v/Wan2.2-Distill-Models/wan2.2_i2v_A14b_low_noise_int8_lightx2v_4step.safetensors",
    "save_path": "/data/fuhaiwen1/LightX2V/save_results/baseline_phase_profile_1.mp4",
    "prompt": "Summer beach vacation style, a white cat wearing sunglasses sits on a surfboard.",
    "negative_prompt": "镜头晃动，色调艳丽，过曝，静态",
    "image_path": "/data/fuhaiwen1/LightX2V/assets/inputs/imgs/img_0.jpg",
    "boundary": 0.9,
    "data_bootstrap_room": 0,
    "device_mesh": "DeviceMesh('cuda', [[0, 1, 2, 3, 4, 5, 6, 7]], mesh_dim_names=('cfg_p', 'seq_p'))",
    "tensor_parallel": false
}
2026-07-24 07:54:43.430 | DEBUG    | lightx2v.utils.utils:validate_config_paths:750 - ✓ Verified high_noise_original_ckpt: /data/fuhaiwen1/LightX2V/models/lightx2v/Wan2.2-Distill-Models/wan2.2_i2v_A14b_high_noise_int8_lightx2v_4step.safetensors
2026-07-24 07:54:43.430 | DEBUG    | lightx2v.utils.utils:validate_config_paths:754 - ✓ Verified high_noise_quantized_ckpt: /data/fuhaiwen1/LightX2V/models/lightx2v/Wan2.2-Distill-Models/wan2.2_i2v_A14b_high_noise_int8_lightx2v_4step.safetensors
2026-07-24 07:54:43.430 | DEBUG    | lightx2v.utils.utils:validate_config_paths:750 - ✓ Verified high_noise_original_ckpt: /data/fuhaiwen1/LightX2V/models/lightx2v/Wan2.2-Distill-Models/wan2.2_i2v_A14b_high_noise_int8_lightx2v_4step.safetensors
2026-07-24 07:54:43.431 | DEBUG    | lightx2v.utils.utils:validate_config_paths:750 - ✓ Verified high_noise_original_ckpt: /data/fuhaiwen1/LightX2V/models/lightx2v/Wan2.2-Distill-Models/wan2.2_i2v_A14b_high_noise_int8_lightx2v_4step.safetensors
2026-07-24 07:54:43.431 | DEBUG    | lightx2v.utils.utils:validate_config_paths:754 - ✓ Verified high_noise_quantized_ckpt: /data/fuhaiwen1/LightX2V/models/lightx2v/Wan2.2-Distill-Models/wan2.2_i2v_A14b_high_noise_int8_lightx2v_4step.safetensors
2026-07-24 07:54:43.431 | DEBUG    | lightx2v.utils.utils:validate_config_paths:754 - ✓ Verified high_noise_quantized_ckpt: /data/fuhaiwen1/LightX2V/models/lightx2v/Wan2.2-Distill-Models/wan2.2_i2v_A14b_high_noise_int8_lightx2v_4step.safetensors
2026-07-24 07:54:43.431 | DEBUG    | lightx2v.utils.utils:validate_config_paths:759 - ✓ Verified low_noise_original_ckpt: /data/fuhaiwen1/LightX2V/models/lightx2v/Wan2.2-Distill-Models/wan2.2_i2v_A14b_low_noise_int8_lightx2v_4step.safetensors
2026-07-24 07:54:43.431 | DEBUG    | lightx2v.utils.utils:validate_config_paths:750 - ✓ Verified high_noise_original_ckpt: /data/fuhaiwen1/LightX2V/models/lightx2v/Wan2.2-Distill-Models/wan2.2_i2v_A14b_high_noise_int8_lightx2v_4step.safetensors
2026-07-24 07:54:43.431 | DEBUG    | lightx2v.utils.utils:validate_config_paths:759 - ✓ Verified low_noise_original_ckpt: /data/fuhaiwen1/LightX2V/models/lightx2v/Wan2.2-Distill-Models/wan2.2_i2v_A14b_low_noise_int8_lightx2v_4step.safetensors
2026-07-24 07:54:43.431 | DEBUG    | lightx2v.utils.utils:validate_config_paths:763 - ✓ Verified low_noise_quantized_ckpt: /data/fuhaiwen1/LightX2V/models/lightx2v/Wan2.2-Distill-Models/wan2.2_i2v_A14b_low_noise_int8_lightx2v_4step.safetensors
2026-07-24 07:54:43.431 | DEBUG    | lightx2v.utils.utils:validate_config_paths:754 - ✓ Verified high_noise_quantized_ckpt: /data/fuhaiwen1/LightX2V/models/lightx2v/Wan2.2-Distill-Models/wan2.2_i2v_A14b_high_noise_int8_lightx2v_4step.safetensors
2026-07-24 07:54:43.432 | DEBUG    | lightx2v.utils.utils:validate_config_paths:763 - ✓ Verified low_noise_quantized_ckpt: /data/fuhaiwen1/LightX2V/models/lightx2v/Wan2.2-Distill-Models/wan2.2_i2v_A14b_low_noise_int8_lightx2v_4step.safetensors
2026-07-24 07:54:43.432 | DEBUG    | lightx2v.utils.utils:validate_config_paths:759 - ✓ Verified low_noise_original_ckpt: /data/fuhaiwen1/LightX2V/models/lightx2v/Wan2.2-Distill-Models/wan2.2_i2v_A14b_low_noise_int8_lightx2v_4step.safetensors
2026-07-24 07:54:43.432 | INFO     | lightx2v.utils.utils:validate_config_paths:765 - ✓ Config checkpoint paths validated successfully
2026-07-24 07:54:43.432 | DEBUG    | lightx2v.utils.utils:validate_config_paths:750 - ✓ Verified high_noise_original_ckpt: /data/fuhaiwen1/LightX2V/models/lightx2v/Wan2.2-Distill-Models/wan2.2_i2v_A14b_high_noise_int8_lightx2v_4step.safetensors
2026-07-24 07:54:43.432 | DEBUG    | lightx2v.utils.utils:validate_config_paths:759 - ✓ Verified low_noise_original_ckpt: /data/fuhaiwen1/LightX2V/models/lightx2v/Wan2.2-Distill-Models/wan2.2_i2v_A14b_low_noise_int8_lightx2v_4step.safetensors
2026-07-24 07:54:43.431 | DEBUG    | lightx2v.utils.utils:validate_config_paths:750 - ✓ Verified high_noise_original_ckpt: /data/fuhaiwen1/LightX2V/models/lightx2v/Wan2.2-Distill-Models/wan2.2_i2v_A14b_high_noise_int8_lightx2v_4step.safetensors
2026-07-24 07:54:43.432 | INFO     | lightx2v.utils.utils:validate_config_paths:765 - ✓ Config checkpoint paths validated successfully
2026-07-24 07:54:43.432 | DEBUG    | lightx2v.utils.utils:validate_config_paths:763 - ✓ Verified low_noise_quantized_ckpt: /data/fuhaiwen1/LightX2V/models/lightx2v/Wan2.2-Distill-Models/wan2.2_i2v_A14b_low_noise_int8_lightx2v_4step.safetensors
2026-07-24 07:54:43.432 | DEBUG    | lightx2v.utils.utils:validate_config_paths:750 - ✓ Verified high_noise_original_ckpt: /data/fuhaiwen1/LightX2V/models/lightx2v/Wan2.2-Distill-Models/wan2.2_i2v_A14b_high_noise_int8_lightx2v_4step.safetensors
2026-07-24 07:54:43.432 | DEBUG    | lightx2v.utils.utils:validate_config_paths:754 - ✓ Verified high_noise_quantized_ckpt: /data/fuhaiwen1/LightX2V/models/lightx2v/Wan2.2-Distill-Models/wan2.2_i2v_A14b_high_noise_int8_lightx2v_4step.safetensors
2026-07-24 07:54:43.432 | INFO     | lightx2v.models.runners.wan.wan_runner:init_scheduler:365 - Using WanScheduler
2026-07-24 07:54:43.432 | DEBUG    | lightx2v.utils.utils:validate_config_paths:763 - ✓ Verified low_noise_quantized_ckpt: /data/fuhaiwen1/LightX2V/models/lightx2v/Wan2.2-Distill-Models/wan2.2_i2v_A14b_low_noise_int8_lightx2v_4step.safetensors
2026-07-24 07:54:43.432 | DEBUG    | lightx2v.utils.utils:validate_config_paths:750 - ✓ Verified high_noise_original_ckpt: /data/fuhaiwen1/LightX2V/models/lightx2v/Wan2.2-Distill-Models/wan2.2_i2v_A14b_high_noise_int8_lightx2v_4step.safetensors
2026-07-24 07:54:43.433 | DEBUG    | lightx2v.utils.utils:validate_config_paths:754 - ✓ Verified high_noise_quantized_ckpt: /data/fuhaiwen1/LightX2V/models/lightx2v/Wan2.2-Distill-Models/wan2.2_i2v_A14b_high_noise_int8_lightx2v_4step.safetensors
2026-07-24 07:54:43.433 | INFO     | lightx2v.utils.utils:validate_config_paths:765 - ✓ Config checkpoint paths validated successfully
2026-07-24 07:54:43.433 | DEBUG    | lightx2v.utils.utils:validate_config_paths:754 - ✓ Verified high_noise_quantized_ckpt: /data/fuhaiwen1/LightX2V/models/lightx2v/Wan2.2-Distill-Models/wan2.2_i2v_A14b_high_noise_int8_lightx2v_4step.safetensors
2026-07-24 07:54:43.433 | INFO     | lightx2v.models.runners.wan.wan_runner:init_scheduler:365 - Using WanScheduler
2026-07-24 07:54:43.433 | DEBUG    | lightx2v.utils.utils:validate_config_paths:759 - ✓ Verified low_noise_original_ckpt: /data/fuhaiwen1/LightX2V/models/lightx2v/Wan2.2-Distill-Models/wan2.2_i2v_A14b_low_noise_int8_lightx2v_4step.safetensors
2026-07-24 07:54:43.433 | INFO     | lightx2v.models.runners.default_runner:init_modules:111 - Initializing runner modules...
2026-07-24 07:54:43.433 | INFO     | lightx2v.utils.utils:validate_config_paths:765 - ✓ Config checkpoint paths validated successfully
2026-07-24 07:54:43.433 | DEBUG    | lightx2v.utils.utils:validate_config_paths:754 - ✓ Verified high_noise_quantized_ckpt: /data/fuhaiwen1/LightX2V/models/lightx2v/Wan2.2-Distill-Models/wan2.2_i2v_A14b_high_noise_int8_lightx2v_4step.safetensors
2026-07-24 07:54:43.433 | DEBUG    | lightx2v.utils.utils:validate_config_paths:759 - ✓ Verified low_noise_original_ckpt: /data/fuhaiwen1/LightX2V/models/lightx2v/Wan2.2-Distill-Models/wan2.2_i2v_A14b_low_noise_int8_lightx2v_4step.safetensors
2026-07-24 07:54:43.434 | DEBUG    | lightx2v.utils.utils:validate_config_paths:759 - ✓ Verified low_noise_original_ckpt: /data/fuhaiwen1/LightX2V/models/lightx2v/Wan2.2-Distill-Models/wan2.2_i2v_A14b_low_noise_int8_lightx2v_4step.safetensors
2026-07-24 07:54:43.434 | INFO     | lightx2v.models.runners.wan.wan_runner:init_scheduler:365 - Using WanScheduler
2026-07-24 07:54:43.434 | INFO     | lightx2v.models.runners.default_runner:init_modules:111 - Initializing runner modules...
2026-07-24 07:54:43.434 | DEBUG    | lightx2v.utils.utils:validate_config_paths:763 - ✓ Verified low_noise_quantized_ckpt: /data/fuhaiwen1/LightX2V/models/lightx2v/Wan2.2-Distill-Models/wan2.2_i2v_A14b_low_noise_int8_lightx2v_4step.safetensors
2026-07-24 07:54:43.434 | INFO     | lightx2v.models.runners.wan.wan_runner:init_scheduler:365 - Using WanScheduler
2026-07-24 07:54:43.434 | INFO     | lightx2v.utils.custom_compiler:_discover_compiled_methods:120 - [Compile] Discovering compiled methods for WanModel...
2026-07-24 07:54:43.434 | DEBUG    | lightx2v.utils.utils:validate_config_paths:759 - ✓ Verified low_noise_original_ckpt: /data/fuhaiwen1/LightX2V/models/lightx2v/Wan2.2-Distill-Models/wan2.2_i2v_A14b_low_noise_int8_lightx2v_4step.safetensors
2026-07-24 07:54:43.434 | DEBUG    | lightx2v.utils.utils:validate_config_paths:763 - ✓ Verified low_noise_quantized_ckpt: /data/fuhaiwen1/LightX2V/models/lightx2v/Wan2.2-Distill-Models/wan2.2_i2v_A14b_low_noise_int8_lightx2v_4step.safetensors
2026-07-24 07:54:43.434 | DEBUG    | lightx2v.utils.utils:validate_config_paths:763 - ✓ Verified low_noise_quantized_ckpt: /data/fuhaiwen1/LightX2V/models/lightx2v/Wan2.2-Distill-Models/wan2.2_i2v_A14b_low_noise_int8_lightx2v_4step.safetensors
2026-07-24 07:54:43.434 | INFO     | lightx2v.models.runners.default_runner:init_modules:111 - Initializing runner modules...
2026-07-24 07:54:43.435 | INFO     | lightx2v.utils.custom_compiler:_discover_compiled_methods:120 - [Compile] Discovering compiled methods for WanModel...
2026-07-24 07:54:43.435 | INFO     | lightx2v.utils.utils:validate_config_paths:765 - ✓ Config checkpoint paths validated successfully
2026-07-24 07:54:43.435 | INFO     | lightx2v.utils.custom_compiler:_discover_compiled_methods:125 - [Compile] Found compiled method: _infer_cond_uncond
2026-07-24 07:54:43.435 | INFO     | lightx2v.models.runners.default_runner:init_modules:111 - Initializing runner modules...
2026-07-24 07:54:43.435 | INFO     | lightx2v.utils.custom_compiler:_discover_compiled_methods:125 - [Compile] Found compiled method: _infer_cond_uncond
2026-07-24 07:54:43.435 | DEBUG    | lightx2v.utils.utils:validate_config_paths:763 - ✓ Verified low_noise_quantized_ckpt: /data/fuhaiwen1/LightX2V/models/lightx2v/Wan2.2-Distill-Models/wan2.2_i2v_A14b_low_noise_int8_lightx2v_4step.safetensors
2026-07-24 07:54:43.435 | INFO     | lightx2v.utils.utils:validate_config_paths:765 - ✓ Config checkpoint paths validated successfully
2026-07-24 07:54:43.435 | INFO     | lightx2v.utils.utils:validate_config_paths:765 - ✓ Config checkpoint paths validated successfully
2026-07-24 07:54:43.435 | INFO     | lightx2v.utils.custom_compiler:_discover_compiled_methods:120 - [Compile] Discovering compiled methods for WanModel...
2026-07-24 07:54:43.436 | INFO     | lightx2v.models.runners.wan.wan_runner:init_scheduler:365 - Using WanScheduler
2026-07-24 07:54:43.436 | INFO     | lightx2v.utils.custom_compiler:_discover_compiled_methods:120 - [Compile] Discovering compiled methods for WanModel...
2026-07-24 07:54:43.436 | INFO     | lightx2v.utils.utils:validate_config_paths:765 - ✓ Config checkpoint paths validated successfully
2026-07-24 07:54:43.436 | INFO     | lightx2v.models.runners.wan.wan_runner:init_scheduler:365 - Using WanScheduler
2026-07-24 07:54:43.436 | INFO     | lightx2v.utils.custom_compiler:_discover_compiled_methods:125 - [Compile] Found compiled method: _infer_cond_uncond
2026-07-24 07:54:43.436 | INFO     | lightx2v.models.runners.default_runner:init_modules:111 - Initializing runner modules...
2026-07-24 07:54:43.436 | INFO     | lightx2v.models.runners.wan.wan_runner:init_scheduler:365 - Using WanScheduler
2026-07-24 07:54:43.436 | INFO     | lightx2v.utils.custom_compiler:_discover_compiled_methods:125 - [Compile] Found compiled method: _infer_cond_uncond
2026-07-24 07:54:43.436 | INFO     | lightx2v.models.runners.default_runner:init_modules:111 - Initializing runner modules...
2026-07-24 07:54:43.436 | INFO     | lightx2v.models.runners.wan.wan_runner:init_scheduler:365 - Using WanScheduler
2026-07-24 07:54:43.437 | INFO     | lightx2v.utils.custom_compiler:_discover_compiled_methods:120 - [Compile] Discovering compiled methods for WanModel...
2026-07-24 07:54:43.437 | INFO     | lightx2v.models.runners.default_runner:init_modules:111 - Initializing runner modules...
2026-07-24 07:54:43.437 | INFO     | lightx2v.models.runners.default_runner:init_modules:111 - Initializing runner modules...
2026-07-24 07:54:43.437 | INFO     | lightx2v.utils.custom_compiler:_discover_compiled_methods:120 - [Compile] Discovering compiled methods for WanModel...
2026-07-24 07:54:43.437 | INFO     | lightx2v.utils.custom_compiler:_discover_compiled_methods:125 - [Compile] Found compiled method: _infer_cond_uncond
2026-07-24 07:54:43.437 | INFO     | lightx2v.utils.custom_compiler:_discover_compiled_methods:120 - [Compile] Discovering compiled methods for WanModel...
2026-07-24 07:54:43.437 | INFO     | lightx2v.utils.custom_compiler:_discover_compiled_methods:120 - [Compile] Discovering compiled methods for WanModel...
2026-07-24 07:54:43.437 | INFO     | lightx2v.utils.custom_compiler:_discover_compiled_methods:125 - [Compile] Found compiled method: _infer_cond_uncond
2026-07-24 07:54:43.437 | INFO     | lightx2v.utils.custom_compiler:_discover_compiled_methods:125 - [Compile] Found compiled method: _infer_cond_uncond
2026-07-24 07:54:43.438 | INFO     | lightx2v.utils.custom_compiler:_discover_compiled_methods:125 - [Compile] Found compiled method: _infer_cond_uncond
2026-07-24 07:54:48.468 | INFO     | lightx2v.models.networks.base_model:_load_quant_ckpt:509 - Loading weights from /data/fuhaiwen1/LightX2V/models/lightx2v/Wan2.2-Distill-Models/wan2.2_i2v_A14b_high_noise_int8_lightx2v_4step.safetensors
2026-07-24 07:54:48.469 | INFO     | lightx2v.models.networks.base_model:_load_quant_ckpt:509 - Loading weights from /data/fuhaiwen1/LightX2V/models/lightx2v/Wan2.2-Distill-Models/wan2.2_i2v_A14b_high_noise_int8_lightx2v_4step.safetensors
2026-07-24 07:54:48.469 | INFO     | lightx2v.models.networks.base_model:_load_quant_ckpt:509 - Loading weights from /data/fuhaiwen1/LightX2V/models/lightx2v/Wan2.2-Distill-Models/wan2.2_i2v_A14b_high_noise_int8_lightx2v_4step.safetensors
2026-07-24 07:54:48.469 | INFO     | lightx2v.models.networks.base_model:_load_quant_ckpt:509 - Loading weights from /data/fuhaiwen1/LightX2V/models/lightx2v/Wan2.2-Distill-Models/wan2.2_i2v_A14b_high_noise_int8_lightx2v_4step.safetensors
2026-07-24 07:54:48.469 | INFO     | lightx2v.models.networks.base_model:_load_quant_ckpt:509 - Loading weights from /data/fuhaiwen1/LightX2V/models/lightx2v/Wan2.2-Distill-Models/wan2.2_i2v_A14b_high_noise_int8_lightx2v_4step.safetensors
2026-07-24 07:54:48.469 | INFO     | lightx2v.models.networks.base_model:_load_quant_ckpt:509 - Loading weights from /data/fuhaiwen1/LightX2V/models/lightx2v/Wan2.2-Distill-Models/wan2.2_i2v_A14b_high_noise_int8_lightx2v_4step.safetensors
2026-07-24 07:54:48.469 | INFO     | lightx2v.models.networks.base_model:_load_quant_ckpt:509 - Loading weights from /data/fuhaiwen1/LightX2V/models/lightx2v/Wan2.2-Distill-Models/wan2.2_i2v_A14b_high_noise_int8_lightx2v_4step.safetensors
2026-07-24 07:54:48.469 | INFO     | lightx2v.models.networks.base_model:_load_quant_ckpt:509 - Loading weights from /data/fuhaiwen1/LightX2V/models/lightx2v/Wan2.2-Distill-Models/wan2.2_i2v_A14b_high_noise_int8_lightx2v_4step.safetensors
2026-07-24 07:56:23.230 | INFO     | lightx2v.utils.custom_compiler:_discover_compiled_methods:120 - [Compile] Discovering compiled methods for WanModel...
2026-07-24 07:56:23.231 | INFO     | lightx2v.utils.custom_compiler:_discover_compiled_methods:125 - [Compile] Found compiled method: _infer_cond_uncond
2026-07-24 07:56:23.859 | INFO     | lightx2v.models.networks.base_model:_load_quant_ckpt:509 - Loading weights from /data/fuhaiwen1/LightX2V/models/lightx2v/Wan2.2-Distill-Models/wan2.2_i2v_A14b_low_noise_int8_lightx2v_4step.safetensors
2026-07-24 07:56:24.812 | INFO     | lightx2v.utils.custom_compiler:_discover_compiled_methods:120 - [Compile] Discovering compiled methods for WanModel...
2026-07-24 07:56:24.813 | INFO     | lightx2v.utils.custom_compiler:_discover_compiled_methods:125 - [Compile] Found compiled method: _infer_cond_uncond
2026-07-24 07:56:24.841 | INFO     | lightx2v.utils.custom_compiler:_discover_compiled_methods:120 - [Compile] Discovering compiled methods for WanModel...
2026-07-24 07:56:24.841 | INFO     | lightx2v.utils.custom_compiler:_discover_compiled_methods:125 - [Compile] Found compiled method: _infer_cond_uncond
2026-07-24 07:56:24.852 | INFO     | lightx2v.utils.custom_compiler:_discover_compiled_methods:120 - [Compile] Discovering compiled methods for WanModel...
2026-07-24 07:56:24.852 | INFO     | lightx2v.utils.custom_compiler:_discover_compiled_methods:125 - [Compile] Found compiled method: _infer_cond_uncond
2026-07-24 07:56:24.863 | INFO     | lightx2v.utils.custom_compiler:_discover_compiled_methods:120 - [Compile] Discovering compiled methods for WanModel...
2026-07-24 07:56:24.863 | INFO     | lightx2v.utils.custom_compiler:_discover_compiled_methods:125 - [Compile] Found compiled method: _infer_cond_uncond
2026-07-24 07:56:24.966 | INFO     | lightx2v.utils.custom_compiler:_discover_compiled_methods:120 - [Compile] Discovering compiled methods for WanModel...
2026-07-24 07:56:24.966 | INFO     | lightx2v.utils.custom_compiler:_discover_compiled_methods:125 - [Compile] Found compiled method: _infer_cond_uncond
2026-07-24 07:56:25.034 | INFO     | lightx2v.utils.custom_compiler:_discover_compiled_methods:120 - [Compile] Discovering compiled methods for WanModel...
2026-07-24 07:56:25.034 | INFO     | lightx2v.utils.custom_compiler:_discover_compiled_methods:125 - [Compile] Found compiled method: _infer_cond_uncond
2026-07-24 07:56:25.134 | INFO     | lightx2v.utils.custom_compiler:_discover_compiled_methods:120 - [Compile] Discovering compiled methods for WanModel...
2026-07-24 07:56:25.135 | INFO     | lightx2v.utils.custom_compiler:_discover_compiled_methods:125 - [Compile] Found compiled method: _infer_cond_uncond
2026-07-24 07:56:26.777 | INFO     | lightx2v.models.networks.base_model:_load_quant_ckpt:509 - Loading weights from /data/fuhaiwen1/LightX2V/models/lightx2v/Wan2.2-Distill-Models/wan2.2_i2v_A14b_low_noise_int8_lightx2v_4step.safetensors
2026-07-24 07:56:26.777 | INFO     | lightx2v.models.networks.base_model:_load_quant_ckpt:509 - Loading weights from /data/fuhaiwen1/LightX2V/models/lightx2v/Wan2.2-Distill-Models/wan2.2_i2v_A14b_low_noise_int8_lightx2v_4step.safetensors
2026-07-24 07:56:26.777 | INFO     | lightx2v.models.networks.base_model:_load_quant_ckpt:509 - Loading weights from /data/fuhaiwen1/LightX2V/models/lightx2v/Wan2.2-Distill-Models/wan2.2_i2v_A14b_low_noise_int8_lightx2v_4step.safetensors
2026-07-24 07:56:26.777 | INFO     | lightx2v.models.networks.base_model:_load_quant_ckpt:509 - Loading weights from /data/fuhaiwen1/LightX2V/models/lightx2v/Wan2.2-Distill-Models/wan2.2_i2v_A14b_low_noise_int8_lightx2v_4step.safetensors
2026-07-24 07:56:26.781 | INFO     | lightx2v.models.networks.base_model:_load_quant_ckpt:509 - Loading weights from /data/fuhaiwen1/LightX2V/models/lightx2v/Wan2.2-Distill-Models/wan2.2_i2v_A14b_low_noise_int8_lightx2v_4step.safetensors
2026-07-24 07:56:26.781 | INFO     | lightx2v.models.networks.base_model:_load_quant_ckpt:509 - Loading weights from /data/fuhaiwen1/LightX2V/models/lightx2v/Wan2.2-Distill-Models/wan2.2_i2v_A14b_low_noise_int8_lightx2v_4step.safetensors
2026-07-24 07:56:26.781 | INFO     | lightx2v.models.networks.base_model:_load_quant_ckpt:509 - Loading weights from /data/fuhaiwen1/LightX2V/models/lightx2v/Wan2.2-Distill-Models/wan2.2_i2v_A14b_low_noise_int8_lightx2v_4step.safetensors
2026-07-24 07:57:59.744 | INFO     | lightx2v.models.runners.wan.wan_runner:__init__:864 - boundary: 0.9, boundary_timestep: 900.0
2026-07-24 07:57:59.849 | INFO     | lightx2v.utils.utils:load_weights:516 - Loading weights from /data/fuhaiwen1/LightX2V/models/Wan-AI/Wan2.2-I2V-A14B/models_t5_umt5-xxl-enc-bf16.pth
2026-07-24 07:57:59.888 | INFO     | lightx2v.models.runners.wan.wan_runner:__init__:864 - boundary: 0.9, boundary_timestep: 900.0
2026-07-24 07:57:59.963 | INFO     | lightx2v.utils.utils:load_weights:516 - Loading weights from /data/fuhaiwen1/LightX2V/models/Wan-AI/Wan2.2-I2V-A14B/models_t5_umt5-xxl-enc-bf16.pth
2026-07-24 07:57:59.986 | INFO     | lightx2v.models.runners.wan.wan_runner:__init__:864 - boundary: 0.9, boundary_timestep: 900.0
2026-07-24 07:58:00.009 | INFO     | lightx2v.models.runners.wan.wan_runner:__init__:864 - boundary: 0.9, boundary_timestep: 900.0
2026-07-24 07:58:00.018 | INFO     | lightx2v.models.runners.wan.wan_runner:__init__:864 - boundary: 0.9, boundary_timestep: 900.0
2026-07-24 07:58:00.018 | INFO     | lightx2v.models.runners.wan.wan_runner:__init__:864 - boundary: 0.9, boundary_timestep: 900.0
2026-07-24 07:58:00.018 | INFO     | lightx2v.models.runners.wan.wan_runner:__init__:864 - boundary: 0.9, boundary_timestep: 900.0
2026-07-24 07:58:00.211 | INFO     | lightx2v.models.runners.wan.wan_runner:__init__:864 - boundary: 0.9, boundary_timestep: 900.0
2026-07-24 07:58:00.228 | INFO     | lightx2v.utils.utils:load_weights:516 - Loading weights from /data/fuhaiwen1/LightX2V/models/Wan-AI/Wan2.2-I2V-A14B/models_t5_umt5-xxl-enc-bf16.pth
2026-07-24 07:58:00.264 | INFO     | lightx2v.utils.utils:load_weights:516 - Loading weights from /data/fuhaiwen1/LightX2V/models/Wan-AI/Wan2.2-I2V-A14B/models_t5_umt5-xxl-enc-bf16.pth
2026-07-24 07:58:00.264 | INFO     | lightx2v.utils.utils:load_weights:516 - Loading weights from /data/fuhaiwen1/LightX2V/models/Wan-AI/Wan2.2-I2V-A14B/models_t5_umt5-xxl-enc-bf16.pth
2026-07-24 07:58:00.268 | INFO     | lightx2v.utils.utils:load_weights:516 - Loading weights from /data/fuhaiwen1/LightX2V/models/Wan-AI/Wan2.2-I2V-A14B/models_t5_umt5-xxl-enc-bf16.pth
2026-07-24 07:58:00.270 | INFO     | lightx2v.utils.utils:load_weights:516 - Loading weights from /data/fuhaiwen1/LightX2V/models/Wan-AI/Wan2.2-I2V-A14B/models_t5_umt5-xxl-enc-bf16.pth
2026-07-24 07:58:00.342 | INFO     | lightx2v.utils.utils:load_weights:516 - Loading weights from /data/fuhaiwen1/LightX2V/models/Wan-AI/Wan2.2-I2V-A14B/models_t5_umt5-xxl-enc-bf16.pth
2026-07-24 07:59:02.457 | INFO     | lightx2v.utils.utils:load_weights:516 - Loading weights from /data/fuhaiwen1/LightX2V/models/Wan-AI/Wan2.2-I2V-A14B/Wan2.1_VAE.pth
2026-07-24 07:59:02.581 | INFO     | lightx2v.utils.utils:load_weights:516 - Loading weights from /data/fuhaiwen1/LightX2V/models/Wan-AI/Wan2.2-I2V-A14B/Wan2.1_VAE.pth
2026-07-24 07:59:03.157 | INFO     | lightx2v.utils.utils:load_weights:516 - Loading weights from /data/fuhaiwen1/LightX2V/models/Wan-AI/Wan2.2-I2V-A14B/Wan2.1_VAE.pth
2026-07-24 07:59:03.758 | INFO     | lightx2v.utils.utils:load_weights:516 - Loading weights from /data/fuhaiwen1/LightX2V/models/Wan-AI/Wan2.2-I2V-A14B/Wan2.1_VAE.pth
2026-07-24 07:59:04.689 | INFO     | lightx2v.utils.utils:load_weights:516 - Loading weights from /data/fuhaiwen1/LightX2V/models/Wan-AI/Wan2.2-I2V-A14B/Wan2.1_VAE.pth
2026-07-24 07:59:04.707 | INFO     | lightx2v.utils.profiler:__exit__:87 - [Profile] Single GPU - Level2_Log Load models cost 261.269784 seconds
2026-07-24 07:59:04.709 | INFO     | lightx2v.utils.profiler:__exit__:87 - [Profile] Single GPU - Level2_Log Load models cost 261.271442 seconds
2026-07-24 07:59:04.779 | INFO     | lightx2v.models.runners.wan.wan_runner:run_vae_encoder:745 - ori latent: 90x68, adjust_latent: 90x68, grid: 2x4
2026-07-24 07:59:04.791 | INFO     | lightx2v.utils.utils:load_weights:516 - Loading weights from /data/fuhaiwen1/LightX2V/models/Wan-AI/Wan2.2-I2V-A14B/Wan2.1_VAE.pth
2026-07-24 07:59:04.820 | INFO     | lightx2v.utils.profiler:__exit__:87 - [Profile] Single GPU - Level2_Log Load models cost 261.384920 seconds
2026-07-24 07:59:04.821 | INFO     | lightx2v.utils.profiler:__exit__:87 - [Profile] Single GPU - Level2_Log Load models cost 261.385427 seconds
2026-07-24 07:59:04.843 | INFO     | lightx2v.models.runners.wan.wan_runner:run_vae_encoder:745 - ori latent: 90x68, adjust_latent: 90x68, grid: 2x4
2026-07-24 07:59:04.876 | INFO     | lightx2v.utils.profiler:__exit__:87 - [Profile] Single GPU - Level2_Log Load models cost 261.441628 seconds
2026-07-24 07:59:04.876 | INFO     | lightx2v.utils.profiler:__exit__:87 - [Profile] Single GPU - Level2_Log Load models cost 261.442029 seconds
2026-07-24 07:59:04.897 | INFO     | lightx2v.models.runners.wan.wan_runner:run_vae_encoder:745 - ori latent: 90x68, adjust_latent: 90x68, grid: 2x4
2026-07-24 07:59:05.269 | INFO     | lightx2v.utils.profiler:__exit__:87 - [Profile] Single GPU - Level2_Log Load models cost 261.831856 seconds
2026-07-24 07:59:05.270 | INFO     | lightx2v.utils.profiler:__exit__:87 - [Profile] Single GPU - Level2_Log Load models cost 261.832930 seconds
2026-07-24 07:59:05.294 | INFO     | lightx2v.models.runners.wan.wan_runner:run_vae_encoder:745 - ori latent: 90x68, adjust_latent: 90x68, grid: 2x4
2026-07-24 07:59:06.060 | INFO     | lightx2v.utils.profiler:__exit__:87 - [Profile] Single GPU - Level2_Log Load models cost 262.622861 seconds
2026-07-24 07:59:06.060 | INFO     | lightx2v.utils.profiler:__exit__:87 - [Profile] Single GPU - Level2_Log Load models cost 262.623338 seconds
2026-07-24 07:59:06.063 | INFO     | lightx2v.utils.profiler:__exit__:87 - [Profile] Single GPU - Level2_Log Load models cost 262.628288 seconds
2026-07-24 07:59:06.063 | INFO     | lightx2v.utils.profiler:__exit__:87 - [Profile] Single GPU - Level2_Log Load models cost 262.628685 seconds
2026-07-24 07:59:06.081 | INFO     | lightx2v.models.runners.wan.wan_runner:run_vae_encoder:745 - ori latent: 90x68, adjust_latent: 90x68, grid: 2x4
2026-07-24 07:59:06.089 | INFO     | lightx2v.models.runners.wan.wan_runner:run_vae_encoder:745 - ori latent: 90x68, adjust_latent: 90x68, grid: 2x4
2026-07-24 07:59:06.722 | INFO     | lightx2v.utils.utils:load_weights:516 - Loading weights from /data/fuhaiwen1/LightX2V/models/Wan-AI/Wan2.2-I2V-A14B/Wan2.1_VAE.pth
2026-07-24 07:59:06.873 | INFO     | lightx2v.utils.utils:load_weights:516 - Loading weights from /data/fuhaiwen1/LightX2V/models/Wan-AI/Wan2.2-I2V-A14B/Wan2.1_VAE.pth
2026-07-24 07:59:08.752 | INFO     | lightx2v.utils.profiler:__exit__:87 - [Profile] Single GPU - Level2_Log Load models cost 265.314946 seconds
2026-07-24 07:59:08.753 | INFO     | lightx2v.utils.profiler:__exit__:87 - [Profile] Single GPU - Level2_Log Load models cost 265.316064 seconds
2026-07-24 07:59:08.783 | INFO     | lightx2v.models.runners.wan.wan_runner:run_vae_encoder:745 - ori latent: 90x68, adjust_latent: 90x68, grid: 2x4
2026-07-24 07:59:08.905 | INFO     | lightx2v.utils.profiler:__exit__:87 - [Profile] Single GPU - Level2_Log Load models cost 265.469556 seconds
2026-07-24 07:59:08.906 | INFO     | lightx2v.utils.profiler:__exit__:87 - [Profile] Single GPU - Level2_Log Load models cost 265.470191 seconds
2026-07-24 07:59:08.938 | INFO     | lightx2v.models.runners.wan.wan_runner:run_vae_encoder:745 - ori latent: 90x68, adjust_latent: 90x68, grid: 2x4
2026-07-24 07:59:09.915 | INFO     | lightx2v.utils.profiler:__exit__:87 - [Profile] Single GPU - Level1_Log Run VAE Encoder cost 1.131527 seconds
2026-07-24 07:59:09.915 | INFO     | lightx2v.utils.profiler:__exit__:87 - [Profile] Single GPU - Level1_Log Run VAE Encoder cost 0.977139 seconds
2026-07-24 07:59:09.918 | INFO     | lightx2v.utils.profiler:__exit__:87 - [Profile] Single GPU - Level1_Log Run VAE Encoder cost 3.836709 seconds
2026-07-24 07:59:09.919 | INFO     | lightx2v.utils.profiler:__exit__:87 - [Profile] Single GPU - Level1_Log Run VAE Encoder cost 5.075655 seconds
2026-07-24 07:59:09.920 | INFO     | lightx2v.utils.profiler:__exit__:87 - [Profile] Single GPU - Level1_Log Run VAE Encoder cost 4.625757 seconds
2026-07-24 07:59:09.920 | INFO     | lightx2v.utils.profiler:__exit__:87 - [Profile] Single GPU - Level1_Log Run VAE Encoder cost 5.023398 seconds
2026-07-24 07:59:09.923 | INFO     | lightx2v.utils.profiler:__exit__:87 - [Profile] Single GPU - Level1_Log Run VAE Encoder cost 5.144315 seconds
2026-07-24 07:59:09.927 | INFO     | lightx2v.utils.profiler:__exit__:87 - [Profile] Single GPU - Level1_Log Run VAE Encoder cost 3.837631 seconds
2026-07-24 07:59:10.127 | INFO     | lightx2v.utils.profiler:__exit__:87 - [Profile] Single GPU - Level1_Log Run Text Encoder cost 0.208369 seconds
2026-07-24 07:59:10.128 | INFO     | lightx2v.utils.profiler:__exit__:87 - [Profile] Single GPU - Level2_Log Run Encoders cost 4.064350 seconds
2026-07-24 07:59:10.129 | INFO     | lightx2v.models.runners.default_runner:run_main:450 - 🔄 start segment 1/1
2026-07-24 07:59:10.134 | INFO     | lightx2v.models.runners.default_runner:run_segment:234 - ==> step_index: 1 / 4
2026-07-24 07:59:10.135 | INFO     | lightx2v.utils.profiler:__exit__:87 - [Profile] Rank 0 - Level1_Log step_pre cost 0.000242 seconds
2026-07-24 07:59:10.135 | INFO     | lightx2v.models.runners.wan.wan_runner:get_current_model_index:920 - using - HIGH - noise model at step_index 1
2026-07-24 07:59:10.135 | INFO     | lightx2v.utils.profiler:__exit__:87 - [Profile] Single GPU - Level2_Log Switch models in infer_main costs cost 0.000565 seconds
2026-07-24 07:59:10.161 | INFO     | lightx2v.utils.profiler:__exit__:87 - [Profile] Single GPU - Level1_Log Run Text Encoder cost 0.244210 seconds
2026-07-24 07:59:10.163 | INFO     | lightx2v.utils.profiler:__exit__:87 - [Profile] Single GPU - Level2_Log Run Encoders cost 1.409192 seconds
2026-07-24 07:59:10.167 | INFO     | lightx2v.models.runners.default_runner:run_main:450 - 🔄 start segment 1/1
2026-07-24 07:59:10.175 | INFO     | lightx2v.utils.profiler:__exit__:87 - [Profile] Single GPU - Level1_Log Run Text Encoder cost 0.254743 seconds
2026-07-24 07:59:10.176 | INFO     | lightx2v.utils.profiler:__exit__:87 - [Profile] Single GPU - Level1_Log Run Text Encoder cost 0.252301 seconds
2026-07-24 07:59:10.177 | INFO     | lightx2v.utils.profiler:__exit__:87 - [Profile] Single GPU - Level2_Log Run Encoders cost 4.906469 seconds
2026-07-24 07:59:10.177 | INFO     | lightx2v.utils.profiler:__exit__:87 - [Profile] Single GPU - Level2_Log Run Encoders cost 5.468325 seconds
2026-07-24 07:59:10.179 | INFO     | lightx2v.models.runners.default_runner:run_main:450 - 🔄 start segment 1/1
2026-07-24 07:59:10.180 | INFO     | lightx2v.models.runners.default_runner:run_main:450 - 🔄 start segment 1/1
2026-07-24 07:59:10.183 | INFO     | lightx2v.models.runners.default_runner:run_segment:234 - ==> step_index: 1 / 4
2026-07-24 07:59:10.183 | INFO     | lightx2v.utils.profiler:__exit__:87 - [Profile] Rank 1 - Level1_Log step_pre cost 0.000110 seconds
2026-07-24 07:59:10.184 | INFO     | lightx2v.models.runners.wan.wan_runner:get_current_model_index:920 - using - HIGH - noise model at step_index 1
2026-07-24 07:59:10.184 | INFO     | lightx2v.utils.profiler:__exit__:87 - [Profile] Single GPU - Level2_Log Switch models in infer_main costs cost 0.000706 seconds
2026-07-24 07:59:10.184 | INFO     | lightx2v.utils.profiler:__exit__:87 - [Profile] Single GPU - Level1_Log Run Text Encoder cost 0.256585 seconds
2026-07-24 07:59:10.185 | INFO     | lightx2v.utils.profiler:__exit__:87 - [Profile] Single GPU - Level2_Log Run Encoders cost 4.124026 seconds
2026-07-24 07:59:10.187 | INFO     | lightx2v.utils.profiler:__exit__:87 - [Profile] Single GPU - Level1_Log Run Text Encoder cost 0.264864 seconds
2026-07-24 07:59:10.187 | INFO     | lightx2v.utils.profiler:__exit__:87 - [Profile] Single GPU - Level2_Log Run Encoders cost 5.310910 seconds
2026-07-24 07:59:10.187 | INFO     | lightx2v.models.runners.default_runner:run_main:450 - 🔄 start segment 1/1
2026-07-24 07:59:10.189 | INFO     | lightx2v.models.runners.default_runner:run_main:450 - 🔄 start segment 1/1
2026-07-24 07:59:10.192 | INFO     | lightx2v.utils.profiler:__exit__:87 - [Profile] Single GPU - Level1_Log Run Text Encoder cost 0.272131 seconds
2026-07-24 07:59:10.192 | INFO     | lightx2v.utils.profiler:__exit__:87 - [Profile] Single GPU - Level2_Log Run Encoders cost 5.371397 seconds
2026-07-24 07:59:10.194 | INFO     | lightx2v.models.runners.default_runner:run_main:450 - 🔄 start segment 1/1
2026-07-24 07:59:10.195 | INFO     | lightx2v.utils.profiler:__exit__:87 - [Profile] Single GPU - Level1_Log Run Text Encoder cost 0.277745 seconds
2026-07-24 07:59:10.196 | INFO     | lightx2v.utils.profiler:__exit__:87 - [Profile] Single GPU - Level2_Log Run Encoders cost 1.289985 seconds
2026-07-24 07:59:10.198 | INFO     | lightx2v.models.runners.default_runner:run_main:450 - 🔄 start segment 1/1
2026-07-24 07:59:10.204 | INFO     | lightx2v.models.runners.default_runner:run_segment:234 - ==> step_index: 1 / 4
2026-07-24 07:59:10.204 | INFO     | lightx2v.models.runners.default_runner:run_segment:234 - ==> step_index: 1 / 4
2026-07-24 07:59:10.204 | INFO     | lightx2v.models.runners.default_runner:run_segment:234 - ==> step_index: 1 / 4
2026-07-24 07:59:10.204 | INFO     | lightx2v.models.runners.default_runner:run_segment:234 - ==> step_index: 1 / 4
2026-07-24 07:59:10.204 | INFO     | lightx2v.models.runners.default_runner:run_segment:234 - ==> step_index: 1 / 4
2026-07-24 07:59:10.204 | INFO     | lightx2v.models.runners.default_runner:run_segment:234 - ==> step_index: 1 / 4
2026-07-24 07:59:10.205 | INFO     | lightx2v.utils.profiler:__exit__:87 - [Profile] Rank 7 - Level1_Log step_pre cost 0.000194 seconds
2026-07-24 07:59:10.205 | INFO     | lightx2v.utils.profiler:__exit__:87 - [Profile] Rank 6 - Level1_Log step_pre cost 0.000143 seconds
2026-07-24 07:59:10.205 | INFO     | lightx2v.utils.profiler:__exit__:87 - [Profile] Rank 5 - Level1_Log step_pre cost 0.000148 seconds
2026-07-24 07:59:10.205 | INFO     | lightx2v.utils.profiler:__exit__:87 - [Profile] Rank 2 - Level1_Log step_pre cost 0.000368 seconds
2026-07-24 07:59:10.205 | INFO     | lightx2v.utils.profiler:__exit__:87 - [Profile] Rank 3 - Level1_Log step_pre cost 0.000335 seconds
2026-07-24 07:59:10.205 | INFO     | lightx2v.models.runners.wan.wan_runner:get_current_model_index:920 - using - HIGH - noise model at step_index 1
2026-07-24 07:59:10.205 | INFO     | lightx2v.models.runners.wan.wan_runner:get_current_model_index:920 - using - HIGH - noise model at step_index 1
2026-07-24 07:59:10.205 | INFO     | lightx2v.utils.profiler:__exit__:87 - [Profile] Single GPU - Level2_Log Switch models in infer_main costs cost 0.000477 seconds
2026-07-24 07:59:10.205 | INFO     | lightx2v.utils.profiler:__exit__:87 - [Profile] Rank 4 - Level1_Log step_pre cost 0.000506 seconds
2026-07-24 07:59:10.206 | INFO     | lightx2v.utils.profiler:__exit__:87 - [Profile] Single GPU - Level2_Log Switch models in infer_main costs cost 0.000489 seconds
2026-07-24 07:59:10.205 | INFO     | lightx2v.models.runners.wan.wan_runner:get_current_model_index:920 - using - HIGH - noise model at step_index 1
2026-07-24 07:59:10.206 | INFO     | lightx2v.models.runners.wan.wan_runner:get_current_model_index:920 - using - HIGH - noise model at step_index 1
2026-07-24 07:59:10.206 | INFO     | lightx2v.models.runners.wan.wan_runner:get_current_model_index:920 - using - HIGH - noise model at step_index 1
2026-07-24 07:59:10.206 | INFO     | lightx2v.utils.profiler:__exit__:87 - [Profile] Single GPU - Level2_Log Switch models in infer_main costs cost 0.000873 seconds
2026-07-24 07:59:10.206 | INFO     | lightx2v.utils.profiler:__exit__:87 - [Profile] Single GPU - Level2_Log Switch models in infer_main costs cost 0.000829 seconds
2026-07-24 07:59:10.206 | INFO     | lightx2v.utils.profiler:__exit__:87 - [Profile] Single GPU - Level2_Log Switch models in infer_main costs cost 0.000655 seconds
2026-07-24 07:59:10.207 | INFO     | lightx2v.models.runners.wan.wan_runner:get_current_model_index:920 - using - HIGH - noise model at step_index 1
2026-07-24 07:59:10.207 | INFO     | lightx2v.utils.profiler:__exit__:87 - [Profile] Single GPU - Level2_Log Switch models in infer_main costs cost 0.000747 seconds
Warning: Sage2++ NOT enabled
Warning: Sage2++ NOT enabled
Warning: Sage2++ NOT enabled
Warning: Sage2++ NOT enabled
Warning: Sage2++ NOT enabled
Warning: Sage2++ NOT enabled
Warning: Sage2++ NOT enabled
Warning: Sage2++ NOT enabled
2026-07-24 07:59:16.299 | INFO     | lightx2v.utils.profiler:__exit__:87 - [Profile] Rank 7 - Level1_Log 🚀 infer_main cost 6.094311 seconds
2026-07-24 07:59:16.302 | INFO     | lightx2v.utils.profiler:__exit__:87 - [Profile] Rank 7 - Level1_Log step_post cost 0.001019 seconds
2026-07-24 07:59:16.302 | INFO     | lightx2v.utils.profiler:__exit__:87 - [Profile] Rank 7 - Level1_Log Run Dit every step cost 6.098037 seconds
2026-07-24 07:59:16.305 | INFO     | lightx2v.utils.profiler:__exit__:87 - [Profile] Rank 4 - Level1_Log 🚀 infer_main cost 6.098612 seconds
2026-07-24 07:59:16.305 | INFO     | lightx2v.utils.profiler:__exit__:87 - [Profile] Rank 0 - Level1_Log 🚀 infer_main cost 6.169683 seconds
2026-07-24 07:59:16.306 | INFO     | lightx2v.utils.profiler:__exit__:87 - [Profile] Rank 4 - Level1_Log step_post cost 0.001025 seconds
2026-07-24 07:59:16.306 | INFO     | lightx2v.utils.profiler:__exit__:87 - [Profile] Rank 4 - Level1_Log Run Dit every step cost 6.102526 seconds
2026-07-24 07:59:16.306 | INFO     | lightx2v.utils.profiler:__exit__:87 - [Profile] Rank 6 - Level1_Log 🚀 infer_main cost 6.101089 seconds
2026-07-24 07:59:16.307 | INFO     | lightx2v.utils.profiler:__exit__:87 - [Profile] Rank 0 - Level1_Log step_post cost 0.001910 seconds
2026-07-24 07:59:16.307 | INFO     | lightx2v.utils.profiler:__exit__:87 - [Profile] Rank 0 - Level1_Log Run Dit every step cost 6.173948 seconds
2026-07-24 07:59:16.308 | INFO     | lightx2v.models.runners.default_runner:run_segment:234 - ==> step_index: 2 / 4
2026-07-24 07:59:16.309 | INFO     | lightx2v.utils.profiler:__exit__:87 - [Profile] Rank 0 - Level1_Log step_pre cost 0.000237 seconds
2026-07-24 07:59:16.309 | INFO     | lightx2v.utils.profiler:__exit__:87 - [Profile] Rank 6 - Level1_Log step_post cost 0.001918 seconds
2026-07-24 07:59:16.309 | INFO     | lightx2v.models.runners.wan.wan_runner:get_current_model_index:920 - using - HIGH - noise model at step_index 2
2026-07-24 07:59:16.309 | INFO     | lightx2v.utils.profiler:__exit__:87 - [Profile] Rank 6 - Level1_Log Run Dit every step cost 6.105637 seconds
2026-07-24 07:59:16.310 | INFO     | lightx2v.utils.profiler:__exit__:87 - [Profile] Single GPU - Level2_Log Switch models in infer_main costs cost 0.000396 seconds
2026-07-24 07:59:16.312 | INFO     | lightx2v.utils.profiler:__exit__:87 - [Profile] Rank 5 - Level1_Log 🚀 infer_main cost 6.106789 seconds
2026-07-24 07:59:16.312 | INFO     | lightx2v.utils.profiler:__exit__:87 - [Profile] Rank 3 - Level1_Log 🚀 infer_main cost 6.106818 seconds
2026-07-24 07:59:16.314 | INFO     | lightx2v.utils.profiler:__exit__:87 - [Profile] Rank 5 - Level1_Log step_post cost 0.001485 seconds
2026-07-24 07:59:16.314 | INFO     | lightx2v.utils.profiler:__exit__:87 - [Profile] Rank 3 - Level1_Log step_post cost 0.001400 seconds
2026-07-24 07:59:16.314 | INFO     | lightx2v.utils.profiler:__exit__:87 - [Profile] Rank 5 - Level1_Log Run Dit every step cost 6.110461 seconds
2026-07-24 07:59:16.314 | INFO     | lightx2v.utils.profiler:__exit__:87 - [Profile] Rank 3 - Level1_Log Run Dit every step cost 6.110553 seconds
2026-07-24 07:59:16.318 | INFO     | lightx2v.utils.profiler:__exit__:87 - [Profile] Rank 1 - Level1_Log 🚀 infer_main cost 6.134949 seconds
2026-07-24 07:59:16.320 | INFO     | lightx2v.utils.profiler:__exit__:87 - [Profile] Rank 2 - Level1_Log 🚀 infer_main cost 6.114313 seconds
2026-07-24 07:59:16.321 | INFO     | lightx2v.utils.profiler:__exit__:87 - [Profile] Rank 1 - Level1_Log step_post cost 0.001950 seconds
2026-07-24 07:59:16.321 | INFO     | lightx2v.utils.profiler:__exit__:87 - [Profile] Rank 1 - Level1_Log Run Dit every step cost 6.138478 seconds
2026-07-24 07:59:16.321 | INFO     | lightx2v.utils.profiler:__exit__:87 - [Profile] Rank 2 - Level1_Log step_post cost 0.001217 seconds
2026-07-24 07:59:16.321 | INFO     | lightx2v.utils.profiler:__exit__:87 - [Profile] Rank 2 - Level1_Log Run Dit every step cost 6.117440 seconds
2026-07-24 07:59:16.322 | INFO     | lightx2v.models.runners.default_runner:run_segment:234 - ==> step_index: 2 / 4
2026-07-24 07:59:16.322 | INFO     | lightx2v.models.runners.default_runner:run_segment:234 - ==> step_index: 2 / 4
2026-07-24 07:59:16.322 | INFO     | lightx2v.models.runners.default_runner:run_segment:234 - ==> step_index: 2 / 4
2026-07-24 07:59:16.322 | INFO     | lightx2v.models.runners.default_runner:run_segment:234 - ==> step_index: 2 / 4
2026-07-24 07:59:16.322 | INFO     | lightx2v.models.runners.default_runner:run_segment:234 - ==> step_index: 2 / 4
2026-07-24 07:59:16.322 | INFO     | lightx2v.models.runners.default_runner:run_segment:234 - ==> step_index: 2 / 4
2026-07-24 07:59:16.322 | INFO     | lightx2v.models.runners.default_runner:run_segment:234 - ==> step_index: 2 / 4
2026-07-24 07:59:16.322 | INFO     | lightx2v.utils.profiler:__exit__:87 - [Profile] Rank 5 - Level1_Log step_pre cost 0.000249 seconds
2026-07-24 07:59:16.322 | INFO     | lightx2v.utils.profiler:__exit__:87 - [Profile] Rank 1 - Level1_Log step_pre cost 0.000151 seconds
2026-07-24 07:59:16.322 | INFO     | lightx2v.utils.profiler:__exit__:87 - [Profile] Rank 2 - Level1_Log step_pre cost 0.000242 seconds
2026-07-24 07:59:16.322 | INFO     | lightx2v.utils.profiler:__exit__:87 - [Profile] Rank 7 - Level1_Log step_pre cost 0.000129 seconds
2026-07-24 07:59:16.322 | INFO     | lightx2v.utils.profiler:__exit__:87 - [Profile] Rank 4 - Level1_Log step_pre cost 0.000184 seconds
2026-07-24 07:59:16.323 | INFO     | lightx2v.utils.profiler:__exit__:87 - [Profile] Rank 6 - Level1_Log step_pre cost 0.000163 seconds
2026-07-24 07:59:16.323 | INFO     | lightx2v.models.runners.wan.wan_runner:get_current_model_index:920 - using - HIGH - noise model at step_index 2
2026-07-24 07:59:16.323 | INFO     | lightx2v.models.runners.wan.wan_runner:get_current_model_index:920 - using - HIGH - noise model at step_index 2
2026-07-24 07:59:16.323 | INFO     | lightx2v.models.runners.wan.wan_runner:get_current_model_index:920 - using - HIGH - noise model at step_index 2
2026-07-24 07:59:16.323 | INFO     | lightx2v.models.runners.wan.wan_runner:get_current_model_index:920 - using - HIGH - noise model at step_index 2
2026-07-24 07:59:16.323 | INFO     | lightx2v.utils.profiler:__exit__:87 - [Profile] Rank 3 - Level1_Log step_pre cost 0.000395 seconds
2026-07-24 07:59:16.323 | INFO     | lightx2v.models.runners.wan.wan_runner:get_current_model_index:920 - using - HIGH - noise model at step_index 2
2026-07-24 07:59:16.323 | INFO     | lightx2v.utils.profiler:__exit__:87 - [Profile] Single GPU - Level2_Log Switch models in infer_main costs cost 0.000369 seconds
2026-07-24 07:59:16.323 | INFO     | lightx2v.utils.profiler:__exit__:87 - [Profile] Single GPU - Level2_Log Switch models in infer_main costs cost 0.000371 seconds
2026-07-24 07:59:16.323 | INFO     | lightx2v.utils.profiler:__exit__:87 - [Profile] Single GPU - Level2_Log Switch models in infer_main costs cost 0.000350 seconds
2026-07-24 07:59:16.323 | INFO     | lightx2v.models.runners.wan.wan_runner:get_current_model_index:920 - using - HIGH - noise model at step_index 2
2026-07-24 07:59:16.323 | INFO     | lightx2v.utils.profiler:__exit__:87 - [Profile] Single GPU - Level2_Log Switch models in infer_main costs cost 0.000357 seconds
2026-07-24 07:59:16.323 | INFO     | lightx2v.utils.profiler:__exit__:87 - [Profile] Single GPU - Level2_Log Switch models in infer_main costs cost 0.000794 seconds
2026-07-24 07:59:16.324 | INFO     | lightx2v.models.runners.wan.wan_runner:get_current_model_index:920 - using - HIGH - noise model at step_index 2
2026-07-24 07:59:16.325 | INFO     | lightx2v.utils.profiler:__exit__:87 - [Profile] Single GPU - Level2_Log Switch models in infer_main costs cost 0.001091 seconds
2026-07-24 07:59:16.325 | INFO     | lightx2v.utils.profiler:__exit__:87 - [Profile] Single GPU - Level2_Log Switch models in infer_main costs cost 0.001617 seconds
2026-07-24 07:59:20.207 | INFO     | lightx2v.utils.profiler:__exit__:87 - [Profile] Rank 7 - Level1_Log 🚀 infer_main cost 3.883982 seconds
2026-07-24 07:59:20.210 | INFO     | lightx2v.utils.profiler:__exit__:87 - [Profile] Rank 7 - Level1_Log step_post cost 0.001669 seconds
2026-07-24 07:59:20.210 | INFO     | lightx2v.utils.profiler:__exit__:87 - [Profile] Rank 7 - Level1_Log Run Dit every step cost 3.907953 seconds
2026-07-24 07:59:20.211 | INFO     | lightx2v.utils.profiler:__exit__:87 - [Profile] Rank 4 - Level1_Log 🚀 infer_main cost 3.887623 seconds
2026-07-24 07:59:20.211 | INFO     | lightx2v.utils.profiler:__exit__:87 - [Profile] Rank 6 - Level1_Log 🚀 infer_main cost 3.887807 seconds
2026-07-24 07:59:20.211 | INFO     | lightx2v.utils.profiler:__exit__:87 - [Profile] Rank 0 - Level1_Log 🚀 infer_main cost 3.902185 seconds
2026-07-24 07:59:20.213 | INFO     | lightx2v.utils.profiler:__exit__:87 - [Profile] Rank 4 - Level1_Log step_post cost 0.002432 seconds
2026-07-24 07:59:20.214 | INFO     | lightx2v.utils.profiler:__exit__:87 - [Profile] Rank 4 - Level1_Log Run Dit every step cost 3.907144 seconds
2026-07-24 07:59:20.214 | INFO     | lightx2v.utils.profiler:__exit__:87 - [Profile] Rank 6 - Level1_Log step_post cost 0.002433 seconds
2026-07-24 07:59:20.214 | INFO     | lightx2v.utils.profiler:__exit__:87 - [Profile] Rank 6 - Level1_Log Run Dit every step cost 3.904684 seconds
2026-07-24 07:59:20.216 | INFO     | lightx2v.utils.profiler:__exit__:87 - [Profile] Rank 5 - Level1_Log 🚀 infer_main cost 3.893403 seconds
2026-07-24 07:59:20.217 | INFO     | lightx2v.utils.profiler:__exit__:87 - [Profile] Rank 3 - Level1_Log 🚀 infer_main cost 3.893471 seconds
2026-07-24 07:59:20.217 | INFO     | lightx2v.utils.profiler:__exit__:87 - [Profile] Rank 0 - Level1_Log step_post cost 0.005376 seconds
2026-07-24 07:59:20.218 | INFO     | lightx2v.utils.profiler:__exit__:87 - [Profile] Rank 0 - Level1_Log Run Dit every step cost 3.910155 seconds
2026-07-24 07:59:20.219 | INFO     | lightx2v.models.runners.default_runner:run_segment:234 - ==> step_index: 3 / 4
2026-07-24 07:59:20.219 | INFO     | lightx2v.utils.profiler:__exit__:87 - [Profile] Rank 5 - Level1_Log step_post cost 0.002334 seconds
2026-07-24 07:59:20.219 | INFO     | lightx2v.utils.profiler:__exit__:87 - [Profile] Rank 5 - Level1_Log Run Dit every step cost 3.904697 seconds
2026-07-24 07:59:20.219 | INFO     | lightx2v.utils.profiler:__exit__:87 - [Profile] Rank 0 - Level1_Log step_pre cost 0.000263 seconds
2026-07-24 07:59:20.220 | INFO     | lightx2v.utils.profiler:__exit__:87 - [Profile] Rank 3 - Level1_Log step_post cost 0.002612 seconds
2026-07-24 07:59:20.220 | INFO     | lightx2v.models.runners.wan.wan_runner:get_current_model_index:930 - using - LOW - noise model at step_index 3
2026-07-24 07:59:20.220 | INFO     | lightx2v.utils.profiler:__exit__:87 - [Profile] Rank 3 - Level1_Log Run Dit every step cost 3.905389 seconds
2026-07-24 07:59:20.220 | INFO     | lightx2v.utils.profiler:__exit__:87 - [Profile] Single GPU - Level2_Log Switch models in infer_main costs cost 0.000449 seconds
2026-07-24 07:59:20.222 | INFO     | lightx2v.utils.profiler:__exit__:87 - [Profile] Rank 1 - Level1_Log 🚀 infer_main cost 3.899657 seconds
2026-07-24 07:59:20.224 | INFO     | lightx2v.utils.profiler:__exit__:87 - [Profile] Rank 2 - Level1_Log 🚀 infer_main cost 3.901173 seconds
2026-07-24 07:59:20.225 | INFO     | lightx2v.utils.profiler:__exit__:87 - [Profile] Rank 1 - Level1_Log step_post cost 0.002057 seconds
2026-07-24 07:59:20.225 | INFO     | lightx2v.utils.profiler:__exit__:87 - [Profile] Rank 1 - Level1_Log Run Dit every step cost 3.904131 seconds
2026-07-24 07:59:20.226 | INFO     | lightx2v.models.runners.default_runner:run_segment:234 - ==> step_index: 3 / 4
2026-07-24 07:59:20.226 | INFO     | lightx2v.utils.profiler:__exit__:87 - [Profile] Rank 1 - Level1_Log step_pre cost 0.000158 seconds
2026-07-24 07:59:20.226 | INFO     | lightx2v.models.runners.wan.wan_runner:get_current_model_index:930 - using - LOW - noise model at step_index 3
2026-07-24 07:59:20.227 | INFO     | lightx2v.utils.profiler:__exit__:87 - [Profile] Single GPU - Level2_Log Switch models in infer_main costs cost 0.000333 seconds
2026-07-24 07:59:20.228 | INFO     | lightx2v.utils.profiler:__exit__:87 - [Profile] Rank 2 - Level1_Log step_post cost 0.003121 seconds
2026-07-24 07:59:20.228 | INFO     | lightx2v.utils.profiler:__exit__:87 - [Profile] Rank 2 - Level1_Log Run Dit every step cost 3.906443 seconds
2026-07-24 07:59:20.229 | INFO     | lightx2v.models.runners.default_runner:run_segment:234 - ==> step_index: 3 / 4
2026-07-24 07:59:20.229 | INFO     | lightx2v.models.runners.default_runner:run_segment:234 - ==> step_index: 3 / 4
2026-07-24 07:59:20.229 | INFO     | lightx2v.models.runners.default_runner:run_segment:234 - ==> step_index: 3 / 4
2026-07-24 07:59:20.229 | INFO     | lightx2v.models.runners.default_runner:run_segment:234 - ==> step_index: 3 / 4
2026-07-24 07:59:20.229 | INFO     | lightx2v.models.runners.default_runner:run_segment:234 - ==> step_index: 3 / 4
2026-07-24 07:59:20.229 | INFO     | lightx2v.models.runners.default_runner:run_segment:234 - ==> step_index: 3 / 4
2026-07-24 07:59:20.229 | INFO     | lightx2v.utils.profiler:__exit__:87 - [Profile] Rank 3 - Level1_Log step_pre cost 0.000169 seconds
2026-07-24 07:59:20.229 | INFO     | lightx2v.utils.profiler:__exit__:87 - [Profile] Rank 7 - Level1_Log step_pre cost 0.000123 seconds
2026-07-24 07:59:20.229 | INFO     | lightx2v.utils.profiler:__exit__:87 - [Profile] Rank 2 - Level1_Log step_pre cost 0.000235 seconds
2026-07-24 07:59:20.229 | INFO     | lightx2v.utils.profiler:__exit__:87 - [Profile] Rank 5 - Level1_Log step_pre cost 0.000245 seconds
2026-07-24 07:59:20.230 | INFO     | lightx2v.utils.profiler:__exit__:87 - [Profile] Rank 4 - Level1_Log step_pre cost 0.000267 seconds
2026-07-24 07:59:20.230 | INFO     | lightx2v.models.runners.wan.wan_runner:get_current_model_index:930 - using - LOW - noise model at step_index 3
2026-07-24 07:59:20.230 | INFO     | lightx2v.models.runners.wan.wan_runner:get_current_model_index:930 - using - LOW - noise model at step_index 3
2026-07-24 07:59:20.230 | INFO     | lightx2v.utils.profiler:__exit__:87 - [Profile] Rank 6 - Level1_Log step_pre cost 0.000354 seconds
2026-07-24 07:59:20.230 | INFO     | lightx2v.models.runners.wan.wan_runner:get_current_model_index:930 - using - LOW - noise model at step_index 3
2026-07-24 07:59:20.230 | INFO     | lightx2v.utils.profiler:__exit__:87 - [Profile] Single GPU - Level2_Log Switch models in infer_main costs cost 0.000249 seconds
2026-07-24 07:59:20.230 | INFO     | lightx2v.models.runners.wan.wan_runner:get_current_model_index:930 - using - LOW - noise model at step_index 3
2026-07-24 07:59:20.230 | INFO     | lightx2v.utils.profiler:__exit__:87 - [Profile] Single GPU - Level2_Log Switch models in infer_main costs cost 0.000463 seconds
2026-07-24 07:59:20.230 | INFO     | lightx2v.models.runners.wan.wan_runner:get_current_model_index:930 - using - LOW - noise model at step_index 3
2026-07-24 07:59:20.230 | INFO     | lightx2v.utils.profiler:__exit__:87 - [Profile] Single GPU - Level2_Log Switch models in infer_main costs cost 0.000537 seconds
2026-07-24 07:59:20.231 | INFO     | lightx2v.models.runners.wan.wan_runner:get_current_model_index:930 - using - LOW - noise model at step_index 3
2026-07-24 07:59:20.231 | INFO     | lightx2v.utils.profiler:__exit__:87 - [Profile] Single GPU - Level2_Log Switch models in infer_main costs cost 0.000910 seconds
2026-07-24 07:59:20.231 | INFO     | lightx2v.utils.profiler:__exit__:87 - [Profile] Single GPU - Level2_Log Switch models in infer_main costs cost 0.000828 seconds
2026-07-24 07:59:20.231 | INFO     | lightx2v.utils.profiler:__exit__:87 - [Profile] Single GPU - Level2_Log Switch models in infer_main costs cost 0.000703 seconds
2026-07-24 07:59:24.167 | INFO     | lightx2v.utils.profiler:__exit__:87 - [Profile] Rank 7 - Level1_Log 🚀 infer_main cost 3.936797 seconds
2026-07-24 07:59:24.167 | INFO     | lightx2v.utils.profiler:__exit__:87 - [Profile] Rank 4 - Level1_Log 🚀 infer_main cost 3.936885 seconds
2026-07-24 07:59:24.169 | INFO     | lightx2v.utils.profiler:__exit__:87 - [Profile] Rank 0 - Level1_Log 🚀 infer_main cost 3.949135 seconds
2026-07-24 07:59:24.171 | INFO     | lightx2v.utils.profiler:__exit__:87 - [Profile] Rank 3 - Level1_Log 🚀 infer_main cost 3.941218 seconds
2026-07-24 07:59:24.173 | INFO     | lightx2v.utils.profiler:__exit__:87 - [Profile] Rank 6 - Level1_Log 🚀 infer_main cost 3.942396 seconds
2026-07-24 07:59:24.183 | INFO     | lightx2v.utils.profiler:__exit__:87 - [Profile] Rank 5 - Level1_Log 🚀 infer_main cost 3.953106 seconds
2026-07-24 07:59:24.189 | INFO     | lightx2v.utils.profiler:__exit__:87 - [Profile] Rank 1 - Level1_Log 🚀 infer_main cost 3.962416 seconds
2026-07-24 07:59:24.192 | INFO     | lightx2v.utils.profiler:__exit__:87 - [Profile] Rank 2 - Level1_Log 🚀 infer_main cost 3.962301 seconds
2026-07-24 07:59:24.238 | INFO     | lightx2v.utils.profiler:__exit__:87 - [Profile] Rank 7 - Level1_Log step_post cost 0.070053 seconds
2026-07-24 07:59:24.238 | INFO     | lightx2v.utils.profiler:__exit__:87 - [Profile] Rank 7 - Level1_Log Run Dit every step cost 4.027569 seconds
2026-07-24 07:59:24.239 | INFO     | lightx2v.utils.profiler:__exit__:87 - [Profile] Rank 0 - Level1_Log step_post cost 0.069290 seconds
2026-07-24 07:59:24.239 | INFO     | lightx2v.utils.profiler:__exit__:87 - [Profile] Rank 0 - Level1_Log Run Dit every step cost 4.021186 seconds
2026-07-24 07:59:24.240 | INFO     | lightx2v.models.runners.default_runner:run_segment:234 - ==> step_index: 4 / 4
2026-07-24 07:59:24.241 | INFO     | lightx2v.utils.profiler:__exit__:87 - [Profile] Rank 0 - Level1_Log step_pre cost 0.000116 seconds
2026-07-24 07:59:24.241 | INFO     | lightx2v.models.runners.wan.wan_runner:get_current_model_index:930 - using - LOW - noise model at step_index 4
2026-07-24 07:59:24.241 | INFO     | lightx2v.utils.profiler:__exit__:87 - [Profile] Single GPU - Level2_Log Switch models in infer_main costs cost 0.000316 seconds
2026-07-24 07:59:24.243 | INFO     | lightx2v.utils.profiler:__exit__:87 - [Profile] Rank 4 - Level1_Log step_post cost 0.075015 seconds
2026-07-24 07:59:24.243 | INFO     | lightx2v.utils.profiler:__exit__:87 - [Profile] Rank 4 - Level1_Log Run Dit every step cost 4.029060 seconds
2026-07-24 07:59:24.249 | INFO     | lightx2v.utils.profiler:__exit__:87 - [Profile] Rank 3 - Level1_Log step_post cost 0.077513 seconds
2026-07-24 07:59:24.250 | INFO     | lightx2v.utils.profiler:__exit__:87 - [Profile] Rank 3 - Level1_Log Run Dit every step cost 4.029067 seconds
2026-07-24 07:59:24.257 | INFO     | lightx2v.utils.profiler:__exit__:87 - [Profile] Rank 2 - Level1_Log step_post cost 0.063939 seconds
2026-07-24 07:59:24.257 | INFO     | lightx2v.utils.profiler:__exit__:87 - [Profile] Rank 2 - Level1_Log Run Dit every step cost 4.028499 seconds
2026-07-24 07:59:24.264 | INFO     | lightx2v.utils.profiler:__exit__:87 - [Profile] Rank 1 - Level1_Log step_post cost 0.074606 seconds
2026-07-24 07:59:24.265 | INFO     | lightx2v.utils.profiler:__exit__:87 - [Profile] Rank 1 - Level1_Log Run Dit every step cost 4.039326 seconds
2026-07-24 07:59:24.266 | INFO     | lightx2v.models.runners.default_runner:run_segment:234 - ==> step_index: 4 / 4
2026-07-24 07:59:24.266 | INFO     | lightx2v.models.runners.default_runner:run_segment:234 - ==> step_index: 4 / 4
2026-07-24 07:59:24.266 | INFO     | lightx2v.models.runners.default_runner:run_segment:234 - ==> step_index: 4 / 4
2026-07-24 07:59:24.266 | INFO     | lightx2v.models.runners.default_runner:run_segment:234 - ==> step_index: 4 / 4
2026-07-24 07:59:24.266 | INFO     | lightx2v.utils.profiler:__exit__:87 - [Profile] Rank 5 - Level1_Log step_post cost 0.082511 seconds
2026-07-24 07:59:24.266 | INFO     | lightx2v.utils.profiler:__exit__:87 - [Profile] Rank 2 - Level1_Log step_pre cost 0.000146 seconds
2026-07-24 07:59:24.266 | INFO     | lightx2v.utils.profiler:__exit__:87 - [Profile] Rank 1 - Level1_Log step_pre cost 0.000202 seconds
2026-07-24 07:59:24.266 | INFO     | lightx2v.utils.profiler:__exit__:87 - [Profile] Rank 3 - Level1_Log step_pre cost 0.000260 seconds
2026-07-24 07:59:24.266 | INFO     | lightx2v.utils.profiler:__exit__:87 - [Profile] Rank 4 - Level1_Log step_pre cost 0.000230 seconds
2026-07-24 07:59:24.266 | INFO     | lightx2v.utils.profiler:__exit__:87 - [Profile] Rank 5 - Level1_Log Run Dit every step cost 4.046849 seconds
2026-07-24 07:59:24.267 | INFO     | lightx2v.models.runners.wan.wan_runner:get_current_model_index:930 - using - LOW - noise model at step_index 4
2026-07-24 07:59:24.267 | INFO     | lightx2v.models.runners.wan.wan_runner:get_current_model_index:930 - using - LOW - noise model at step_index 4
2026-07-24 07:59:24.267 | INFO     | lightx2v.models.runners.wan.wan_runner:get_current_model_index:930 - using - LOW - noise model at step_index 4
2026-07-24 07:59:24.267 | INFO     | lightx2v.utils.profiler:__exit__:87 - [Profile] Single GPU - Level2_Log Switch models in infer_main costs cost 0.000633 seconds
2026-07-24 07:59:24.267 | INFO     | lightx2v.models.runners.wan.wan_runner:get_current_model_index:930 - using - LOW - noise model at step_index 4
2026-07-24 07:59:24.267 | INFO     | lightx2v.utils.profiler:__exit__:87 - [Profile] Single GPU - Level2_Log Switch models in infer_main costs cost 0.000453 seconds
2026-07-24 07:59:24.268 | INFO     | lightx2v.utils.profiler:__exit__:87 - [Profile] Single GPU - Level2_Log Switch models in infer_main costs cost 0.000606 seconds
2026-07-24 07:59:24.268 | INFO     | lightx2v.utils.profiler:__exit__:87 - [Profile] Single GPU - Level2_Log Switch models in infer_main costs cost 0.000724 seconds
2026-07-24 07:59:24.268 | INFO     | lightx2v.models.runners.default_runner:run_segment:234 - ==> step_index: 4 / 4
2026-07-24 07:59:24.270 | INFO     | lightx2v.utils.profiler:__exit__:87 - [Profile] Rank 5 - Level1_Log step_pre cost 0.000714 seconds
2026-07-24 07:59:24.271 | INFO     | lightx2v.models.runners.wan.wan_runner:get_current_model_index:930 - using - LOW - noise model at step_index 4
2026-07-24 07:59:24.271 | INFO     | lightx2v.utils.profiler:__exit__:87 - [Profile] Single GPU - Level2_Log Switch models in infer_main costs cost 0.000845 seconds
2026-07-24 07:59:24.274 | INFO     | lightx2v.utils.profiler:__exit__:87 - [Profile] Rank 6 - Level1_Log step_post cost 0.100320 seconds
2026-07-24 07:59:24.275 | INFO     | lightx2v.utils.profiler:__exit__:87 - [Profile] Rank 6 - Level1_Log Run Dit every step cost 4.060171 seconds
2026-07-24 07:59:24.276 | INFO     | lightx2v.models.runners.default_runner:run_segment:234 - ==> step_index: 4 / 4
2026-07-24 07:59:24.276 | INFO     | lightx2v.models.runners.default_runner:run_segment:234 - ==> step_index: 4 / 4
2026-07-24 07:59:24.276 | INFO     | lightx2v.utils.profiler:__exit__:87 - [Profile] Rank 7 - Level1_Log step_pre cost 0.000239 seconds
2026-07-24 07:59:24.277 | INFO     | lightx2v.utils.profiler:__exit__:87 - [Profile] Rank 6 - Level1_Log step_pre cost 0.000263 seconds
2026-07-24 07:59:24.277 | INFO     | lightx2v.models.runners.wan.wan_runner:get_current_model_index:930 - using - LOW - noise model at step_index 4
2026-07-24 07:59:24.277 | INFO     | lightx2v.models.runners.wan.wan_runner:get_current_model_index:930 - using - LOW - noise model at step_index 4
2026-07-24 07:59:24.277 | INFO     | lightx2v.utils.profiler:__exit__:87 - [Profile] Single GPU - Level2_Log Switch models in infer_main costs cost 0.000413 seconds
2026-07-24 07:59:24.278 | INFO     | lightx2v.utils.profiler:__exit__:87 - [Profile] Single GPU - Level2_Log Switch models in infer_main costs cost 0.000466 seconds
2026-07-24 07:59:28.195 | INFO     | lightx2v.utils.profiler:__exit__:87 - [Profile] Rank 7 - Level1_Log 🚀 infer_main cost 3.918215 seconds
2026-07-24 07:59:28.196 | INFO     | lightx2v.utils.profiler:__exit__:87 - [Profile] Rank 4 - Level1_Log 🚀 infer_main cost 3.928683 seconds
2026-07-24 07:59:28.197 | INFO     | lightx2v.utils.profiler:__exit__:87 - [Profile] Rank 0 - Level1_Log 🚀 infer_main cost 3.956229 seconds
2026-07-24 07:59:28.198 | INFO     | lightx2v.utils.profiler:__exit__:87 - [Profile] Rank 3 - Level1_Log 🚀 infer_main cost 3.931367 seconds
2026-07-24 07:59:28.199 | INFO     | lightx2v.utils.profiler:__exit__:87 - [Profile] Rank 7 - Level1_Log step_post cost 0.002116 seconds
2026-07-24 07:59:28.199 | INFO     | lightx2v.utils.profiler:__exit__:87 - [Profile] Rank 7 - Level1_Log Run Dit every step cost 3.960809 seconds
2026-07-24 07:59:28.199 | INFO     | lightx2v.utils.profiler:__exit__:87 - [Profile] Rank 4 - Level1_Log step_post cost 0.002354 seconds
2026-07-24 07:59:28.199 | INFO     | lightx2v.utils.profiler:__exit__:87 - [Profile] Rank 4 - Level1_Log Run Dit every step cost 3.956027 seconds
2026-07-24 07:59:28.200 | INFO     | lightx2v.utils.profiler:__exit__:87 - [Profile] Rank 6 - Level1_Log 🚀 infer_main cost 3.922471 seconds
2026-07-24 07:59:28.201 | INFO     | lightx2v.utils.profiler:__exit__:87 - [Profile] Rank 0 - Level1_Log step_post cost 0.003224 seconds
2026-07-24 07:59:28.201 | INFO     | lightx2v.utils.profiler:__exit__:87 - [Profile] Rank 0 - Level1_Log Run Dit every step cost 3.961380 seconds
2026-07-24 07:59:28.202 | INFO     | lightx2v.utils.profiler:__exit__:87 - [Profile] Rank 3 - Level1_Log step_post cost 0.003091 seconds
2026-07-24 07:59:28.202 | INFO     | lightx2v.utils.profiler:__exit__:87 - [Profile] Rank 3 - Level1_Log Run Dit every step cost 3.952300 seconds
2026-07-24 07:59:28.203 | INFO     | lightx2v.utils.profiler:__exit__:87 - [Profile] Rank 6 - Level1_Log step_post cost 0.003053 seconds
2026-07-24 07:59:28.204 | INFO     | lightx2v.utils.profiler:__exit__:87 - [Profile] Rank 6 - Level1_Log Run Dit every step cost 3.928443 seconds
2026-07-24 07:59:28.211 | INFO     | lightx2v.utils.profiler:__exit__:87 - [Profile] Rank 5 - Level1_Log 🚀 infer_main cost 3.940646 seconds
2026-07-24 07:59:28.213 | INFO     | lightx2v.utils.profiler:__exit__:87 - [Profile] Rank 5 - Level1_Log step_post cost 0.001823 seconds
2026-07-24 07:59:28.213 | INFO     | lightx2v.utils.profiler:__exit__:87 - [Profile] Rank 5 - Level1_Log Run Dit every step cost 3.946093 seconds
2026-07-24 07:59:28.217 | INFO     | lightx2v.utils.profiler:__exit__:87 - [Profile] Rank 1 - Level1_Log 🚀 infer_main cost 3.949626 seconds
2026-07-24 07:59:28.220 | INFO     | lightx2v.utils.profiler:__exit__:87 - [Profile] Rank 2 - Level1_Log 🚀 infer_main cost 3.953189 seconds
2026-07-24 07:59:28.222 | INFO     | lightx2v.utils.profiler:__exit__:87 - [Profile] Rank 2 - Level1_Log step_post cost 0.001707 seconds
2026-07-24 07:59:28.222 | INFO     | lightx2v.utils.profiler:__exit__:87 - [Profile] Rank 2 - Level1_Log Run Dit every step cost 3.965084 seconds
2026-07-24 07:59:28.223 | INFO     | lightx2v.utils.profiler:__exit__:87 - [Profile] Rank 1 - Level1_Log step_post cost 0.004812 seconds
2026-07-24 07:59:28.224 | INFO     | lightx2v.utils.profiler:__exit__:87 - [Profile] Rank 1 - Level1_Log Run Dit every step cost 3.958621 seconds
2026-07-24 07:59:29.122 | INFO     | lightx2v.utils.profiler:__exit__:87 - [Profile] Single GPU - Level1_Log Run VAE Decoder cost 0.899335 seconds
2026-07-24 07:59:29.122 | INFO     | lightx2v.utils.profiler:__exit__:87 - [Profile] Rank 2 - Level1_Log segment end2end 1/1 cost 18.923489 seconds
2026-07-24 07:59:29.122 | INFO     | lightx2v.utils.profiler:__exit__:87 - [Profile] Single GPU - Level1_Log Run VAE Decoder cost 0.922065 seconds
2026-07-24 07:59:29.122 | INFO     | lightx2v.utils.profiler:__exit__:87 - [Profile] Single GPU - Level1_Log Run VAE Decoder cost 0.922769 seconds
2026-07-24 07:59:29.122 | INFO     | lightx2v.utils.profiler:__exit__:87 - [Profile] Single GPU - Level1_Log Run VAE Decoder cost 0.919302 seconds
2026-07-24 07:59:29.122 | INFO     | lightx2v.utils.profiler:__exit__:87 - [Profile] Single GPU - Level1_Log Run VAE Decoder cost 0.920626 seconds
2026-07-24 07:59:29.122 | INFO     | lightx2v.utils.profiler:__exit__:87 - [Profile] Single GPU - Level1_Log Run VAE Decoder cost 0.898040 seconds
2026-07-24 07:59:29.122 | INFO     | lightx2v.utils.profiler:__exit__:87 - [Profile] Single GPU - Level2_Log Run DiT cost 18.925805 seconds
2026-07-24 07:59:29.122 | INFO     | lightx2v.utils.profiler:__exit__:87 - [Profile] Single GPU - Level1_Log Run VAE Decoder cost 0.917912 seconds
2026-07-24 07:59:29.122 | INFO     | lightx2v.utils.profiler:__exit__:87 - [Profile] Rank 4 - Level1_Log segment end2end 1/1 cost 18.954997 seconds
2026-07-24 07:59:29.123 | INFO     | lightx2v.utils.profiler:__exit__:87 - [Profile] Rank 7 - Level1_Log segment end2end 1/1 cost 18.933327 seconds
2026-07-24 07:59:29.123 | INFO     | lightx2v.utils.profiler:__exit__:87 - [Profile] Rank 0 - Level1_Log segment end2end 1/1 cost 18.992939 seconds
2026-07-24 07:59:29.123 | INFO     | lightx2v.utils.profiler:__exit__:87 - [Profile] Rank 3 - Level1_Log segment end2end 1/1 cost 18.934859 seconds
2026-07-24 07:59:29.123 | INFO     | lightx2v.utils.profiler:__exit__:87 - [Profile] Rank 1 - Level1_Log segment end2end 1/1 cost 18.943841 seconds
2026-07-24 07:59:29.123 | INFO     | lightx2v.utils.profiler:__exit__:87 - [Profile] Rank 6 - Level1_Log segment end2end 1/1 cost 18.943100 seconds
2026-07-24 07:59:29.123 | INFO     | lightx2v.utils.profiler:__exit__:87 - [Profile] Single GPU - Level2_Log Run DiT cost 18.935863 seconds
2026-07-24 07:59:29.123 | INFO     | lightx2v.utils.profiler:__exit__:87 - [Profile] Single GPU - Level2_Log Run DiT cost 18.958804 seconds
2026-07-24 07:59:29.124 | INFO     | lightx2v.utils.profiler:__exit__:87 - [Profile] Single GPU - Level2_Log Run DiT cost 18.945894 seconds
2026-07-24 07:59:29.124 | INFO     | lightx2v.utils.profiler:__exit__:87 - [Profile] Single GPU - Level2_Log Run DiT cost 18.938594 seconds
2026-07-24 07:59:29.124 | INFO     | lightx2v.utils.profiler:__exit__:87 - [Profile] Single GPU - Level2_Log Run DiT cost 18.946919 seconds
2026-07-24 07:59:29.124 | INFO     | lightx2v.utils.profiler:__exit__:87 - [Profile] Single GPU - Level1_Log Run VAE Decoder cost 0.910442 seconds
2026-07-24 07:59:29.125 | INFO     | lightx2v.utils.profiler:__exit__:87 - [Profile] Rank 0 - Level2_Log wan_vae_to_comfy cost 0.001284 seconds
2026-07-24 07:59:29.125 | INFO     | lightx2v.utils.profiler:__exit__:87 - [Profile] Rank 5 - Level1_Log segment end2end 1/1 cost 18.930507 seconds
2026-07-24 07:59:29.125 | INFO     | lightx2v.models.runners.default_runner:process_images_after_vae_decoder:561 - 🎬 Start to save video 🎬
2026-07-24 07:59:29.125 | INFO     | lightx2v.utils.communication_profiler:finish_communication_profile:161 - [CommProfile] {"by_collective": {"dit_sequence_output_all_gather": {"count": 4, "gpu_time_s": 0.15615197372436526, "rx_bytes": 14396928, "tx_bytes": 14396928, "wall_submit_s": 0.14918828755617142}, "dit_ulysses_all_to_all": {"count": 640, "gpu_time_s": 13.689886557579035, "rx_bytes": 23035084800, "tx_bytes": 23035084800, "wall_submit_s": 1.3630536571145058}, "vae_decoder_all_gather": {"count": 1, "gpu_time_s": 0.05649203109741211, "rx_bytes": 166561920, "tx_bytes": 166561920, "wall_submit_s": 0.0004683360457420349}, "vae_encoder_all_gather": {"count": 1, "gpu_time_s": 0.0023982079029083252, "rx_bytes": 3598560, "tx_bytes": 3598560, "wall_submit_s": 0.001371823251247406}}, "communication_time_s": 13.90492877030372, "rank": 2, "request_id": "0", "rx_bytes": 23219642208, "schema_version": 1, "tx_bytes": 23219642208, "world_size": 8}
2026-07-24 07:59:29.126 | INFO     | lightx2v.utils.communication_profiler:finish_communication_profile:161 - [CommProfile] {"by_collective": {"dit_sequence_output_all_gather": {"count": 4, "gpu_time_s": 0.15519200098514555, "rx_bytes": 14396928, "tx_bytes": 14396928, "wall_submit_s": 0.14937793463468552}, "dit_ulysses_all_to_all": {"count": 640, "gpu_time_s": 13.708359758377066, "rx_bytes": 23035084800, "tx_bytes": 23035084800, "wall_submit_s": 1.4058303534984589}, "vae_decoder_all_gather": {"count": 1, "gpu_time_s": 0.0401715202331543, "rx_bytes": 166561920, "tx_bytes": 166561920, "wall_submit_s": 0.0003698095679283142}, "vae_encoder_all_gather": {"count": 1, "gpu_time_s": 4.336568359375, "rx_bytes": 3598560, "tx_bytes": 3598560, "wall_submit_s": 0.0004501715302467346}}, "communication_time_s": 18.240291638970366, "rank": 7, "request_id": "0", "rx_bytes": 23219642208, "schema_version": 1, "tx_bytes": 23219642208, "world_size": 8}
2026-07-24 07:59:29.126 | INFO     | lightx2v.utils.profiler:__exit__:87 - [Profile] Single GPU - Level1_Log RUN pipeline cost 20.219751 seconds
2026-07-24 07:59:29.127 | INFO     | lightx2v.utils.communication_profiler:finish_communication_profile:161 - [CommProfile] {"by_collective": {"dit_sequence_output_all_gather": {"count": 4, "gpu_time_s": 0.15325900939106943, "rx_bytes": 14396928, "tx_bytes": 14396928, "wall_submit_s": 0.15002969652414322}, "dit_ulysses_all_to_all": {"count": 640, "gpu_time_s": 13.6736354637146, "rx_bytes": 23035084800, "tx_bytes": 23035084800, "wall_submit_s": 1.3408622220158577}, "vae_decoder_all_gather": {"count": 1, "gpu_time_s": 0.05786211013793945, "rx_bytes": 166561920, "tx_bytes": 166561920, "wall_submit_s": 0.0008207336068153381}, "vae_encoder_all_gather": {"count": 1, "gpu_time_s": 0.4334468994140625, "rx_bytes": 3598560, "tx_bytes": 3598560, "wall_submit_s": 0.0017360672354698181}}, "communication_time_s": 14.318203482657673, "rank": 4, "request_id": "0", "rx_bytes": 23219642208, "schema_version": 1, "tx_bytes": 23219642208, "world_size": 8}
2026-07-24 07:59:29.127 | INFO     | lightx2v.utils.profiler:__exit__:87 - [Profile] Single GPU - Level1_Log RUN pipeline cost 24.250336 seconds
2026-07-24 07:59:29.127 | INFO     | lightx2v.utils.communication_profiler:finish_communication_profile:161 - [CommProfile] {"by_collective": {"dit_sequence_output_all_gather": {"count": 4, "gpu_time_s": 0.15494460332393645, "rx_bytes": 14396928, "tx_bytes": 14396928, "wall_submit_s": 0.14984900504350662}, "dit_ulysses_all_to_all": {"count": 640, "gpu_time_s": 13.564840841293348, "rx_bytes": 23035084800, "tx_bytes": 23035084800, "wall_submit_s": 1.4441227242350578}, "vae_decoder_all_gather": {"count": 1, "gpu_time_s": 0.05017702484130859, "rx_bytes": 166561920, "tx_bytes": 166561920, "wall_submit_s": 0.0009274482727050781}, "vae_encoder_all_gather": {"count": 1, "gpu_time_s": 4.25079296875, "rx_bytes": 3598560, "tx_bytes": 3598560, "wall_submit_s": 0.0005260035395622253}}, "communication_time_s": 18.020755438208596, "rank": 1, "request_id": "0", "rx_bytes": 23219642208, "schema_version": 1, "tx_bytes": 23219642208, "world_size": 8}
2026-07-24 07:59:29.127 | INFO     | lightx2v.utils.profiler:__exit__:87 - [Profile] Single GPU - Level2_Log Run DiT cost 18.933973 seconds
2026-07-24 07:59:29.128 | INFO     | lightx2v.utils.profiler:__exit__:87 - [Profile] Single GPU - Level1_Log RUN pipeline cost 20.374046 seconds
2026-07-24 07:59:29.128 | INFO     | lightx2v.utils.profiler:__exit__:87 - [Profile] Single GPU - Level1_Log RUN pipeline cost 24.418919 seconds
2026-07-24 07:59:29.132 | INFO     | lightx2v.utils.communication_profiler:finish_communication_profile:161 - [CommProfile] {"by_collective": {"dit_sequence_output_all_gather": {"count": 4, "gpu_time_s": 0.15435036396980284, "rx_bytes": 14396928, "tx_bytes": 14396928, "wall_submit_s": 0.15115458518266678}, "dit_ulysses_all_to_all": {"count": 640, "gpu_time_s": 13.496998890876771, "rx_bytes": 23035084800, "tx_bytes": 23035084800, "wall_submit_s": 1.4663648828864098}, "vae_decoder_all_gather": {"count": 1, "gpu_time_s": 0.025816831588745117, "rx_bytes": 166561920, "tx_bytes": 166561920, "wall_submit_s": 0.0005978122353553772}, "vae_encoder_all_gather": {"count": 1, "gpu_time_s": 3.78736328125, "rx_bytes": 3598560, "tx_bytes": 3598560, "wall_submit_s": 0.0006742030382156372}}, "communication_time_s": 17.46452936768532, "rank": 6, "request_id": "0", "rx_bytes": 23219642208, "schema_version": 1, "tx_bytes": 23219642208, "world_size": 8}
2026-07-24 07:59:29.134 | INFO     | lightx2v.utils.communication_profiler:finish_communication_profile:161 - [CommProfile] {"by_collective": {"dit_sequence_output_all_gather": {"count": 4, "gpu_time_s": 0.15649766039848328, "rx_bytes": 14396928, "tx_bytes": 14396928, "wall_submit_s": 0.1503291204571724}, "dit_ulysses_all_to_all": {"count": 640, "gpu_time_s": 13.38038524723053, "rx_bytes": 23035084800, "tx_bytes": 23035084800, "wall_submit_s": 1.2534207254648209}, "vae_decoder_all_gather": {"count": 1, "gpu_time_s": 0.013711359977722168, "rx_bytes": 166561920, "tx_bytes": 166561920, "wall_submit_s": 0.0004310235381126404}, "vae_encoder_all_gather": {"count": 1, "gpu_time_s": 4.18570947265625, "rx_bytes": 3598560, "tx_bytes": 3598560, "wall_submit_s": 0.0007018148899078369}}, "communication_time_s": 17.736303740262986, "rank": 5, "request_id": "0", "rx_bytes": 23219642208, "schema_version": 1, "tx_bytes": 23219642208, "world_size": 8}
2026-07-24 07:59:29.135 | INFO     | lightx2v.utils.profiler:__exit__:87 - [Profile] Single GPU - Level1_Log RUN pipeline cost 23.865427 seconds
2026-07-24 07:59:29.136 | INFO     | lightx2v.utils.communication_profiler:finish_communication_profile:161 - [CommProfile] {"by_collective": {"dit_sequence_output_all_gather": {"count": 4, "gpu_time_s": 0.15466957008838655, "rx_bytes": 14396928, "tx_bytes": 14396928, "wall_submit_s": 0.15049871057271957}, "dit_ulysses_all_to_all": {"count": 640, "gpu_time_s": 13.57875769901278, "rx_bytes": 23035084800, "tx_bytes": 23035084800, "wall_submit_s": 1.3110374584794044}, "vae_decoder_all_gather": {"count": 1, "gpu_time_s": 0.04873932647705078, "rx_bytes": 166561920, "tx_bytes": 166561920, "wall_submit_s": 0.0007855445146560669}, "vae_encoder_all_gather": {"count": 1, "gpu_time_s": 2.98692822265625, "rx_bytes": 3598560, "tx_bytes": 3598560, "wall_submit_s": 0.0025370344519615173}}, "communication_time_s": 16.769094818234468, "rank": 3, "request_id": "0", "rx_bytes": 23219642208, "schema_version": 1, "tx_bytes": 23219642208, "world_size": 8}
2026-07-24 07:59:29.136 | INFO     | lightx2v.utils.profiler:__exit__:87 - [Profile] Single GPU - Level1_Log RUN pipeline cost 24.315326 seconds
2026-07-24 07:59:29.142 | INFO     | lightx2v.utils.profiler:__exit__:87 - [Profile] Single GPU - Level1_Log RUN pipeline cost 23.080896 seconds
2026-07-24 07:59:29.445 | INFO     | lightx2v.models.runners.base_runner:_maybe_freeze_gc:84 - [GC] gc.collect() reclaimed 0 objects; gc.freeze() moved ~708885 live tracked objects out of future GC walks
2026-07-24 07:59:29.446 | INFO     | lightx2v.utils.profiler:__exit__:87 - [Profile] Rank 2 - Level1_Log Total Cost cost 286.012324 seconds
2026-07-24 07:59:29.533 | INFO     | lightx2v.models.runners.base_runner:_maybe_freeze_gc:84 - [GC] gc.collect() reclaimed 0 objects; gc.freeze() moved ~708886 live tracked objects out of future GC walks
2026-07-24 07:59:29.534 | INFO     | lightx2v.utils.profiler:__exit__:87 - [Profile] Rank 7 - Level1_Log Total Cost cost 286.101243 seconds
2026-07-24 07:59:29.573 | INFO     | lightx2v.models.runners.base_runner:_maybe_freeze_gc:84 - [GC] gc.collect() reclaimed 0 objects; gc.freeze() moved ~708885 live tracked objects out of future GC walks
2026-07-24 07:59:29.574 | INFO     | lightx2v.utils.profiler:__exit__:87 - [Profile] Rank 4 - Level1_Log Total Cost cost 286.137565 seconds
2026-07-24 07:59:29.711 | INFO     | lightx2v.models.runners.default_runner:process_images_after_vae_decoder:570 - ✅ Video saved successfully to: /data/fuhaiwen1/LightX2V/save_results/baseline_phase_profile_1.mp4 ✅
2026-07-24 07:59:29.712 | INFO     | lightx2v.utils.profiler:__exit__:87 - [Profile] Single GPU - Level2_Log Run DiT cost 19.583442 seconds
2026-07-24 07:59:29.715 | INFO     | lightx2v.utils.communication_profiler:finish_communication_profile:161 - [CommProfile] {"by_collective": {"dit_sequence_output_all_gather": {"count": 4, "gpu_time_s": 0.15610118973255155, "rx_bytes": 14396928, "tx_bytes": 14396928, "wall_submit_s": 0.1496928483247757}, "dit_ulysses_all_to_all": {"count": 640, "gpu_time_s": 13.865649110794063, "rx_bytes": 23035084800, "tx_bytes": 23035084800, "wall_submit_s": 1.4870560690760612}, "vae_decoder_all_gather": {"count": 1, "gpu_time_s": 0.07910604858398437, "rx_bytes": 166561920, "tx_bytes": 166561920, "wall_submit_s": 0.0002987086772918701}, "vae_encoder_all_gather": {"count": 1, "gpu_time_s": 3.068462890625, "rx_bytes": 3598560, "tx_bytes": 3598560, "wall_submit_s": 0.0021147578954696655}}, "communication_time_s": 17.1693192397356, "rank": 0, "request_id": "0", "rx_bytes": 23219642208, "schema_version": 1, "tx_bytes": 23219642208, "world_size": 8}
2026-07-24 07:59:29.716 | INFO     | lightx2v.utils.profiler:__exit__:87 - [Profile] Single GPU - Level1_Log RUN pipeline cost 23.652635 seconds
2026-07-24 07:59:29.884 | INFO     | lightx2v.models.runners.base_runner:_maybe_freeze_gc:84 - [GC] gc.collect() reclaimed 0 objects; gc.freeze() moved ~708886 live tracked objects out of future GC walks
2026-07-24 07:59:29.885 | INFO     | lightx2v.utils.profiler:__exit__:87 - [Profile] Rank 6 - Level1_Log Total Cost cost 286.449252 seconds
2026-07-24 07:59:29.935 | INFO     | lightx2v.models.runners.base_runner:_maybe_freeze_gc:84 - [GC] gc.collect() reclaimed 0 objects; gc.freeze() moved ~708886 live tracked objects out of future GC walks
2026-07-24 07:59:29.935 | INFO     | lightx2v.utils.profiler:__exit__:87 - [Profile] Rank 1 - Level1_Log Total Cost cost 286.499203 seconds
2026-07-24 07:59:29.962 | INFO     | lightx2v.models.runners.base_runner:_maybe_freeze_gc:84 - [GC] gc.collect() reclaimed 0 objects; gc.freeze() moved ~708886 live tracked objects out of future GC walks
2026-07-24 07:59:29.963 | INFO     | lightx2v.utils.profiler:__exit__:87 - [Profile] Rank 3 - Level1_Log Total Cost cost 286.526717 seconds
2026-07-24 07:59:30.160 | INFO     | lightx2v.models.runners.base_runner:_maybe_freeze_gc:84 - [GC] gc.collect() reclaimed 0 objects; gc.freeze() moved ~708892 live tracked objects out of future GC walks
2026-07-24 07:59:30.161 | INFO     | lightx2v.utils.profiler:__exit__:87 - [Profile] Rank 0 - Level1_Log Total Cost cost 286.727866 seconds
2026-07-24 07:59:30.302 | INFO     | lightx2v.models.runners.base_runner:_maybe_freeze_gc:84 - [GC] gc.collect() reclaimed 0 objects; gc.freeze() moved ~708884 live tracked objects out of future GC walks
2026-07-24 07:59:30.305 | INFO     | lightx2v.utils.profiler:__exit__:87 - [Profile] Rank 5 - Level1_Log Total Cost cost 286.870592 seconds
2026-07-24 07:59:30.724 | INFO     | __main__:main:241 - Distributed process group cleaned up
2026-07-24 07:59:30.745 | INFO     | __main__:main:241 - Distributed process group cleaned up
2026-07-24 07:59:30.751 | INFO     | __main__:main:241 - Distributed process group cleaned up
2026-07-24 07:59:30.752 | INFO     | __main__:main:241 - Distributed process group cleaned up
2026-07-24 07:59:30.753 | INFO     | __main__:main:241 - Distributed process group cleaned up
2026-07-24 07:59:30.843 | INFO     | __main__:main:241 - Distributed process group cleaned up
2026-07-24 07:59:30.845 | INFO     | __main__:main:241 - Distributed process group cleaned up
2026-07-24 07:59:31.225 | INFO     | __main__:main:241 - Distributed process group cleaned up
2026-07-24 07:59:49.203 | INFO     | __main__:_controller_main:579 - [done] request_id=0 worker=cooperative_group start_ts=1784879673.806190 finish_ts=1784879989.182425 e2e=323.895s elapsed_from_global_start=323.895s rc=0
Warning: Sage2++ NOT enabled
Warning: Sage2++ NOT enabled
Warning: Sage2++ NOT enabled
Warning: Sage2++ NOT enabled
Warning: Sage2++ NOT enabled
Warning: Sage2++ NOT enabled
Warning: Sage2++ NOT enabled
Warning: Sage2++ NOT enabled
2026-07-24 07:59:52.767 | INFO     | __main__:_controller_main:616 - metrics saved to /data/fuhaiwen1/LightX2V/save_results/baseline_phase_profile_1_metrics.json
Warning: Sage2++ NOT enabled
