2026-07-24 04:36:57.357 | INFO     | lightx2v_platform.base.base:init_ai_device:17 - Initialized AI_DEVICE: cuda
2026-07-24 04:36:57.875 | INFO     | lightx2v_platform.base.base:check_ai_device:34 - AI device for platform 'cuda' is available.
/app/MagiAttention/magi_attention/__init__.py:26: UserWarning: You are using magi_attention without installing it. This may cause some unexpected errors.
  warnings.warn(
2026-07-24 04:37:00.571 | INFO     | lightx2v.common.ops.attn.dynamic_sparse_attn:<module>:16 - flash_attn.cute not found, please install flashattention4 first
2026-07-24 04:37:00.572 | INFO     | lightx2v.common.ops.attn.dynamic_sparse_attn:<module>:22 - sageattn3_sparse not found, please install sageattn3_sparse first
2026-07-24 04:37:00.576 | INFO     | lightx2v.common.ops.attn.flash_attn:<module>:26 - flash_attn.cute not found, please install flashattention4 first
2026-07-24 04:37:00.841 | INFO     | lightx2v.common.ops.attn.sage_attn:<module>:23 - sageattn3_sparse not found, please install sageattn3_sparse first
2026-07-24 04:37:00.876 | INFO     | lightx2v.common.ops.attn.sage_attn:<module>:61 - sageattn3_sparse not found, please install sageattention sparse first
2026-07-24 04:37:00.941 | INFO     | lightx2v.common.ops.attn.sparse_operator:<module>:14 - flash_attn.cute not found, please install flashattention4 first
2026-07-24 04:37:00.942 | INFO     | lightx2v.common.ops.attn.sparse_operator:<module>:20 - sageattn3_sparse not found, please install sageattn3_sparse first
2026-07-24 04:37:05.234 | INFO     | __main__:_controller_main:391 - launched 8 workers
2026-07-24 04:37:05.242 | INFO     | __main__:_dispatch:454 - [dispatch] request_id=0 -> cooperative workers [0..7]
2026-07-24 04:37:05.242 | INFO     | __main__:_dispatch:454 - [dispatch] request_id=1 -> cooperative workers [0..7]
2026-07-24 04:37:05.243 | INFO     | __main__:_dispatch:454 - [dispatch] request_id=2 -> cooperative workers [0..7]
2026-07-24 04:37:05.243 | INFO     | __main__:_dispatch:454 - [dispatch] request_id=3 -> cooperative workers [0..7]
2026-07-24 04:37:05.244 | INFO     | __main__:_dispatch:454 - [dispatch] request_id=4 -> cooperative workers [0..7]
2026-07-24 04:37:05.244 | INFO     | __main__:_dispatch:454 - [dispatch] request_id=5 -> cooperative workers [0..7]
2026-07-24 04:37:06.454 | INFO     | lightx2v_platform.base.base:init_ai_device:17 - Initialized AI_DEVICE: cuda
2026-07-24 04:37:06.456 | INFO     | lightx2v_platform.base.base:init_ai_device:17 - Initialized AI_DEVICE: cuda
2026-07-24 04:37:06.456 | INFO     | lightx2v_platform.base.base:init_ai_device:17 - Initialized AI_DEVICE: cuda
2026-07-24 04:37:06.457 | INFO     | lightx2v_platform.base.base:init_ai_device:17 - Initialized AI_DEVICE: cuda
2026-07-24 04:37:06.458 | INFO     | lightx2v_platform.base.base:init_ai_device:17 - Initialized AI_DEVICE: cuda
2026-07-24 04:37:06.460 | INFO     | lightx2v_platform.base.base:init_ai_device:17 - Initialized AI_DEVICE: cuda
2026-07-24 04:37:06.461 | INFO     | lightx2v_platform.base.base:init_ai_device:17 - Initialized AI_DEVICE: cuda
2026-07-24 04:37:06.462 | INFO     | lightx2v_platform.base.base:init_ai_device:17 - Initialized AI_DEVICE: cuda
2026-07-24 04:37:06.547 | INFO     | lightx2v_platform.base.base:check_ai_device:34 - AI device for platform 'cuda' is available.
2026-07-24 04:37:06.556 | INFO     | lightx2v_platform.base.base:check_ai_device:34 - AI device for platform 'cuda' is available.
2026-07-24 04:37:06.561 | INFO     | lightx2v_platform.base.base:check_ai_device:34 - AI device for platform 'cuda' is available.
2026-07-24 04:37:06.561 | INFO     | lightx2v_platform.base.base:check_ai_device:34 - AI device for platform 'cuda' is available.
2026-07-24 04:37:06.562 | INFO     | lightx2v_platform.base.base:check_ai_device:34 - AI device for platform 'cuda' is available.
2026-07-24 04:37:06.563 | INFO     | lightx2v_platform.base.base:check_ai_device:34 - AI device for platform 'cuda' is available.
2026-07-24 04:37:06.566 | INFO     | lightx2v_platform.base.base:check_ai_device:34 - AI device for platform 'cuda' is available.
2026-07-24 04:37:06.571 | INFO     | lightx2v_platform.base.base:check_ai_device:34 - AI device for platform 'cuda' is available.
/app/MagiAttention/magi_attention/__init__.py:26: UserWarning: You are using magi_attention without installing it. This may cause some unexpected errors.
  warnings.warn(
/app/MagiAttention/magi_attention/__init__.py:26: UserWarning: You are using magi_attention without installing it. This may cause some unexpected errors.
  warnings.warn(
/app/MagiAttention/magi_attention/__init__.py:26: UserWarning: You are using magi_attention without installing it. This may cause some unexpected errors.
  warnings.warn(
/app/MagiAttention/magi_attention/__init__.py:26: UserWarning: You are using magi_attention without installing it. This may cause some unexpected errors.
  warnings.warn(
/app/MagiAttention/magi_attention/__init__.py:26: UserWarning: You are using magi_attention without installing it. This may cause some unexpected errors.
  warnings.warn(
2026-07-24 04:37:09.668 | INFO     | lightx2v.common.ops.attn.dynamic_sparse_attn:<module>:16 - flash_attn.cute not found, please install flashattention4 first
2026-07-24 04:37:09.669 | INFO     | lightx2v.common.ops.attn.dynamic_sparse_attn:<module>:22 - sageattn3_sparse not found, please install sageattn3_sparse first
2026-07-24 04:37:09.672 | INFO     | lightx2v.common.ops.attn.flash_attn:<module>:26 - flash_attn.cute not found, please install flashattention4 first
/app/MagiAttention/magi_attention/__init__.py:26: UserWarning: You are using magi_attention without installing it. This may cause some unexpected errors.
  warnings.warn(
/app/MagiAttention/magi_attention/__init__.py:26: UserWarning: You are using magi_attention without installing it. This may cause some unexpected errors.
  warnings.warn(
/app/MagiAttention/magi_attention/__init__.py:26: UserWarning: You are using magi_attention without installing it. This may cause some unexpected errors.
  warnings.warn(
2026-07-24 04:37:09.826 | INFO     | lightx2v.common.ops.attn.dynamic_sparse_attn:<module>:16 - flash_attn.cute not found, please install flashattention4 first
2026-07-24 04:37:09.827 | INFO     | lightx2v.common.ops.attn.dynamic_sparse_attn:<module>:22 - sageattn3_sparse not found, please install sageattn3_sparse first
2026-07-24 04:37:09.829 | INFO     | lightx2v.common.ops.attn.flash_attn:<module>:26 - flash_attn.cute not found, please install flashattention4 first
2026-07-24 04:37:09.877 | INFO     | lightx2v.common.ops.attn.sage_attn:<module>:23 - sageattn3_sparse not found, please install sageattn3_sparse first
2026-07-24 04:37:09.912 | INFO     | lightx2v.common.ops.attn.sage_attn:<module>:61 - sageattn3_sparse not found, please install sageattention sparse first
2026-07-24 04:37:09.929 | INFO     | lightx2v.common.ops.attn.dynamic_sparse_attn:<module>:16 - flash_attn.cute not found, please install flashattention4 first
2026-07-24 04:37:09.930 | INFO     | lightx2v.common.ops.attn.sparse_operator:<module>:14 - flash_attn.cute not found, please install flashattention4 first
2026-07-24 04:37:09.930 | INFO     | lightx2v.common.ops.attn.dynamic_sparse_attn:<module>:22 - sageattn3_sparse not found, please install sageattn3_sparse first
2026-07-24 04:37:09.930 | INFO     | lightx2v.common.ops.attn.sparse_operator:<module>:20 - sageattn3_sparse not found, please install sageattn3_sparse first
2026-07-24 04:37:09.932 | INFO     | lightx2v.common.ops.attn.flash_attn:<module>:26 - flash_attn.cute not found, please install flashattention4 first
2026-07-24 04:37:10.062 | INFO     | lightx2v.common.ops.attn.sage_attn:<module>:23 - sageattn3_sparse not found, please install sageattn3_sparse first
2026-07-24 04:37:10.097 | INFO     | lightx2v.common.ops.attn.sage_attn:<module>:61 - sageattn3_sparse not found, please install sageattention sparse first
2026-07-24 04:37:10.110 | INFO     | lightx2v.common.ops.attn.sparse_operator:<module>:14 - flash_attn.cute not found, please install flashattention4 first
2026-07-24 04:37:10.110 | INFO     | lightx2v.common.ops.attn.sparse_operator:<module>:20 - sageattn3_sparse not found, please install sageattn3_sparse first
2026-07-24 04:37:10.185 | INFO     | lightx2v.common.ops.attn.sage_attn:<module>:23 - sageattn3_sparse not found, please install sageattn3_sparse first
2026-07-24 04:37:10.187 | INFO     | lightx2v.common.ops.attn.dynamic_sparse_attn:<module>:16 - flash_attn.cute not found, please install flashattention4 first
2026-07-24 04:37:10.187 | INFO     | lightx2v.common.ops.attn.dynamic_sparse_attn:<module>:22 - sageattn3_sparse not found, please install sageattn3_sparse first
2026-07-24 04:37:10.189 | INFO     | lightx2v.common.ops.attn.flash_attn:<module>:26 - flash_attn.cute not found, please install flashattention4 first
2026-07-24 04:37:10.221 | INFO     | lightx2v.common.ops.attn.sage_attn:<module>:61 - sageattn3_sparse not found, please install sageattention sparse first
2026-07-24 04:37:10.234 | INFO     | lightx2v.common.ops.attn.sparse_operator:<module>:14 - flash_attn.cute not found, please install flashattention4 first
2026-07-24 04:37:10.235 | INFO     | lightx2v.common.ops.attn.sparse_operator:<module>:20 - sageattn3_sparse not found, please install sageattn3_sparse first
2026-07-24 04:37:10.279 | INFO     | lightx2v.common.ops.attn.dynamic_sparse_attn:<module>:16 - flash_attn.cute not found, please install flashattention4 first
2026-07-24 04:37:10.279 | INFO     | lightx2v.common.ops.attn.dynamic_sparse_attn:<module>:22 - sageattn3_sparse not found, please install sageattn3_sparse first
2026-07-24 04:37:10.282 | INFO     | lightx2v.common.ops.attn.flash_attn:<module>:26 - flash_attn.cute not found, please install flashattention4 first
2026-07-24 04:37:10.308 | INFO     | lightx2v.common.ops.attn.dynamic_sparse_attn:<module>:16 - flash_attn.cute not found, please install flashattention4 first
2026-07-24 04:37:10.309 | INFO     | lightx2v.common.ops.attn.dynamic_sparse_attn:<module>:22 - sageattn3_sparse not found, please install sageattn3_sparse first
2026-07-24 04:37:10.311 | INFO     | lightx2v.common.ops.attn.flash_attn:<module>:26 - flash_attn.cute not found, please install flashattention4 first
2026-07-24 04:37:10.360 | INFO     | lightx2v.common.ops.attn.dynamic_sparse_attn:<module>:16 - flash_attn.cute not found, please install flashattention4 first
2026-07-24 04:37:10.360 | INFO     | lightx2v.common.ops.attn.dynamic_sparse_attn:<module>:22 - sageattn3_sparse not found, please install sageattn3_sparse first
2026-07-24 04:37:10.363 | INFO     | lightx2v.common.ops.attn.flash_attn:<module>:26 - flash_attn.cute not found, please install flashattention4 first
2026-07-24 04:37:10.367 | INFO     | lightx2v.common.ops.attn.dynamic_sparse_attn:<module>:16 - flash_attn.cute not found, please install flashattention4 first
2026-07-24 04:37:10.367 | INFO     | lightx2v.common.ops.attn.dynamic_sparse_attn:<module>:22 - sageattn3_sparse not found, please install sageattn3_sparse first
2026-07-24 04:37:10.370 | INFO     | lightx2v.common.ops.attn.flash_attn:<module>:26 - flash_attn.cute not found, please install flashattention4 first
2026-07-24 04:37:10.431 | INFO     | lightx2v.common.ops.attn.sage_attn:<module>:23 - sageattn3_sparse not found, please install sageattn3_sparse first
2026-07-24 04:37:10.466 | INFO     | lightx2v.common.ops.attn.sage_attn:<module>:61 - sageattn3_sparse not found, please install sageattention sparse first
2026-07-24 04:37:10.479 | INFO     | lightx2v.common.ops.attn.sparse_operator:<module>:14 - flash_attn.cute not found, please install flashattention4 first
2026-07-24 04:37:10.480 | INFO     | lightx2v.common.ops.attn.sparse_operator:<module>:20 - sageattn3_sparse not found, please install sageattn3_sparse first
2026-07-24 04:37:10.502 | INFO     | lightx2v.common.ops.attn.sage_attn:<module>:23 - sageattn3_sparse not found, please install sageattn3_sparse first
2026-07-24 04:37:10.522 | INFO     | lightx2v.common.ops.attn.sage_attn:<module>:23 - sageattn3_sparse not found, please install sageattn3_sparse first
2026-07-24 04:37:10.537 | INFO     | lightx2v.common.ops.attn.sage_attn:<module>:61 - sageattn3_sparse not found, please install sageattention sparse first
2026-07-24 04:37:10.550 | INFO     | lightx2v.common.ops.attn.sparse_operator:<module>:14 - flash_attn.cute not found, please install flashattention4 first
2026-07-24 04:37:10.550 | INFO     | lightx2v.common.ops.attn.sparse_operator:<module>:20 - sageattn3_sparse not found, please install sageattn3_sparse first
2026-07-24 04:37:10.557 | INFO     | lightx2v.common.ops.attn.sage_attn:<module>:61 - sageattn3_sparse not found, please install sageattention sparse first
2026-07-24 04:37:10.570 | INFO     | lightx2v.common.ops.attn.sparse_operator:<module>:14 - flash_attn.cute not found, please install flashattention4 first
2026-07-24 04:37:10.570 | INFO     | lightx2v.common.ops.attn.sparse_operator:<module>:20 - sageattn3_sparse not found, please install sageattn3_sparse first
2026-07-24 04:37:10.584 | INFO     | lightx2v.common.ops.attn.sage_attn:<module>:23 - sageattn3_sparse not found, please install sageattn3_sparse first
2026-07-24 04:37:10.585 | INFO     | lightx2v.common.ops.attn.sage_attn:<module>:23 - sageattn3_sparse not found, please install sageattn3_sparse first
2026-07-24 04:37:10.619 | INFO     | lightx2v.common.ops.attn.sage_attn:<module>:61 - sageattn3_sparse not found, please install sageattention sparse first
2026-07-24 04:37:10.620 | INFO     | lightx2v.common.ops.attn.sage_attn:<module>:61 - sageattn3_sparse not found, please install sageattention sparse first
2026-07-24 04:37:10.632 | INFO     | lightx2v.common.ops.attn.sparse_operator:<module>:14 - flash_attn.cute not found, please install flashattention4 first
2026-07-24 04:37:10.633 | INFO     | lightx2v.common.ops.attn.sparse_operator:<module>:20 - sageattn3_sparse not found, please install sageattn3_sparse first
2026-07-24 04:37:10.636 | INFO     | lightx2v.common.ops.attn.sparse_operator:<module>:14 - flash_attn.cute not found, please install flashattention4 first
2026-07-24 04:37:10.636 | INFO     | lightx2v.common.ops.attn.sparse_operator:<module>:20 - sageattn3_sparse not found, please install sageattn3_sparse first
2026-07-24 04:37:14.172 | INFO     | __main__:_worker_main:208 - worker=3 listening on port=12891 gpu=3 monitor_port=7891
2026-07-24 04:37:14.172 | INFO     | __main__:_worker_main:208 - worker=7 listening on port=12895 gpu=7 monitor_port=7895
2026-07-24 04:37:14.173 | INFO     | __main__:_worker_main:208 - worker=0 listening on port=12888 gpu=0 monitor_port=7888
2026-07-24 04:37:14.173 | INFO     | __main__:_worker_main:208 - worker=1 listening on port=12889 gpu=1 monitor_port=7889
2026-07-24 04:37:14.174 | INFO     | __main__:_worker_main:208 - worker=6 listening on port=12894 gpu=6 monitor_port=7894
2026-07-24 04:37:14.220 | INFO     | __main__:_worker_main:208 - worker=2 listening on port=12890 gpu=2 monitor_port=7890
2026-07-24 04:37:14.271 | INFO     | __main__:_worker_main:208 - worker=5 listening on port=12893 gpu=5 monitor_port=7893
2026-07-24 04:37:14.279 | INFO     | __main__:_worker_main:208 - worker=4 listening on port=12892 gpu=4 monitor_port=7892
2026-07-24 04:37:15.512 | INFO     | lightx2v_platform.base.base:init_ai_device:17 - Initialized AI_DEVICE: cuda
2026-07-24 04:37:15.513 | INFO     | lightx2v_platform.base.base:init_ai_device:17 - Initialized AI_DEVICE: cuda
2026-07-24 04:37:15.514 | INFO     | lightx2v_platform.base.base:init_ai_device:17 - Initialized AI_DEVICE: cuda
2026-07-24 04:37:15.517 | INFO     | lightx2v_platform.base.base:init_ai_device:17 - Initialized AI_DEVICE: cuda
2026-07-24 04:37:15.521 | INFO     | lightx2v_platform.base.base:init_ai_device:17 - Initialized AI_DEVICE: cuda
2026-07-24 04:37:15.528 | INFO     | lightx2v_platform.base.base:init_ai_device:17 - Initialized AI_DEVICE: cuda
2026-07-24 04:37:15.550 | INFO     | lightx2v_platform.base.base:init_ai_device:17 - Initialized AI_DEVICE: cuda
2026-07-24 04:37:15.583 | INFO     | lightx2v_platform.base.base:init_ai_device:17 - Initialized AI_DEVICE: cuda
2026-07-24 04:37:15.594 | INFO     | lightx2v_platform.base.base:check_ai_device:34 - AI device for platform 'cuda' is available.
2026-07-24 04:37:15.601 | INFO     | lightx2v_platform.base.base:check_ai_device:34 - AI device for platform 'cuda' is available.
2026-07-24 04:37:15.604 | INFO     | lightx2v_platform.base.base:check_ai_device:34 - AI device for platform 'cuda' is available.
2026-07-24 04:37:15.608 | INFO     | lightx2v_platform.base.base:check_ai_device:34 - AI device for platform 'cuda' is available.
2026-07-24 04:37:15.609 | INFO     | lightx2v_platform.base.base:check_ai_device:34 - AI device for platform 'cuda' is available.
2026-07-24 04:37:15.610 | INFO     | lightx2v_platform.base.base:check_ai_device:34 - AI device for platform 'cuda' is available.
2026-07-24 04:37:15.621 | INFO     | lightx2v_platform.base.base:check_ai_device:34 - AI device for platform 'cuda' is available.
2026-07-24 04:37:15.651 | INFO     | lightx2v_platform.base.base:check_ai_device:34 - AI device for platform 'cuda' is available.
/app/MagiAttention/magi_attention/__init__.py:26: UserWarning: You are using magi_attention without installing it. This may cause some unexpected errors.
  warnings.warn(
/app/MagiAttention/magi_attention/__init__.py:26: UserWarning: You are using magi_attention without installing it. This may cause some unexpected errors.
  warnings.warn(
/app/MagiAttention/magi_attention/__init__.py:26: UserWarning: You are using magi_attention without installing it. This may cause some unexpected errors.
  warnings.warn(
/app/MagiAttention/magi_attention/__init__.py:26: UserWarning: You are using magi_attention without installing it. This may cause some unexpected errors.
  warnings.warn(
/app/MagiAttention/magi_attention/__init__.py:26: UserWarning: You are using magi_attention without installing it. This may cause some unexpected errors.
  warnings.warn(
/app/MagiAttention/magi_attention/__init__.py:26: UserWarning: You are using magi_attention without installing it. This may cause some unexpected errors.
  warnings.warn(
/app/MagiAttention/magi_attention/__init__.py:26: UserWarning: You are using magi_attention without installing it. This may cause some unexpected errors.
  warnings.warn(
/app/MagiAttention/magi_attention/__init__.py:26: UserWarning: You are using magi_attention without installing it. This may cause some unexpected errors.
  warnings.warn(
2026-07-24 04:37:18.807 | INFO     | lightx2v.common.ops.attn.dynamic_sparse_attn:<module>:16 - flash_attn.cute not found, please install flashattention4 first
2026-07-24 04:37:18.807 | INFO     | lightx2v.common.ops.attn.dynamic_sparse_attn:<module>:22 - sageattn3_sparse not found, please install sageattn3_sparse first
2026-07-24 04:37:18.892 | INFO     | lightx2v.common.ops.attn.dynamic_sparse_attn:<module>:16 - flash_attn.cute not found, please install flashattention4 first
2026-07-24 04:37:18.892 | INFO     | lightx2v.common.ops.attn.dynamic_sparse_attn:<module>:22 - sageattn3_sparse not found, please install sageattn3_sparse first
2026-07-24 04:37:19.007 | INFO     | lightx2v.common.ops.attn.flash_attn:<module>:26 - flash_attn.cute not found, please install flashattention4 first
2026-07-24 04:37:19.010 | INFO     | lightx2v.common.ops.attn.flash_attn:<module>:26 - flash_attn.cute not found, please install flashattention4 first
2026-07-24 04:37:19.028 | INFO     | lightx2v.common.ops.attn.dynamic_sparse_attn:<module>:16 - flash_attn.cute not found, please install flashattention4 first
2026-07-24 04:37:19.028 | INFO     | lightx2v.common.ops.attn.dynamic_sparse_attn:<module>:22 - sageattn3_sparse not found, please install sageattn3_sparse first
2026-07-24 04:37:19.031 | INFO     | lightx2v.common.ops.attn.flash_attn:<module>:26 - flash_attn.cute not found, please install flashattention4 first
2026-07-24 04:37:19.047 | INFO     | lightx2v.common.ops.attn.dynamic_sparse_attn:<module>:16 - flash_attn.cute not found, please install flashattention4 first
2026-07-24 04:37:19.048 | INFO     | lightx2v.common.ops.attn.dynamic_sparse_attn:<module>:22 - sageattn3_sparse not found, please install sageattn3_sparse first
2026-07-24 04:37:19.050 | INFO     | lightx2v.common.ops.attn.flash_attn:<module>:26 - flash_attn.cute not found, please install flashattention4 first
2026-07-24 04:37:19.119 | INFO     | lightx2v.common.ops.attn.dynamic_sparse_attn:<module>:16 - flash_attn.cute not found, please install flashattention4 first
2026-07-24 04:37:19.119 | INFO     | lightx2v.common.ops.attn.dynamic_sparse_attn:<module>:22 - sageattn3_sparse not found, please install sageattn3_sparse first
2026-07-24 04:37:19.121 | INFO     | lightx2v.common.ops.attn.flash_attn:<module>:26 - flash_attn.cute not found, please install flashattention4 first
2026-07-24 04:37:19.134 | INFO     | lightx2v.common.ops.attn.dynamic_sparse_attn:<module>:16 - flash_attn.cute not found, please install flashattention4 first
2026-07-24 04:37:19.135 | INFO     | lightx2v.common.ops.attn.dynamic_sparse_attn:<module>:22 - sageattn3_sparse not found, please install sageattn3_sparse first
2026-07-24 04:37:19.137 | INFO     | lightx2v.common.ops.attn.flash_attn:<module>:26 - flash_attn.cute not found, please install flashattention4 first
2026-07-24 04:37:19.185 | INFO     | lightx2v.common.ops.attn.dynamic_sparse_attn:<module>:16 - flash_attn.cute not found, please install flashattention4 first
2026-07-24 04:37:19.186 | INFO     | lightx2v.common.ops.attn.dynamic_sparse_attn:<module>:22 - sageattn3_sparse not found, please install sageattn3_sparse first
2026-07-24 04:37:19.188 | INFO     | lightx2v.common.ops.attn.flash_attn:<module>:26 - flash_attn.cute not found, please install flashattention4 first
2026-07-24 04:37:19.224 | INFO     | lightx2v.common.ops.attn.dynamic_sparse_attn:<module>:16 - flash_attn.cute not found, please install flashattention4 first
2026-07-24 04:37:19.224 | INFO     | lightx2v.common.ops.attn.dynamic_sparse_attn:<module>:22 - sageattn3_sparse not found, please install sageattn3_sparse first
2026-07-24 04:37:19.226 | INFO     | lightx2v.common.ops.attn.flash_attn:<module>:26 - flash_attn.cute not found, please install flashattention4 first
2026-07-24 04:37:19.270 | INFO     | lightx2v.common.ops.attn.sage_attn:<module>:23 - sageattn3_sparse not found, please install sageattn3_sparse first
2026-07-24 04:37:19.271 | INFO     | lightx2v.common.ops.attn.sage_attn:<module>:23 - sageattn3_sparse not found, please install sageattn3_sparse first
2026-07-24 04:37:19.294 | INFO     | lightx2v.common.ops.attn.sage_attn:<module>:23 - sageattn3_sparse not found, please install sageattn3_sparse first
2026-07-24 04:37:19.303 | INFO     | lightx2v.common.ops.attn.sage_attn:<module>:23 - sageattn3_sparse not found, please install sageattn3_sparse first
2026-07-24 04:37:19.305 | INFO     | lightx2v.common.ops.attn.sage_attn:<module>:61 - sageattn3_sparse not found, please install sageattention sparse first
2026-07-24 04:37:19.305 | INFO     | lightx2v.common.ops.attn.sage_attn:<module>:61 - sageattn3_sparse not found, please install sageattention sparse first
2026-07-24 04:37:19.321 | INFO     | lightx2v.common.ops.attn.sparse_operator:<module>:14 - flash_attn.cute not found, please install flashattention4 first
2026-07-24 04:37:19.322 | INFO     | lightx2v.common.ops.attn.sparse_operator:<module>:20 - sageattn3_sparse not found, please install sageattn3_sparse first
2026-07-24 04:37:19.322 | INFO     | lightx2v.common.ops.attn.sparse_operator:<module>:14 - flash_attn.cute not found, please install flashattention4 first
2026-07-24 04:37:19.322 | INFO     | lightx2v.common.ops.attn.sparse_operator:<module>:20 - sageattn3_sparse not found, please install sageattn3_sparse first
2026-07-24 04:37:19.327 | INFO     | lightx2v.common.ops.attn.sage_attn:<module>:61 - sageattn3_sparse not found, please install sageattention sparse first
2026-07-24 04:37:19.337 | INFO     | lightx2v.common.ops.attn.sage_attn:<module>:61 - sageattn3_sparse not found, please install sageattention sparse first
2026-07-24 04:37:19.339 | INFO     | lightx2v.common.ops.attn.sparse_operator:<module>:14 - flash_attn.cute not found, please install flashattention4 first
2026-07-24 04:37:19.339 | INFO     | lightx2v.common.ops.attn.sparse_operator:<module>:20 - sageattn3_sparse not found, please install sageattn3_sparse first
2026-07-24 04:37:19.341 | INFO     | lightx2v.common.ops.attn.sage_attn:<module>:23 - sageattn3_sparse not found, please install sageattn3_sparse first
2026-07-24 04:37:19.344 | INFO     | lightx2v.common.ops.attn.sage_attn:<module>:23 - sageattn3_sparse not found, please install sageattn3_sparse first
2026-07-24 04:37:19.349 | INFO     | lightx2v.common.ops.attn.sparse_operator:<module>:14 - flash_attn.cute not found, please install flashattention4 first
2026-07-24 04:37:19.349 | INFO     | lightx2v.common.ops.attn.sparse_operator:<module>:20 - sageattn3_sparse not found, please install sageattn3_sparse first
2026-07-24 04:37:19.375 | INFO     | lightx2v.common.ops.attn.sage_attn:<module>:61 - sageattn3_sparse not found, please install sageattention sparse first
2026-07-24 04:37:19.378 | INFO     | lightx2v.common.ops.attn.sage_attn:<module>:61 - sageattn3_sparse not found, please install sageattention sparse first
2026-07-24 04:37:19.379 | INFO     | lightx2v.common.ops.attn.sage_attn:<module>:23 - sageattn3_sparse not found, please install sageattn3_sparse first
2026-07-24 04:37:19.386 | INFO     | lightx2v.common.ops.attn.sparse_operator:<module>:14 - flash_attn.cute not found, please install flashattention4 first
2026-07-24 04:37:19.387 | INFO     | lightx2v.common.ops.attn.sparse_operator:<module>:20 - sageattn3_sparse not found, please install sageattn3_sparse first
2026-07-24 04:37:19.390 | INFO     | lightx2v.common.ops.attn.sparse_operator:<module>:14 - flash_attn.cute not found, please install flashattention4 first
2026-07-24 04:37:19.391 | INFO     | lightx2v.common.ops.attn.sparse_operator:<module>:20 - sageattn3_sparse not found, please install sageattn3_sparse first
2026-07-24 04:37:19.414 | INFO     | lightx2v.common.ops.attn.sage_attn:<module>:61 - sageattn3_sparse not found, please install sageattention sparse first
2026-07-24 04:37:19.421 | INFO     | lightx2v.common.ops.attn.sage_attn:<module>:23 - sageattn3_sparse not found, please install sageattn3_sparse first
2026-07-24 04:37:19.426 | INFO     | lightx2v.common.ops.attn.sparse_operator:<module>:14 - flash_attn.cute not found, please install flashattention4 first
2026-07-24 04:37:19.426 | INFO     | lightx2v.common.ops.attn.sparse_operator:<module>:20 - sageattn3_sparse not found, please install sageattn3_sparse first
2026-07-24 04:37:19.456 | INFO     | lightx2v.common.ops.attn.sage_attn:<module>:61 - sageattn3_sparse not found, please install sageattention sparse first
2026-07-24 04:37:19.467 | INFO     | lightx2v.common.ops.attn.sparse_operator:<module>:14 - flash_attn.cute not found, please install flashattention4 first
2026-07-24 04:37:19.467 | INFO     | lightx2v.common.ops.attn.sparse_operator:<module>:20 - sageattn3_sparse not found, please install sageattn3_sparse first
2026-07-24 04:37:23.866 | INFO     | lightx2v.utils.set_config:auto_calc_config:62 - Loading some config from /tmp/baseline_req_0_m4wh99jg/request_config.json
2026-07-24 04:37:23.866 | INFO     | lightx2v.utils.set_config:auto_calc_config:62 - Loading some config from /tmp/baseline_req_0_xv8potiy/request_config.json
2026-07-24 04:37:23.866 | INFO     | lightx2v.utils.set_config:auto_calc_config:62 - Loading some config from /tmp/baseline_req_0_9x6v73zo/request_config.json
2026-07-24 04:37:23.866 | INFO     | lightx2v.utils.set_config:auto_calc_config:62 - Loading some config from /tmp/baseline_req_0_8qa_c4nj/request_config.json
2026-07-24 04:37:23.866 | INFO     | lightx2v.utils.set_config:auto_calc_config:62 - Loading some config from /tmp/baseline_req_0_s4eobw9f/request_config.json
2026-07-24 04:37:23.866 | INFO     | lightx2v.utils.set_config:auto_calc_config:62 - Loading some config from /tmp/baseline_req_0_3e_yr3vf/request_config.json
2026-07-24 04:37:23.866 | INFO     | lightx2v.utils.set_config:auto_calc_config:62 - Loading some config from /tmp/baseline_req_0_vqeo62kv/request_config.json
2026-07-24 04:37:23.867 | INFO     | lightx2v.utils.set_config:auto_calc_config:62 - Loading some config from /tmp/baseline_req_0_7ysis8y7/request_config.json
2026-07-24 04:37:25.224 | INFO     | lightx2v.utils.set_config:print_config:373 - config:
{
    "do_mm_calib": false,
    "cpu_offload": true,
    "max_area": false,
    "vae_stride": [
        4,
        8,
        8
    ],
    "patch_size": [
        1,
        2,
        2
    ],
    "feature_caching": "NoCaching",
    "teacache_thresh": 0.26,
    "use_ret_steps": false,
    "use_bfloat16": true,
    "lora_configs": null,
    "use_prompt_enhancer": false,
    "parallel": {
        "seq_p_size": 8,
        "seq_p_attn_type": "ulysses"
    },
    "seq_parallel": true,
    "cfg_parallel": false,
    "enable_cfg": false,
    "use_image_encoder": false,
    "model_cls": "wan2.2_moe",
    "task": "i2v",
    "support_tasks": [],
    "model_path": "/data/fuhaiwen1/LightX2V/models/Wan-AI/Wan2.2-I2V-A14B",
    "config_json": "/tmp/baseline_req_0_8qa_c4nj/request_config.json",
    "enable_bf16": false,
    "save_rendered": false,
    "render_depth": false,
    "_wm_cli_snapshot": {
        "subfolder": null,
        "disable_heads": null,
        "enable_bf16": false,
        "save_rendered": false,
        "render_interp_per_pair": null,
        "render_depth": false,
        "wm_config_path": null,
        "wm_ckpt_path": null
    },
    "infer_steps": 4,
    "in_dim": 36,
    "dim": 5120,
    "ffn_dim": 13824,
    "freq_dim": 256,
    "num_heads": 40,
    "num_layers": 40,
    "out_dim": 16,
    "eps": 1e-06,
    "model_type": "i2v",
    "target_video_length": 81,
    "text_len": 512,
    "target_height": 480,
    "target_width": 832,
    "self_attn_1_type": "sage_attn2",
    "cross_attn_1_type": "sage_attn2",
    "cross_attn_2_type": "sage_attn2",
    "sample_guide_scale": [
        3.5,
        3.5
    ],
    "sample_shift": 5.0,
    "offload_granularity": "block",
    "t5_cpu_offload": false,
    "vae_cpu_offload": false,
    "fps": 16,
    "boundary_step_index": 2,
    "denoising_step_list": [
        1000,
        750,
        500,
        250
    ],
    "dit_quantized": true,
    "dit_quant_scheme": "int8-q8f",
    "high_noise_quantized_ckpt": "/data/fuhaiwen1/LightX2V/models/lightx2v/Wan2.2-Distill-Models/wan2.2_i2v_A14b_high_noise_int8_lightx2v_4step.safetensors",
    "low_noise_quantized_ckpt": "/data/fuhaiwen1/LightX2V/models/lightx2v/Wan2.2-Distill-Models/wan2.2_i2v_A14b_low_noise_int8_lightx2v_4step.safetensors",
    "high_noise_original_ckpt": "/data/fuhaiwen1/LightX2V/models/lightx2v/Wan2.2-Distill-Models/wan2.2_i2v_A14b_high_noise_int8_lightx2v_4step.safetensors",
    "low_noise_original_ckpt": "/data/fuhaiwen1/LightX2V/models/lightx2v/Wan2.2-Distill-Models/wan2.2_i2v_A14b_low_noise_int8_lightx2v_4step.safetensors",
    "save_path": "/data/fuhaiwen1/LightX2V/save_results/baseline_benchmark_6.mp4",
    "prompt": "Summer beach vacation style, a white cat wearing sunglasses sits on a surfboard.",
    "negative_prompt": "镜头晃动，色调艳丽，过曝，静态",
    "image_path": "/data/fuhaiwen1/LightX2V/assets/inputs/imgs/img_0.jpg",
    "boundary": 0.9,
    "data_bootstrap_room": 0,
    "device_mesh": "DeviceMesh('cuda', [[0, 1, 2, 3, 4, 5, 6, 7]], mesh_dim_names=('cfg_p', 'seq_p'))",
    "tensor_parallel": false
}
2026-07-24 04:37:25.230 | DEBUG    | lightx2v.utils.utils:validate_config_paths:750 - ✓ Verified high_noise_original_ckpt: /data/fuhaiwen1/LightX2V/models/lightx2v/Wan2.2-Distill-Models/wan2.2_i2v_A14b_high_noise_int8_lightx2v_4step.safetensors
2026-07-24 04:37:25.230 | DEBUG    | lightx2v.utils.utils:validate_config_paths:754 - ✓ Verified high_noise_quantized_ckpt: /data/fuhaiwen1/LightX2V/models/lightx2v/Wan2.2-Distill-Models/wan2.2_i2v_A14b_high_noise_int8_lightx2v_4step.safetensors
2026-07-24 04:37:25.230 | DEBUG    | lightx2v.utils.utils:validate_config_paths:750 - ✓ Verified high_noise_original_ckpt: /data/fuhaiwen1/LightX2V/models/lightx2v/Wan2.2-Distill-Models/wan2.2_i2v_A14b_high_noise_int8_lightx2v_4step.safetensors
2026-07-24 04:37:25.230 | DEBUG    | lightx2v.utils.utils:validate_config_paths:750 - ✓ Verified high_noise_original_ckpt: /data/fuhaiwen1/LightX2V/models/lightx2v/Wan2.2-Distill-Models/wan2.2_i2v_A14b_high_noise_int8_lightx2v_4step.safetensors
2026-07-24 04:37:25.230 | DEBUG    | lightx2v.utils.utils:validate_config_paths:750 - ✓ Verified high_noise_original_ckpt: /data/fuhaiwen1/LightX2V/models/lightx2v/Wan2.2-Distill-Models/wan2.2_i2v_A14b_high_noise_int8_lightx2v_4step.safetensors
2026-07-24 04:37:25.230 | DEBUG    | lightx2v.utils.utils:validate_config_paths:750 - ✓ Verified high_noise_original_ckpt: /data/fuhaiwen1/LightX2V/models/lightx2v/Wan2.2-Distill-Models/wan2.2_i2v_A14b_high_noise_int8_lightx2v_4step.safetensors
2026-07-24 04:37:25.230 | DEBUG    | lightx2v.utils.utils:validate_config_paths:754 - ✓ Verified high_noise_quantized_ckpt: /data/fuhaiwen1/LightX2V/models/lightx2v/Wan2.2-Distill-Models/wan2.2_i2v_A14b_high_noise_int8_lightx2v_4step.safetensors
2026-07-24 04:37:25.230 | DEBUG    | lightx2v.utils.utils:validate_config_paths:750 - ✓ Verified high_noise_original_ckpt: /data/fuhaiwen1/LightX2V/models/lightx2v/Wan2.2-Distill-Models/wan2.2_i2v_A14b_high_noise_int8_lightx2v_4step.safetensors
2026-07-24 04:37:25.231 | DEBUG    | lightx2v.utils.utils:validate_config_paths:754 - ✓ Verified high_noise_quantized_ckpt: /data/fuhaiwen1/LightX2V/models/lightx2v/Wan2.2-Distill-Models/wan2.2_i2v_A14b_high_noise_int8_lightx2v_4step.safetensors
2026-07-24 04:37:25.231 | DEBUG    | lightx2v.utils.utils:validate_config_paths:754 - ✓ Verified high_noise_quantized_ckpt: /data/fuhaiwen1/LightX2V/models/lightx2v/Wan2.2-Distill-Models/wan2.2_i2v_A14b_high_noise_int8_lightx2v_4step.safetensors
2026-07-24 04:37:25.231 | DEBUG    | lightx2v.utils.utils:validate_config_paths:754 - ✓ Verified high_noise_quantized_ckpt: /data/fuhaiwen1/LightX2V/models/lightx2v/Wan2.2-Distill-Models/wan2.2_i2v_A14b_high_noise_int8_lightx2v_4step.safetensors
2026-07-24 04:37:25.231 | DEBUG    | lightx2v.utils.utils:validate_config_paths:750 - ✓ Verified high_noise_original_ckpt: /data/fuhaiwen1/LightX2V/models/lightx2v/Wan2.2-Distill-Models/wan2.2_i2v_A14b_high_noise_int8_lightx2v_4step.safetensors
2026-07-24 04:37:25.231 | DEBUG    | lightx2v.utils.utils:validate_config_paths:759 - ✓ Verified low_noise_original_ckpt: /data/fuhaiwen1/LightX2V/models/lightx2v/Wan2.2-Distill-Models/wan2.2_i2v_A14b_low_noise_int8_lightx2v_4step.safetensors
2026-07-24 04:37:25.231 | DEBUG    | lightx2v.utils.utils:validate_config_paths:754 - ✓ Verified high_noise_quantized_ckpt: /data/fuhaiwen1/LightX2V/models/lightx2v/Wan2.2-Distill-Models/wan2.2_i2v_A14b_high_noise_int8_lightx2v_4step.safetensors
2026-07-24 04:37:25.231 | DEBUG    | lightx2v.utils.utils:validate_config_paths:759 - ✓ Verified low_noise_original_ckpt: /data/fuhaiwen1/LightX2V/models/lightx2v/Wan2.2-Distill-Models/wan2.2_i2v_A14b_low_noise_int8_lightx2v_4step.safetensors
2026-07-24 04:37:25.231 | DEBUG    | lightx2v.utils.utils:validate_config_paths:759 - ✓ Verified low_noise_original_ckpt: /data/fuhaiwen1/LightX2V/models/lightx2v/Wan2.2-Distill-Models/wan2.2_i2v_A14b_low_noise_int8_lightx2v_4step.safetensors
2026-07-24 04:37:25.231 | DEBUG    | lightx2v.utils.utils:validate_config_paths:759 - ✓ Verified low_noise_original_ckpt: /data/fuhaiwen1/LightX2V/models/lightx2v/Wan2.2-Distill-Models/wan2.2_i2v_A14b_low_noise_int8_lightx2v_4step.safetensors
2026-07-24 04:37:25.231 | DEBUG    | lightx2v.utils.utils:validate_config_paths:750 - ✓ Verified high_noise_original_ckpt: /data/fuhaiwen1/LightX2V/models/lightx2v/Wan2.2-Distill-Models/wan2.2_i2v_A14b_high_noise_int8_lightx2v_4step.safetensors
2026-07-24 04:37:25.231 | DEBUG    | lightx2v.utils.utils:validate_config_paths:754 - ✓ Verified high_noise_quantized_ckpt: /data/fuhaiwen1/LightX2V/models/lightx2v/Wan2.2-Distill-Models/wan2.2_i2v_A14b_high_noise_int8_lightx2v_4step.safetensors
2026-07-24 04:37:25.232 | DEBUG    | lightx2v.utils.utils:validate_config_paths:763 - ✓ Verified low_noise_quantized_ckpt: /data/fuhaiwen1/LightX2V/models/lightx2v/Wan2.2-Distill-Models/wan2.2_i2v_A14b_low_noise_int8_lightx2v_4step.safetensors
2026-07-24 04:37:25.232 | DEBUG    | lightx2v.utils.utils:validate_config_paths:759 - ✓ Verified low_noise_original_ckpt: /data/fuhaiwen1/LightX2V/models/lightx2v/Wan2.2-Distill-Models/wan2.2_i2v_A14b_low_noise_int8_lightx2v_4step.safetensors
2026-07-24 04:37:25.232 | DEBUG    | lightx2v.utils.utils:validate_config_paths:759 - ✓ Verified low_noise_original_ckpt: /data/fuhaiwen1/LightX2V/models/lightx2v/Wan2.2-Distill-Models/wan2.2_i2v_A14b_low_noise_int8_lightx2v_4step.safetensors
2026-07-24 04:37:25.232 | DEBUG    | lightx2v.utils.utils:validate_config_paths:763 - ✓ Verified low_noise_quantized_ckpt: /data/fuhaiwen1/LightX2V/models/lightx2v/Wan2.2-Distill-Models/wan2.2_i2v_A14b_low_noise_int8_lightx2v_4step.safetensors
2026-07-24 04:37:25.232 | DEBUG    | lightx2v.utils.utils:validate_config_paths:763 - ✓ Verified low_noise_quantized_ckpt: /data/fuhaiwen1/LightX2V/models/lightx2v/Wan2.2-Distill-Models/wan2.2_i2v_A14b_low_noise_int8_lightx2v_4step.safetensors
2026-07-24 04:37:25.232 | DEBUG    | lightx2v.utils.utils:validate_config_paths:763 - ✓ Verified low_noise_quantized_ckpt: /data/fuhaiwen1/LightX2V/models/lightx2v/Wan2.2-Distill-Models/wan2.2_i2v_A14b_low_noise_int8_lightx2v_4step.safetensors
2026-07-24 04:37:25.232 | DEBUG    | lightx2v.utils.utils:validate_config_paths:754 - ✓ Verified high_noise_quantized_ckpt: /data/fuhaiwen1/LightX2V/models/lightx2v/Wan2.2-Distill-Models/wan2.2_i2v_A14b_high_noise_int8_lightx2v_4step.safetensors
2026-07-24 04:37:25.232 | DEBUG    | lightx2v.utils.utils:validate_config_paths:759 - ✓ Verified low_noise_original_ckpt: /data/fuhaiwen1/LightX2V/models/lightx2v/Wan2.2-Distill-Models/wan2.2_i2v_A14b_low_noise_int8_lightx2v_4step.safetensors
2026-07-24 04:37:25.232 | INFO     | lightx2v.utils.utils:validate_config_paths:765 - ✓ Config checkpoint paths validated successfully
2026-07-24 04:37:25.232 | DEBUG    | lightx2v.utils.utils:validate_config_paths:763 - ✓ Verified low_noise_quantized_ckpt: /data/fuhaiwen1/LightX2V/models/lightx2v/Wan2.2-Distill-Models/wan2.2_i2v_A14b_low_noise_int8_lightx2v_4step.safetensors
2026-07-24 04:37:25.232 | DEBUG    | lightx2v.utils.utils:validate_config_paths:763 - ✓ Verified low_noise_quantized_ckpt: /data/fuhaiwen1/LightX2V/models/lightx2v/Wan2.2-Distill-Models/wan2.2_i2v_A14b_low_noise_int8_lightx2v_4step.safetensors
2026-07-24 04:37:25.233 | INFO     | lightx2v.utils.utils:validate_config_paths:765 - ✓ Config checkpoint paths validated successfully
2026-07-24 04:37:25.233 | INFO     | lightx2v.utils.utils:validate_config_paths:765 - ✓ Config checkpoint paths validated successfully
2026-07-24 04:37:25.233 | INFO     | lightx2v.utils.utils:validate_config_paths:765 - ✓ Config checkpoint paths validated successfully
2026-07-24 04:37:25.233 | DEBUG    | lightx2v.utils.utils:validate_config_paths:759 - ✓ Verified low_noise_original_ckpt: /data/fuhaiwen1/LightX2V/models/lightx2v/Wan2.2-Distill-Models/wan2.2_i2v_A14b_low_noise_int8_lightx2v_4step.safetensors
2026-07-24 04:37:25.233 | DEBUG    | lightx2v.utils.utils:validate_config_paths:763 - ✓ Verified low_noise_quantized_ckpt: /data/fuhaiwen1/LightX2V/models/lightx2v/Wan2.2-Distill-Models/wan2.2_i2v_A14b_low_noise_int8_lightx2v_4step.safetensors
2026-07-24 04:37:25.233 | INFO     | lightx2v.utils.utils:validate_config_paths:765 - ✓ Config checkpoint paths validated successfully
2026-07-24 04:37:25.233 | INFO     | lightx2v.utils.utils:validate_config_paths:765 - ✓ Config checkpoint paths validated successfully
2026-07-24 04:37:25.233 | INFO     | lightx2v.models.runners.wan.wan_runner:init_scheduler:364 - Using WanScheduler
2026-07-24 04:37:25.234 | INFO     | lightx2v.models.runners.wan.wan_runner:init_scheduler:364 - Using WanScheduler
2026-07-24 04:37:25.234 | DEBUG    | lightx2v.utils.utils:validate_config_paths:763 - ✓ Verified low_noise_quantized_ckpt: /data/fuhaiwen1/LightX2V/models/lightx2v/Wan2.2-Distill-Models/wan2.2_i2v_A14b_low_noise_int8_lightx2v_4step.safetensors
2026-07-24 04:37:25.234 | INFO     | lightx2v.models.runners.wan.wan_runner:init_scheduler:364 - Using WanScheduler
2026-07-24 04:37:25.234 | INFO     | lightx2v.utils.utils:validate_config_paths:765 - ✓ Config checkpoint paths validated successfully
2026-07-24 04:37:25.234 | INFO     | lightx2v.models.runners.default_runner:init_modules:111 - Initializing runner modules...
2026-07-24 04:37:25.234 | INFO     | lightx2v.models.runners.wan.wan_runner:init_scheduler:364 - Using WanScheduler
2026-07-24 04:37:25.234 | INFO     | lightx2v.models.runners.wan.wan_runner:init_scheduler:364 - Using WanScheduler
2026-07-24 04:37:25.234 | INFO     | lightx2v.models.runners.default_runner:init_modules:111 - Initializing runner modules...
2026-07-24 04:37:25.234 | INFO     | lightx2v.utils.utils:validate_config_paths:765 - ✓ Config checkpoint paths validated successfully
2026-07-24 04:37:25.234 | INFO     | lightx2v.models.runners.wan.wan_runner:init_scheduler:364 - Using WanScheduler
2026-07-24 04:37:25.234 | INFO     | lightx2v.models.runners.default_runner:init_modules:111 - Initializing runner modules...
2026-07-24 04:37:25.234 | INFO     | lightx2v.utils.custom_compiler:_discover_compiled_methods:120 - [Compile] Discovering compiled methods for WanModel...
2026-07-24 04:37:25.235 | INFO     | lightx2v.models.runners.wan.wan_runner:init_scheduler:364 - Using WanScheduler
2026-07-24 04:37:25.234 | INFO     | lightx2v.models.runners.wan.wan_runner:init_scheduler:364 - Using WanScheduler
2026-07-24 04:37:25.235 | INFO     | lightx2v.models.runners.default_runner:init_modules:111 - Initializing runner modules...
2026-07-24 04:37:25.235 | INFO     | lightx2v.utils.custom_compiler:_discover_compiled_methods:120 - [Compile] Discovering compiled methods for WanModel...
2026-07-24 04:37:25.235 | INFO     | lightx2v.models.runners.default_runner:init_modules:111 - Initializing runner modules...
2026-07-24 04:37:25.235 | INFO     | lightx2v.models.runners.default_runner:init_modules:111 - Initializing runner modules...
2026-07-24 04:37:25.235 | INFO     | lightx2v.utils.custom_compiler:_discover_compiled_methods:120 - [Compile] Discovering compiled methods for WanModel...
2026-07-24 04:37:25.235 | INFO     | lightx2v.utils.custom_compiler:_discover_compiled_methods:125 - [Compile] Found compiled method: _infer_cond_uncond
2026-07-24 04:37:25.235 | INFO     | lightx2v.models.runners.default_runner:init_modules:111 - Initializing runner modules...
2026-07-24 04:37:25.235 | INFO     | lightx2v.models.runners.default_runner:init_modules:111 - Initializing runner modules...
2026-07-24 04:37:25.235 | INFO     | lightx2v.utils.custom_compiler:_discover_compiled_methods:120 - [Compile] Discovering compiled methods for WanModel...
2026-07-24 04:37:25.235 | INFO     | lightx2v.utils.custom_compiler:_discover_compiled_methods:125 - [Compile] Found compiled method: _infer_cond_uncond
2026-07-24 04:37:25.235 | INFO     | lightx2v.utils.custom_compiler:_discover_compiled_methods:120 - [Compile] Discovering compiled methods for WanModel...
2026-07-24 04:37:25.236 | INFO     | lightx2v.utils.custom_compiler:_discover_compiled_methods:120 - [Compile] Discovering compiled methods for WanModel...
2026-07-24 04:37:25.236 | INFO     | lightx2v.utils.custom_compiler:_discover_compiled_methods:125 - [Compile] Found compiled method: _infer_cond_uncond
2026-07-24 04:37:25.236 | INFO     | lightx2v.utils.custom_compiler:_discover_compiled_methods:120 - [Compile] Discovering compiled methods for WanModel...
2026-07-24 04:37:25.236 | INFO     | lightx2v.utils.custom_compiler:_discover_compiled_methods:120 - [Compile] Discovering compiled methods for WanModel...
2026-07-24 04:37:25.236 | INFO     | lightx2v.utils.custom_compiler:_discover_compiled_methods:125 - [Compile] Found compiled method: _infer_cond_uncond
2026-07-24 04:37:25.236 | INFO     | lightx2v.utils.custom_compiler:_discover_compiled_methods:125 - [Compile] Found compiled method: _infer_cond_uncond
2026-07-24 04:37:25.236 | INFO     | lightx2v.utils.custom_compiler:_discover_compiled_methods:125 - [Compile] Found compiled method: _infer_cond_uncond
2026-07-24 04:37:25.236 | INFO     | lightx2v.utils.custom_compiler:_discover_compiled_methods:125 - [Compile] Found compiled method: _infer_cond_uncond
2026-07-24 04:37:25.236 | INFO     | lightx2v.utils.custom_compiler:_discover_compiled_methods:125 - [Compile] Found compiled method: _infer_cond_uncond
2026-07-24 04:37:30.786 | INFO     | lightx2v.models.networks.base_model:_load_quant_ckpt:509 - Loading weights from /data/fuhaiwen1/LightX2V/models/lightx2v/Wan2.2-Distill-Models/wan2.2_i2v_A14b_high_noise_int8_lightx2v_4step.safetensors
2026-07-24 04:37:30.786 | INFO     | lightx2v.models.networks.base_model:_load_quant_ckpt:509 - Loading weights from /data/fuhaiwen1/LightX2V/models/lightx2v/Wan2.2-Distill-Models/wan2.2_i2v_A14b_high_noise_int8_lightx2v_4step.safetensors
2026-07-24 04:37:30.786 | INFO     | lightx2v.models.networks.base_model:_load_quant_ckpt:509 - Loading weights from /data/fuhaiwen1/LightX2V/models/lightx2v/Wan2.2-Distill-Models/wan2.2_i2v_A14b_high_noise_int8_lightx2v_4step.safetensors
2026-07-24 04:37:30.786 | INFO     | lightx2v.models.networks.base_model:_load_quant_ckpt:509 - Loading weights from /data/fuhaiwen1/LightX2V/models/lightx2v/Wan2.2-Distill-Models/wan2.2_i2v_A14b_high_noise_int8_lightx2v_4step.safetensors
2026-07-24 04:37:30.786 | INFO     | lightx2v.models.networks.base_model:_load_quant_ckpt:509 - Loading weights from /data/fuhaiwen1/LightX2V/models/lightx2v/Wan2.2-Distill-Models/wan2.2_i2v_A14b_high_noise_int8_lightx2v_4step.safetensors
2026-07-24 04:37:30.787 | INFO     | lightx2v.models.networks.base_model:_load_quant_ckpt:509 - Loading weights from /data/fuhaiwen1/LightX2V/models/lightx2v/Wan2.2-Distill-Models/wan2.2_i2v_A14b_high_noise_int8_lightx2v_4step.safetensors
2026-07-24 04:37:30.787 | INFO     | lightx2v.models.networks.base_model:_load_quant_ckpt:509 - Loading weights from /data/fuhaiwen1/LightX2V/models/lightx2v/Wan2.2-Distill-Models/wan2.2_i2v_A14b_high_noise_int8_lightx2v_4step.safetensors
2026-07-24 04:37:30.789 | INFO     | lightx2v.models.networks.base_model:_load_quant_ckpt:509 - Loading weights from /data/fuhaiwen1/LightX2V/models/lightx2v/Wan2.2-Distill-Models/wan2.2_i2v_A14b_high_noise_int8_lightx2v_4step.safetensors
2026-07-24 04:39:07.412 | INFO     | lightx2v.utils.custom_compiler:_discover_compiled_methods:120 - [Compile] Discovering compiled methods for WanModel...
2026-07-24 04:39:07.414 | INFO     | lightx2v.utils.custom_compiler:_discover_compiled_methods:125 - [Compile] Found compiled method: _infer_cond_uncond
2026-07-24 04:39:08.408 | INFO     | lightx2v.models.networks.base_model:_load_quant_ckpt:509 - Loading weights from /data/fuhaiwen1/LightX2V/models/lightx2v/Wan2.2-Distill-Models/wan2.2_i2v_A14b_low_noise_int8_lightx2v_4step.safetensors
2026-07-24 04:39:08.726 | INFO     | lightx2v.utils.custom_compiler:_discover_compiled_methods:120 - [Compile] Discovering compiled methods for WanModel...
2026-07-24 04:39:08.726 | INFO     | lightx2v.utils.custom_compiler:_discover_compiled_methods:125 - [Compile] Found compiled method: _infer_cond_uncond
2026-07-24 04:39:08.726 | INFO     | lightx2v.utils.custom_compiler:_discover_compiled_methods:120 - [Compile] Discovering compiled methods for WanModel...
2026-07-24 04:39:08.727 | INFO     | lightx2v.utils.custom_compiler:_discover_compiled_methods:125 - [Compile] Found compiled method: _infer_cond_uncond
2026-07-24 04:39:08.729 | INFO     | lightx2v.utils.custom_compiler:_discover_compiled_methods:120 - [Compile] Discovering compiled methods for WanModel...
2026-07-24 04:39:08.729 | INFO     | lightx2v.utils.custom_compiler:_discover_compiled_methods:125 - [Compile] Found compiled method: _infer_cond_uncond
2026-07-24 04:39:08.745 | INFO     | lightx2v.models.networks.base_model:_load_quant_ckpt:509 - Loading weights from /data/fuhaiwen1/LightX2V/models/lightx2v/Wan2.2-Distill-Models/wan2.2_i2v_A14b_low_noise_int8_lightx2v_4step.safetensors
2026-07-24 04:39:08.745 | INFO     | lightx2v.models.networks.base_model:_load_quant_ckpt:509 - Loading weights from /data/fuhaiwen1/LightX2V/models/lightx2v/Wan2.2-Distill-Models/wan2.2_i2v_A14b_low_noise_int8_lightx2v_4step.safetensors
2026-07-24 04:39:08.745 | INFO     | lightx2v.models.networks.base_model:_load_quant_ckpt:509 - Loading weights from /data/fuhaiwen1/LightX2V/models/lightx2v/Wan2.2-Distill-Models/wan2.2_i2v_A14b_low_noise_int8_lightx2v_4step.safetensors
2026-07-24 04:39:08.751 | INFO     | lightx2v.utils.custom_compiler:_discover_compiled_methods:120 - [Compile] Discovering compiled methods for WanModel...
2026-07-24 04:39:08.751 | INFO     | lightx2v.utils.custom_compiler:_discover_compiled_methods:125 - [Compile] Found compiled method: _infer_cond_uncond
2026-07-24 04:39:08.757 | INFO     | lightx2v.models.networks.base_model:_load_quant_ckpt:509 - Loading weights from /data/fuhaiwen1/LightX2V/models/lightx2v/Wan2.2-Distill-Models/wan2.2_i2v_A14b_low_noise_int8_lightx2v_4step.safetensors
2026-07-24 04:39:08.929 | INFO     | lightx2v.utils.custom_compiler:_discover_compiled_methods:120 - [Compile] Discovering compiled methods for WanModel...
2026-07-24 04:39:08.929 | INFO     | lightx2v.utils.custom_compiler:_discover_compiled_methods:125 - [Compile] Found compiled method: _infer_cond_uncond
2026-07-24 04:39:08.953 | INFO     | lightx2v.models.networks.base_model:_load_quant_ckpt:509 - Loading weights from /data/fuhaiwen1/LightX2V/models/lightx2v/Wan2.2-Distill-Models/wan2.2_i2v_A14b_low_noise_int8_lightx2v_4step.safetensors
2026-07-24 04:39:08.974 | INFO     | lightx2v.utils.custom_compiler:_discover_compiled_methods:120 - [Compile] Discovering compiled methods for WanModel...
2026-07-24 04:39:08.974 | INFO     | lightx2v.utils.custom_compiler:_discover_compiled_methods:125 - [Compile] Found compiled method: _infer_cond_uncond
2026-07-24 04:39:08.976 | INFO     | lightx2v.utils.custom_compiler:_discover_compiled_methods:120 - [Compile] Discovering compiled methods for WanModel...
2026-07-24 04:39:08.976 | INFO     | lightx2v.utils.custom_compiler:_discover_compiled_methods:125 - [Compile] Found compiled method: _infer_cond_uncond
2026-07-24 04:39:08.988 | INFO     | lightx2v.models.networks.base_model:_load_quant_ckpt:509 - Loading weights from /data/fuhaiwen1/LightX2V/models/lightx2v/Wan2.2-Distill-Models/wan2.2_i2v_A14b_low_noise_int8_lightx2v_4step.safetensors
2026-07-24 04:39:08.988 | INFO     | lightx2v.models.networks.base_model:_load_quant_ckpt:509 - Loading weights from /data/fuhaiwen1/LightX2V/models/lightx2v/Wan2.2-Distill-Models/wan2.2_i2v_A14b_low_noise_int8_lightx2v_4step.safetensors
2026-07-24 04:40:44.444 | INFO     | lightx2v.models.runners.wan.wan_runner:__init__:858 - boundary: 0.9, boundary_timestep: 900.0
2026-07-24 04:40:44.544 | INFO     | lightx2v.utils.utils:load_weights:516 - Loading weights from /data/fuhaiwen1/LightX2V/models/Wan-AI/Wan2.2-I2V-A14B/models_t5_umt5-xxl-enc-bf16.pth
2026-07-24 04:40:46.146 | INFO     | lightx2v.models.runners.wan.wan_runner:__init__:858 - boundary: 0.9, boundary_timestep: 900.0
2026-07-24 04:40:46.211 | INFO     | lightx2v.models.runners.wan.wan_runner:__init__:858 - boundary: 0.9, boundary_timestep: 900.0
2026-07-24 04:40:46.224 | INFO     | lightx2v.models.runners.wan.wan_runner:__init__:858 - boundary: 0.9, boundary_timestep: 900.0
2026-07-24 04:40:46.239 | INFO     | lightx2v.models.runners.wan.wan_runner:__init__:858 - boundary: 0.9, boundary_timestep: 900.0
2026-07-24 04:40:46.246 | INFO     | lightx2v.models.runners.wan.wan_runner:__init__:858 - boundary: 0.9, boundary_timestep: 900.0
2026-07-24 04:40:46.401 | INFO     | lightx2v.utils.utils:load_weights:516 - Loading weights from /data/fuhaiwen1/LightX2V/models/Wan-AI/Wan2.2-I2V-A14B/models_t5_umt5-xxl-enc-bf16.pth
2026-07-24 04:40:46.410 | INFO     | lightx2v.models.runners.wan.wan_runner:__init__:858 - boundary: 0.9, boundary_timestep: 900.0
2026-07-24 04:40:46.419 | INFO     | lightx2v.models.runners.wan.wan_runner:__init__:858 - boundary: 0.9, boundary_timestep: 900.0
2026-07-24 04:40:46.540 | INFO     | lightx2v.utils.utils:load_weights:516 - Loading weights from /data/fuhaiwen1/LightX2V/models/Wan-AI/Wan2.2-I2V-A14B/models_t5_umt5-xxl-enc-bf16.pth
2026-07-24 04:40:46.581 | INFO     | lightx2v.utils.utils:load_weights:516 - Loading weights from /data/fuhaiwen1/LightX2V/models/Wan-AI/Wan2.2-I2V-A14B/models_t5_umt5-xxl-enc-bf16.pth
2026-07-24 04:40:46.606 | INFO     | lightx2v.utils.utils:load_weights:516 - Loading weights from /data/fuhaiwen1/LightX2V/models/Wan-AI/Wan2.2-I2V-A14B/models_t5_umt5-xxl-enc-bf16.pth
2026-07-24 04:40:46.612 | INFO     | lightx2v.utils.utils:load_weights:516 - Loading weights from /data/fuhaiwen1/LightX2V/models/Wan-AI/Wan2.2-I2V-A14B/models_t5_umt5-xxl-enc-bf16.pth
2026-07-24 04:40:46.699 | INFO     | lightx2v.utils.utils:load_weights:516 - Loading weights from /data/fuhaiwen1/LightX2V/models/Wan-AI/Wan2.2-I2V-A14B/models_t5_umt5-xxl-enc-bf16.pth
2026-07-24 04:40:46.705 | INFO     | lightx2v.utils.utils:load_weights:516 - Loading weights from /data/fuhaiwen1/LightX2V/models/Wan-AI/Wan2.2-I2V-A14B/models_t5_umt5-xxl-enc-bf16.pth
2026-07-24 04:41:35.309 | INFO     | lightx2v.utils.utils:load_weights:516 - Loading weights from /data/fuhaiwen1/LightX2V/models/Wan-AI/Wan2.2-I2V-A14B/Wan2.1_VAE.pth
2026-07-24 04:41:35.644 | INFO     | lightx2v.utils.utils:load_weights:516 - Loading weights from /data/fuhaiwen1/LightX2V/models/Wan-AI/Wan2.2-I2V-A14B/Wan2.1_VAE.pth
2026-07-24 04:41:36.015 | INFO     | lightx2v.utils.utils:load_weights:516 - Loading weights from /data/fuhaiwen1/LightX2V/models/Wan-AI/Wan2.2-I2V-A14B/Wan2.1_VAE.pth
2026-07-24 04:41:36.096 | INFO     | lightx2v.utils.utils:load_weights:516 - Loading weights from /data/fuhaiwen1/LightX2V/models/Wan-AI/Wan2.2-I2V-A14B/Wan2.1_VAE.pth
2026-07-24 04:41:36.307 | INFO     | lightx2v.utils.utils:load_weights:516 - Loading weights from /data/fuhaiwen1/LightX2V/models/Wan-AI/Wan2.2-I2V-A14B/Wan2.1_VAE.pth
2026-07-24 04:41:36.738 | INFO     | lightx2v.utils.utils:load_weights:516 - Loading weights from /data/fuhaiwen1/LightX2V/models/Wan-AI/Wan2.2-I2V-A14B/Wan2.1_VAE.pth
2026-07-24 04:41:38.153 | INFO     | lightx2v.utils.utils:load_weights:516 - Loading weights from /data/fuhaiwen1/LightX2V/models/Wan-AI/Wan2.2-I2V-A14B/Wan2.1_VAE.pth
2026-07-24 04:41:38.385 | INFO     | lightx2v.utils.utils:load_weights:516 - Loading weights from /data/fuhaiwen1/LightX2V/models/Wan-AI/Wan2.2-I2V-A14B/Wan2.1_VAE.pth
2026-07-24 04:41:39.827 | INFO     | lightx2v.utils.profiler:__exit__:87 - [Profile] Single GPU - Level2_Log Load models cost 254.591155 seconds
2026-07-24 04:41:39.828 | INFO     | lightx2v.utils.profiler:__exit__:87 - [Profile] Single GPU - Level2_Log Load models cost 254.591859 seconds
2026-07-24 04:41:39.896 | INFO     | lightx2v.models.runners.wan.wan_runner:run_vae_encoder:739 - ori latent: 90x68, adjust_latent: 90x68, grid: 2x4
2026-07-24 04:41:39.972 | INFO     | lightx2v.utils.profiler:__exit__:87 - [Profile] Single GPU - Level2_Log Load models cost 254.737875 seconds
2026-07-24 04:41:39.973 | INFO     | lightx2v.utils.profiler:__exit__:87 - [Profile] Single GPU - Level2_Log Load models cost 254.738518 seconds
2026-07-24 04:41:39.985 | INFO     | lightx2v.utils.profiler:__exit__:87 - [Profile] Single GPU - Level2_Log Load models cost 254.749112 seconds
2026-07-24 04:41:39.985 | INFO     | lightx2v.utils.profiler:__exit__:87 - [Profile] Single GPU - Level2_Log Load models cost 254.749944 seconds
2026-07-24 04:41:39.992 | INFO     | lightx2v.models.runners.wan.wan_runner:run_vae_encoder:739 - ori latent: 90x68, adjust_latent: 90x68, grid: 2x4
2026-07-24 04:41:40.008 | INFO     | lightx2v.utils.profiler:__exit__:87 - [Profile] Single GPU - Level2_Log Load models cost 254.773386 seconds
2026-07-24 04:41:40.009 | INFO     | lightx2v.utils.profiler:__exit__:87 - [Profile] Single GPU - Level2_Log Load models cost 254.774295 seconds
2026-07-24 04:41:40.010 | INFO     | lightx2v.models.runners.wan.wan_runner:run_vae_encoder:739 - ori latent: 90x68, adjust_latent: 90x68, grid: 2x4
2026-07-24 04:41:40.011 | INFO     | lightx2v.utils.profiler:__exit__:87 - [Profile] Single GPU - Level2_Log Load models cost 254.776243 seconds
2026-07-24 04:41:40.012 | INFO     | lightx2v.utils.profiler:__exit__:87 - [Profile] Single GPU - Level2_Log Load models cost 254.776888 seconds
2026-07-24 04:41:40.076 | INFO     | lightx2v.models.runners.wan.wan_runner:run_vae_encoder:739 - ori latent: 90x68, adjust_latent: 90x68, grid: 2x4
2026-07-24 04:41:40.083 | INFO     | lightx2v.models.runners.wan.wan_runner:run_vae_encoder:739 - ori latent: 90x68, adjust_latent: 90x68, grid: 2x4
2026-07-24 04:41:40.146 | INFO     | lightx2v.utils.profiler:__exit__:87 - [Profile] Single GPU - Level2_Log Load models cost 254.910053 seconds
2026-07-24 04:41:40.146 | INFO     | lightx2v.utils.profiler:__exit__:87 - [Profile] Single GPU - Level2_Log Load models cost 254.910701 seconds
2026-07-24 04:41:40.177 | INFO     | lightx2v.models.runners.wan.wan_runner:run_vae_encoder:739 - ori latent: 90x68, adjust_latent: 90x68, grid: 2x4
2026-07-24 04:41:40.368 | INFO     | lightx2v.utils.profiler:__exit__:87 - [Profile] Single GPU - Level2_Log Load models cost 255.132924 seconds
2026-07-24 04:41:40.369 | INFO     | lightx2v.utils.profiler:__exit__:87 - [Profile] Single GPU - Level2_Log Load models cost 255.133392 seconds
2026-07-24 04:41:40.401 | INFO     | lightx2v.utils.profiler:__exit__:87 - [Profile] Single GPU - Level2_Log Load models cost 255.166020 seconds
2026-07-24 04:41:40.402 | INFO     | lightx2v.utils.profiler:__exit__:87 - [Profile] Single GPU - Level2_Log Load models cost 255.166417 seconds
2026-07-24 04:41:40.402 | INFO     | lightx2v.models.runners.wan.wan_runner:run_vae_encoder:739 - ori latent: 90x68, adjust_latent: 90x68, grid: 2x4
2026-07-24 04:41:40.419 | INFO     | lightx2v.models.runners.wan.wan_runner:run_vae_encoder:739 - ori latent: 90x68, adjust_latent: 90x68, grid: 2x4
2026-07-24 04:41:41.141 | INFO     | lightx2v.utils.profiler:__exit__:87 - [Profile] Single GPU - Level1_Log Run VAE Encoder cost 0.963565 seconds
2026-07-24 04:41:41.141 | INFO     | lightx2v.utils.profiler:__exit__:87 - [Profile] Single GPU - Level1_Log Run VAE Encoder cost 1.149251 seconds
2026-07-24 04:41:41.141 | INFO     | lightx2v.utils.profiler:__exit__:87 - [Profile] Single GPU - Level1_Log Run VAE Encoder cost 0.721832 seconds
2026-07-24 04:41:41.141 | INFO     | lightx2v.utils.profiler:__exit__:87 - [Profile] Single GPU - Level1_Log Run VAE Encoder cost 0.738949 seconds
2026-07-24 04:41:41.142 | INFO     | lightx2v.utils.profiler:__exit__:87 - [Profile] Single GPU - Level1_Log Run VAE Encoder cost 1.132206 seconds
2026-07-24 04:41:41.141 | INFO     | lightx2v.utils.profiler:__exit__:87 - [Profile] Single GPU - Level1_Log Run VAE Encoder cost 1.058797 seconds
2026-07-24 04:41:41.142 | INFO     | lightx2v.utils.profiler:__exit__:87 - [Profile] Single GPU - Level1_Log Run VAE Encoder cost 1.245692 seconds
2026-07-24 04:41:41.142 | INFO     | lightx2v.utils.profiler:__exit__:87 - [Profile] Single GPU - Level1_Log Run VAE Encoder cost 1.065763 seconds
2026-07-24 04:41:41.424 | INFO     | lightx2v.utils.profiler:__exit__:87 - [Profile] Single GPU - Level1_Log Run Text Encoder cost 0.282289 seconds
2026-07-24 04:41:41.425 | INFO     | lightx2v.utils.profiler:__exit__:87 - [Profile] Single GPU - Level2_Log Run Encoders cost 1.451953 seconds
2026-07-24 04:41:41.425 | INFO     | lightx2v.utils.profiler:__exit__:87 - [Profile] Single GPU - Level1_Log Run Text Encoder cost 0.282662 seconds
2026-07-24 04:41:41.427 | INFO     | lightx2v.models.runners.default_runner:run_main:450 - 🔄 start segment 1/1
2026-07-24 04:41:41.427 | INFO     | lightx2v.utils.profiler:__exit__:87 - [Profile] Single GPU - Level2_Log Run Encoders cost 1.599137 seconds
2026-07-24 04:41:41.428 | INFO     | lightx2v.models.runners.default_runner:run_main:450 - 🔄 start segment 1/1
2026-07-24 04:41:41.431 | INFO     | lightx2v.models.runners.default_runner:run_segment:234 - ==> step_index: 1 / 4
2026-07-24 04:41:41.432 | INFO     | lightx2v.utils.profiler:__exit__:87 - [Profile] Rank 0 - Level1_Log step_pre cost 0.000132 seconds
2026-07-24 04:41:41.433 | INFO     | lightx2v.models.runners.wan.wan_runner:get_current_model_index:914 - using - HIGH - noise model at step_index 1
2026-07-24 04:41:41.433 | INFO     | lightx2v.utils.profiler:__exit__:87 - [Profile] Single GPU - Level2_Log Switch models in infer_main costs cost 0.000381 seconds
2026-07-24 04:41:41.440 | INFO     | lightx2v.utils.profiler:__exit__:87 - [Profile] Single GPU - Level1_Log Run Text Encoder cost 0.297505 seconds
2026-07-24 04:41:41.441 | INFO     | lightx2v.utils.profiler:__exit__:87 - [Profile] Single GPU - Level2_Log Run Encoders cost 1.071904 seconds
2026-07-24 04:41:41.443 | INFO     | lightx2v.models.runners.default_runner:run_main:450 - 🔄 start segment 1/1
2026-07-24 04:41:41.447 | INFO     | lightx2v.utils.profiler:__exit__:87 - [Profile] Single GPU - Level1_Log Run Text Encoder cost 0.305497 seconds
2026-07-24 04:41:41.447 | INFO     | lightx2v.utils.profiler:__exit__:87 - [Profile] Single GPU - Level2_Log Run Encoders cost 1.300153 seconds
2026-07-24 04:41:41.448 | INFO     | lightx2v.models.runners.default_runner:run_main:450 - 🔄 start segment 1/1
2026-07-24 04:41:41.452 | INFO     | lightx2v.models.runners.default_runner:run_segment:234 - ==> step_index: 1 / 4
2026-07-24 04:41:41.452 | INFO     | lightx2v.models.runners.default_runner:run_segment:234 - ==> step_index: 1 / 4
2026-07-24 04:41:41.453 | INFO     | lightx2v.utils.profiler:__exit__:87 - [Profile] Rank 1 - Level1_Log step_pre cost 0.000126 seconds
2026-07-24 04:41:41.453 | INFO     | lightx2v.utils.profiler:__exit__:87 - [Profile] Rank 2 - Level1_Log step_pre cost 0.000230 seconds
2026-07-24 04:41:41.453 | INFO     | lightx2v.models.runners.wan.wan_runner:get_current_model_index:914 - using - HIGH - noise model at step_index 1
2026-07-24 04:41:41.453 | INFO     | lightx2v.models.runners.wan.wan_runner:get_current_model_index:914 - using - HIGH - noise model at step_index 1
2026-07-24 04:41:41.453 | INFO     | lightx2v.utils.profiler:__exit__:87 - [Profile] Single GPU - Level2_Log Switch models in infer_main costs cost 0.000335 seconds
2026-07-24 04:41:41.453 | INFO     | lightx2v.utils.profiler:__exit__:87 - [Profile] Single GPU - Level2_Log Switch models in infer_main costs cost 0.000353 seconds
2026-07-24 04:41:41.453 | INFO     | lightx2v.utils.profiler:__exit__:87 - [Profile] Single GPU - Level1_Log Run Text Encoder cost 0.310559 seconds
2026-07-24 04:41:41.454 | INFO     | lightx2v.utils.profiler:__exit__:87 - [Profile] Single GPU - Level2_Log Run Encoders cost 1.467871 seconds
2026-07-24 04:41:41.455 | INFO     | lightx2v.models.runners.default_runner:run_main:450 - 🔄 start segment 1/1
2026-07-24 04:41:41.459 | INFO     | lightx2v.utils.profiler:__exit__:87 - [Profile] Single GPU - Level1_Log Run Text Encoder cost 0.314179 seconds
2026-07-24 04:41:41.459 | INFO     | lightx2v.utils.profiler:__exit__:87 - [Profile] Single GPU - Level2_Log Run Encoders cost 1.449719 seconds
2026-07-24 04:41:41.461 | INFO     | lightx2v.models.runners.default_runner:run_main:450 - 🔄 start segment 1/1
2026-07-24 04:41:41.465 | INFO     | lightx2v.models.runners.default_runner:run_segment:234 - ==> step_index: 1 / 4
2026-07-24 04:41:41.466 | INFO     | lightx2v.utils.profiler:__exit__:87 - [Profile] Rank 3 - Level1_Log step_pre cost 0.000211 seconds
2026-07-24 04:41:41.467 | INFO     | lightx2v.models.runners.wan.wan_runner:get_current_model_index:914 - using - HIGH - noise model at step_index 1
2026-07-24 04:41:41.467 | INFO     | lightx2v.utils.profiler:__exit__:87 - [Profile] Single GPU - Level2_Log Switch models in infer_main costs cost 0.000523 seconds
2026-07-24 04:41:41.468 | INFO     | lightx2v.utils.profiler:__exit__:87 - [Profile] Single GPU - Level1_Log Run Text Encoder cost 0.325118 seconds
2026-07-24 04:41:41.469 | INFO     | lightx2v.utils.profiler:__exit__:87 - [Profile] Single GPU - Level1_Log Run Text Encoder cost 0.326728 seconds
2026-07-24 04:41:41.485 | INFO     | lightx2v.utils.profiler:__exit__:87 - [Profile] Single GPU - Level2_Log Run Encoders cost 1.472550 seconds
2026-07-24 04:41:41.485 | INFO     | lightx2v.utils.profiler:__exit__:87 - [Profile] Single GPU - Level2_Log Run Encoders cost 1.082519 seconds
2026-07-24 04:41:41.486 | INFO     | lightx2v.models.runners.default_runner:run_main:450 - 🔄 start segment 1/1
2026-07-24 04:41:41.486 | INFO     | lightx2v.models.runners.default_runner:run_main:450 - 🔄 start segment 1/1
2026-07-24 04:41:41.489 | INFO     | lightx2v.models.runners.default_runner:run_segment:234 - ==> step_index: 1 / 4
2026-07-24 04:41:41.489 | INFO     | lightx2v.models.runners.default_runner:run_segment:234 - ==> step_index: 1 / 4
2026-07-24 04:41:41.489 | INFO     | lightx2v.models.runners.default_runner:run_segment:234 - ==> step_index: 1 / 4
2026-07-24 04:41:41.489 | INFO     | lightx2v.utils.profiler:__exit__:87 - [Profile] Rank 4 - Level1_Log step_pre cost 0.000101 seconds
2026-07-24 04:41:41.490 | INFO     | lightx2v.utils.profiler:__exit__:87 - [Profile] Rank 6 - Level1_Log step_pre cost 0.000112 seconds
2026-07-24 04:41:41.490 | INFO     | lightx2v.utils.profiler:__exit__:87 - [Profile] Rank 5 - Level1_Log step_pre cost 0.000147 seconds
2026-07-24 04:41:41.490 | INFO     | lightx2v.models.runners.wan.wan_runner:get_current_model_index:914 - using - HIGH - noise model at step_index 1
2026-07-24 04:41:41.490 | INFO     | lightx2v.models.runners.default_runner:run_segment:234 - ==> step_index: 1 / 4
2026-07-24 04:41:41.490 | INFO     | lightx2v.utils.profiler:__exit__:87 - [Profile] Single GPU - Level2_Log Switch models in infer_main costs cost 0.000334 seconds
2026-07-24 04:41:41.490 | INFO     | lightx2v.models.runners.wan.wan_runner:get_current_model_index:914 - using - HIGH - noise model at step_index 1
2026-07-24 04:41:41.490 | INFO     | lightx2v.models.runners.wan.wan_runner:get_current_model_index:914 - using - HIGH - noise model at step_index 1
2026-07-24 04:41:41.490 | INFO     | lightx2v.utils.profiler:__exit__:87 - [Profile] Single GPU - Level2_Log Switch models in infer_main costs cost 0.000489 seconds
2026-07-24 04:41:41.490 | INFO     | lightx2v.utils.profiler:__exit__:87 - [Profile] Rank 7 - Level1_Log step_pre cost 0.000169 seconds
2026-07-24 04:41:41.490 | INFO     | lightx2v.utils.profiler:__exit__:87 - [Profile] Single GPU - Level2_Log Switch models in infer_main costs cost 0.000386 seconds
2026-07-24 04:41:41.491 | INFO     | lightx2v.models.runners.wan.wan_runner:get_current_model_index:914 - using - HIGH - noise model at step_index 1
2026-07-24 04:41:41.491 | INFO     | lightx2v.utils.profiler:__exit__:87 - [Profile] Single GPU - Level2_Log Switch models in infer_main costs cost 0.000326 seconds
Warning: Sage2++ NOT enabled
Warning: Sage2++ NOT enabled
Warning: Sage2++ NOT enabled
Warning: Sage2++ NOT enabled
Warning: Sage2++ NOT enabled
Warning: Sage2++ NOT enabled
Warning: Sage2++ NOT enabled
Warning: Sage2++ NOT enabled
2026-07-24 04:41:47.136 | INFO     | lightx2v.utils.profiler:__exit__:87 - [Profile] Rank 4 - Level1_Log 🚀 infer_main cost 5.646494 seconds
2026-07-24 04:41:47.137 | INFO     | lightx2v.utils.profiler:__exit__:87 - [Profile] Rank 6 - Level1_Log 🚀 infer_main cost 5.646966 seconds
2026-07-24 04:41:47.142 | INFO     | lightx2v.utils.profiler:__exit__:87 - [Profile] Rank 4 - Level1_Log step_post cost 0.004228 seconds
2026-07-24 04:41:47.142 | INFO     | lightx2v.utils.profiler:__exit__:87 - [Profile] Rank 6 - Level1_Log step_post cost 0.004093 seconds
2026-07-24 04:41:47.142 | INFO     | lightx2v.utils.profiler:__exit__:87 - [Profile] Rank 4 - Level1_Log Run Dit every step cost 5.653261 seconds
2026-07-24 04:41:47.142 | INFO     | lightx2v.utils.profiler:__exit__:87 - [Profile] Rank 6 - Level1_Log Run Dit every step cost 5.653525 seconds
2026-07-24 04:41:47.146 | INFO     | lightx2v.utils.profiler:__exit__:87 - [Profile] Rank 1 - Level1_Log 🚀 infer_main cost 5.692988 seconds
2026-07-24 04:41:47.148 | INFO     | lightx2v.utils.profiler:__exit__:87 - [Profile] Rank 1 - Level1_Log step_post cost 0.001319 seconds
2026-07-24 04:41:47.148 | INFO     | lightx2v.utils.profiler:__exit__:87 - [Profile] Rank 1 - Level1_Log Run Dit every step cost 5.696518 seconds
2026-07-24 04:41:47.149 | INFO     | lightx2v.utils.profiler:__exit__:87 - [Profile] Rank 2 - Level1_Log 🚀 infer_main cost 5.695468 seconds
2026-07-24 04:41:47.151 | INFO     | lightx2v.utils.profiler:__exit__:87 - [Profile] Rank 7 - Level1_Log 🚀 infer_main cost 5.660160 seconds
2026-07-24 04:41:47.152 | INFO     | lightx2v.utils.profiler:__exit__:87 - [Profile] Rank 2 - Level1_Log step_post cost 0.002468 seconds
2026-07-24 04:41:47.152 | INFO     | lightx2v.utils.profiler:__exit__:87 - [Profile] Rank 2 - Level1_Log Run Dit every step cost 5.700446 seconds
2026-07-24 04:41:47.153 | INFO     | lightx2v.utils.profiler:__exit__:87 - [Profile] Rank 5 - Level1_Log 🚀 infer_main cost 5.663167 seconds
2026-07-24 04:41:47.154 | INFO     | lightx2v.utils.profiler:__exit__:87 - [Profile] Rank 7 - Level1_Log step_post cost 0.002516 seconds
2026-07-24 04:41:47.154 | INFO     | lightx2v.utils.profiler:__exit__:87 - [Profile] Rank 7 - Level1_Log Run Dit every step cost 5.664360 seconds
2026-07-24 04:41:47.155 | INFO     | lightx2v.utils.profiler:__exit__:87 - [Profile] Rank 5 - Level1_Log step_post cost 0.001151 seconds
2026-07-24 04:41:47.155 | INFO     | lightx2v.utils.profiler:__exit__:87 - [Profile] Rank 5 - Level1_Log Run Dit every step cost 5.666244 seconds
2026-07-24 04:41:47.157 | INFO     | lightx2v.utils.profiler:__exit__:87 - [Profile] Rank 3 - Level1_Log 🚀 infer_main cost 5.690523 seconds
2026-07-24 04:41:47.158 | INFO     | lightx2v.utils.profiler:__exit__:87 - [Profile] Rank 3 - Level1_Log step_post cost 0.001107 seconds
2026-07-24 04:41:47.158 | INFO     | lightx2v.utils.profiler:__exit__:87 - [Profile] Rank 3 - Level1_Log Run Dit every step cost 5.693379 seconds
2026-07-24 04:41:47.160 | INFO     | lightx2v.utils.profiler:__exit__:87 - [Profile] Rank 0 - Level1_Log 🚀 infer_main cost 5.727523 seconds
2026-07-24 04:41:47.162 | INFO     | lightx2v.utils.profiler:__exit__:87 - [Profile] Rank 0 - Level1_Log step_post cost 0.001243 seconds
2026-07-24 04:41:47.162 | INFO     | lightx2v.utils.profiler:__exit__:87 - [Profile] Rank 0 - Level1_Log Run Dit every step cost 5.730859 seconds
2026-07-24 04:41:47.163 | INFO     | lightx2v.models.runners.default_runner:run_segment:234 - ==> step_index: 2 / 4
2026-07-24 04:41:47.163 | INFO     | lightx2v.models.runners.default_runner:run_segment:234 - ==> step_index: 2 / 4
2026-07-24 04:41:47.163 | INFO     | lightx2v.models.runners.default_runner:run_segment:234 - ==> step_index: 2 / 4
2026-07-24 04:41:47.163 | INFO     | lightx2v.models.runners.default_runner:run_segment:234 - ==> step_index: 2 / 4
2026-07-24 04:41:47.163 | INFO     | lightx2v.models.runners.default_runner:run_segment:234 - ==> step_index: 2 / 4
2026-07-24 04:41:47.163 | INFO     | lightx2v.models.runners.default_runner:run_segment:234 - ==> step_index: 2 / 4
2026-07-24 04:41:47.163 | INFO     | lightx2v.models.runners.default_runner:run_segment:234 - ==> step_index: 2 / 4
2026-07-24 04:41:47.163 | INFO     | lightx2v.models.runners.default_runner:run_segment:234 - ==> step_index: 2 / 4
2026-07-24 04:41:47.163 | INFO     | lightx2v.utils.profiler:__exit__:87 - [Profile] Rank 5 - Level1_Log step_pre cost 0.000146 seconds
2026-07-24 04:41:47.163 | INFO     | lightx2v.utils.profiler:__exit__:87 - [Profile] Rank 2 - Level1_Log step_pre cost 0.000242 seconds
2026-07-24 04:41:47.163 | INFO     | lightx2v.utils.profiler:__exit__:87 - [Profile] Rank 0 - Level1_Log step_pre cost 0.000114 seconds
2026-07-24 04:41:47.163 | INFO     | lightx2v.utils.profiler:__exit__:87 - [Profile] Rank 7 - Level1_Log step_pre cost 0.000228 seconds
2026-07-24 04:41:47.163 | INFO     | lightx2v.utils.profiler:__exit__:87 - [Profile] Rank 3 - Level1_Log step_pre cost 0.000303 seconds
2026-07-24 04:41:47.163 | INFO     | lightx2v.utils.profiler:__exit__:87 - [Profile] Rank 6 - Level1_Log step_pre cost 0.000261 seconds
2026-07-24 04:41:47.164 | INFO     | lightx2v.models.runners.wan.wan_runner:get_current_model_index:914 - using - HIGH - noise model at step_index 2
2026-07-24 04:41:47.164 | INFO     | lightx2v.utils.profiler:__exit__:87 - [Profile] Rank 1 - Level1_Log step_pre cost 0.000213 seconds
2026-07-24 04:41:47.164 | INFO     | lightx2v.utils.profiler:__exit__:87 - [Profile] Single GPU - Level2_Log Switch models in infer_main costs cost 0.000247 seconds
2026-07-24 04:41:47.164 | INFO     | lightx2v.models.runners.wan.wan_runner:get_current_model_index:914 - using - HIGH - noise model at step_index 2
2026-07-24 04:41:47.164 | INFO     | lightx2v.models.runners.wan.wan_runner:get_current_model_index:914 - using - HIGH - noise model at step_index 2
2026-07-24 04:41:47.164 | INFO     | lightx2v.utils.profiler:__exit__:87 - [Profile] Single GPU - Level2_Log Switch models in infer_main costs cost 0.000593 seconds
2026-07-24 04:41:47.164 | INFO     | lightx2v.utils.profiler:__exit__:87 - [Profile] Rank 4 - Level1_Log step_pre cost 0.000267 seconds
2026-07-24 04:41:47.164 | INFO     | lightx2v.models.runners.wan.wan_runner:get_current_model_index:914 - using - HIGH - noise model at step_index 2
2026-07-24 04:41:47.164 | INFO     | lightx2v.models.runners.wan.wan_runner:get_current_model_index:914 - using - HIGH - noise model at step_index 2
2026-07-24 04:41:47.164 | INFO     | lightx2v.models.runners.wan.wan_runner:get_current_model_index:914 - using - HIGH - noise model at step_index 2
2026-07-24 04:41:47.164 | INFO     | lightx2v.models.runners.wan.wan_runner:get_current_model_index:914 - using - HIGH - noise model at step_index 2
2026-07-24 04:41:47.164 | INFO     | lightx2v.utils.profiler:__exit__:87 - [Profile] Single GPU - Level2_Log Switch models in infer_main costs cost 0.000615 seconds
2026-07-24 04:41:47.164 | INFO     | lightx2v.utils.profiler:__exit__:87 - [Profile] Single GPU - Level2_Log Switch models in infer_main costs cost 0.000607 seconds
2026-07-24 04:41:47.164 | INFO     | lightx2v.utils.profiler:__exit__:87 - [Profile] Single GPU - Level2_Log Switch models in infer_main costs cost 0.000550 seconds
2026-07-24 04:41:47.165 | INFO     | lightx2v.utils.profiler:__exit__:87 - [Profile] Single GPU - Level2_Log Switch models in infer_main costs cost 0.000506 seconds
2026-07-24 04:41:47.165 | INFO     | lightx2v.models.runners.wan.wan_runner:get_current_model_index:914 - using - HIGH - noise model at step_index 2
2026-07-24 04:41:47.165 | INFO     | lightx2v.utils.profiler:__exit__:87 - [Profile] Single GPU - Level2_Log Switch models in infer_main costs cost 0.000775 seconds
2026-07-24 04:41:47.165 | INFO     | lightx2v.utils.profiler:__exit__:87 - [Profile] Single GPU - Level2_Log Switch models in infer_main costs cost 0.000531 seconds
2026-07-24 04:41:50.953 | INFO     | lightx2v.utils.profiler:__exit__:87 - [Profile] Rank 4 - Level1_Log 🚀 infer_main cost 3.788270 seconds
2026-07-24 04:41:50.954 | INFO     | lightx2v.utils.profiler:__exit__:87 - [Profile] Rank 6 - Level1_Log 🚀 infer_main cost 3.789648 seconds
2026-07-24 04:41:50.956 | INFO     | lightx2v.utils.profiler:__exit__:87 - [Profile] Rank 4 - Level1_Log step_post cost 0.001834 seconds
2026-07-24 04:41:50.956 | INFO     | lightx2v.utils.profiler:__exit__:87 - [Profile] Rank 4 - Level1_Log Run Dit every step cost 3.813350 seconds
2026-07-24 04:41:50.956 | INFO     | lightx2v.utils.profiler:__exit__:87 - [Profile] Rank 6 - Level1_Log step_post cost 0.001945 seconds
2026-07-24 04:41:50.956 | INFO     | lightx2v.utils.profiler:__exit__:87 - [Profile] Rank 6 - Level1_Log Run Dit every step cost 3.813674 seconds
2026-07-24 04:41:50.961 | INFO     | lightx2v.utils.profiler:__exit__:87 - [Profile] Rank 1 - Level1_Log 🚀 infer_main cost 3.797271 seconds
2026-07-24 04:41:50.963 | INFO     | lightx2v.utils.profiler:__exit__:87 - [Profile] Rank 1 - Level1_Log step_post cost 0.001562 seconds
2026-07-24 04:41:50.964 | INFO     | lightx2v.utils.profiler:__exit__:87 - [Profile] Rank 1 - Level1_Log Run Dit every step cost 3.815085 seconds
2026-07-24 04:41:50.964 | INFO     | lightx2v.utils.profiler:__exit__:87 - [Profile] Rank 2 - Level1_Log 🚀 infer_main cost 3.800310 seconds
2026-07-24 04:41:50.967 | INFO     | lightx2v.utils.profiler:__exit__:87 - [Profile] Rank 2 - Level1_Log step_post cost 0.002221 seconds
2026-07-24 04:41:50.967 | INFO     | lightx2v.utils.profiler:__exit__:87 - [Profile] Rank 2 - Level1_Log Run Dit every step cost 3.814325 seconds
2026-07-24 04:41:50.968 | INFO     | lightx2v.utils.profiler:__exit__:87 - [Profile] Rank 7 - Level1_Log 🚀 infer_main cost 3.803814 seconds
2026-07-24 04:41:50.968 | INFO     | lightx2v.utils.profiler:__exit__:87 - [Profile] Rank 5 - Level1_Log 🚀 infer_main cost 3.804369 seconds
2026-07-24 04:41:50.970 | INFO     | lightx2v.utils.profiler:__exit__:87 - [Profile] Rank 5 - Level1_Log step_post cost 0.001758 seconds
2026-07-24 04:41:50.970 | INFO     | lightx2v.utils.profiler:__exit__:87 - [Profile] Rank 5 - Level1_Log Run Dit every step cost 3.814803 seconds
2026-07-24 04:41:50.970 | INFO     | lightx2v.utils.profiler:__exit__:87 - [Profile] Rank 7 - Level1_Log step_post cost 0.002248 seconds
2026-07-24 04:41:50.971 | INFO     | lightx2v.utils.profiler:__exit__:87 - [Profile] Rank 7 - Level1_Log Run Dit every step cost 3.816427 seconds
2026-07-24 04:41:50.972 | INFO     | lightx2v.utils.profiler:__exit__:87 - [Profile] Rank 3 - Level1_Log 🚀 infer_main cost 3.808011 seconds
2026-07-24 04:41:50.974 | INFO     | lightx2v.utils.profiler:__exit__:87 - [Profile] Rank 0 - Level1_Log 🚀 infer_main cost 3.810572 seconds
2026-07-24 04:41:50.975 | INFO     | lightx2v.utils.profiler:__exit__:87 - [Profile] Rank 3 - Level1_Log step_post cost 0.002824 seconds
2026-07-24 04:41:50.976 | INFO     | lightx2v.utils.profiler:__exit__:87 - [Profile] Rank 3 - Level1_Log Run Dit every step cost 3.817033 seconds
2026-07-24 04:41:50.976 | INFO     | lightx2v.utils.profiler:__exit__:87 - [Profile] Rank 0 - Level1_Log step_post cost 0.001379 seconds
2026-07-24 04:41:50.976 | INFO     | lightx2v.utils.profiler:__exit__:87 - [Profile] Rank 0 - Level1_Log Run Dit every step cost 3.813826 seconds
2026-07-24 04:41:50.976 | INFO     | lightx2v.models.runners.default_runner:run_segment:234 - ==> step_index: 3 / 4
2026-07-24 04:41:50.976 | INFO     | lightx2v.models.runners.default_runner:run_segment:234 - ==> step_index: 3 / 4
2026-07-24 04:41:50.976 | INFO     | lightx2v.models.runners.default_runner:run_segment:234 - ==> step_index: 3 / 4
2026-07-24 04:41:50.976 | INFO     | lightx2v.models.runners.default_runner:run_segment:234 - ==> step_index: 3 / 4
2026-07-24 04:41:50.977 | INFO     | lightx2v.utils.profiler:__exit__:87 - [Profile] Rank 5 - Level1_Log step_pre cost 0.000111 seconds
2026-07-24 04:41:50.976 | INFO     | lightx2v.models.runners.default_runner:run_segment:234 - ==> step_index: 3 / 4
2026-07-24 04:41:50.976 | INFO     | lightx2v.models.runners.default_runner:run_segment:234 - ==> step_index: 3 / 4
2026-07-24 04:41:50.976 | INFO     | lightx2v.models.runners.default_runner:run_segment:234 - ==> step_index: 3 / 4
2026-07-24 04:41:50.976 | INFO     | lightx2v.models.runners.default_runner:run_segment:234 - ==> step_index: 3 / 4
2026-07-24 04:41:50.977 | INFO     | lightx2v.utils.profiler:__exit__:87 - [Profile] Rank 1 - Level1_Log step_pre cost 0.000109 seconds
2026-07-24 04:41:50.977 | INFO     | lightx2v.utils.profiler:__exit__:87 - [Profile] Rank 6 - Level1_Log step_pre cost 0.000181 seconds
2026-07-24 04:41:50.977 | INFO     | lightx2v.utils.profiler:__exit__:87 - [Profile] Rank 0 - Level1_Log step_pre cost 0.000110 seconds
2026-07-24 04:41:50.977 | INFO     | lightx2v.utils.profiler:__exit__:87 - [Profile] Rank 4 - Level1_Log step_pre cost 0.000106 seconds
2026-07-24 04:41:50.977 | INFO     | lightx2v.models.runners.wan.wan_runner:get_current_model_index:924 - using - LOW - noise model at step_index 3
2026-07-24 04:41:50.978 | INFO     | lightx2v.utils.profiler:__exit__:87 - [Profile] Rank 7 - Level1_Log step_pre cost 0.000189 seconds
2026-07-24 04:41:50.978 | INFO     | lightx2v.models.runners.wan.wan_runner:get_current_model_index:924 - using - LOW - noise model at step_index 3
2026-07-24 04:41:50.978 | INFO     | lightx2v.utils.profiler:__exit__:87 - [Profile] Rank 2 - Level1_Log step_pre cost 0.000287 seconds
2026-07-24 04:41:50.978 | INFO     | lightx2v.utils.profiler:__exit__:87 - [Profile] Rank 3 - Level1_Log step_pre cost 0.000189 seconds
2026-07-24 04:41:50.978 | INFO     | lightx2v.models.runners.wan.wan_runner:get_current_model_index:924 - using - LOW - noise model at step_index 3
2026-07-24 04:41:50.978 | INFO     | lightx2v.utils.profiler:__exit__:87 - [Profile] Single GPU - Level2_Log Switch models in infer_main costs cost 0.000777 seconds
2026-07-24 04:41:50.978 | INFO     | lightx2v.models.runners.wan.wan_runner:get_current_model_index:924 - using - LOW - noise model at step_index 3
2026-07-24 04:41:50.978 | INFO     | lightx2v.models.runners.wan.wan_runner:get_current_model_index:924 - using - LOW - noise model at step_index 3
2026-07-24 04:41:50.978 | INFO     | lightx2v.utils.profiler:__exit__:87 - [Profile] Single GPU - Level2_Log Switch models in infer_main costs cost 0.000470 seconds
2026-07-24 04:41:50.978 | INFO     | lightx2v.models.runners.wan.wan_runner:get_current_model_index:924 - using - LOW - noise model at step_index 3
2026-07-24 04:41:50.978 | INFO     | lightx2v.utils.profiler:__exit__:87 - [Profile] Single GPU - Level2_Log Switch models in infer_main costs cost 0.000579 seconds
2026-07-24 04:41:50.978 | INFO     | lightx2v.models.runners.wan.wan_runner:get_current_model_index:924 - using - LOW - noise model at step_index 3
2026-07-24 04:41:50.978 | INFO     | lightx2v.models.runners.wan.wan_runner:get_current_model_index:924 - using - LOW - noise model at step_index 3
2026-07-24 04:41:50.979 | INFO     | lightx2v.utils.profiler:__exit__:87 - [Profile] Single GPU - Level2_Log Switch models in infer_main costs cost 0.000778 seconds
2026-07-24 04:41:50.978 | INFO     | lightx2v.utils.profiler:__exit__:87 - [Profile] Single GPU - Level2_Log Switch models in infer_main costs cost 0.000879 seconds
2026-07-24 04:41:50.979 | INFO     | lightx2v.utils.profiler:__exit__:87 - [Profile] Single GPU - Level2_Log Switch models in infer_main costs cost 0.000766 seconds
2026-07-24 04:41:50.979 | INFO     | lightx2v.utils.profiler:__exit__:87 - [Profile] Single GPU - Level2_Log Switch models in infer_main costs cost 0.000961 seconds
2026-07-24 04:41:50.979 | INFO     | lightx2v.utils.profiler:__exit__:87 - [Profile] Single GPU - Level2_Log Switch models in infer_main costs cost 0.000944 seconds
2026-07-24 04:41:54.839 | INFO     | lightx2v.utils.profiler:__exit__:87 - [Profile] Rank 6 - Level1_Log 🚀 infer_main cost 3.861253 seconds
2026-07-24 04:41:54.848 | INFO     | lightx2v.utils.profiler:__exit__:87 - [Profile] Rank 2 - Level1_Log 🚀 infer_main cost 3.870174 seconds
2026-07-24 04:41:54.849 | INFO     | lightx2v.utils.profiler:__exit__:87 - [Profile] Rank 7 - Level1_Log 🚀 infer_main cost 3.871277 seconds
2026-07-24 04:41:54.852 | INFO     | lightx2v.utils.profiler:__exit__:87 - [Profile] Rank 1 - Level1_Log 🚀 infer_main cost 3.873997 seconds
2026-07-24 04:41:54.852 | INFO     | lightx2v.utils.profiler:__exit__:87 - [Profile] Rank 5 - Level1_Log 🚀 infer_main cost 3.875333 seconds
2026-07-24 04:41:54.856 | INFO     | lightx2v.utils.profiler:__exit__:87 - [Profile] Rank 3 - Level1_Log 🚀 infer_main cost 3.878086 seconds
2026-07-24 04:41:54.860 | INFO     | lightx2v.utils.profiler:__exit__:87 - [Profile] Rank 4 - Level1_Log 🚀 infer_main cost 3.881869 seconds
2026-07-24 04:41:54.860 | INFO     | lightx2v.utils.profiler:__exit__:87 - [Profile] Rank 0 - Level1_Log 🚀 infer_main cost 3.882606 seconds
2026-07-24 04:41:54.929 | INFO     | lightx2v.utils.profiler:__exit__:87 - [Profile] Rank 2 - Level1_Log step_post cost 0.080413 seconds
2026-07-24 04:41:54.930 | INFO     | lightx2v.utils.profiler:__exit__:87 - [Profile] Rank 2 - Level1_Log Run Dit every step cost 3.962558 seconds
2026-07-24 04:41:54.932 | INFO     | lightx2v.utils.profiler:__exit__:87 - [Profile] Rank 7 - Level1_Log step_post cost 0.082204 seconds
2026-07-24 04:41:54.932 | INFO     | lightx2v.utils.profiler:__exit__:87 - [Profile] Rank 7 - Level1_Log Run Dit every step cost 3.961267 seconds
2026-07-24 04:41:54.944 | INFO     | lightx2v.utils.profiler:__exit__:87 - [Profile] Rank 6 - Level1_Log step_post cost 0.103316 seconds
2026-07-24 04:41:54.944 | INFO     | lightx2v.utils.profiler:__exit__:87 - [Profile] Rank 6 - Level1_Log Run Dit every step cost 3.987266 seconds
2026-07-24 04:41:54.955 | INFO     | lightx2v.utils.profiler:__exit__:87 - [Profile] Rank 0 - Level1_Log step_post cost 0.092479 seconds
2026-07-24 04:41:54.955 | INFO     | lightx2v.utils.profiler:__exit__:87 - [Profile] Rank 0 - Level1_Log Run Dit every step cost 3.978745 seconds
2026-07-24 04:41:54.955 | INFO     | lightx2v.utils.profiler:__exit__:87 - [Profile] Rank 1 - Level1_Log step_post cost 0.101860 seconds
2026-07-24 04:41:54.955 | INFO     | lightx2v.utils.profiler:__exit__:87 - [Profile] Rank 1 - Level1_Log Run Dit every step cost 3.991518 seconds
2026-07-24 04:41:54.955 | INFO     | lightx2v.utils.profiler:__exit__:87 - [Profile] Rank 5 - Level1_Log step_post cost 0.102281 seconds
2026-07-24 04:41:54.956 | INFO     | lightx2v.models.runners.default_runner:run_segment:234 - ==> step_index: 4 / 4
2026-07-24 04:41:54.956 | INFO     | lightx2v.utils.profiler:__exit__:87 - [Profile] Rank 5 - Level1_Log Run Dit every step cost 3.985202 seconds
2026-07-24 04:41:54.956 | INFO     | lightx2v.utils.profiler:__exit__:87 - [Profile] Rank 0 - Level1_Log step_pre cost 0.000117 seconds
2026-07-24 04:41:54.956 | INFO     | lightx2v.models.runners.wan.wan_runner:get_current_model_index:924 - using - LOW - noise model at step_index 4
2026-07-24 04:41:54.956 | INFO     | lightx2v.utils.profiler:__exit__:87 - [Profile] Single GPU - Level2_Log Switch models in infer_main costs cost 0.000231 seconds
2026-07-24 04:41:54.957 | INFO     | lightx2v.models.runners.default_runner:run_segment:234 - ==> step_index: 4 / 4
2026-07-24 04:41:54.957 | INFO     | lightx2v.utils.profiler:__exit__:87 - [Profile] Rank 2 - Level1_Log step_pre cost 0.000141 seconds
2026-07-24 04:41:54.957 | INFO     | lightx2v.models.runners.default_runner:run_segment:234 - ==> step_index: 4 / 4
2026-07-24 04:41:54.958 | INFO     | lightx2v.models.runners.wan.wan_runner:get_current_model_index:924 - using - LOW - noise model at step_index 4
2026-07-24 04:41:54.958 | INFO     | lightx2v.utils.profiler:__exit__:87 - [Profile] Single GPU - Level2_Log Switch models in infer_main costs cost 0.000278 seconds
2026-07-24 04:41:54.958 | INFO     | lightx2v.utils.profiler:__exit__:87 - [Profile] Rank 1 - Level1_Log step_pre cost 0.000624 seconds
2026-07-24 04:41:54.960 | INFO     | lightx2v.models.runners.wan.wan_runner:get_current_model_index:924 - using - LOW - noise model at step_index 4
2026-07-24 04:41:54.960 | INFO     | lightx2v.utils.profiler:__exit__:87 - [Profile] Single GPU - Level2_Log Switch models in infer_main costs cost 0.000990 seconds
2026-07-24 04:41:54.965 | INFO     | lightx2v.utils.profiler:__exit__:87 - [Profile] Rank 3 - Level1_Log step_post cost 0.108508 seconds
2026-07-24 04:41:54.965 | INFO     | lightx2v.utils.profiler:__exit__:87 - [Profile] Rank 3 - Level1_Log Run Dit every step cost 3.989600 seconds
2026-07-24 04:41:54.966 | INFO     | lightx2v.models.runners.default_runner:run_segment:234 - ==> step_index: 4 / 4
2026-07-24 04:41:54.966 | INFO     | lightx2v.utils.profiler:__exit__:87 - [Profile] Rank 3 - Level1_Log step_pre cost 0.000115 seconds
2026-07-24 04:41:54.967 | INFO     | lightx2v.models.runners.wan.wan_runner:get_current_model_index:924 - using - LOW - noise model at step_index 4
2026-07-24 04:41:54.967 | INFO     | lightx2v.utils.profiler:__exit__:87 - [Profile] Single GPU - Level2_Log Switch models in infer_main costs cost 0.000242 seconds
2026-07-24 04:41:54.967 | INFO     | lightx2v.utils.profiler:__exit__:87 - [Profile] Rank 4 - Level1_Log step_post cost 0.105548 seconds
2026-07-24 04:41:54.968 | INFO     | lightx2v.utils.profiler:__exit__:87 - [Profile] Rank 4 - Level1_Log Run Dit every step cost 4.011158 seconds
2026-07-24 04:41:54.968 | INFO     | lightx2v.models.runners.default_runner:run_segment:234 - ==> step_index: 4 / 4
2026-07-24 04:41:54.968 | INFO     | lightx2v.models.runners.default_runner:run_segment:234 - ==> step_index: 4 / 4
2026-07-24 04:41:54.968 | INFO     | lightx2v.models.runners.default_runner:run_segment:234 - ==> step_index: 4 / 4
2026-07-24 04:41:54.968 | INFO     | lightx2v.models.runners.default_runner:run_segment:234 - ==> step_index: 4 / 4
2026-07-24 04:41:54.968 | INFO     | lightx2v.utils.profiler:__exit__:87 - [Profile] Rank 7 - Level1_Log step_pre cost 0.000143 seconds
2026-07-24 04:41:54.969 | INFO     | lightx2v.utils.profiler:__exit__:87 - [Profile] Rank 4 - Level1_Log step_pre cost 0.000127 seconds
2026-07-24 04:41:54.969 | INFO     | lightx2v.utils.profiler:__exit__:87 - [Profile] Rank 5 - Level1_Log step_pre cost 0.000160 seconds
2026-07-24 04:41:54.969 | INFO     | lightx2v.utils.profiler:__exit__:87 - [Profile] Rank 6 - Level1_Log step_pre cost 0.000246 seconds
2026-07-24 04:41:54.969 | INFO     | lightx2v.models.runners.wan.wan_runner:get_current_model_index:924 - using - LOW - noise model at step_index 4
2026-07-24 04:41:54.969 | INFO     | lightx2v.models.runners.wan.wan_runner:get_current_model_index:924 - using - LOW - noise model at step_index 4
2026-07-24 04:41:54.969 | INFO     | lightx2v.utils.profiler:__exit__:87 - [Profile] Single GPU - Level2_Log Switch models in infer_main costs cost 0.000286 seconds
2026-07-24 04:41:54.969 | INFO     | lightx2v.models.runners.wan.wan_runner:get_current_model_index:924 - using - LOW - noise model at step_index 4
2026-07-24 04:41:54.969 | INFO     | lightx2v.utils.profiler:__exit__:87 - [Profile] Single GPU - Level2_Log Switch models in infer_main costs cost 0.000252 seconds
2026-07-24 04:41:54.969 | INFO     | lightx2v.models.runners.wan.wan_runner:get_current_model_index:924 - using - LOW - noise model at step_index 4
2026-07-24 04:41:54.969 | INFO     | lightx2v.utils.profiler:__exit__:87 - [Profile] Single GPU - Level2_Log Switch models in infer_main costs cost 0.000461 seconds
2026-07-24 04:41:54.970 | INFO     | lightx2v.utils.profiler:__exit__:87 - [Profile] Single GPU - Level2_Log Switch models in infer_main costs cost 0.000484 seconds
2026-07-24 04:41:58.706 | INFO     | lightx2v.utils.profiler:__exit__:87 - [Profile] Rank 6 - Level1_Log 🚀 infer_main cost 3.736542 seconds
2026-07-24 04:41:58.709 | INFO     | lightx2v.utils.profiler:__exit__:87 - [Profile] Rank 6 - Level1_Log step_post cost 0.002059 seconds
2026-07-24 04:41:58.709 | INFO     | lightx2v.utils.profiler:__exit__:87 - [Profile] Rank 6 - Level1_Log Run Dit every step cost 3.765025 seconds
2026-07-24 04:41:58.715 | INFO     | lightx2v.utils.profiler:__exit__:87 - [Profile] Rank 7 - Level1_Log 🚀 infer_main cost 3.746314 seconds
2026-07-24 04:41:58.715 | INFO     | lightx2v.utils.profiler:__exit__:87 - [Profile] Rank 2 - Level1_Log 🚀 infer_main cost 3.757794 seconds
2026-07-24 04:41:58.716 | INFO     | lightx2v.utils.profiler:__exit__:87 - [Profile] Rank 1 - Level1_Log 🚀 infer_main cost 3.757502 seconds
2026-07-24 04:41:58.717 | INFO     | lightx2v.utils.profiler:__exit__:87 - [Profile] Rank 2 - Level1_Log step_post cost 0.001540 seconds
2026-07-24 04:41:58.718 | INFO     | lightx2v.utils.profiler:__exit__:87 - [Profile] Rank 2 - Level1_Log Run Dit every step cost 3.787631 seconds
2026-07-24 04:41:58.718 | INFO     | lightx2v.utils.profiler:__exit__:87 - [Profile] Rank 7 - Level1_Log step_post cost 0.002215 seconds
2026-07-24 04:41:58.718 | INFO     | lightx2v.utils.profiler:__exit__:87 - [Profile] Rank 5 - Level1_Log 🚀 infer_main cost 3.748856 seconds
2026-07-24 04:41:58.718 | INFO     | lightx2v.utils.profiler:__exit__:87 - [Profile] Rank 7 - Level1_Log Run Dit every step cost 3.785519 seconds
2026-07-24 04:41:58.720 | INFO     | lightx2v.utils.profiler:__exit__:87 - [Profile] Rank 5 - Level1_Log step_post cost 0.001455 seconds
2026-07-24 04:41:58.720 | INFO     | lightx2v.utils.profiler:__exit__:87 - [Profile] Rank 5 - Level1_Log Run Dit every step cost 3.764040 seconds
2026-07-24 04:41:58.720 | INFO     | lightx2v.utils.profiler:__exit__:87 - [Profile] Rank 1 - Level1_Log step_post cost 0.002961 seconds
2026-07-24 04:41:58.720 | INFO     | lightx2v.utils.profiler:__exit__:87 - [Profile] Rank 1 - Level1_Log Run Dit every step cost 3.764624 seconds
2026-07-24 04:41:58.721 | INFO     | lightx2v.utils.profiler:__exit__:87 - [Profile] Rank 3 - Level1_Log 🚀 infer_main cost 3.754919 seconds
2026-07-24 04:41:58.724 | INFO     | lightx2v.utils.profiler:__exit__:87 - [Profile] Rank 3 - Level1_Log step_post cost 0.002454 seconds
2026-07-24 04:41:58.725 | INFO     | lightx2v.utils.profiler:__exit__:87 - [Profile] Rank 3 - Level1_Log Run Dit every step cost 3.759073 seconds
2026-07-24 04:41:58.724 | INFO     | lightx2v.utils.profiler:__exit__:87 - [Profile] Rank 4 - Level1_Log 🚀 infer_main cost 3.755296 seconds
2026-07-24 04:41:58.725 | INFO     | lightx2v.utils.profiler:__exit__:87 - [Profile] Rank 0 - Level1_Log 🚀 infer_main cost 3.769120 seconds
2026-07-24 04:41:58.727 | INFO     | lightx2v.utils.profiler:__exit__:87 - [Profile] Rank 0 - Level1_Log step_post cost 0.001363 seconds
2026-07-24 04:41:58.727 | INFO     | lightx2v.utils.profiler:__exit__:87 - [Profile] Rank 0 - Level1_Log Run Dit every step cost 3.771895 seconds
2026-07-24 04:41:58.728 | INFO     | lightx2v.utils.profiler:__exit__:87 - [Profile] Rank 4 - Level1_Log step_post cost 0.003242 seconds
2026-07-24 04:41:58.729 | INFO     | lightx2v.utils.profiler:__exit__:87 - [Profile] Rank 4 - Level1_Log Run Dit every step cost 3.760895 seconds
2026-07-24 04:41:59.623 | INFO     | lightx2v.utils.profiler:__exit__:87 - [Profile] Single GPU - Level1_Log Run VAE Decoder cost 0.895549 seconds
2026-07-24 04:41:59.623 | INFO     | lightx2v.utils.profiler:__exit__:87 - [Profile] Single GPU - Level1_Log Run VAE Decoder cost 0.902802 seconds
2026-07-24 04:41:59.623 | INFO     | lightx2v.utils.profiler:__exit__:87 - [Profile] Single GPU - Level1_Log Run VAE Decoder cost 0.913348 seconds
2026-07-24 04:41:59.623 | INFO     | lightx2v.utils.profiler:__exit__:87 - [Profile] Single GPU - Level1_Log Run VAE Decoder cost 0.902412 seconds
2026-07-24 04:41:59.624 | INFO     | lightx2v.utils.profiler:__exit__:87 - [Profile] Rank 6 - Level1_Log segment end2end 1/1 cost 18.168412 seconds
2026-07-24 04:41:59.623 | INFO     | lightx2v.utils.profiler:__exit__:87 - [Profile] Single GPU - Level1_Log Run VAE Decoder cost 0.905145 seconds
2026-07-24 04:41:59.623 | INFO     | lightx2v.utils.profiler:__exit__:87 - [Profile] Single GPU - Level1_Log Run VAE Decoder cost 0.904449 seconds
2026-07-24 04:41:59.623 | INFO     | lightx2v.utils.profiler:__exit__:87 - [Profile] Single GPU - Level1_Log Run VAE Decoder cost 0.894123 seconds
2026-07-24 04:41:59.623 | INFO     | lightx2v.utils.profiler:__exit__:87 - [Profile] Rank 0 - Level1_Log segment end2end 1/1 cost 18.195847 seconds
2026-07-24 04:41:59.623 | INFO     | lightx2v.utils.profiler:__exit__:87 - [Profile] Single GPU - Level1_Log Run VAE Decoder cost 0.898187 seconds
2026-07-24 04:41:59.623 | INFO     | lightx2v.utils.profiler:__exit__:87 - [Profile] Rank 5 - Level1_Log segment end2end 1/1 cost 18.194682 seconds
2026-07-24 04:41:59.624 | INFO     | lightx2v.utils.profiler:__exit__:87 - [Profile] Rank 1 - Level1_Log segment end2end 1/1 cost 18.175126 seconds
2026-07-24 04:41:59.624 | INFO     | lightx2v.utils.profiler:__exit__:87 - [Profile] Rank 2 - Level1_Log segment end2end 1/1 cost 18.181260 seconds
2026-07-24 04:41:59.624 | INFO     | lightx2v.utils.profiler:__exit__:87 - [Profile] Rank 7 - Level1_Log segment end2end 1/1 cost 18.138089 seconds
2026-07-24 04:41:59.624 | INFO     | lightx2v.utils.profiler:__exit__:87 - [Profile] Single GPU - Level2_Log Run DiT cost 18.170160 seconds
2026-07-24 04:41:59.624 | INFO     | lightx2v.utils.profiler:__exit__:87 - [Profile] Rank 4 - Level1_Log segment end2end 1/1 cost 18.138462 seconds
2026-07-24 04:41:59.625 | INFO     | lightx2v.utils.profiler:__exit__:87 - [Profile] Rank 3 - Level1_Log segment end2end 1/1 cost 18.163213 seconds
2026-07-24 04:41:59.625 | INFO     | lightx2v.utils.profiler:__exit__:87 - [Profile] Single GPU - Level2_Log Run DiT cost 18.177315 seconds
2026-07-24 04:41:59.625 | INFO     | lightx2v.utils.profiler:__exit__:87 - [Profile] Single GPU - Level1_Log RUN pipeline cost 19.639129 seconds
2026-07-24 04:41:59.625 | INFO     | lightx2v.utils.profiler:__exit__:87 - [Profile] Single GPU - Level2_Log Run DiT cost 18.183635 seconds
2026-07-24 04:41:59.625 | INFO     | lightx2v.utils.profiler:__exit__:87 - [Profile] Single GPU - Level2_Log Run DiT cost 18.197736 seconds
2026-07-24 04:41:59.625 | INFO     | lightx2v.utils.profiler:__exit__:87 - [Profile] Single GPU - Level1_Log RUN pipeline cost 19.478131 seconds
2026-07-24 04:41:59.625 | INFO     | lightx2v.utils.profiler:__exit__:87 - [Profile] Single GPU - Level2_Log Run DiT cost 18.140511 seconds
2026-07-24 04:41:59.625 | INFO     | lightx2v.utils.profiler:__exit__:87 - [Profile] Single GPU - Level2_Log Run DiT cost 18.165749 seconds
2026-07-24 04:41:59.625 | INFO     | lightx2v.utils.profiler:__exit__:87 - [Profile] Single GPU - Level2_Log Run DiT cost 18.140502 seconds
2026-07-24 04:41:59.626 | INFO     | lightx2v.utils.profiler:__exit__:87 - [Profile] Single GPU - Level1_Log RUN pipeline cost 19.616447 seconds
2026-07-24 04:41:59.626 | INFO     | lightx2v.utils.profiler:__exit__:87 - [Profile] Single GPU - Level1_Log RUN pipeline cost 19.256580 seconds
2026-07-24 04:41:59.626 | INFO     | lightx2v.utils.profiler:__exit__:87 - [Profile] Single GPU - Level1_Log RUN pipeline cost 19.797737 seconds
2026-07-24 04:41:59.626 | INFO     | lightx2v.utils.profiler:__exit__:87 - [Profile] Rank 0 - Level2_Log wan_vae_to_comfy cost 0.001289 seconds
2026-07-24 04:41:59.626 | INFO     | lightx2v.utils.profiler:__exit__:87 - [Profile] Single GPU - Level1_Log RUN pipeline cost 19.614004 seconds
2026-07-24 04:41:59.626 | INFO     | lightx2v.utils.profiler:__exit__:87 - [Profile] Single GPU - Level1_Log RUN pipeline cost 19.224174 seconds
2026-07-24 04:41:59.626 | INFO     | lightx2v.models.runners.default_runner:process_images_after_vae_decoder:561 - 🎬 Start to save video 🎬
2026-07-24 04:41:59.989 | INFO     | lightx2v.models.runners.base_runner:_maybe_freeze_gc:84 - [GC] gc.collect() reclaimed 0 objects; gc.freeze() moved ~708860 live tracked objects out of future GC walks
2026-07-24 04:41:59.989 | INFO     | lightx2v.utils.profiler:__exit__:87 - [Profile] Rank 7 - Level1_Log Total Cost cost 274.755819 seconds
2026-07-24 04:41:59.992 | INFO     | lightx2v.models.runners.base_runner:_maybe_freeze_gc:84 - [GC] gc.collect() reclaimed 0 objects; gc.freeze() moved ~708860 live tracked objects out of future GC walks
2026-07-24 04:41:59.993 | INFO     | lightx2v.utils.profiler:__exit__:87 - [Profile] Rank 4 - Level1_Log Total Cost cost 274.759238 seconds
2026-07-24 04:42:00.027 | INFO     | lightx2v.models.runners.base_runner:_maybe_freeze_gc:84 - [GC] gc.collect() reclaimed 0 objects; gc.freeze() moved ~708860 live tracked objects out of future GC walks
2026-07-24 04:42:00.027 | INFO     | lightx2v.utils.profiler:__exit__:87 - [Profile] Rank 2 - Level1_Log Total Cost cost 274.793167 seconds
2026-07-24 04:42:00.043 | INFO     | lightx2v.models.runners.base_runner:_maybe_freeze_gc:84 - [GC] gc.collect() reclaimed 0 objects; gc.freeze() moved ~708861 live tracked objects out of future GC walks
2026-07-24 04:42:00.043 | INFO     | lightx2v.utils.profiler:__exit__:87 - [Profile] Rank 1 - Level1_Log Total Cost cost 274.808882 seconds
2026-07-24 04:42:00.069 | INFO     | lightx2v.models.runners.base_runner:_maybe_freeze_gc:84 - [GC] gc.collect() reclaimed 0 objects; gc.freeze() moved ~708858 live tracked objects out of future GC walks
2026-07-24 04:42:00.069 | INFO     | lightx2v.utils.profiler:__exit__:87 - [Profile] Rank 5 - Level1_Log Total Cost cost 274.834659 seconds
2026-07-24 04:42:00.111 | INFO     | lightx2v.models.runners.base_runner:_maybe_freeze_gc:84 - [GC] gc.collect() reclaimed 0 objects; gc.freeze() moved ~708859 live tracked objects out of future GC walks
2026-07-24 04:42:00.112 | INFO     | lightx2v.utils.profiler:__exit__:87 - [Profile] Rank 6 - Level1_Log Total Cost cost 274.878463 seconds
2026-07-24 04:42:00.202 | INFO     | lightx2v.models.runners.default_runner:process_images_after_vae_decoder:570 - ✅ Video saved successfully to: /data/fuhaiwen1/LightX2V/save_results/baseline_benchmark_6.mp4 ✅
2026-07-24 04:42:00.203 | INFO     | lightx2v.utils.profiler:__exit__:87 - [Profile] Single GPU - Level2_Log Run DiT cost 18.776611 seconds
2026-07-24 04:42:00.203 | INFO     | lightx2v.utils.profiler:__exit__:87 - [Profile] Single GPU - Level1_Log RUN pipeline cost 20.229505 seconds
2026-07-24 04:42:00.671 | INFO     | lightx2v.models.runners.base_runner:_maybe_freeze_gc:84 - [GC] gc.collect() reclaimed 0 objects; gc.freeze() moved ~708865 live tracked objects out of future GC walks
2026-07-24 04:42:00.671 | INFO     | lightx2v.utils.profiler:__exit__:87 - [Profile] Rank 0 - Level1_Log Total Cost cost 275.438374 seconds
2026-07-24 04:42:00.808 | INFO     | lightx2v.models.runners.base_runner:_maybe_freeze_gc:84 - [GC] gc.collect() reclaimed 0 objects; gc.freeze() moved ~708861 live tracked objects out of future GC walks
2026-07-24 04:42:00.809 | INFO     | lightx2v.utils.profiler:__exit__:87 - [Profile] Rank 3 - Level1_Log Total Cost cost 275.575926 seconds
2026-07-24 04:42:01.144 | INFO     | __main__:main:241 - Distributed process group cleaned up
2026-07-24 04:42:01.177 | INFO     | __main__:main:241 - Distributed process group cleaned up
2026-07-24 04:42:01.200 | INFO     | __main__:main:241 - Distributed process group cleaned up
2026-07-24 04:42:01.202 | INFO     | __main__:main:241 - Distributed process group cleaned up
2026-07-24 04:42:01.488 | INFO     | __main__:main:241 - Distributed process group cleaned up
2026-07-24 04:42:01.518 | INFO     | __main__:main:241 - Distributed process group cleaned up
2026-07-24 04:42:01.544 | INFO     | __main__:main:241 - Distributed process group cleaned up
2026-07-24 04:42:01.544 | INFO     | __main__:main:241 - Distributed process group cleaned up
2026-07-24 04:42:06.910 | INFO     | lightx2v_platform.base.base:init_ai_device:17 - Initialized AI_DEVICE: cuda
2026-07-24 04:42:09.084 | INFO     | lightx2v_platform.base.base:init_ai_device:17 - Initialized AI_DEVICE: cuda
2026-07-24 04:42:11.122 | INFO     | lightx2v_platform.base.base:init_ai_device:17 - Initialized AI_DEVICE: cuda
2026-07-24 04:42:13.079 | INFO     | lightx2v_platform.base.base:init_ai_device:17 - Initialized AI_DEVICE: cuda
2026-07-24 04:42:15.103 | INFO     | lightx2v_platform.base.base:init_ai_device:17 - Initialized AI_DEVICE: cuda
2026-07-24 04:42:15.856 | INFO     | __main__:_controller_main:512 - [done] request_id=0 worker=0 start_ts=1784867834.247479 finish_ts=1784868135.840751 e2e=310.601s elapsed_from_global_start=310.600s rc=0
2026-07-24 04:42:16.989 | INFO     | lightx2v_platform.base.base:init_ai_device:17 - Initialized AI_DEVICE: cuda
2026-07-24 04:42:18.913 | INFO     | lightx2v_platform.base.base:init_ai_device:17 - Initialized AI_DEVICE: cuda
2026-07-24 04:42:19.969 | INFO     | lightx2v_platform.base.base:check_ai_device:34 - AI device for platform 'cuda' is available.
2026-07-24 04:42:19.974 | INFO     | lightx2v_platform.base.base:check_ai_device:34 - AI device for platform 'cuda' is available.
2026-07-24 04:42:19.978 | INFO     | lightx2v_platform.base.base:check_ai_device:34 - AI device for platform 'cuda' is available.
2026-07-24 04:42:19.979 | INFO     | lightx2v_platform.base.base:check_ai_device:34 - AI device for platform 'cuda' is available.
2026-07-24 04:42:19.979 | INFO     | lightx2v_platform.base.base:check_ai_device:34 - AI device for platform 'cuda' is available.
2026-07-24 04:42:19.987 | INFO     | lightx2v_platform.base.base:check_ai_device:34 - AI device for platform 'cuda' is available.
2026-07-24 04:42:19.999 | INFO     | lightx2v_platform.base.base:check_ai_device:34 - AI device for platform 'cuda' is available.
2026-07-24 04:42:20.993 | INFO     | lightx2v_platform.base.base:init_ai_device:17 - Initialized AI_DEVICE: cuda
2026-07-24 04:42:21.063 | INFO     | lightx2v_platform.base.base:check_ai_device:34 - AI device for platform 'cuda' is available.
/app/MagiAttention/magi_attention/__init__.py:26: UserWarning: You are using magi_attention without installing it. This may cause some unexpected errors.
  warnings.warn(
/app/MagiAttention/magi_attention/__init__.py:26: UserWarning: You are using magi_attention without installing it. This may cause some unexpected errors.
  warnings.warn(
/app/MagiAttention/magi_attention/__init__.py:26: UserWarning: You are using magi_attention without installing it. This may cause some unexpected errors.
  warnings.warn(
/app/MagiAttention/magi_attention/__init__.py:26: UserWarning: You are using magi_attention without installing it. This may cause some unexpected errors.
  warnings.warn(
/app/MagiAttention/magi_attention/__init__.py:26: UserWarning: You are using magi_attention without installing it. This may cause some unexpected errors.
  warnings.warn(
/app/MagiAttention/magi_attention/__init__.py:26: UserWarning: You are using magi_attention without installing it. This may cause some unexpected errors.
  warnings.warn(
/app/MagiAttention/magi_attention/__init__.py:26: UserWarning: You are using magi_attention without installing it. This may cause some unexpected errors.
  warnings.warn(
/app/MagiAttention/magi_attention/__init__.py:26: UserWarning: You are using magi_attention without installing it. This may cause some unexpected errors.
  warnings.warn(
2026-07-24 04:42:23.329 | INFO     | lightx2v.common.ops.attn.dynamic_sparse_attn:<module>:16 - flash_attn.cute not found, please install flashattention4 first
2026-07-24 04:42:23.329 | INFO     | lightx2v.common.ops.attn.dynamic_sparse_attn:<module>:22 - sageattn3_sparse not found, please install sageattn3_sparse first
2026-07-24 04:42:23.335 | INFO     | lightx2v.common.ops.attn.flash_attn:<module>:26 - flash_attn.cute not found, please install flashattention4 first
2026-07-24 04:42:23.358 | INFO     | lightx2v.common.ops.attn.dynamic_sparse_attn:<module>:16 - flash_attn.cute not found, please install flashattention4 first
2026-07-24 04:42:23.359 | INFO     | lightx2v.common.ops.attn.dynamic_sparse_attn:<module>:22 - sageattn3_sparse not found, please install sageattn3_sparse first
2026-07-24 04:42:23.361 | INFO     | lightx2v.common.ops.attn.flash_attn:<module>:26 - flash_attn.cute not found, please install flashattention4 first
2026-07-24 04:42:23.435 | INFO     | lightx2v.common.ops.attn.dynamic_sparse_attn:<module>:16 - flash_attn.cute not found, please install flashattention4 first
2026-07-24 04:42:23.436 | INFO     | lightx2v.common.ops.attn.dynamic_sparse_attn:<module>:22 - sageattn3_sparse not found, please install sageattn3_sparse first
2026-07-24 04:42:23.438 | INFO     | lightx2v.common.ops.attn.flash_attn:<module>:26 - flash_attn.cute not found, please install flashattention4 first
2026-07-24 04:42:23.520 | INFO     | lightx2v.common.ops.attn.dynamic_sparse_attn:<module>:16 - flash_attn.cute not found, please install flashattention4 first
2026-07-24 04:42:23.521 | INFO     | lightx2v.common.ops.attn.dynamic_sparse_attn:<module>:22 - sageattn3_sparse not found, please install sageattn3_sparse first
2026-07-24 04:42:23.524 | INFO     | lightx2v.common.ops.attn.flash_attn:<module>:26 - flash_attn.cute not found, please install flashattention4 first
2026-07-24 04:42:23.542 | INFO     | lightx2v.common.ops.attn.dynamic_sparse_attn:<module>:16 - flash_attn.cute not found, please install flashattention4 first
2026-07-24 04:42:23.543 | INFO     | lightx2v.common.ops.attn.dynamic_sparse_attn:<module>:22 - sageattn3_sparse not found, please install sageattn3_sparse first
2026-07-24 04:42:23.545 | INFO     | lightx2v.common.ops.attn.flash_attn:<module>:26 - flash_attn.cute not found, please install flashattention4 first
2026-07-24 04:42:23.582 | INFO     | lightx2v.common.ops.attn.dynamic_sparse_attn:<module>:16 - flash_attn.cute not found, please install flashattention4 first
2026-07-24 04:42:23.583 | INFO     | lightx2v.common.ops.attn.dynamic_sparse_attn:<module>:22 - sageattn3_sparse not found, please install sageattn3_sparse first
2026-07-24 04:42:23.585 | INFO     | lightx2v.common.ops.attn.flash_attn:<module>:26 - flash_attn.cute not found, please install flashattention4 first
2026-07-24 04:42:23.601 | INFO     | lightx2v.common.ops.attn.dynamic_sparse_attn:<module>:16 - flash_attn.cute not found, please install flashattention4 first
2026-07-24 04:42:23.602 | INFO     | lightx2v.common.ops.attn.dynamic_sparse_attn:<module>:22 - sageattn3_sparse not found, please install sageattn3_sparse first
2026-07-24 04:42:23.604 | INFO     | lightx2v.common.ops.attn.flash_attn:<module>:26 - flash_attn.cute not found, please install flashattention4 first
2026-07-24 04:42:23.615 | INFO     | lightx2v.common.ops.attn.sage_attn:<module>:23 - sageattn3_sparse not found, please install sageattn3_sparse first
2026-07-24 04:42:23.621 | INFO     | lightx2v.common.ops.attn.sage_attn:<module>:23 - sageattn3_sparse not found, please install sageattn3_sparse first
2026-07-24 04:42:23.649 | INFO     | lightx2v.common.ops.attn.sage_attn:<module>:61 - sageattn3_sparse not found, please install sageattention sparse first
2026-07-24 04:42:23.656 | INFO     | lightx2v.common.ops.attn.sage_attn:<module>:61 - sageattn3_sparse not found, please install sageattention sparse first
2026-07-24 04:42:23.667 | INFO     | lightx2v.common.ops.attn.sparse_operator:<module>:14 - flash_attn.cute not found, please install flashattention4 first
2026-07-24 04:42:23.667 | INFO     | lightx2v.common.ops.attn.sparse_operator:<module>:20 - sageattn3_sparse not found, please install sageattn3_sparse first
2026-07-24 04:42:23.668 | INFO     | lightx2v.common.ops.attn.sparse_operator:<module>:14 - flash_attn.cute not found, please install flashattention4 first
2026-07-24 04:42:23.669 | INFO     | lightx2v.common.ops.attn.sparse_operator:<module>:20 - sageattn3_sparse not found, please install sageattn3_sparse first
2026-07-24 04:42:23.677 | INFO     | lightx2v.common.ops.attn.sage_attn:<module>:23 - sageattn3_sparse not found, please install sageattn3_sparse first
2026-07-24 04:42:23.712 | INFO     | lightx2v.common.ops.attn.sage_attn:<module>:61 - sageattn3_sparse not found, please install sageattention sparse first
2026-07-24 04:42:23.724 | INFO     | lightx2v.common.ops.attn.sparse_operator:<module>:14 - flash_attn.cute not found, please install flashattention4 first
2026-07-24 04:42:23.724 | INFO     | lightx2v.common.ops.attn.sparse_operator:<module>:20 - sageattn3_sparse not found, please install sageattn3_sparse first
2026-07-24 04:42:23.731 | INFO     | lightx2v.common.ops.attn.dynamic_sparse_attn:<module>:16 - flash_attn.cute not found, please install flashattention4 first
2026-07-24 04:42:23.731 | INFO     | lightx2v.common.ops.attn.dynamic_sparse_attn:<module>:22 - sageattn3_sparse not found, please install sageattn3_sparse first
2026-07-24 04:42:23.733 | INFO     | lightx2v.common.ops.attn.flash_attn:<module>:26 - flash_attn.cute not found, please install flashattention4 first
2026-07-24 04:42:23.738 | INFO     | lightx2v.common.ops.attn.sage_attn:<module>:23 - sageattn3_sparse not found, please install sageattn3_sparse first
2026-07-24 04:42:23.767 | INFO     | lightx2v.common.ops.attn.sage_attn:<module>:23 - sageattn3_sparse not found, please install sageattn3_sparse first
2026-07-24 04:42:23.773 | INFO     | lightx2v.common.ops.attn.sage_attn:<module>:61 - sageattn3_sparse not found, please install sageattention sparse first
2026-07-24 04:42:23.786 | INFO     | lightx2v.common.ops.attn.sparse_operator:<module>:14 - flash_attn.cute not found, please install flashattention4 first
2026-07-24 04:42:23.786 | INFO     | lightx2v.common.ops.attn.sparse_operator:<module>:20 - sageattn3_sparse not found, please install sageattn3_sparse first
2026-07-24 04:42:23.802 | INFO     | lightx2v.common.ops.attn.sage_attn:<module>:61 - sageattn3_sparse not found, please install sageattention sparse first
2026-07-24 04:42:23.812 | INFO     | lightx2v.common.ops.attn.sage_attn:<module>:23 - sageattn3_sparse not found, please install sageattn3_sparse first
2026-07-24 04:42:23.816 | INFO     | lightx2v.common.ops.attn.sparse_operator:<module>:14 - flash_attn.cute not found, please install flashattention4 first
2026-07-24 04:42:23.816 | INFO     | lightx2v.common.ops.attn.sparse_operator:<module>:20 - sageattn3_sparse not found, please install sageattn3_sparse first
2026-07-24 04:42:23.835 | INFO     | lightx2v.common.ops.attn.sage_attn:<module>:23 - sageattn3_sparse not found, please install sageattn3_sparse first
2026-07-24 04:42:23.847 | INFO     | lightx2v.common.ops.attn.sage_attn:<module>:61 - sageattn3_sparse not found, please install sageattention sparse first
2026-07-24 04:42:23.859 | INFO     | lightx2v.common.ops.attn.sparse_operator:<module>:14 - flash_attn.cute not found, please install flashattention4 first
2026-07-24 04:42:23.860 | INFO     | lightx2v.common.ops.attn.sparse_operator:<module>:20 - sageattn3_sparse not found, please install sageattn3_sparse first
2026-07-24 04:42:23.869 | INFO     | lightx2v.common.ops.attn.sage_attn:<module>:61 - sageattn3_sparse not found, please install sageattention sparse first
2026-07-24 04:42:23.882 | INFO     | lightx2v.common.ops.attn.sparse_operator:<module>:14 - flash_attn.cute not found, please install flashattention4 first
2026-07-24 04:42:23.883 | INFO     | lightx2v.common.ops.attn.sparse_operator:<module>:20 - sageattn3_sparse not found, please install sageattn3_sparse first
2026-07-24 04:42:23.934 | INFO     | lightx2v.common.ops.attn.sage_attn:<module>:23 - sageattn3_sparse not found, please install sageattn3_sparse first
2026-07-24 04:42:23.969 | INFO     | lightx2v.common.ops.attn.sage_attn:<module>:61 - sageattn3_sparse not found, please install sageattention sparse first
2026-07-24 04:42:23.981 | INFO     | lightx2v.common.ops.attn.sparse_operator:<module>:14 - flash_attn.cute not found, please install flashattention4 first
2026-07-24 04:42:23.981 | INFO     | lightx2v.common.ops.attn.sparse_operator:<module>:20 - sageattn3_sparse not found, please install sageattn3_sparse first
2026-07-24 04:42:28.446 | INFO     | lightx2v.utils.set_config:auto_calc_config:62 - Loading some config from /tmp/baseline_req_1_s0h43hrq/request_config.json
2026-07-24 04:42:28.446 | INFO     | lightx2v.utils.set_config:auto_calc_config:62 - Loading some config from /tmp/baseline_req_1_icwqrugf/request_config.json
2026-07-24 04:42:28.446 | INFO     | lightx2v.utils.set_config:auto_calc_config:62 - Loading some config from /tmp/baseline_req_1_9llfp0gq/request_config.json
2026-07-24 04:42:28.446 | INFO     | lightx2v.utils.set_config:auto_calc_config:62 - Loading some config from /tmp/baseline_req_1_4ch24asx/request_config.json
2026-07-24 04:42:28.446 | INFO     | lightx2v.utils.set_config:auto_calc_config:62 - Loading some config from /tmp/baseline_req_1_2vzhzczd/request_config.json
2026-07-24 04:42:28.446 | INFO     | lightx2v.utils.set_config:auto_calc_config:62 - Loading some config from /tmp/baseline_req_1_5c9liq7r/request_config.json
2026-07-24 04:42:28.446 | INFO     | lightx2v.utils.set_config:auto_calc_config:62 - Loading some config from /tmp/baseline_req_1_gk33z4g3/request_config.json
2026-07-24 04:42:28.446 | INFO     | lightx2v.utils.set_config:auto_calc_config:62 - Loading some config from /tmp/baseline_req_1_oqb80r87/request_config.json
2026-07-24 04:42:29.772 | INFO     | lightx2v.utils.set_config:print_config:373 - config:
{
    "do_mm_calib": false,
    "cpu_offload": true,
    "max_area": false,
    "vae_stride": [
        4,
        8,
        8
    ],
    "patch_size": [
        1,
        2,
        2
    ],
    "feature_caching": "NoCaching",
    "teacache_thresh": 0.26,
    "use_ret_steps": false,
    "use_bfloat16": true,
    "lora_configs": null,
    "use_prompt_enhancer": false,
    "parallel": {
        "seq_p_size": 8,
        "seq_p_attn_type": "ulysses"
    },
    "seq_parallel": true,
    "cfg_parallel": false,
    "enable_cfg": false,
    "use_image_encoder": false,
    "model_cls": "wan2.2_moe",
    "task": "i2v",
    "support_tasks": [],
    "model_path": "/data/fuhaiwen1/LightX2V/models/Wan-AI/Wan2.2-I2V-A14B",
    "config_json": "/tmp/baseline_req_1_icwqrugf/request_config.json",
    "enable_bf16": false,
    "save_rendered": false,
    "render_depth": false,
    "_wm_cli_snapshot": {
        "subfolder": null,
        "disable_heads": null,
        "enable_bf16": false,
        "save_rendered": false,
        "render_interp_per_pair": null,
        "render_depth": false,
        "wm_config_path": null,
        "wm_ckpt_path": null
    },
    "infer_steps": 4,
    "in_dim": 36,
    "dim": 5120,
    "ffn_dim": 13824,
    "freq_dim": 256,
    "num_heads": 40,
    "num_layers": 40,
    "out_dim": 16,
    "eps": 1e-06,
    "model_type": "i2v",
    "target_video_length": 81,
    "text_len": 512,
    "target_height": 480,
    "target_width": 832,
    "self_attn_1_type": "sage_attn2",
    "cross_attn_1_type": "sage_attn2",
    "cross_attn_2_type": "sage_attn2",
    "sample_guide_scale": [
        3.5,
        3.5
    ],
    "sample_shift": 5.0,
    "offload_granularity": "block",
    "t5_cpu_offload": false,
    "vae_cpu_offload": false,
    "fps": 16,
    "boundary_step_index": 2,
    "denoising_step_list": [
        1000,
        750,
        500,
        250
    ],
    "dit_quantized": true,
    "dit_quant_scheme": "int8-q8f",
    "high_noise_quantized_ckpt": "/data/fuhaiwen1/LightX2V/models/lightx2v/Wan2.2-Distill-Models/wan2.2_i2v_A14b_high_noise_int8_lightx2v_4step.safetensors",
    "low_noise_quantized_ckpt": "/data/fuhaiwen1/LightX2V/models/lightx2v/Wan2.2-Distill-Models/wan2.2_i2v_A14b_low_noise_int8_lightx2v_4step.safetensors",
    "high_noise_original_ckpt": "/data/fuhaiwen1/LightX2V/models/lightx2v/Wan2.2-Distill-Models/wan2.2_i2v_A14b_high_noise_int8_lightx2v_4step.safetensors",
    "low_noise_original_ckpt": "/data/fuhaiwen1/LightX2V/models/lightx2v/Wan2.2-Distill-Models/wan2.2_i2v_A14b_low_noise_int8_lightx2v_4step.safetensors",
    "save_path": "/data/fuhaiwen1/LightX2V/save_results/baseline_benchmark_6.mp4",
    "prompt": "Summer beach vacation style, a white cat wearing sunglasses sits on a surfboard.",
    "negative_prompt": "镜头晃动，色调艳丽，过曝，静态",
    "image_path": "/data/fuhaiwen1/LightX2V/assets/inputs/imgs/img_0.jpg",
    "boundary": 0.9,
    "data_bootstrap_room": 1,
    "device_mesh": "DeviceMesh('cuda', [[0, 1, 2, 3, 4, 5, 6, 7]], mesh_dim_names=('cfg_p', 'seq_p'))",
    "tensor_parallel": false
}
2026-07-24 04:42:29.780 | DEBUG    | lightx2v.utils.utils:validate_config_paths:750 - ✓ Verified high_noise_original_ckpt: /data/fuhaiwen1/LightX2V/models/lightx2v/Wan2.2-Distill-Models/wan2.2_i2v_A14b_high_noise_int8_lightx2v_4step.safetensors
2026-07-24 04:42:29.780 | DEBUG    | lightx2v.utils.utils:validate_config_paths:754 - ✓ Verified high_noise_quantized_ckpt: /data/fuhaiwen1/LightX2V/models/lightx2v/Wan2.2-Distill-Models/wan2.2_i2v_A14b_high_noise_int8_lightx2v_4step.safetensors
2026-07-24 04:42:29.781 | DEBUG    | lightx2v.utils.utils:validate_config_paths:750 - ✓ Verified high_noise_original_ckpt: /data/fuhaiwen1/LightX2V/models/lightx2v/Wan2.2-Distill-Models/wan2.2_i2v_A14b_high_noise_int8_lightx2v_4step.safetensors
2026-07-24 04:42:29.781 | DEBUG    | lightx2v.utils.utils:validate_config_paths:754 - ✓ Verified high_noise_quantized_ckpt: /data/fuhaiwen1/LightX2V/models/lightx2v/Wan2.2-Distill-Models/wan2.2_i2v_A14b_high_noise_int8_lightx2v_4step.safetensors
2026-07-24 04:42:29.782 | DEBUG    | lightx2v.utils.utils:validate_config_paths:759 - ✓ Verified low_noise_original_ckpt: /data/fuhaiwen1/LightX2V/models/lightx2v/Wan2.2-Distill-Models/wan2.2_i2v_A14b_low_noise_int8_lightx2v_4step.safetensors
2026-07-24 04:42:29.782 | DEBUG    | lightx2v.utils.utils:validate_config_paths:763 - ✓ Verified low_noise_quantized_ckpt: /data/fuhaiwen1/LightX2V/models/lightx2v/Wan2.2-Distill-Models/wan2.2_i2v_A14b_low_noise_int8_lightx2v_4step.safetensors
2026-07-24 04:42:29.782 | DEBUG    | lightx2v.utils.utils:validate_config_paths:750 - ✓ Verified high_noise_original_ckpt: /data/fuhaiwen1/LightX2V/models/lightx2v/Wan2.2-Distill-Models/wan2.2_i2v_A14b_high_noise_int8_lightx2v_4step.safetensors
2026-07-24 04:42:29.782 | INFO     | lightx2v.utils.utils:validate_config_paths:765 - ✓ Config checkpoint paths validated successfully
2026-07-24 04:42:29.782 | DEBUG    | lightx2v.utils.utils:validate_config_paths:754 - ✓ Verified high_noise_quantized_ckpt: /data/fuhaiwen1/LightX2V/models/lightx2v/Wan2.2-Distill-Models/wan2.2_i2v_A14b_high_noise_int8_lightx2v_4step.safetensors
2026-07-24 04:42:29.782 | DEBUG    | lightx2v.utils.utils:validate_config_paths:759 - ✓ Verified low_noise_original_ckpt: /data/fuhaiwen1/LightX2V/models/lightx2v/Wan2.2-Distill-Models/wan2.2_i2v_A14b_low_noise_int8_lightx2v_4step.safetensors
2026-07-24 04:42:29.782 | INFO     | lightx2v.models.runners.wan.wan_runner:init_scheduler:364 - Using WanScheduler
2026-07-24 04:42:29.783 | DEBUG    | lightx2v.utils.utils:validate_config_paths:759 - ✓ Verified low_noise_original_ckpt: /data/fuhaiwen1/LightX2V/models/lightx2v/Wan2.2-Distill-Models/wan2.2_i2v_A14b_low_noise_int8_lightx2v_4step.safetensors
2026-07-24 04:42:29.783 | DEBUG    | lightx2v.utils.utils:validate_config_paths:763 - ✓ Verified low_noise_quantized_ckpt: /data/fuhaiwen1/LightX2V/models/lightx2v/Wan2.2-Distill-Models/wan2.2_i2v_A14b_low_noise_int8_lightx2v_4step.safetensors
2026-07-24 04:42:29.783 | DEBUG    | lightx2v.utils.utils:validate_config_paths:750 - ✓ Verified high_noise_original_ckpt: /data/fuhaiwen1/LightX2V/models/lightx2v/Wan2.2-Distill-Models/wan2.2_i2v_A14b_high_noise_int8_lightx2v_4step.safetensors
2026-07-24 04:42:29.783 | INFO     | lightx2v.models.runners.default_runner:init_modules:111 - Initializing runner modules...
2026-07-24 04:42:29.783 | DEBUG    | lightx2v.utils.utils:validate_config_paths:763 - ✓ Verified low_noise_quantized_ckpt: /data/fuhaiwen1/LightX2V/models/lightx2v/Wan2.2-Distill-Models/wan2.2_i2v_A14b_low_noise_int8_lightx2v_4step.safetensors
2026-07-24 04:42:29.783 | INFO     | lightx2v.utils.utils:validate_config_paths:765 - ✓ Config checkpoint paths validated successfully
2026-07-24 04:42:29.783 | DEBUG    | lightx2v.utils.utils:validate_config_paths:754 - ✓ Verified high_noise_quantized_ckpt: /data/fuhaiwen1/LightX2V/models/lightx2v/Wan2.2-Distill-Models/wan2.2_i2v_A14b_high_noise_int8_lightx2v_4step.safetensors
2026-07-24 04:42:29.783 | INFO     | lightx2v.utils.custom_compiler:_discover_compiled_methods:120 - [Compile] Discovering compiled methods for WanModel...
2026-07-24 04:42:29.783 | INFO     | lightx2v.utils.utils:validate_config_paths:765 - ✓ Config checkpoint paths validated successfully
2026-07-24 04:42:29.784 | INFO     | lightx2v.utils.custom_compiler:_discover_compiled_methods:125 - [Compile] Found compiled method: _infer_cond_uncond
2026-07-24 04:42:29.783 | DEBUG    | lightx2v.utils.utils:validate_config_paths:759 - ✓ Verified low_noise_original_ckpt: /data/fuhaiwen1/LightX2V/models/lightx2v/Wan2.2-Distill-Models/wan2.2_i2v_A14b_low_noise_int8_lightx2v_4step.safetensors
2026-07-24 04:42:29.784 | INFO     | lightx2v.models.runners.wan.wan_runner:init_scheduler:364 - Using WanScheduler
2026-07-24 04:42:29.784 | INFO     | lightx2v.models.runners.wan.wan_runner:init_scheduler:364 - Using WanScheduler
2026-07-24 04:42:29.784 | DEBUG    | lightx2v.utils.utils:validate_config_paths:750 - ✓ Verified high_noise_original_ckpt: /data/fuhaiwen1/LightX2V/models/lightx2v/Wan2.2-Distill-Models/wan2.2_i2v_A14b_high_noise_int8_lightx2v_4step.safetensors
2026-07-24 04:42:29.784 | DEBUG    | lightx2v.utils.utils:validate_config_paths:763 - ✓ Verified low_noise_quantized_ckpt: /data/fuhaiwen1/LightX2V/models/lightx2v/Wan2.2-Distill-Models/wan2.2_i2v_A14b_low_noise_int8_lightx2v_4step.safetensors
2026-07-24 04:42:29.784 | INFO     | lightx2v.models.runners.default_runner:init_modules:111 - Initializing runner modules...
2026-07-24 04:42:29.784 | INFO     | lightx2v.models.runners.default_runner:init_modules:111 - Initializing runner modules...
2026-07-24 04:42:29.784 | DEBUG    | lightx2v.utils.utils:validate_config_paths:754 - ✓ Verified high_noise_quantized_ckpt: /data/fuhaiwen1/LightX2V/models/lightx2v/Wan2.2-Distill-Models/wan2.2_i2v_A14b_high_noise_int8_lightx2v_4step.safetensors
2026-07-24 04:42:29.784 | INFO     | lightx2v.utils.custom_compiler:_discover_compiled_methods:120 - [Compile] Discovering compiled methods for WanModel...
2026-07-24 04:42:29.784 | INFO     | lightx2v.utils.utils:validate_config_paths:765 - ✓ Config checkpoint paths validated successfully
2026-07-24 04:42:29.784 | INFO     | lightx2v.utils.custom_compiler:_discover_compiled_methods:120 - [Compile] Discovering compiled methods for WanModel...
2026-07-24 04:42:29.785 | DEBUG    | lightx2v.utils.utils:validate_config_paths:759 - ✓ Verified low_noise_original_ckpt: /data/fuhaiwen1/LightX2V/models/lightx2v/Wan2.2-Distill-Models/wan2.2_i2v_A14b_low_noise_int8_lightx2v_4step.safetensors
2026-07-24 04:42:29.784 | DEBUG    | lightx2v.utils.utils:validate_config_paths:750 - ✓ Verified high_noise_original_ckpt: /data/fuhaiwen1/LightX2V/models/lightx2v/Wan2.2-Distill-Models/wan2.2_i2v_A14b_high_noise_int8_lightx2v_4step.safetensors
2026-07-24 04:42:29.785 | INFO     | lightx2v.utils.custom_compiler:_discover_compiled_methods:125 - [Compile] Found compiled method: _infer_cond_uncond
2026-07-24 04:42:29.785 | INFO     | lightx2v.utils.custom_compiler:_discover_compiled_methods:125 - [Compile] Found compiled method: _infer_cond_uncond
2026-07-24 04:42:29.785 | DEBUG    | lightx2v.utils.utils:validate_config_paths:763 - ✓ Verified low_noise_quantized_ckpt: /data/fuhaiwen1/LightX2V/models/lightx2v/Wan2.2-Distill-Models/wan2.2_i2v_A14b_low_noise_int8_lightx2v_4step.safetensors
2026-07-24 04:42:29.785 | DEBUG    | lightx2v.utils.utils:validate_config_paths:750 - ✓ Verified high_noise_original_ckpt: /data/fuhaiwen1/LightX2V/models/lightx2v/Wan2.2-Distill-Models/wan2.2_i2v_A14b_high_noise_int8_lightx2v_4step.safetensors
2026-07-24 04:42:29.785 | INFO     | lightx2v.models.runners.wan.wan_runner:init_scheduler:364 - Using WanScheduler
2026-07-24 04:42:29.785 | DEBUG    | lightx2v.utils.utils:validate_config_paths:754 - ✓ Verified high_noise_quantized_ckpt: /data/fuhaiwen1/LightX2V/models/lightx2v/Wan2.2-Distill-Models/wan2.2_i2v_A14b_high_noise_int8_lightx2v_4step.safetensors
2026-07-24 04:42:29.785 | INFO     | lightx2v.utils.utils:validate_config_paths:765 - ✓ Config checkpoint paths validated successfully
2026-07-24 04:42:29.785 | DEBUG    | lightx2v.utils.utils:validate_config_paths:754 - ✓ Verified high_noise_quantized_ckpt: /data/fuhaiwen1/LightX2V/models/lightx2v/Wan2.2-Distill-Models/wan2.2_i2v_A14b_high_noise_int8_lightx2v_4step.safetensors
2026-07-24 04:42:29.785 | INFO     | lightx2v.models.runners.default_runner:init_modules:111 - Initializing runner modules...
2026-07-24 04:42:29.786 | DEBUG    | lightx2v.utils.utils:validate_config_paths:759 - ✓ Verified low_noise_original_ckpt: /data/fuhaiwen1/LightX2V/models/lightx2v/Wan2.2-Distill-Models/wan2.2_i2v_A14b_low_noise_int8_lightx2v_4step.safetensors
2026-07-24 04:42:29.786 | DEBUG    | lightx2v.utils.utils:validate_config_paths:750 - ✓ Verified high_noise_original_ckpt: /data/fuhaiwen1/LightX2V/models/lightx2v/Wan2.2-Distill-Models/wan2.2_i2v_A14b_high_noise_int8_lightx2v_4step.safetensors
2026-07-24 04:42:29.786 | DEBUG    | lightx2v.utils.utils:validate_config_paths:759 - ✓ Verified low_noise_original_ckpt: /data/fuhaiwen1/LightX2V/models/lightx2v/Wan2.2-Distill-Models/wan2.2_i2v_A14b_low_noise_int8_lightx2v_4step.safetensors
2026-07-24 04:42:29.786 | INFO     | lightx2v.utils.custom_compiler:_discover_compiled_methods:120 - [Compile] Discovering compiled methods for WanModel...
2026-07-24 04:42:29.786 | INFO     | lightx2v.models.runners.wan.wan_runner:init_scheduler:364 - Using WanScheduler
2026-07-24 04:42:29.786 | DEBUG    | lightx2v.utils.utils:validate_config_paths:763 - ✓ Verified low_noise_quantized_ckpt: /data/fuhaiwen1/LightX2V/models/lightx2v/Wan2.2-Distill-Models/wan2.2_i2v_A14b_low_noise_int8_lightx2v_4step.safetensors
2026-07-24 04:42:29.786 | DEBUG    | lightx2v.utils.utils:validate_config_paths:754 - ✓ Verified high_noise_quantized_ckpt: /data/fuhaiwen1/LightX2V/models/lightx2v/Wan2.2-Distill-Models/wan2.2_i2v_A14b_high_noise_int8_lightx2v_4step.safetensors
2026-07-24 04:42:29.786 | DEBUG    | lightx2v.utils.utils:validate_config_paths:763 - ✓ Verified low_noise_quantized_ckpt: /data/fuhaiwen1/LightX2V/models/lightx2v/Wan2.2-Distill-Models/wan2.2_i2v_A14b_low_noise_int8_lightx2v_4step.safetensors
2026-07-24 04:42:29.786 | INFO     | lightx2v.utils.custom_compiler:_discover_compiled_methods:125 - [Compile] Found compiled method: _infer_cond_uncond
2026-07-24 04:42:29.786 | INFO     | lightx2v.models.runners.default_runner:init_modules:111 - Initializing runner modules...
2026-07-24 04:42:29.786 | INFO     | lightx2v.utils.utils:validate_config_paths:765 - ✓ Config checkpoint paths validated successfully
2026-07-24 04:42:29.786 | DEBUG    | lightx2v.utils.utils:validate_config_paths:759 - ✓ Verified low_noise_original_ckpt: /data/fuhaiwen1/LightX2V/models/lightx2v/Wan2.2-Distill-Models/wan2.2_i2v_A14b_low_noise_int8_lightx2v_4step.safetensors
2026-07-24 04:42:29.786 | INFO     | lightx2v.utils.utils:validate_config_paths:765 - ✓ Config checkpoint paths validated successfully
2026-07-24 04:42:29.787 | INFO     | lightx2v.utils.custom_compiler:_discover_compiled_methods:120 - [Compile] Discovering compiled methods for WanModel...
2026-07-24 04:42:29.787 | DEBUG    | lightx2v.utils.utils:validate_config_paths:763 - ✓ Verified low_noise_quantized_ckpt: /data/fuhaiwen1/LightX2V/models/lightx2v/Wan2.2-Distill-Models/wan2.2_i2v_A14b_low_noise_int8_lightx2v_4step.safetensors
2026-07-24 04:42:29.787 | INFO     | lightx2v.models.runners.wan.wan_runner:init_scheduler:364 - Using WanScheduler
2026-07-24 04:42:29.787 | INFO     | lightx2v.utils.custom_compiler:_discover_compiled_methods:125 - [Compile] Found compiled method: _infer_cond_uncond
2026-07-24 04:42:29.787 | INFO     | lightx2v.utils.utils:validate_config_paths:765 - ✓ Config checkpoint paths validated successfully
2026-07-24 04:42:29.787 | INFO     | lightx2v.models.runners.default_runner:init_modules:111 - Initializing runner modules...
2026-07-24 04:42:29.787 | INFO     | lightx2v.models.runners.wan.wan_runner:init_scheduler:364 - Using WanScheduler
2026-07-24 04:42:29.787 | INFO     | lightx2v.models.runners.wan.wan_runner:init_scheduler:364 - Using WanScheduler
2026-07-24 04:42:29.787 | INFO     | lightx2v.models.runners.default_runner:init_modules:111 - Initializing runner modules...
2026-07-24 04:42:29.787 | INFO     | lightx2v.utils.custom_compiler:_discover_compiled_methods:120 - [Compile] Discovering compiled methods for WanModel...
2026-07-24 04:42:29.788 | INFO     | lightx2v.models.runners.default_runner:init_modules:111 - Initializing runner modules...
2026-07-24 04:42:29.788 | INFO     | lightx2v.utils.custom_compiler:_discover_compiled_methods:120 - [Compile] Discovering compiled methods for WanModel...
2026-07-24 04:42:29.788 | INFO     | lightx2v.utils.custom_compiler:_discover_compiled_methods:125 - [Compile] Found compiled method: _infer_cond_uncond
2026-07-24 04:42:29.788 | INFO     | lightx2v.utils.custom_compiler:_discover_compiled_methods:120 - [Compile] Discovering compiled methods for WanModel...
2026-07-24 04:42:29.788 | INFO     | lightx2v.utils.custom_compiler:_discover_compiled_methods:125 - [Compile] Found compiled method: _infer_cond_uncond
2026-07-24 04:42:29.788 | INFO     | lightx2v.utils.custom_compiler:_discover_compiled_methods:125 - [Compile] Found compiled method: _infer_cond_uncond
2026-07-24 04:42:43.033 | INFO     | lightx2v.models.networks.base_model:_load_quant_ckpt:509 - Loading weights from /data/fuhaiwen1/LightX2V/models/lightx2v/Wan2.2-Distill-Models/wan2.2_i2v_A14b_high_noise_int8_lightx2v_4step.safetensors
2026-07-24 04:42:43.033 | INFO     | lightx2v.models.networks.base_model:_load_quant_ckpt:509 - Loading weights from /data/fuhaiwen1/LightX2V/models/lightx2v/Wan2.2-Distill-Models/wan2.2_i2v_A14b_high_noise_int8_lightx2v_4step.safetensors
2026-07-24 04:42:43.033 | INFO     | lightx2v.models.networks.base_model:_load_quant_ckpt:509 - Loading weights from /data/fuhaiwen1/LightX2V/models/lightx2v/Wan2.2-Distill-Models/wan2.2_i2v_A14b_high_noise_int8_lightx2v_4step.safetensors
2026-07-24 04:42:43.033 | INFO     | lightx2v.models.networks.base_model:_load_quant_ckpt:509 - Loading weights from /data/fuhaiwen1/LightX2V/models/lightx2v/Wan2.2-Distill-Models/wan2.2_i2v_A14b_high_noise_int8_lightx2v_4step.safetensors
2026-07-24 04:42:43.034 | INFO     | lightx2v.models.networks.base_model:_load_quant_ckpt:509 - Loading weights from /data/fuhaiwen1/LightX2V/models/lightx2v/Wan2.2-Distill-Models/wan2.2_i2v_A14b_high_noise_int8_lightx2v_4step.safetensors
2026-07-24 04:42:43.034 | INFO     | lightx2v.models.networks.base_model:_load_quant_ckpt:509 - Loading weights from /data/fuhaiwen1/LightX2V/models/lightx2v/Wan2.2-Distill-Models/wan2.2_i2v_A14b_high_noise_int8_lightx2v_4step.safetensors
2026-07-24 04:42:43.036 | INFO     | lightx2v.models.networks.base_model:_load_quant_ckpt:509 - Loading weights from /data/fuhaiwen1/LightX2V/models/lightx2v/Wan2.2-Distill-Models/wan2.2_i2v_A14b_high_noise_int8_lightx2v_4step.safetensors
2026-07-24 04:42:43.036 | INFO     | lightx2v.models.networks.base_model:_load_quant_ckpt:509 - Loading weights from /data/fuhaiwen1/LightX2V/models/lightx2v/Wan2.2-Distill-Models/wan2.2_i2v_A14b_high_noise_int8_lightx2v_4step.safetensors
2026-07-24 04:44:18.002 | INFO     | lightx2v.utils.custom_compiler:_discover_compiled_methods:120 - [Compile] Discovering compiled methods for WanModel...
2026-07-24 04:44:18.003 | INFO     | lightx2v.utils.custom_compiler:_discover_compiled_methods:125 - [Compile] Found compiled method: _infer_cond_uncond
2026-07-24 04:44:18.578 | INFO     | lightx2v.models.networks.base_model:_load_quant_ckpt:509 - Loading weights from /data/fuhaiwen1/LightX2V/models/lightx2v/Wan2.2-Distill-Models/wan2.2_i2v_A14b_low_noise_int8_lightx2v_4step.safetensors
2026-07-24 04:44:19.397 | INFO     | lightx2v.utils.custom_compiler:_discover_compiled_methods:120 - [Compile] Discovering compiled methods for WanModel...
2026-07-24 04:44:19.397 | INFO     | lightx2v.utils.custom_compiler:_discover_compiled_methods:125 - [Compile] Found compiled method: _infer_cond_uncond
2026-07-24 04:44:19.402 | INFO     | lightx2v.utils.custom_compiler:_discover_compiled_methods:120 - [Compile] Discovering compiled methods for WanModel...
2026-07-24 04:44:19.402 | INFO     | lightx2v.utils.custom_compiler:_discover_compiled_methods:125 - [Compile] Found compiled method: _infer_cond_uncond
2026-07-24 04:44:19.478 | INFO     | lightx2v.utils.custom_compiler:_discover_compiled_methods:120 - [Compile] Discovering compiled methods for WanModel...
2026-07-24 04:44:19.478 | INFO     | lightx2v.utils.custom_compiler:_discover_compiled_methods:125 - [Compile] Found compiled method: _infer_cond_uncond
2026-07-24 04:44:19.503 | INFO     | lightx2v.utils.custom_compiler:_discover_compiled_methods:120 - [Compile] Discovering compiled methods for WanModel...
2026-07-24 04:44:19.503 | INFO     | lightx2v.utils.custom_compiler:_discover_compiled_methods:125 - [Compile] Found compiled method: _infer_cond_uncond
2026-07-24 04:44:19.589 | INFO     | lightx2v.utils.custom_compiler:_discover_compiled_methods:120 - [Compile] Discovering compiled methods for WanModel...
2026-07-24 04:44:19.590 | INFO     | lightx2v.utils.custom_compiler:_discover_compiled_methods:125 - [Compile] Found compiled method: _infer_cond_uncond
2026-07-24 04:44:19.636 | INFO     | lightx2v.utils.custom_compiler:_discover_compiled_methods:120 - [Compile] Discovering compiled methods for WanModel...
2026-07-24 04:44:19.636 | INFO     | lightx2v.utils.custom_compiler:_discover_compiled_methods:125 - [Compile] Found compiled method: _infer_cond_uncond
2026-07-24 04:44:19.970 | INFO     | lightx2v.utils.custom_compiler:_discover_compiled_methods:120 - [Compile] Discovering compiled methods for WanModel...
2026-07-24 04:44:19.971 | INFO     | lightx2v.utils.custom_compiler:_discover_compiled_methods:125 - [Compile] Found compiled method: _infer_cond_uncond
2026-07-24 04:44:21.401 | INFO     | lightx2v.models.networks.base_model:_load_quant_ckpt:509 - Loading weights from /data/fuhaiwen1/LightX2V/models/lightx2v/Wan2.2-Distill-Models/wan2.2_i2v_A14b_low_noise_int8_lightx2v_4step.safetensors
2026-07-24 04:44:21.401 | INFO     | lightx2v.models.networks.base_model:_load_quant_ckpt:509 - Loading weights from /data/fuhaiwen1/LightX2V/models/lightx2v/Wan2.2-Distill-Models/wan2.2_i2v_A14b_low_noise_int8_lightx2v_4step.safetensors
2026-07-24 04:44:21.401 | INFO     | lightx2v.models.networks.base_model:_load_quant_ckpt:509 - Loading weights from /data/fuhaiwen1/LightX2V/models/lightx2v/Wan2.2-Distill-Models/wan2.2_i2v_A14b_low_noise_int8_lightx2v_4step.safetensors
2026-07-24 04:44:21.401 | INFO     | lightx2v.models.networks.base_model:_load_quant_ckpt:509 - Loading weights from /data/fuhaiwen1/LightX2V/models/lightx2v/Wan2.2-Distill-Models/wan2.2_i2v_A14b_low_noise_int8_lightx2v_4step.safetensors
2026-07-24 04:44:21.401 | INFO     | lightx2v.models.networks.base_model:_load_quant_ckpt:509 - Loading weights from /data/fuhaiwen1/LightX2V/models/lightx2v/Wan2.2-Distill-Models/wan2.2_i2v_A14b_low_noise_int8_lightx2v_4step.safetensors
2026-07-24 04:44:21.401 | INFO     | lightx2v.models.networks.base_model:_load_quant_ckpt:509 - Loading weights from /data/fuhaiwen1/LightX2V/models/lightx2v/Wan2.2-Distill-Models/wan2.2_i2v_A14b_low_noise_int8_lightx2v_4step.safetensors
2026-07-24 04:44:21.401 | INFO     | lightx2v.models.networks.base_model:_load_quant_ckpt:509 - Loading weights from /data/fuhaiwen1/LightX2V/models/lightx2v/Wan2.2-Distill-Models/wan2.2_i2v_A14b_low_noise_int8_lightx2v_4step.safetensors
2026-07-24 04:45:53.777 | INFO     | lightx2v.models.runners.wan.wan_runner:__init__:858 - boundary: 0.9, boundary_timestep: 900.0
2026-07-24 04:45:53.880 | INFO     | lightx2v.utils.utils:load_weights:516 - Loading weights from /data/fuhaiwen1/LightX2V/models/Wan-AI/Wan2.2-I2V-A14B/models_t5_umt5-xxl-enc-bf16.pth
2026-07-24 04:45:55.151 | INFO     | lightx2v.models.runners.wan.wan_runner:__init__:858 - boundary: 0.9, boundary_timestep: 900.0
2026-07-24 04:45:55.205 | INFO     | lightx2v.models.runners.wan.wan_runner:__init__:858 - boundary: 0.9, boundary_timestep: 900.0
2026-07-24 04:45:55.274 | INFO     | lightx2v.utils.utils:load_weights:516 - Loading weights from /data/fuhaiwen1/LightX2V/models/Wan-AI/Wan2.2-I2V-A14B/models_t5_umt5-xxl-enc-bf16.pth
2026-07-24 04:45:55.286 | INFO     | lightx2v.models.runners.wan.wan_runner:__init__:858 - boundary: 0.9, boundary_timestep: 900.0
2026-07-24 04:45:55.343 | INFO     | lightx2v.models.runners.wan.wan_runner:__init__:858 - boundary: 0.9, boundary_timestep: 900.0
2026-07-24 04:45:55.385 | INFO     | lightx2v.models.runners.wan.wan_runner:__init__:858 - boundary: 0.9, boundary_timestep: 900.0
2026-07-24 04:45:55.395 | INFO     | lightx2v.utils.utils:load_weights:516 - Loading weights from /data/fuhaiwen1/LightX2V/models/Wan-AI/Wan2.2-I2V-A14B/models_t5_umt5-xxl-enc-bf16.pth
2026-07-24 04:45:55.451 | INFO     | lightx2v.models.runners.wan.wan_runner:__init__:858 - boundary: 0.9, boundary_timestep: 900.0
2026-07-24 04:45:55.461 | INFO     | lightx2v.utils.utils:load_weights:516 - Loading weights from /data/fuhaiwen1/LightX2V/models/Wan-AI/Wan2.2-I2V-A14B/models_t5_umt5-xxl-enc-bf16.pth
2026-07-24 04:45:55.562 | INFO     | lightx2v.models.runners.wan.wan_runner:__init__:858 - boundary: 0.9, boundary_timestep: 900.0
2026-07-24 04:45:55.579 | INFO     | lightx2v.utils.utils:load_weights:516 - Loading weights from /data/fuhaiwen1/LightX2V/models/Wan-AI/Wan2.2-I2V-A14B/models_t5_umt5-xxl-enc-bf16.pth
2026-07-24 04:45:55.585 | INFO     | lightx2v.utils.utils:load_weights:516 - Loading weights from /data/fuhaiwen1/LightX2V/models/Wan-AI/Wan2.2-I2V-A14B/models_t5_umt5-xxl-enc-bf16.pth
2026-07-24 04:45:55.613 | INFO     | lightx2v.utils.utils:load_weights:516 - Loading weights from /data/fuhaiwen1/LightX2V/models/Wan-AI/Wan2.2-I2V-A14B/models_t5_umt5-xxl-enc-bf16.pth
2026-07-24 04:45:55.701 | INFO     | lightx2v.utils.utils:load_weights:516 - Loading weights from /data/fuhaiwen1/LightX2V/models/Wan-AI/Wan2.2-I2V-A14B/models_t5_umt5-xxl-enc-bf16.pth
2026-07-24 04:46:45.115 | INFO     | lightx2v.utils.utils:load_weights:516 - Loading weights from /data/fuhaiwen1/LightX2V/models/Wan-AI/Wan2.2-I2V-A14B/Wan2.1_VAE.pth
2026-07-24 04:46:45.273 | INFO     | lightx2v.utils.utils:load_weights:516 - Loading weights from /data/fuhaiwen1/LightX2V/models/Wan-AI/Wan2.2-I2V-A14B/Wan2.1_VAE.pth
2026-07-24 04:46:45.442 | INFO     | lightx2v.utils.utils:load_weights:516 - Loading weights from /data/fuhaiwen1/LightX2V/models/Wan-AI/Wan2.2-I2V-A14B/Wan2.1_VAE.pth
2026-07-24 04:46:45.759 | INFO     | lightx2v.utils.utils:load_weights:516 - Loading weights from /data/fuhaiwen1/LightX2V/models/Wan-AI/Wan2.2-I2V-A14B/Wan2.1_VAE.pth
2026-07-24 04:46:45.981 | INFO     | lightx2v.utils.utils:load_weights:516 - Loading weights from /data/fuhaiwen1/LightX2V/models/Wan-AI/Wan2.2-I2V-A14B/Wan2.1_VAE.pth
2026-07-24 04:46:46.248 | INFO     | lightx2v.utils.utils:load_weights:516 - Loading weights from /data/fuhaiwen1/LightX2V/models/Wan-AI/Wan2.2-I2V-A14B/Wan2.1_VAE.pth
2026-07-24 04:46:46.302 | INFO     | lightx2v.utils.utils:load_weights:516 - Loading weights from /data/fuhaiwen1/LightX2V/models/Wan-AI/Wan2.2-I2V-A14B/Wan2.1_VAE.pth
2026-07-24 04:46:47.664 | INFO     | lightx2v.utils.utils:load_weights:516 - Loading weights from /data/fuhaiwen1/LightX2V/models/Wan-AI/Wan2.2-I2V-A14B/Wan2.1_VAE.pth
2026-07-24 04:46:49.904 | INFO     | lightx2v.utils.profiler:__exit__:87 - [Profile] Single GPU - Level2_Log Load models cost 260.118457 seconds
2026-07-24 04:46:49.909 | INFO     | lightx2v.utils.profiler:__exit__:87 - [Profile] Single GPU - Level2_Log Load models cost 260.122926 seconds
2026-07-24 04:46:50.237 | INFO     | lightx2v.models.runners.wan.wan_runner:run_vae_encoder:739 - ori latent: 90x68, adjust_latent: 90x68, grid: 2x4
2026-07-24 04:46:50.835 | INFO     | lightx2v.utils.profiler:__exit__:87 - [Profile] Single GPU - Level2_Log Load models cost 261.046707 seconds
2026-07-24 04:46:50.836 | INFO     | lightx2v.utils.profiler:__exit__:87 - [Profile] Single GPU - Level2_Log Load models cost 261.047953 seconds
2026-07-24 04:46:50.860 | INFO     | lightx2v.utils.profiler:__exit__:87 - [Profile] Single GPU - Level2_Log Load models cost 261.076273 seconds
2026-07-24 04:46:50.860 | INFO     | lightx2v.utils.profiler:__exit__:87 - [Profile] Single GPU - Level2_Log Load models cost 261.076837 seconds
2026-07-24 04:46:50.907 | INFO     | lightx2v.utils.profiler:__exit__:87 - [Profile] Single GPU - Level2_Log Load models cost 261.122351 seconds
2026-07-24 04:46:50.907 | INFO     | lightx2v.utils.profiler:__exit__:87 - [Profile] Single GPU - Level2_Log Load models cost 261.122995 seconds
2026-07-24 04:46:51.014 | INFO     | lightx2v.models.runners.wan.wan_runner:run_vae_encoder:739 - ori latent: 90x68, adjust_latent: 90x68, grid: 2x4
2026-07-24 04:46:51.107 | INFO     | lightx2v.models.runners.wan.wan_runner:run_vae_encoder:739 - ori latent: 90x68, adjust_latent: 90x68, grid: 2x4
2026-07-24 04:46:51.117 | INFO     | lightx2v.models.runners.wan.wan_runner:run_vae_encoder:739 - ori latent: 90x68, adjust_latent: 90x68, grid: 2x4
2026-07-24 04:46:51.129 | INFO     | lightx2v.utils.profiler:__exit__:87 - [Profile] Single GPU - Level2_Log Load models cost 261.344653 seconds
2026-07-24 04:46:51.130 | INFO     | lightx2v.utils.profiler:__exit__:87 - [Profile] Single GPU - Level2_Log Load models cost 261.345500 seconds
2026-07-24 04:46:51.233 | INFO     | lightx2v.models.runners.wan.wan_runner:run_vae_encoder:739 - ori latent: 90x68, adjust_latent: 90x68, grid: 2x4
2026-07-24 04:46:51.364 | INFO     | lightx2v.utils.profiler:__exit__:87 - [Profile] Single GPU - Level2_Log Load models cost 261.577398 seconds
2026-07-24 04:46:51.365 | INFO     | lightx2v.utils.profiler:__exit__:87 - [Profile] Single GPU - Level2_Log Load models cost 261.578108 seconds
2026-07-24 04:46:51.405 | INFO     | lightx2v.models.runners.wan.wan_runner:run_vae_encoder:739 - ori latent: 90x68, adjust_latent: 90x68, grid: 2x4
2026-07-24 04:46:51.542 | INFO     | lightx2v.utils.profiler:__exit__:87 - [Profile] Single GPU - Level2_Log Load models cost 261.754240 seconds
2026-07-24 04:46:51.542 | INFO     | lightx2v.utils.profiler:__exit__:87 - [Profile] Single GPU - Level2_Log Load models cost 261.754925 seconds
2026-07-24 04:46:51.569 | INFO     | lightx2v.models.runners.wan.wan_runner:run_vae_encoder:739 - ori latent: 90x68, adjust_latent: 90x68, grid: 2x4
2026-07-24 04:46:51.593 | INFO     | lightx2v.utils.profiler:__exit__:87 - [Profile] Single GPU - Level2_Log Load models cost 261.804619 seconds
2026-07-24 04:46:51.593 | INFO     | lightx2v.utils.profiler:__exit__:87 - [Profile] Single GPU - Level2_Log Load models cost 261.805398 seconds
2026-07-24 04:46:51.620 | INFO     | lightx2v.models.runners.wan.wan_runner:run_vae_encoder:739 - ori latent: 90x68, adjust_latent: 90x68, grid: 2x4
2026-07-24 04:46:52.364 | INFO     | lightx2v.utils.profiler:__exit__:87 - [Profile] Single GPU - Level1_Log Run VAE Encoder cost 1.351320 seconds
2026-07-24 04:46:52.365 | INFO     | lightx2v.utils.profiler:__exit__:87 - [Profile] Single GPU - Level1_Log Run VAE Encoder cost 0.745328 seconds
2026-07-24 04:46:52.365 | INFO     | lightx2v.utils.profiler:__exit__:87 - [Profile] Single GPU - Level1_Log Run VAE Encoder cost 1.247945 seconds
2026-07-24 04:46:52.365 | INFO     | lightx2v.utils.profiler:__exit__:87 - [Profile] Single GPU - Level1_Log Run VAE Encoder cost 0.959525 seconds
2026-07-24 04:46:52.366 | INFO     | lightx2v.utils.profiler:__exit__:87 - [Profile] Single GPU - Level1_Log Run VAE Encoder cost 1.259285 seconds
2026-07-24 04:46:52.366 | INFO     | lightx2v.utils.profiler:__exit__:87 - [Profile] Single GPU - Level1_Log Run VAE Encoder cost 0.796373 seconds
2026-07-24 04:46:52.366 | INFO     | lightx2v.utils.profiler:__exit__:87 - [Profile] Single GPU - Level1_Log Run VAE Encoder cost 1.133349 seconds
2026-07-24 04:46:52.368 | INFO     | lightx2v.utils.profiler:__exit__:87 - [Profile] Single GPU - Level1_Log Run VAE Encoder cost 2.131305 seconds
2026-07-24 04:46:52.570 | INFO     | lightx2v.utils.profiler:__exit__:87 - [Profile] Single GPU - Level1_Log Run Text Encoder cost 0.201813 seconds
2026-07-24 04:46:52.570 | INFO     | lightx2v.utils.profiler:__exit__:87 - [Profile] Single GPU - Level2_Log Run Encoders cost 1.027322 seconds
2026-07-24 04:46:52.571 | INFO     | lightx2v.utils.profiler:__exit__:87 - [Profile] Single GPU - Level1_Log Run Text Encoder cost 0.205059 seconds
2026-07-24 04:46:52.572 | INFO     | lightx2v.utils.profiler:__exit__:87 - [Profile] Single GPU - Level2_Log Run Encoders cost 1.733761 seconds
2026-07-24 04:46:52.572 | INFO     | lightx2v.models.runners.default_runner:run_main:450 - 🔄 start segment 1/1
2026-07-24 04:46:52.573 | INFO     | lightx2v.models.runners.default_runner:run_main:450 - 🔄 start segment 1/1
2026-07-24 04:46:52.581 | INFO     | lightx2v.utils.profiler:__exit__:87 - [Profile] Single GPU - Level1_Log Run Text Encoder cost 0.213407 seconds
2026-07-24 04:46:52.581 | INFO     | lightx2v.utils.profiler:__exit__:87 - [Profile] Single GPU - Level2_Log Run Encoders cost 1.216190 seconds
2026-07-24 04:46:52.582 | INFO     | lightx2v.models.runners.default_runner:run_main:450 - 🔄 start segment 1/1
2026-07-24 04:46:52.583 | INFO     | lightx2v.utils.profiler:__exit__:87 - [Profile] Single GPU - Level1_Log Run Text Encoder cost 0.216281 seconds
2026-07-24 04:46:52.584 | INFO     | lightx2v.utils.profiler:__exit__:87 - [Profile] Single GPU - Level2_Log Run Encoders cost 1.723637 seconds
2026-07-24 04:46:52.587 | INFO     | lightx2v.utils.profiler:__exit__:87 - [Profile] Single GPU - Level1_Log Run Text Encoder cost 0.220258 seconds
2026-07-24 04:46:52.587 | INFO     | lightx2v.models.runners.default_runner:run_main:450 - 🔄 start segment 1/1
2026-07-24 04:46:52.587 | INFO     | lightx2v.utils.profiler:__exit__:87 - [Profile] Single GPU - Level2_Log Run Encoders cost 0.993220 seconds
2026-07-24 04:46:52.588 | INFO     | lightx2v.models.runners.default_runner:run_main:450 - 🔄 start segment 1/1
2026-07-24 04:46:52.591 | INFO     | lightx2v.utils.profiler:__exit__:87 - [Profile] Single GPU - Level1_Log Run Text Encoder cost 0.223606 seconds
2026-07-24 04:46:52.591 | INFO     | lightx2v.models.runners.default_runner:run_segment:234 - ==> step_index: 1 / 4
2026-07-24 04:46:52.592 | INFO     | lightx2v.utils.profiler:__exit__:87 - [Profile] Single GPU - Level2_Log Run Encoders cost 1.683561 seconds
2026-07-24 04:46:52.592 | INFO     | lightx2v.utils.profiler:__exit__:87 - [Profile] Rank 0 - Level1_Log step_pre cost 0.000123 seconds
2026-07-24 04:46:52.592 | INFO     | lightx2v.models.runners.wan.wan_runner:get_current_model_index:914 - using - HIGH - noise model at step_index 1
2026-07-24 04:46:52.592 | INFO     | lightx2v.utils.profiler:__exit__:87 - [Profile] Single GPU - Level2_Log Switch models in infer_main costs cost 0.000401 seconds
2026-07-24 04:46:52.593 | INFO     | lightx2v.models.runners.default_runner:run_main:450 - 🔄 start segment 1/1
2026-07-24 04:46:52.636 | INFO     | lightx2v.utils.profiler:__exit__:87 - [Profile] Single GPU - Level1_Log Run Text Encoder cost 0.266348 seconds
2026-07-24 04:46:52.637 | INFO     | lightx2v.utils.profiler:__exit__:87 - [Profile] Single GPU - Level2_Log Run Encoders cost 2.727133 seconds
2026-07-24 04:46:52.638 | INFO     | lightx2v.models.runners.default_runner:run_main:450 - 🔄 start segment 1/1
2026-07-24 04:46:52.648 | INFO     | lightx2v.utils.profiler:__exit__:87 - [Profile] Single GPU - Level1_Log Run Text Encoder cost 0.280032 seconds
2026-07-24 04:46:52.651 | INFO     | lightx2v.utils.profiler:__exit__:87 - [Profile] Single GPU - Level2_Log Run Encoders cost 1.520270 seconds
2026-07-24 04:46:52.653 | INFO     | lightx2v.models.runners.default_runner:run_main:450 - 🔄 start segment 1/1
2026-07-24 04:46:52.662 | INFO     | lightx2v.models.runners.default_runner:run_segment:234 - ==> step_index: 1 / 4
2026-07-24 04:46:52.662 | INFO     | lightx2v.models.runners.default_runner:run_segment:234 - ==> step_index: 1 / 4
2026-07-24 04:46:52.662 | INFO     | lightx2v.models.runners.default_runner:run_segment:234 - ==> step_index: 1 / 4
2026-07-24 04:46:52.662 | INFO     | lightx2v.models.runners.default_runner:run_segment:234 - ==> step_index: 1 / 4
2026-07-24 04:46:52.662 | INFO     | lightx2v.models.runners.default_runner:run_segment:234 - ==> step_index: 1 / 4
2026-07-24 04:46:52.662 | INFO     | lightx2v.models.runners.default_runner:run_segment:234 - ==> step_index: 1 / 4
2026-07-24 04:46:52.662 | INFO     | lightx2v.models.runners.default_runner:run_segment:234 - ==> step_index: 1 / 4
2026-07-24 04:46:52.663 | INFO     | lightx2v.utils.profiler:__exit__:87 - [Profile] Rank 3 - Level1_Log step_pre cost 0.000213 seconds
2026-07-24 04:46:52.663 | INFO     | lightx2v.utils.profiler:__exit__:87 - [Profile] Rank 6 - Level1_Log step_pre cost 0.000169 seconds
2026-07-24 04:46:52.663 | INFO     | lightx2v.utils.profiler:__exit__:87 - [Profile] Rank 4 - Level1_Log step_pre cost 0.000249 seconds
2026-07-24 04:46:52.663 | INFO     | lightx2v.utils.profiler:__exit__:87 - [Profile] Rank 5 - Level1_Log step_pre cost 0.000111 seconds
2026-07-24 04:46:52.663 | INFO     | lightx2v.utils.profiler:__exit__:87 - [Profile] Rank 2 - Level1_Log step_pre cost 0.000251 seconds
2026-07-24 04:46:52.663 | INFO     | lightx2v.utils.profiler:__exit__:87 - [Profile] Rank 7 - Level1_Log step_pre cost 0.000139 seconds
2026-07-24 04:46:52.664 | INFO     | lightx2v.models.runners.wan.wan_runner:get_current_model_index:914 - using - HIGH - noise model at step_index 1
2026-07-24 04:46:52.664 | INFO     | lightx2v.models.runners.wan.wan_runner:get_current_model_index:914 - using - HIGH - noise model at step_index 1
2026-07-24 04:46:52.664 | INFO     | lightx2v.models.runners.wan.wan_runner:get_current_model_index:914 - using - HIGH - noise model at step_index 1
2026-07-24 04:46:52.664 | INFO     | lightx2v.models.runners.wan.wan_runner:get_current_model_index:914 - using - HIGH - noise model at step_index 1
2026-07-24 04:46:52.664 | INFO     | lightx2v.utils.profiler:__exit__:87 - [Profile] Single GPU - Level2_Log Switch models in infer_main costs cost 0.000432 seconds
2026-07-24 04:46:52.664 | INFO     | lightx2v.utils.profiler:__exit__:87 - [Profile] Rank 1 - Level1_Log step_pre cost 0.000531 seconds
2026-07-24 04:46:52.664 | INFO     | lightx2v.utils.profiler:__exit__:87 - [Profile] Single GPU - Level2_Log Switch models in infer_main costs cost 0.000517 seconds
2026-07-24 04:46:52.664 | INFO     | lightx2v.utils.profiler:__exit__:87 - [Profile] Single GPU - Level2_Log Switch models in infer_main costs cost 0.000548 seconds
2026-07-24 04:46:52.664 | INFO     | lightx2v.models.runners.wan.wan_runner:get_current_model_index:914 - using - HIGH - noise model at step_index 1
2026-07-24 04:46:52.664 | INFO     | lightx2v.utils.profiler:__exit__:87 - [Profile] Single GPU - Level2_Log Switch models in infer_main costs cost 0.000505 seconds
2026-07-24 04:46:52.664 | INFO     | lightx2v.models.runners.wan.wan_runner:get_current_model_index:914 - using - HIGH - noise model at step_index 1
2026-07-24 04:46:52.664 | INFO     | lightx2v.utils.profiler:__exit__:87 - [Profile] Single GPU - Level2_Log Switch models in infer_main costs cost 0.000695 seconds
2026-07-24 04:46:52.665 | INFO     | lightx2v.utils.profiler:__exit__:87 - [Profile] Single GPU - Level2_Log Switch models in infer_main costs cost 0.000964 seconds
2026-07-24 04:46:52.665 | INFO     | lightx2v.models.runners.wan.wan_runner:get_current_model_index:914 - using - HIGH - noise model at step_index 1
2026-07-24 04:46:52.665 | INFO     | lightx2v.utils.profiler:__exit__:87 - [Profile] Single GPU - Level2_Log Switch models in infer_main costs cost 0.000711 seconds
Warning: Sage2++ NOT enabled
Warning: Sage2++ NOT enabled
Warning: Sage2++ NOT enabled
Warning: Sage2++ NOT enabled
Warning: Sage2++ NOT enabled
Warning: Sage2++ NOT enabled
Warning: Sage2++ NOT enabled
Warning: Sage2++ NOT enabled
2026-07-24 04:46:58.621 | INFO     | lightx2v.utils.profiler:__exit__:87 - [Profile] Rank 4 - Level1_Log 🚀 infer_main cost 5.957606 seconds
2026-07-24 04:46:58.624 | INFO     | lightx2v.utils.profiler:__exit__:87 - [Profile] Rank 6 - Level1_Log 🚀 infer_main cost 5.960955 seconds
2026-07-24 04:46:58.625 | INFO     | lightx2v.utils.profiler:__exit__:87 - [Profile] Rank 4 - Level1_Log step_post cost 0.002645 seconds
2026-07-24 04:46:58.626 | INFO     | lightx2v.utils.profiler:__exit__:87 - [Profile] Rank 4 - Level1_Log Run Dit every step cost 5.964162 seconds
2026-07-24 04:46:58.627 | INFO     | lightx2v.utils.profiler:__exit__:87 - [Profile] Rank 6 - Level1_Log step_post cost 0.001473 seconds
2026-07-24 04:46:58.627 | INFO     | lightx2v.utils.profiler:__exit__:87 - [Profile] Rank 6 - Level1_Log Run Dit every step cost 5.965449 seconds
2026-07-24 04:46:58.637 | INFO     | lightx2v.utils.profiler:__exit__:87 - [Profile] Rank 5 - Level1_Log 🚀 infer_main cost 5.973187 seconds
2026-07-24 04:46:58.638 | INFO     | lightx2v.utils.profiler:__exit__:87 - [Profile] Rank 5 - Level1_Log step_post cost 0.000987 seconds
2026-07-24 04:46:58.638 | INFO     | lightx2v.utils.profiler:__exit__:87 - [Profile] Rank 5 - Level1_Log Run Dit every step cost 5.976927 seconds
2026-07-24 04:46:58.644 | INFO     | lightx2v.utils.profiler:__exit__:87 - [Profile] Rank 3 - Level1_Log 🚀 infer_main cost 5.980800 seconds
2026-07-24 04:46:58.647 | INFO     | lightx2v.utils.profiler:__exit__:87 - [Profile] Rank 3 - Level1_Log step_post cost 0.001511 seconds
2026-07-24 04:46:58.647 | INFO     | lightx2v.utils.profiler:__exit__:87 - [Profile] Rank 3 - Level1_Log Run Dit every step cost 5.985519 seconds
2026-07-24 04:46:58.647 | INFO     | lightx2v.utils.profiler:__exit__:87 - [Profile] Rank 1 - Level1_Log 🚀 infer_main cost 5.983041 seconds
2026-07-24 04:46:58.647 | INFO     | lightx2v.utils.profiler:__exit__:87 - [Profile] Rank 7 - Level1_Log 🚀 infer_main cost 5.983489 seconds
2026-07-24 04:46:58.649 | INFO     | lightx2v.utils.profiler:__exit__:87 - [Profile] Rank 1 - Level1_Log step_post cost 0.001128 seconds
2026-07-24 04:46:58.649 | INFO     | lightx2v.utils.profiler:__exit__:87 - [Profile] Rank 1 - Level1_Log Run Dit every step cost 5.987362 seconds
2026-07-24 04:46:58.649 | INFO     | lightx2v.utils.profiler:__exit__:87 - [Profile] Rank 0 - Level1_Log 🚀 infer_main cost 6.056716 seconds
2026-07-24 04:46:58.650 | INFO     | lightx2v.utils.profiler:__exit__:87 - [Profile] Rank 2 - Level1_Log 🚀 infer_main cost 5.986213 seconds
2026-07-24 04:46:58.651 | INFO     | lightx2v.utils.profiler:__exit__:87 - [Profile] Rank 0 - Level1_Log step_post cost 0.001567 seconds
2026-07-24 04:46:58.651 | INFO     | lightx2v.utils.profiler:__exit__:87 - [Profile] Rank 0 - Level1_Log Run Dit every step cost 6.060102 seconds
2026-07-24 04:46:58.651 | INFO     | lightx2v.utils.profiler:__exit__:87 - [Profile] Rank 7 - Level1_Log step_post cost 0.002793 seconds
2026-07-24 04:46:58.652 | INFO     | lightx2v.utils.profiler:__exit__:87 - [Profile] Rank 7 - Level1_Log Run Dit every step cost 5.990334 seconds
2026-07-24 04:46:58.652 | INFO     | lightx2v.models.runners.default_runner:run_segment:234 - ==> step_index: 2 / 4
2026-07-24 04:46:58.652 | INFO     | lightx2v.models.runners.default_runner:run_segment:234 - ==> step_index: 2 / 4
2026-07-24 04:46:58.653 | INFO     | lightx2v.utils.profiler:__exit__:87 - [Profile] Rank 1 - Level1_Log step_pre cost 0.000113 seconds
2026-07-24 04:46:58.653 | INFO     | lightx2v.utils.profiler:__exit__:87 - [Profile] Rank 0 - Level1_Log step_pre cost 0.000171 seconds
2026-07-24 04:46:58.653 | INFO     | lightx2v.models.runners.wan.wan_runner:get_current_model_index:914 - using - HIGH - noise model at step_index 2
2026-07-24 04:46:58.653 | INFO     | lightx2v.utils.profiler:__exit__:87 - [Profile] Single GPU - Level2_Log Switch models in infer_main costs cost 0.000314 seconds
2026-07-24 04:46:58.653 | INFO     | lightx2v.models.runners.wan.wan_runner:get_current_model_index:914 - using - HIGH - noise model at step_index 2
2026-07-24 04:46:58.653 | INFO     | lightx2v.utils.profiler:__exit__:87 - [Profile] Rank 2 - Level1_Log step_post cost 0.002724 seconds
2026-07-24 04:46:58.653 | INFO     | lightx2v.utils.profiler:__exit__:87 - [Profile] Single GPU - Level2_Log Switch models in infer_main costs cost 0.000381 seconds
2026-07-24 04:46:58.653 | INFO     | lightx2v.utils.profiler:__exit__:87 - [Profile] Rank 2 - Level1_Log Run Dit every step cost 5.992066 seconds
2026-07-24 04:46:58.655 | INFO     | lightx2v.models.runners.default_runner:run_segment:234 - ==> step_index: 2 / 4
2026-07-24 04:46:58.655 | INFO     | lightx2v.models.runners.default_runner:run_segment:234 - ==> step_index: 2 / 4
2026-07-24 04:46:58.655 | INFO     | lightx2v.models.runners.default_runner:run_segment:234 - ==> step_index: 2 / 4
2026-07-24 04:46:58.655 | INFO     | lightx2v.models.runners.default_runner:run_segment:234 - ==> step_index: 2 / 4
2026-07-24 04:46:58.655 | INFO     | lightx2v.models.runners.default_runner:run_segment:234 - ==> step_index: 2 / 4
2026-07-24 04:46:58.655 | INFO     | lightx2v.models.runners.default_runner:run_segment:234 - ==> step_index: 2 / 4
2026-07-24 04:46:58.655 | INFO     | lightx2v.utils.profiler:__exit__:87 - [Profile] Rank 5 - Level1_Log step_pre cost 0.000316 seconds
2026-07-24 04:46:58.655 | INFO     | lightx2v.utils.profiler:__exit__:87 - [Profile] Rank 6 - Level1_Log step_pre cost 0.000190 seconds
2026-07-24 04:46:58.655 | INFO     | lightx2v.utils.profiler:__exit__:87 - [Profile] Rank 2 - Level1_Log step_pre cost 0.000314 seconds
2026-07-24 04:46:58.655 | INFO     | lightx2v.utils.profiler:__exit__:87 - [Profile] Rank 4 - Level1_Log step_pre cost 0.000219 seconds
2026-07-24 04:46:58.655 | INFO     | lightx2v.utils.profiler:__exit__:87 - [Profile] Rank 3 - Level1_Log step_pre cost 0.000304 seconds
2026-07-24 04:46:58.656 | INFO     | lightx2v.models.runners.wan.wan_runner:get_current_model_index:914 - using - HIGH - noise model at step_index 2
2026-07-24 04:46:58.656 | INFO     | lightx2v.utils.profiler:__exit__:87 - [Profile] Rank 7 - Level1_Log step_pre cost 0.000351 seconds
2026-07-24 04:46:58.656 | INFO     | lightx2v.models.runners.wan.wan_runner:get_current_model_index:914 - using - HIGH - noise model at step_index 2
2026-07-24 04:46:58.656 | INFO     | lightx2v.utils.profiler:__exit__:87 - [Profile] Single GPU - Level2_Log Switch models in infer_main costs cost 0.000399 seconds
2026-07-24 04:46:58.656 | INFO     | lightx2v.models.runners.wan.wan_runner:get_current_model_index:914 - using - HIGH - noise model at step_index 2
2026-07-24 04:46:58.656 | INFO     | lightx2v.models.runners.wan.wan_runner:get_current_model_index:914 - using - HIGH - noise model at step_index 2
2026-07-24 04:46:58.656 | INFO     | lightx2v.utils.profiler:__exit__:87 - [Profile] Single GPU - Level2_Log Switch models in infer_main costs cost 0.000485 seconds
2026-07-24 04:46:58.656 | INFO     | lightx2v.utils.profiler:__exit__:87 - [Profile] Single GPU - Level2_Log Switch models in infer_main costs cost 0.000589 seconds
2026-07-24 04:46:58.656 | INFO     | lightx2v.models.runners.wan.wan_runner:get_current_model_index:914 - using - HIGH - noise model at step_index 2
2026-07-24 04:46:58.656 | INFO     | lightx2v.utils.profiler:__exit__:87 - [Profile] Single GPU - Level2_Log Switch models in infer_main costs cost 0.000492 seconds
2026-07-24 04:46:58.657 | INFO     | lightx2v.utils.profiler:__exit__:87 - [Profile] Single GPU - Level2_Log Switch models in infer_main costs cost 0.000732 seconds
2026-07-24 04:46:58.657 | INFO     | lightx2v.models.runners.wan.wan_runner:get_current_model_index:914 - using - HIGH - noise model at step_index 2
2026-07-24 04:46:58.657 | INFO     | lightx2v.utils.profiler:__exit__:87 - [Profile] Single GPU - Level2_Log Switch models in infer_main costs cost 0.000787 seconds
2026-07-24 04:47:02.627 | INFO     | lightx2v.utils.profiler:__exit__:87 - [Profile] Rank 4 - Level1_Log 🚀 infer_main cost 3.971521 seconds
2026-07-24 04:47:02.628 | INFO     | lightx2v.utils.profiler:__exit__:87 - [Profile] Rank 6 - Level1_Log 🚀 infer_main cost 3.972255 seconds
2026-07-24 04:47:02.631 | INFO     | lightx2v.utils.profiler:__exit__:87 - [Profile] Rank 6 - Level1_Log step_post cost 0.001655 seconds
2026-07-24 04:47:02.631 | INFO     | lightx2v.utils.profiler:__exit__:87 - [Profile] Rank 6 - Level1_Log Run Dit every step cost 4.004012 seconds
2026-07-24 04:47:02.632 | INFO     | lightx2v.utils.profiler:__exit__:87 - [Profile] Rank 4 - Level1_Log step_post cost 0.003263 seconds
2026-07-24 04:47:02.633 | INFO     | lightx2v.utils.profiler:__exit__:87 - [Profile] Rank 4 - Level1_Log Run Dit every step cost 4.006797 seconds
2026-07-24 04:47:02.645 | INFO     | lightx2v.utils.profiler:__exit__:87 - [Profile] Rank 5 - Level1_Log 🚀 infer_main cost 3.989831 seconds
2026-07-24 04:47:02.648 | INFO     | lightx2v.utils.profiler:__exit__:87 - [Profile] Rank 5 - Level1_Log step_post cost 0.001904 seconds
2026-07-24 04:47:02.648 | INFO     | lightx2v.utils.profiler:__exit__:87 - [Profile] Rank 5 - Level1_Log Run Dit every step cost 4.009447 seconds
2026-07-24 04:47:02.649 | INFO     | lightx2v.utils.profiler:__exit__:87 - [Profile] Rank 3 - Level1_Log 🚀 infer_main cost 3.992774 seconds
2026-07-24 04:47:02.651 | INFO     | lightx2v.utils.profiler:__exit__:87 - [Profile] Rank 7 - Level1_Log 🚀 infer_main cost 3.994600 seconds
2026-07-24 04:47:02.652 | INFO     | lightx2v.utils.profiler:__exit__:87 - [Profile] Rank 3 - Level1_Log step_post cost 0.002396 seconds
2026-07-24 04:47:02.652 | INFO     | lightx2v.utils.profiler:__exit__:87 - [Profile] Rank 3 - Level1_Log Run Dit every step cost 4.005027 seconds
2026-07-24 04:47:02.653 | INFO     | lightx2v.utils.profiler:__exit__:87 - [Profile] Rank 0 - Level1_Log 🚀 infer_main cost 3.999677 seconds
2026-07-24 04:47:02.653 | INFO     | lightx2v.utils.profiler:__exit__:87 - [Profile] Rank 1 - Level1_Log 🚀 infer_main cost 3.999788 seconds
2026-07-24 04:47:02.654 | INFO     | lightx2v.utils.profiler:__exit__:87 - [Profile] Rank 2 - Level1_Log 🚀 infer_main cost 3.998166 seconds
2026-07-24 04:47:02.655 | INFO     | lightx2v.utils.profiler:__exit__:87 - [Profile] Rank 7 - Level1_Log step_post cost 0.002875 seconds
2026-07-24 04:47:02.655 | INFO     | lightx2v.utils.profiler:__exit__:87 - [Profile] Rank 7 - Level1_Log Run Dit every step cost 4.002733 seconds
2026-07-24 04:47:02.656 | INFO     | lightx2v.utils.profiler:__exit__:87 - [Profile] Rank 2 - Level1_Log step_post cost 0.001389 seconds
2026-07-24 04:47:02.656 | INFO     | lightx2v.utils.profiler:__exit__:87 - [Profile] Rank 2 - Level1_Log Run Dit every step cost 4.001803 seconds
2026-07-24 04:47:02.656 | INFO     | lightx2v.utils.profiler:__exit__:87 - [Profile] Rank 0 - Level1_Log step_post cost 0.002600 seconds
2026-07-24 04:47:02.656 | INFO     | lightx2v.utils.profiler:__exit__:87 - [Profile] Rank 0 - Level1_Log Run Dit every step cost 4.004354 seconds
2026-07-24 04:47:02.657 | INFO     | lightx2v.models.runners.default_runner:run_segment:234 - ==> step_index: 3 / 4
2026-07-24 04:47:02.657 | INFO     | lightx2v.utils.profiler:__exit__:87 - [Profile] Rank 0 - Level1_Log step_pre cost 0.000165 seconds
2026-07-24 04:47:02.657 | INFO     | lightx2v.utils.profiler:__exit__:87 - [Profile] Rank 1 - Level1_Log step_post cost 0.003991 seconds
2026-07-24 04:47:02.658 | INFO     | lightx2v.models.runners.wan.wan_runner:get_current_model_index:924 - using - LOW - noise model at step_index 3
2026-07-24 04:47:02.658 | INFO     | lightx2v.utils.profiler:__exit__:87 - [Profile] Rank 1 - Level1_Log Run Dit every step cost 4.008516 seconds
2026-07-24 04:47:02.658 | INFO     | lightx2v.utils.profiler:__exit__:87 - [Profile] Single GPU - Level2_Log Switch models in infer_main costs cost 0.000359 seconds
2026-07-24 04:47:02.659 | INFO     | lightx2v.models.runners.default_runner:run_segment:234 - ==> step_index: 3 / 4
2026-07-24 04:47:02.659 | INFO     | lightx2v.models.runners.default_runner:run_segment:234 - ==> step_index: 3 / 4
2026-07-24 04:47:02.659 | INFO     | lightx2v.models.runners.default_runner:run_segment:234 - ==> step_index: 3 / 4
2026-07-24 04:47:02.659 | INFO     | lightx2v.models.runners.default_runner:run_segment:234 - ==> step_index: 3 / 4
2026-07-24 04:47:02.659 | INFO     | lightx2v.models.runners.default_runner:run_segment:234 - ==> step_index: 3 / 4
2026-07-24 04:47:02.659 | INFO     | lightx2v.models.runners.default_runner:run_segment:234 - ==> step_index: 3 / 4
2026-07-24 04:47:02.659 | INFO     | lightx2v.models.runners.default_runner:run_segment:234 - ==> step_index: 3 / 4
2026-07-24 04:47:02.659 | INFO     | lightx2v.utils.profiler:__exit__:87 - [Profile] Rank 2 - Level1_Log step_pre cost 0.000114 seconds
2026-07-24 04:47:02.659 | INFO     | lightx2v.utils.profiler:__exit__:87 - [Profile] Rank 5 - Level1_Log step_pre cost 0.000154 seconds
2026-07-24 04:47:02.660 | INFO     | lightx2v.utils.profiler:__exit__:87 - [Profile] Rank 4 - Level1_Log step_pre cost 0.000207 seconds
2026-07-24 04:47:02.660 | INFO     | lightx2v.utils.profiler:__exit__:87 - [Profile] Rank 7 - Level1_Log step_pre cost 0.000243 seconds
2026-07-24 04:47:02.660 | INFO     | lightx2v.utils.profiler:__exit__:87 - [Profile] Rank 3 - Level1_Log step_pre cost 0.000146 seconds
2026-07-24 04:47:02.660 | INFO     | lightx2v.utils.profiler:__exit__:87 - [Profile] Rank 6 - Level1_Log step_pre cost 0.000391 seconds
2026-07-24 04:47:02.660 | INFO     | lightx2v.models.runners.wan.wan_runner:get_current_model_index:924 - using - LOW - noise model at step_index 3
2026-07-24 04:47:02.660 | INFO     | lightx2v.utils.profiler:__exit__:87 - [Profile] Rank 1 - Level1_Log step_pre cost 0.000330 seconds
2026-07-24 04:47:02.660 | INFO     | lightx2v.models.runners.wan.wan_runner:get_current_model_index:924 - using - LOW - noise model at step_index 3
2026-07-24 04:47:02.660 | INFO     | lightx2v.models.runners.wan.wan_runner:get_current_model_index:924 - using - LOW - noise model at step_index 3
2026-07-24 04:47:02.661 | INFO     | lightx2v.utils.profiler:__exit__:87 - [Profile] Single GPU - Level2_Log Switch models in infer_main costs cost 0.000599 seconds
2026-07-24 04:47:02.661 | INFO     | lightx2v.utils.profiler:__exit__:87 - [Profile] Single GPU - Level2_Log Switch models in infer_main costs cost 0.000671 seconds
2026-07-24 04:47:02.661 | INFO     | lightx2v.models.runners.wan.wan_runner:get_current_model_index:924 - using - LOW - noise model at step_index 3
2026-07-24 04:47:02.661 | INFO     | lightx2v.models.runners.wan.wan_runner:get_current_model_index:924 - using - LOW - noise model at step_index 3
2026-07-24 04:47:02.661 | INFO     | lightx2v.utils.profiler:__exit__:87 - [Profile] Single GPU - Level2_Log Switch models in infer_main costs cost 0.000685 seconds
2026-07-24 04:47:02.661 | INFO     | lightx2v.models.runners.wan.wan_runner:get_current_model_index:924 - using - LOW - noise model at step_index 3
2026-07-24 04:47:02.661 | INFO     | lightx2v.models.runners.wan.wan_runner:get_current_model_index:924 - using - LOW - noise model at step_index 3
2026-07-24 04:47:02.661 | INFO     | lightx2v.utils.profiler:__exit__:87 - [Profile] Single GPU - Level2_Log Switch models in infer_main costs cost 0.000791 seconds
2026-07-24 04:47:02.661 | INFO     | lightx2v.utils.profiler:__exit__:87 - [Profile] Single GPU - Level2_Log Switch models in infer_main costs cost 0.000803 seconds
2026-07-24 04:47:02.662 | INFO     | lightx2v.utils.profiler:__exit__:87 - [Profile] Single GPU - Level2_Log Switch models in infer_main costs cost 0.001054 seconds
2026-07-24 04:47:02.662 | INFO     | lightx2v.utils.profiler:__exit__:87 - [Profile] Single GPU - Level2_Log Switch models in infer_main costs cost 0.001122 seconds
2026-07-24 04:47:06.580 | INFO     | lightx2v.utils.profiler:__exit__:87 - [Profile] Rank 7 - Level1_Log 🚀 infer_main cost 3.919689 seconds
2026-07-24 04:47:06.581 | INFO     | lightx2v.utils.profiler:__exit__:87 - [Profile] Rank 5 - Level1_Log 🚀 infer_main cost 3.920772 seconds
2026-07-24 04:47:06.587 | INFO     | lightx2v.utils.profiler:__exit__:87 - [Profile] Rank 1 - Level1_Log 🚀 infer_main cost 3.926486 seconds
2026-07-24 04:47:06.597 | INFO     | lightx2v.utils.profiler:__exit__:87 - [Profile] Rank 2 - Level1_Log 🚀 infer_main cost 3.937120 seconds
2026-07-24 04:47:06.598 | INFO     | lightx2v.utils.profiler:__exit__:87 - [Profile] Rank 6 - Level1_Log 🚀 infer_main cost 3.937261 seconds
2026-07-24 04:47:06.602 | INFO     | lightx2v.utils.profiler:__exit__:87 - [Profile] Rank 4 - Level1_Log 🚀 infer_main cost 3.941946 seconds
2026-07-24 04:47:06.617 | INFO     | lightx2v.utils.profiler:__exit__:87 - [Profile] Rank 3 - Level1_Log 🚀 infer_main cost 3.956650 seconds
2026-07-24 04:47:06.620 | INFO     | lightx2v.utils.profiler:__exit__:87 - [Profile] Rank 0 - Level1_Log 🚀 infer_main cost 3.962073 seconds
2026-07-24 04:47:06.883 | INFO     | lightx2v.utils.profiler:__exit__:87 - [Profile] Rank 5 - Level1_Log step_post cost 0.301452 seconds
2026-07-24 04:47:06.884 | INFO     | lightx2v.utils.profiler:__exit__:87 - [Profile] Rank 5 - Level1_Log Run Dit every step cost 4.235694 seconds
2026-07-24 04:47:06.905 | INFO     | lightx2v.utils.profiler:__exit__:87 - [Profile] Rank 2 - Level1_Log step_post cost 0.307598 seconds
2026-07-24 04:47:06.906 | INFO     | lightx2v.utils.profiler:__exit__:87 - [Profile] Rank 2 - Level1_Log Run Dit every step cost 4.249640 seconds
2026-07-24 04:47:06.910 | INFO     | lightx2v.utils.profiler:__exit__:87 - [Profile] Rank 3 - Level1_Log step_post cost 0.291322 seconds
2026-07-24 04:47:06.910 | INFO     | lightx2v.utils.profiler:__exit__:87 - [Profile] Rank 3 - Level1_Log Run Dit every step cost 4.257670 seconds
2026-07-24 04:47:06.915 | INFO     | lightx2v.utils.profiler:__exit__:87 - [Profile] Rank 1 - Level1_Log step_post cost 0.326874 seconds
2026-07-24 04:47:06.915 | INFO     | lightx2v.utils.profiler:__exit__:87 - [Profile] Rank 1 - Level1_Log Run Dit every step cost 4.257076 seconds
2026-07-24 04:47:06.925 | INFO     | lightx2v.utils.profiler:__exit__:87 - [Profile] Rank 7 - Level1_Log step_post cost 0.344456 seconds
2026-07-24 04:47:06.926 | INFO     | lightx2v.utils.profiler:__exit__:87 - [Profile] Rank 7 - Level1_Log Run Dit every step cost 4.270995 seconds
2026-07-24 04:47:06.929 | INFO     | lightx2v.utils.profiler:__exit__:87 - [Profile] Rank 6 - Level1_Log step_post cost 0.330613 seconds
2026-07-24 04:47:06.930 | INFO     | lightx2v.utils.profiler:__exit__:87 - [Profile] Rank 6 - Level1_Log Run Dit every step cost 4.298980 seconds
2026-07-24 04:47:06.945 | INFO     | lightx2v.utils.profiler:__exit__:87 - [Profile] Rank 4 - Level1_Log step_post cost 0.342272 seconds
2026-07-24 04:47:06.945 | INFO     | lightx2v.utils.profiler:__exit__:87 - [Profile] Rank 0 - Level1_Log step_post cost 0.323797 seconds
2026-07-24 04:47:06.945 | INFO     | lightx2v.utils.profiler:__exit__:87 - [Profile] Rank 4 - Level1_Log Run Dit every step cost 4.312615 seconds
2026-07-24 04:47:06.946 | INFO     | lightx2v.utils.profiler:__exit__:87 - [Profile] Rank 0 - Level1_Log Run Dit every step cost 4.289342 seconds
2026-07-24 04:47:06.947 | INFO     | lightx2v.models.runners.default_runner:run_segment:234 - ==> step_index: 4 / 4
2026-07-24 04:47:06.947 | INFO     | lightx2v.models.runners.default_runner:run_segment:234 - ==> step_index: 4 / 4
2026-07-24 04:47:06.948 | INFO     | lightx2v.models.runners.default_runner:run_segment:234 - ==> step_index: 4 / 4
2026-07-24 04:47:06.948 | INFO     | lightx2v.models.runners.default_runner:run_segment:234 - ==> step_index: 4 / 4
2026-07-24 04:47:06.947 | INFO     | lightx2v.models.runners.default_runner:run_segment:234 - ==> step_index: 4 / 4
2026-07-24 04:47:06.948 | INFO     | lightx2v.models.runners.default_runner:run_segment:234 - ==> step_index: 4 / 4
2026-07-24 04:47:06.948 | INFO     | lightx2v.models.runners.default_runner:run_segment:234 - ==> step_index: 4 / 4
2026-07-24 04:47:06.948 | INFO     | lightx2v.models.runners.default_runner:run_segment:234 - ==> step_index: 4 / 4
2026-07-24 04:47:06.948 | INFO     | lightx2v.utils.profiler:__exit__:87 - [Profile] Rank 4 - Level1_Log step_pre cost 0.000141 seconds
2026-07-24 04:47:06.948 | INFO     | lightx2v.utils.profiler:__exit__:87 - [Profile] Rank 6 - Level1_Log step_pre cost 0.000475 seconds
2026-07-24 04:47:06.949 | INFO     | lightx2v.utils.profiler:__exit__:87 - [Profile] Rank 5 - Level1_Log step_pre cost 0.000418 seconds
2026-07-24 04:47:06.949 | INFO     | lightx2v.utils.profiler:__exit__:87 - [Profile] Rank 1 - Level1_Log step_pre cost 0.000245 seconds
2026-07-24 04:47:06.949 | INFO     | lightx2v.utils.profiler:__exit__:87 - [Profile] Rank 7 - Level1_Log step_pre cost 0.000516 seconds
2026-07-24 04:47:06.949 | INFO     | lightx2v.models.runners.wan.wan_runner:get_current_model_index:924 - using - LOW - noise model at step_index 4
2026-07-24 04:47:06.949 | INFO     | lightx2v.utils.profiler:__exit__:87 - [Profile] Rank 0 - Level1_Log step_pre cost 0.000329 seconds
2026-07-24 04:47:06.949 | INFO     | lightx2v.utils.profiler:__exit__:87 - [Profile] Rank 3 - Level1_Log step_pre cost 0.000316 seconds
2026-07-24 04:47:06.949 | INFO     | lightx2v.models.runners.wan.wan_runner:get_current_model_index:924 - using - LOW - noise model at step_index 4
2026-07-24 04:47:06.949 | INFO     | lightx2v.utils.profiler:__exit__:87 - [Profile] Rank 2 - Level1_Log step_pre cost 0.000609 seconds
2026-07-24 04:47:06.950 | INFO     | lightx2v.utils.profiler:__exit__:87 - [Profile] Single GPU - Level2_Log Switch models in infer_main costs cost 0.000601 seconds
2026-07-24 04:47:06.949 | INFO     | lightx2v.models.runners.wan.wan_runner:get_current_model_index:924 - using - LOW - noise model at step_index 4
2026-07-24 04:47:06.950 | INFO     | lightx2v.models.runners.wan.wan_runner:get_current_model_index:924 - using - LOW - noise model at step_index 4
2026-07-24 04:47:06.950 | INFO     | lightx2v.models.runners.wan.wan_runner:get_current_model_index:924 - using - LOW - noise model at step_index 4
2026-07-24 04:47:06.950 | INFO     | lightx2v.models.runners.wan.wan_runner:get_current_model_index:924 - using - LOW - noise model at step_index 4
2026-07-24 04:47:06.950 | INFO     | lightx2v.models.runners.wan.wan_runner:get_current_model_index:924 - using - LOW - noise model at step_index 4
2026-07-24 04:47:06.950 | INFO     | lightx2v.utils.profiler:__exit__:87 - [Profile] Single GPU - Level2_Log Switch models in infer_main costs cost 0.000834 seconds
2026-07-24 04:47:06.950 | INFO     | lightx2v.utils.profiler:__exit__:87 - [Profile] Single GPU - Level2_Log Switch models in infer_main costs cost 0.000794 seconds
2026-07-24 04:47:06.950 | INFO     | lightx2v.utils.profiler:__exit__:87 - [Profile] Single GPU - Level2_Log Switch models in infer_main costs cost 0.000978 seconds
2026-07-24 04:47:06.951 | INFO     | lightx2v.utils.profiler:__exit__:87 - [Profile] Single GPU - Level2_Log Switch models in infer_main costs cost 0.000527 seconds
2026-07-24 04:47:06.951 | INFO     | lightx2v.utils.profiler:__exit__:87 - [Profile] Single GPU - Level2_Log Switch models in infer_main costs cost 0.000921 seconds
2026-07-24 04:47:06.951 | INFO     | lightx2v.utils.profiler:__exit__:87 - [Profile] Single GPU - Level2_Log Switch models in infer_main costs cost 0.001279 seconds
2026-07-24 04:47:06.951 | INFO     | lightx2v.models.runners.wan.wan_runner:get_current_model_index:924 - using - LOW - noise model at step_index 4
2026-07-24 04:47:06.952 | INFO     | lightx2v.utils.profiler:__exit__:87 - [Profile] Single GPU - Level2_Log Switch models in infer_main costs cost 0.001729 seconds
2026-07-24 04:47:10.880 | INFO     | lightx2v.utils.profiler:__exit__:87 - [Profile] Rank 7 - Level1_Log 🚀 infer_main cost 3.930325 seconds
2026-07-24 04:47:10.882 | INFO     | lightx2v.utils.profiler:__exit__:87 - [Profile] Rank 5 - Level1_Log 🚀 infer_main cost 3.932276 seconds
2026-07-24 04:47:10.883 | INFO     | lightx2v.utils.profiler:__exit__:87 - [Profile] Rank 7 - Level1_Log step_post cost 0.001951 seconds
2026-07-24 04:47:10.884 | INFO     | lightx2v.utils.profiler:__exit__:87 - [Profile] Rank 7 - Level1_Log Run Dit every step cost 3.956369 seconds
2026-07-24 04:47:10.886 | INFO     | lightx2v.utils.profiler:__exit__:87 - [Profile] Rank 1 - Level1_Log 🚀 infer_main cost 3.936651 seconds
2026-07-24 04:47:10.888 | INFO     | lightx2v.utils.profiler:__exit__:87 - [Profile] Rank 5 - Level1_Log step_post cost 0.005342 seconds
2026-07-24 04:47:10.888 | INFO     | lightx2v.utils.profiler:__exit__:87 - [Profile] Rank 5 - Level1_Log Run Dit every step cost 4.003550 seconds
2026-07-24 04:47:10.889 | INFO     | lightx2v.utils.profiler:__exit__:87 - [Profile] Rank 1 - Level1_Log step_post cost 0.002720 seconds
2026-07-24 04:47:10.890 | INFO     | lightx2v.utils.profiler:__exit__:87 - [Profile] Rank 1 - Level1_Log Run Dit every step cost 3.974195 seconds
2026-07-24 04:47:10.892 | INFO     | lightx2v.utils.profiler:__exit__:87 - [Profile] Rank 2 - Level1_Log 🚀 infer_main cost 3.942210 seconds
2026-07-24 04:47:10.894 | INFO     | lightx2v.utils.profiler:__exit__:87 - [Profile] Rank 2 - Level1_Log step_post cost 0.001313 seconds
2026-07-24 04:47:10.894 | INFO     | lightx2v.utils.profiler:__exit__:87 - [Profile] Rank 2 - Level1_Log Run Dit every step cost 3.988483 seconds
2026-07-24 04:47:10.901 | INFO     | lightx2v.utils.profiler:__exit__:87 - [Profile] Rank 6 - Level1_Log 🚀 infer_main cost 3.951766 seconds
2026-07-24 04:47:10.901 | INFO     | lightx2v.utils.profiler:__exit__:87 - [Profile] Rank 4 - Level1_Log 🚀 infer_main cost 3.952007 seconds
2026-07-24 04:47:10.903 | INFO     | lightx2v.utils.profiler:__exit__:87 - [Profile] Rank 4 - Level1_Log step_post cost 0.001916 seconds
2026-07-24 04:47:10.903 | INFO     | lightx2v.utils.profiler:__exit__:87 - [Profile] Rank 6 - Level1_Log step_post cost 0.002082 seconds
2026-07-24 04:47:10.904 | INFO     | lightx2v.utils.profiler:__exit__:87 - [Profile] Rank 4 - Level1_Log Run Dit every step cost 3.957749 seconds
2026-07-24 04:47:10.904 | INFO     | lightx2v.utils.profiler:__exit__:87 - [Profile] Rank 6 - Level1_Log Run Dit every step cost 3.972725 seconds
2026-07-24 04:47:10.914 | INFO     | lightx2v.utils.profiler:__exit__:87 - [Profile] Rank 3 - Level1_Log 🚀 infer_main cost 3.963631 seconds
2026-07-24 04:47:10.915 | INFO     | lightx2v.utils.profiler:__exit__:87 - [Profile] Rank 0 - Level1_Log 🚀 infer_main cost 3.965342 seconds
2026-07-24 04:47:10.916 | INFO     | lightx2v.utils.profiler:__exit__:87 - [Profile] Rank 3 - Level1_Log step_post cost 0.001843 seconds
2026-07-24 04:47:10.916 | INFO     | lightx2v.utils.profiler:__exit__:87 - [Profile] Rank 3 - Level1_Log Run Dit every step cost 4.005652 seconds
2026-07-24 04:47:10.917 | INFO     | lightx2v.utils.profiler:__exit__:87 - [Profile] Rank 0 - Level1_Log step_post cost 0.001626 seconds
2026-07-24 04:47:10.917 | INFO     | lightx2v.utils.profiler:__exit__:87 - [Profile] Rank 0 - Level1_Log Run Dit every step cost 3.970847 seconds
2026-07-24 04:47:11.865 | INFO     | lightx2v.utils.profiler:__exit__:87 - [Profile] Single GPU - Level1_Log Run VAE Decoder cost 0.970603 seconds
2026-07-24 04:47:11.865 | INFO     | lightx2v.utils.profiler:__exit__:87 - [Profile] Single GPU - Level1_Log Run VAE Decoder cost 0.976456 seconds
2026-07-24 04:47:11.865 | INFO     | lightx2v.utils.profiler:__exit__:87 - [Profile] Single GPU - Level1_Log Run VAE Decoder cost 0.961299 seconds
2026-07-24 04:47:11.865 | INFO     | lightx2v.utils.profiler:__exit__:87 - [Profile] Single GPU - Level1_Log Run VAE Decoder cost 0.948858 seconds
2026-07-24 04:47:11.865 | INFO     | lightx2v.utils.profiler:__exit__:87 - [Profile] Single GPU - Level1_Log Run VAE Decoder cost 0.947731 seconds
2026-07-24 04:47:11.866 | INFO     | lightx2v.utils.profiler:__exit__:87 - [Profile] Single GPU - Level1_Log Run VAE Decoder cost 0.981448 seconds
2026-07-24 04:47:11.866 | INFO     | lightx2v.utils.profiler:__exit__:87 - [Profile] Rank 2 - Level1_Log segment end2end 1/1 cost 19.292363 seconds
2026-07-24 04:47:11.866 | INFO     | lightx2v.utils.profiler:__exit__:87 - [Profile] Single GPU - Level1_Log Run VAE Decoder cost 0.975315 seconds
2026-07-24 04:47:11.866 | INFO     | lightx2v.utils.profiler:__exit__:87 - [Profile] Rank 5 - Level1_Log segment end2end 1/1 cost 19.278982 seconds
2026-07-24 04:47:11.866 | INFO     | lightx2v.utils.profiler:__exit__:87 - [Profile] Rank 6 - Level1_Log segment end2end 1/1 cost 19.273030 seconds
2026-07-24 04:47:11.867 | INFO     | lightx2v.utils.profiler:__exit__:87 - [Profile] Rank 3 - Level1_Log segment end2end 1/1 cost 19.294013 seconds
2026-07-24 04:47:11.867 | INFO     | lightx2v.utils.profiler:__exit__:87 - [Profile] Rank 0 - Level1_Log segment end2end 1/1 cost 19.278517 seconds
2026-07-24 04:47:11.867 | INFO     | lightx2v.utils.profiler:__exit__:87 - [Profile] Rank 7 - Level1_Log segment end2end 1/1 cost 19.228282 seconds
2026-07-24 04:47:11.867 | INFO     | lightx2v.utils.profiler:__exit__:87 - [Profile] Rank 1 - Level1_Log segment end2end 1/1 cost 19.213692 seconds
2026-07-24 04:47:11.867 | INFO     | lightx2v.utils.profiler:__exit__:87 - [Profile] Single GPU - Level2_Log Run DiT cost 19.295526 seconds
2026-07-24 04:47:11.867 | INFO     | lightx2v.utils.profiler:__exit__:87 - [Profile] Single GPU - Level2_Log Run DiT cost 19.282742 seconds
2026-07-24 04:47:11.868 | INFO     | lightx2v.utils.profiler:__exit__:87 - [Profile] Single GPU - Level2_Log Run DiT cost 19.275745 seconds
2026-07-24 04:47:11.868 | INFO     | lightx2v.utils.profiler:__exit__:87 - [Profile] Single GPU - Level2_Log Run DiT cost 19.297072 seconds
2026-07-24 04:47:11.868 | INFO     | lightx2v.utils.profiler:__exit__:87 - [Profile] Single GPU - Level1_Log RUN pipeline cost 21.030204 seconds
2026-07-24 04:47:11.868 | INFO     | lightx2v.utils.profiler:__exit__:87 - [Profile] Single GPU - Level1_Log RUN pipeline cost 21.007452 seconds
2026-07-24 04:47:11.868 | INFO     | lightx2v.utils.profiler:__exit__:87 - [Profile] Single GPU - Level2_Log Run DiT cost 19.216596 seconds
2026-07-24 04:47:11.868 | INFO     | lightx2v.utils.profiler:__exit__:87 - [Profile] Single GPU - Level1_Log RUN pipeline cost 20.960158 seconds
2026-07-24 04:47:11.868 | INFO     | lightx2v.utils.profiler:__exit__:87 - [Profile] Single GPU - Level2_Log Run DiT cost 19.231273 seconds
2026-07-24 04:47:11.868 | INFO     | lightx2v.utils.profiler:__exit__:87 - [Profile] Single GPU - Level1_Log RUN pipeline cost 20.325179 seconds
2026-07-24 04:47:11.869 | INFO     | lightx2v.utils.profiler:__exit__:87 - [Profile] Single GPU - Level1_Log RUN pipeline cost 20.737796 seconds
2026-07-24 04:47:11.869 | INFO     | lightx2v.utils.profiler:__exit__:87 - [Profile] Single GPU - Level1_Log RUN pipeline cost 21.959284 seconds
2026-07-24 04:47:11.869 | INFO     | lightx2v.utils.profiler:__exit__:87 - [Profile] Rank 0 - Level2_Log wan_vae_to_comfy cost 0.001301 seconds
2026-07-24 04:47:11.869 | INFO     | lightx2v.models.runners.default_runner:process_images_after_vae_decoder:561 - 🎬 Start to save video 🎬
2026-07-24 04:47:11.871 | INFO     | lightx2v.utils.profiler:__exit__:87 - [Profile] Single GPU - Level1_Log Run VAE Decoder cost 0.965698 seconds
2026-07-24 04:47:11.873 | INFO     | lightx2v.utils.profiler:__exit__:87 - [Profile] Rank 4 - Level1_Log segment end2end 1/1 cost 19.290160 seconds
2026-07-24 04:47:11.879 | INFO     | lightx2v.utils.profiler:__exit__:87 - [Profile] Single GPU - Level2_Log Run DiT cost 19.296917 seconds
2026-07-24 04:47:11.879 | INFO     | lightx2v.utils.profiler:__exit__:87 - [Profile] Single GPU - Level1_Log RUN pipeline cost 20.513714 seconds
2026-07-24 04:47:12.297 | INFO     | lightx2v.models.runners.base_runner:_maybe_freeze_gc:84 - [GC] gc.collect() reclaimed 0 objects; gc.freeze() moved ~708860 live tracked objects out of future GC walks
2026-07-24 04:47:12.298 | INFO     | lightx2v.utils.profiler:__exit__:87 - [Profile] Rank 4 - Level1_Log Total Cost cost 282.512061 seconds
2026-07-24 04:47:12.442 | INFO     | lightx2v.models.runners.base_runner:_maybe_freeze_gc:84 - [GC] gc.collect() reclaimed 0 objects; gc.freeze() moved ~708860 live tracked objects out of future GC walks
2026-07-24 04:47:12.443 | INFO     | lightx2v.utils.profiler:__exit__:87 - [Profile] Rank 7 - Level1_Log Total Cost cost 282.657991 seconds
2026-07-24 04:47:12.466 | INFO     | lightx2v.models.runners.base_runner:_maybe_freeze_gc:84 - [GC] gc.collect() reclaimed 0 objects; gc.freeze() moved ~708861 live tracked objects out of future GC walks
2026-07-24 04:47:12.467 | INFO     | lightx2v.utils.profiler:__exit__:87 - [Profile] Rank 5 - Level1_Log Total Cost cost 282.684402 seconds
2026-07-24 04:47:12.483 | INFO     | lightx2v.models.runners.base_runner:_maybe_freeze_gc:84 - [GC] gc.collect() reclaimed 0 objects; gc.freeze() moved ~708859 live tracked objects out of future GC walks
2026-07-24 04:47:12.484 | INFO     | lightx2v.utils.profiler:__exit__:87 - [Profile] Rank 2 - Level1_Log Total Cost cost 282.697127 seconds
2026-07-24 04:47:12.548 | INFO     | lightx2v.models.runners.base_runner:_maybe_freeze_gc:84 - [GC] gc.collect() reclaimed 0 objects; gc.freeze() moved ~708861 live tracked objects out of future GC walks
2026-07-24 04:47:12.550 | INFO     | lightx2v.utils.profiler:__exit__:87 - [Profile] Rank 1 - Level1_Log Total Cost cost 282.765951 seconds
2026-07-24 04:47:12.602 | INFO     | lightx2v.models.runners.default_runner:process_images_after_vae_decoder:570 - ✅ Video saved successfully to: /data/fuhaiwen1/LightX2V/save_results/baseline_benchmark_6.mp4 ✅
2026-07-24 04:47:12.603 | INFO     | lightx2v.utils.profiler:__exit__:87 - [Profile] Single GPU - Level2_Log Run DiT cost 20.015869 seconds
2026-07-24 04:47:12.603 | INFO     | lightx2v.utils.profiler:__exit__:87 - [Profile] Single GPU - Level1_Log RUN pipeline cost 21.009581 seconds
2026-07-24 04:47:12.661 | INFO     | lightx2v.models.runners.base_runner:_maybe_freeze_gc:84 - [GC] gc.collect() reclaimed 0 objects; gc.freeze() moved ~708860 live tracked objects out of future GC walks
2026-07-24 04:47:12.661 | INFO     | lightx2v.utils.profiler:__exit__:87 - [Profile] Rank 6 - Level1_Log Total Cost cost 282.877795 seconds
2026-07-24 04:47:12.880 | INFO     | lightx2v.models.runners.base_runner:_maybe_freeze_gc:84 - [GC] gc.collect() reclaimed 0 objects; gc.freeze() moved ~708861 live tracked objects out of future GC walks
2026-07-24 04:47:12.881 | INFO     | lightx2v.utils.profiler:__exit__:87 - [Profile] Rank 3 - Level1_Log Total Cost cost 283.094241 seconds
2026-07-24 04:47:14.341 | INFO     | lightx2v.models.runners.base_runner:_maybe_freeze_gc:84 - [GC] gc.collect() reclaimed 0 objects; gc.freeze() moved ~708866 live tracked objects out of future GC walks
2026-07-24 04:47:14.350 | INFO     | lightx2v.utils.profiler:__exit__:87 - [Profile] Rank 0 - Level1_Log Total Cost cost 284.561928 seconds
2026-07-24 04:47:15.092 | INFO     | __main__:main:241 - Distributed process group cleaned up
2026-07-24 04:47:15.098 | INFO     | __main__:main:241 - Distributed process group cleaned up
2026-07-24 04:47:15.105 | INFO     | __main__:main:241 - Distributed process group cleaned up
2026-07-24 04:47:15.106 | INFO     | __main__:main:241 - Distributed process group cleaned up
2026-07-24 04:47:15.106 | INFO     | __main__:main:241 - Distributed process group cleaned up
2026-07-24 04:47:15.110 | INFO     | __main__:main:241 - Distributed process group cleaned up
2026-07-24 04:47:15.131 | INFO     | __main__:main:241 - Distributed process group cleaned up
2026-07-24 04:47:15.190 | INFO     | __main__:main:241 - Distributed process group cleaned up
2026-07-24 04:47:21.547 | INFO     | lightx2v_platform.base.base:init_ai_device:17 - Initialized AI_DEVICE: cuda
2026-07-24 04:47:23.629 | INFO     | lightx2v_platform.base.base:init_ai_device:17 - Initialized AI_DEVICE: cuda
2026-07-24 04:47:25.564 | INFO     | lightx2v_platform.base.base:init_ai_device:17 - Initialized AI_DEVICE: cuda
2026-07-24 04:47:26.553 | INFO     | __main__:_controller_main:512 - [done] request_id=1 worker=0 start_ts=1784868135.841716 finish_ts=1784868446.534957 e2e=621.295s elapsed_from_global_start=621.294s rc=0
2026-07-24 04:47:27.649 | INFO     | lightx2v_platform.base.base:init_ai_device:17 - Initialized AI_DEVICE: cuda
2026-07-24 04:47:29.758 | INFO     | lightx2v_platform.base.base:init_ai_device:17 - Initialized AI_DEVICE: cuda
2026-07-24 04:47:31.698 | INFO     | lightx2v_platform.base.base:init_ai_device:17 - Initialized AI_DEVICE: cuda
2026-07-24 04:47:33.885 | INFO     | lightx2v_platform.base.base:init_ai_device:17 - Initialized AI_DEVICE: cuda
2026-07-24 04:47:34.934 | INFO     | lightx2v_platform.base.base:check_ai_device:34 - AI device for platform 'cuda' is available.
2026-07-24 04:47:34.936 | INFO     | lightx2v_platform.base.base:check_ai_device:34 - AI device for platform 'cuda' is available.
2026-07-24 04:47:34.939 | INFO     | lightx2v_platform.base.base:check_ai_device:34 - AI device for platform 'cuda' is available.
2026-07-24 04:47:34.943 | INFO     | lightx2v_platform.base.base:check_ai_device:34 - AI device for platform 'cuda' is available.
2026-07-24 04:47:34.949 | INFO     | lightx2v_platform.base.base:check_ai_device:34 - AI device for platform 'cuda' is available.
2026-07-24 04:47:34.949 | INFO     | lightx2v_platform.base.base:check_ai_device:34 - AI device for platform 'cuda' is available.
2026-07-24 04:47:34.955 | INFO     | lightx2v_platform.base.base:check_ai_device:34 - AI device for platform 'cuda' is available.
2026-07-24 04:47:36.046 | INFO     | lightx2v_platform.base.base:init_ai_device:17 - Initialized AI_DEVICE: cuda
2026-07-24 04:47:36.126 | INFO     | lightx2v_platform.base.base:check_ai_device:34 - AI device for platform 'cuda' is available.
/app/MagiAttention/magi_attention/__init__.py:26: UserWarning: You are using magi_attention without installing it. This may cause some unexpected errors.
  warnings.warn(
/app/MagiAttention/magi_attention/__init__.py:26: UserWarning: You are using magi_attention without installing it. This may cause some unexpected errors.
  warnings.warn(
/app/MagiAttention/magi_attention/__init__.py:26: UserWarning: You are using magi_attention without installing it. This may cause some unexpected errors.
  warnings.warn(
/app/MagiAttention/magi_attention/__init__.py:26: UserWarning: You are using magi_attention without installing it. This may cause some unexpected errors.
  warnings.warn(
/app/MagiAttention/magi_attention/__init__.py:26: UserWarning: You are using magi_attention without installing it. This may cause some unexpected errors.
  warnings.warn(
/app/MagiAttention/magi_attention/__init__.py:26: UserWarning: You are using magi_attention without installing it. This may cause some unexpected errors.
  warnings.warn(
/app/MagiAttention/magi_attention/__init__.py:26: UserWarning: You are using magi_attention without installing it. This may cause some unexpected errors.
  warnings.warn(
2026-07-24 04:47:37.952 | INFO     | lightx2v.common.ops.attn.dynamic_sparse_attn:<module>:16 - flash_attn.cute not found, please install flashattention4 first
2026-07-24 04:47:37.952 | INFO     | lightx2v.common.ops.attn.dynamic_sparse_attn:<module>:22 - sageattn3_sparse not found, please install sageattn3_sparse first
2026-07-24 04:47:37.956 | INFO     | lightx2v.common.ops.attn.flash_attn:<module>:26 - flash_attn.cute not found, please install flashattention4 first
2026-07-24 04:47:37.992 | INFO     | lightx2v.common.ops.attn.dynamic_sparse_attn:<module>:16 - flash_attn.cute not found, please install flashattention4 first
2026-07-24 04:47:37.993 | INFO     | lightx2v.common.ops.attn.dynamic_sparse_attn:<module>:22 - sageattn3_sparse not found, please install sageattn3_sparse first
2026-07-24 04:47:37.995 | INFO     | lightx2v.common.ops.attn.flash_attn:<module>:26 - flash_attn.cute not found, please install flashattention4 first
2026-07-24 04:47:38.079 | INFO     | lightx2v.common.ops.attn.dynamic_sparse_attn:<module>:16 - flash_attn.cute not found, please install flashattention4 first
2026-07-24 04:47:38.079 | INFO     | lightx2v.common.ops.attn.dynamic_sparse_attn:<module>:22 - sageattn3_sparse not found, please install sageattn3_sparse first
2026-07-24 04:47:38.082 | INFO     | lightx2v.common.ops.attn.flash_attn:<module>:26 - flash_attn.cute not found, please install flashattention4 first
2026-07-24 04:47:38.125 | INFO     | lightx2v.common.ops.attn.dynamic_sparse_attn:<module>:16 - flash_attn.cute not found, please install flashattention4 first
2026-07-24 04:47:38.126 | INFO     | lightx2v.common.ops.attn.dynamic_sparse_attn:<module>:22 - sageattn3_sparse not found, please install sageattn3_sparse first
2026-07-24 04:47:38.129 | INFO     | lightx2v.common.ops.attn.flash_attn:<module>:26 - flash_attn.cute not found, please install flashattention4 first
2026-07-24 04:47:38.182 | INFO     | lightx2v.common.ops.attn.dynamic_sparse_attn:<module>:16 - flash_attn.cute not found, please install flashattention4 first
2026-07-24 04:47:38.183 | INFO     | lightx2v.common.ops.attn.dynamic_sparse_attn:<module>:22 - sageattn3_sparse not found, please install sageattn3_sparse first
2026-07-24 04:47:38.185 | INFO     | lightx2v.common.ops.attn.flash_attn:<module>:26 - flash_attn.cute not found, please install flashattention4 first
2026-07-24 04:47:38.223 | INFO     | lightx2v.common.ops.attn.sage_attn:<module>:23 - sageattn3_sparse not found, please install sageattn3_sparse first
2026-07-24 04:47:38.258 | INFO     | lightx2v.common.ops.attn.sage_attn:<module>:61 - sageattn3_sparse not found, please install sageattention sparse first
2026-07-24 04:47:38.262 | INFO     | lightx2v.common.ops.attn.sage_attn:<module>:23 - sageattn3_sparse not found, please install sageattn3_sparse first
2026-07-24 04:47:38.274 | INFO     | lightx2v.common.ops.attn.sparse_operator:<module>:14 - flash_attn.cute not found, please install flashattention4 first
2026-07-24 04:47:38.275 | INFO     | lightx2v.common.ops.attn.sparse_operator:<module>:20 - sageattn3_sparse not found, please install sageattn3_sparse first
2026-07-24 04:47:38.296 | INFO     | lightx2v.common.ops.attn.sage_attn:<module>:61 - sageattn3_sparse not found, please install sageattention sparse first
2026-07-24 04:47:38.304 | INFO     | lightx2v.common.ops.attn.dynamic_sparse_attn:<module>:16 - flash_attn.cute not found, please install flashattention4 first
2026-07-24 04:47:38.304 | INFO     | lightx2v.common.ops.attn.dynamic_sparse_attn:<module>:22 - sageattn3_sparse not found, please install sageattn3_sparse first
2026-07-24 04:47:38.306 | INFO     | lightx2v.common.ops.attn.flash_attn:<module>:26 - flash_attn.cute not found, please install flashattention4 first
2026-07-24 04:47:38.308 | INFO     | lightx2v.common.ops.attn.sparse_operator:<module>:14 - flash_attn.cute not found, please install flashattention4 first
2026-07-24 04:47:38.308 | INFO     | lightx2v.common.ops.attn.sparse_operator:<module>:20 - sageattn3_sparse not found, please install sageattn3_sparse first
2026-07-24 04:47:38.319 | INFO     | lightx2v.common.ops.attn.dynamic_sparse_attn:<module>:16 - flash_attn.cute not found, please install flashattention4 first
2026-07-24 04:47:38.319 | INFO     | lightx2v.common.ops.attn.dynamic_sparse_attn:<module>:22 - sageattn3_sparse not found, please install sageattn3_sparse first
2026-07-24 04:47:38.321 | INFO     | lightx2v.common.ops.attn.flash_attn:<module>:26 - flash_attn.cute not found, please install flashattention4 first
2026-07-24 04:47:38.346 | INFO     | lightx2v.common.ops.attn.sage_attn:<module>:23 - sageattn3_sparse not found, please install sageattn3_sparse first
2026-07-24 04:47:38.370 | INFO     | lightx2v.common.ops.attn.sage_attn:<module>:23 - sageattn3_sparse not found, please install sageattn3_sparse first
2026-07-24 04:47:38.381 | INFO     | lightx2v.common.ops.attn.sage_attn:<module>:61 - sageattn3_sparse not found, please install sageattention sparse first
/app/MagiAttention/magi_attention/__init__.py:26: UserWarning: You are using magi_attention without installing it. This may cause some unexpected errors.
  warnings.warn(
2026-07-24 04:47:38.394 | INFO     | lightx2v.common.ops.attn.sparse_operator:<module>:14 - flash_attn.cute not found, please install flashattention4 first
2026-07-24 04:47:38.394 | INFO     | lightx2v.common.ops.attn.sparse_operator:<module>:20 - sageattn3_sparse not found, please install sageattn3_sparse first
2026-07-24 04:47:38.405 | INFO     | lightx2v.common.ops.attn.sage_attn:<module>:23 - sageattn3_sparse not found, please install sageattn3_sparse first
2026-07-24 04:47:38.406 | INFO     | lightx2v.common.ops.attn.sage_attn:<module>:61 - sageattn3_sparse not found, please install sageattention sparse first
2026-07-24 04:47:38.418 | INFO     | lightx2v.common.ops.attn.sparse_operator:<module>:14 - flash_attn.cute not found, please install flashattention4 first
2026-07-24 04:47:38.418 | INFO     | lightx2v.common.ops.attn.sparse_operator:<module>:20 - sageattn3_sparse not found, please install sageattn3_sparse first
2026-07-24 04:47:38.439 | INFO     | lightx2v.common.ops.attn.sage_attn:<module>:61 - sageattn3_sparse not found, please install sageattention sparse first
2026-07-24 04:47:38.451 | INFO     | lightx2v.common.ops.attn.sparse_operator:<module>:14 - flash_attn.cute not found, please install flashattention4 first
2026-07-24 04:47:38.451 | INFO     | lightx2v.common.ops.attn.sparse_operator:<module>:20 - sageattn3_sparse not found, please install sageattn3_sparse first
2026-07-24 04:47:38.498 | INFO     | lightx2v.common.ops.attn.sage_attn:<module>:23 - sageattn3_sparse not found, please install sageattn3_sparse first
2026-07-24 04:47:38.518 | INFO     | lightx2v.common.ops.attn.sage_attn:<module>:23 - sageattn3_sparse not found, please install sageattn3_sparse first
2026-07-24 04:47:38.533 | INFO     | lightx2v.common.ops.attn.sage_attn:<module>:61 - sageattn3_sparse not found, please install sageattention sparse first
2026-07-24 04:47:38.544 | INFO     | lightx2v.common.ops.attn.sparse_operator:<module>:14 - flash_attn.cute not found, please install flashattention4 first
2026-07-24 04:47:38.544 | INFO     | lightx2v.common.ops.attn.sparse_operator:<module>:20 - sageattn3_sparse not found, please install sageattn3_sparse first
2026-07-24 04:47:38.552 | INFO     | lightx2v.common.ops.attn.sage_attn:<module>:61 - sageattn3_sparse not found, please install sageattention sparse first
2026-07-24 04:47:38.564 | INFO     | lightx2v.common.ops.attn.sparse_operator:<module>:14 - flash_attn.cute not found, please install flashattention4 first
2026-07-24 04:47:38.564 | INFO     | lightx2v.common.ops.attn.sparse_operator:<module>:20 - sageattn3_sparse not found, please install sageattn3_sparse first
2026-07-24 04:47:38.735 | INFO     | lightx2v.common.ops.attn.dynamic_sparse_attn:<module>:16 - flash_attn.cute not found, please install flashattention4 first
2026-07-24 04:47:38.735 | INFO     | lightx2v.common.ops.attn.dynamic_sparse_attn:<module>:22 - sageattn3_sparse not found, please install sageattn3_sparse first
2026-07-24 04:47:38.738 | INFO     | lightx2v.common.ops.attn.flash_attn:<module>:26 - flash_attn.cute not found, please install flashattention4 first
2026-07-24 04:47:38.981 | INFO     | lightx2v.common.ops.attn.sage_attn:<module>:23 - sageattn3_sparse not found, please install sageattn3_sparse first
2026-07-24 04:47:39.017 | INFO     | lightx2v.common.ops.attn.sage_attn:<module>:61 - sageattn3_sparse not found, please install sageattention sparse first
2026-07-24 04:47:39.032 | INFO     | lightx2v.common.ops.attn.sparse_operator:<module>:14 - flash_attn.cute not found, please install flashattention4 first
2026-07-24 04:47:39.033 | INFO     | lightx2v.common.ops.attn.sparse_operator:<module>:20 - sageattn3_sparse not found, please install sageattn3_sparse first
2026-07-24 04:47:42.938 | INFO     | lightx2v.utils.set_config:auto_calc_config:62 - Loading some config from /tmp/baseline_req_2_mzu3rmsz/request_config.json
2026-07-24 04:47:42.938 | INFO     | lightx2v.utils.set_config:auto_calc_config:62 - Loading some config from /tmp/baseline_req_2_ocsfe92_/request_config.json
2026-07-24 04:47:42.938 | INFO     | lightx2v.utils.set_config:auto_calc_config:62 - Loading some config from /tmp/baseline_req_2_bnbzkqxw/request_config.json
2026-07-24 04:47:42.938 | INFO     | lightx2v.utils.set_config:auto_calc_config:62 - Loading some config from /tmp/baseline_req_2_0p2njvly/request_config.json
2026-07-24 04:47:42.938 | INFO     | lightx2v.utils.set_config:auto_calc_config:62 - Loading some config from /tmp/baseline_req_2_ndtwmc7r/request_config.json
2026-07-24 04:47:42.938 | INFO     | lightx2v.utils.set_config:auto_calc_config:62 - Loading some config from /tmp/baseline_req_2_wxymeex0/request_config.json
2026-07-24 04:47:42.938 | INFO     | lightx2v.utils.set_config:auto_calc_config:62 - Loading some config from /tmp/baseline_req_2_lmanqrkp/request_config.json
2026-07-24 04:47:42.938 | INFO     | lightx2v.utils.set_config:auto_calc_config:62 - Loading some config from /tmp/baseline_req_2_vpjzj61h/request_config.json
2026-07-24 04:47:44.391 | INFO     | lightx2v.utils.set_config:print_config:373 - config:
{
    "do_mm_calib": false,
    "cpu_offload": true,
    "max_area": false,
    "vae_stride": [
        4,
        8,
        8
    ],
    "patch_size": [
        1,
        2,
        2
    ],
    "feature_caching": "NoCaching",
    "teacache_thresh": 0.26,
    "use_ret_steps": false,
    "use_bfloat16": true,
    "lora_configs": null,
    "use_prompt_enhancer": false,
    "parallel": {
        "seq_p_size": 8,
        "seq_p_attn_type": "ulysses"
    },
    "seq_parallel": true,
    "cfg_parallel": false,
    "enable_cfg": false,
    "use_image_encoder": false,
    "model_cls": "wan2.2_moe",
    "task": "i2v",
    "support_tasks": [],
    "model_path": "/data/fuhaiwen1/LightX2V/models/Wan-AI/Wan2.2-I2V-A14B",
    "config_json": "/tmp/baseline_req_2_ocsfe92_/request_config.json",
    "enable_bf16": false,
    "save_rendered": false,
    "render_depth": false,
    "_wm_cli_snapshot": {
        "subfolder": null,
        "disable_heads": null,
        "enable_bf16": false,
        "save_rendered": false,
        "render_interp_per_pair": null,
        "render_depth": false,
        "wm_config_path": null,
        "wm_ckpt_path": null
    },
    "infer_steps": 4,
    "in_dim": 36,
    "dim": 5120,
    "ffn_dim": 13824,
    "freq_dim": 256,
    "num_heads": 40,
    "num_layers": 40,
    "out_dim": 16,
    "eps": 1e-06,
    "model_type": "i2v",
    "target_video_length": 81,
    "text_len": 512,
    "target_height": 480,
    "target_width": 832,
    "self_attn_1_type": "sage_attn2",
    "cross_attn_1_type": "sage_attn2",
    "cross_attn_2_type": "sage_attn2",
    "sample_guide_scale": [
        3.5,
        3.5
    ],
    "sample_shift": 5.0,
    "offload_granularity": "block",
    "t5_cpu_offload": false,
    "vae_cpu_offload": false,
    "fps": 16,
    "boundary_step_index": 2,
    "denoising_step_list": [
        1000,
        750,
        500,
        250
    ],
    "dit_quantized": true,
    "dit_quant_scheme": "int8-q8f",
    "high_noise_quantized_ckpt": "/data/fuhaiwen1/LightX2V/models/lightx2v/Wan2.2-Distill-Models/wan2.2_i2v_A14b_high_noise_int8_lightx2v_4step.safetensors",
    "low_noise_quantized_ckpt": "/data/fuhaiwen1/LightX2V/models/lightx2v/Wan2.2-Distill-Models/wan2.2_i2v_A14b_low_noise_int8_lightx2v_4step.safetensors",
    "high_noise_original_ckpt": "/data/fuhaiwen1/LightX2V/models/lightx2v/Wan2.2-Distill-Models/wan2.2_i2v_A14b_high_noise_int8_lightx2v_4step.safetensors",
    "low_noise_original_ckpt": "/data/fuhaiwen1/LightX2V/models/lightx2v/Wan2.2-Distill-Models/wan2.2_i2v_A14b_low_noise_int8_lightx2v_4step.safetensors",
    "save_path": "/data/fuhaiwen1/LightX2V/save_results/baseline_benchmark_6.mp4",
    "prompt": "Summer beach vacation style, a white cat wearing sunglasses sits on a surfboard.",
    "negative_prompt": "镜头晃动，色调艳丽，过曝，静态",
    "image_path": "/data/fuhaiwen1/LightX2V/assets/inputs/imgs/img_0.jpg",
    "boundary": 0.9,
    "data_bootstrap_room": 2,
    "device_mesh": "DeviceMesh('cuda', [[0, 1, 2, 3, 4, 5, 6, 7]], mesh_dim_names=('cfg_p', 'seq_p'))",
    "tensor_parallel": false
}
2026-07-24 04:47:44.397 | DEBUG    | lightx2v.utils.utils:validate_config_paths:750 - ✓ Verified high_noise_original_ckpt: /data/fuhaiwen1/LightX2V/models/lightx2v/Wan2.2-Distill-Models/wan2.2_i2v_A14b_high_noise_int8_lightx2v_4step.safetensors
2026-07-24 04:47:44.397 | DEBUG    | lightx2v.utils.utils:validate_config_paths:750 - ✓ Verified high_noise_original_ckpt: /data/fuhaiwen1/LightX2V/models/lightx2v/Wan2.2-Distill-Models/wan2.2_i2v_A14b_high_noise_int8_lightx2v_4step.safetensors
2026-07-24 04:47:44.397 | DEBUG    | lightx2v.utils.utils:validate_config_paths:750 - ✓ Verified high_noise_original_ckpt: /data/fuhaiwen1/LightX2V/models/lightx2v/Wan2.2-Distill-Models/wan2.2_i2v_A14b_high_noise_int8_lightx2v_4step.safetensors
2026-07-24 04:47:44.397 | DEBUG    | lightx2v.utils.utils:validate_config_paths:750 - ✓ Verified high_noise_original_ckpt: /data/fuhaiwen1/LightX2V/models/lightx2v/Wan2.2-Distill-Models/wan2.2_i2v_A14b_high_noise_int8_lightx2v_4step.safetensors
2026-07-24 04:47:44.397 | DEBUG    | lightx2v.utils.utils:validate_config_paths:750 - ✓ Verified high_noise_original_ckpt: /data/fuhaiwen1/LightX2V/models/lightx2v/Wan2.2-Distill-Models/wan2.2_i2v_A14b_high_noise_int8_lightx2v_4step.safetensors
2026-07-24 04:47:44.397 | DEBUG    | lightx2v.utils.utils:validate_config_paths:750 - ✓ Verified high_noise_original_ckpt: /data/fuhaiwen1/LightX2V/models/lightx2v/Wan2.2-Distill-Models/wan2.2_i2v_A14b_high_noise_int8_lightx2v_4step.safetensors
2026-07-24 04:47:44.397 | DEBUG    | lightx2v.utils.utils:validate_config_paths:754 - ✓ Verified high_noise_quantized_ckpt: /data/fuhaiwen1/LightX2V/models/lightx2v/Wan2.2-Distill-Models/wan2.2_i2v_A14b_high_noise_int8_lightx2v_4step.safetensors
2026-07-24 04:47:44.397 | DEBUG    | lightx2v.utils.utils:validate_config_paths:750 - ✓ Verified high_noise_original_ckpt: /data/fuhaiwen1/LightX2V/models/lightx2v/Wan2.2-Distill-Models/wan2.2_i2v_A14b_high_noise_int8_lightx2v_4step.safetensors
2026-07-24 04:47:44.397 | DEBUG    | lightx2v.utils.utils:validate_config_paths:754 - ✓ Verified high_noise_quantized_ckpt: /data/fuhaiwen1/LightX2V/models/lightx2v/Wan2.2-Distill-Models/wan2.2_i2v_A14b_high_noise_int8_lightx2v_4step.safetensors
2026-07-24 04:47:44.398 | DEBUG    | lightx2v.utils.utils:validate_config_paths:754 - ✓ Verified high_noise_quantized_ckpt: /data/fuhaiwen1/LightX2V/models/lightx2v/Wan2.2-Distill-Models/wan2.2_i2v_A14b_high_noise_int8_lightx2v_4step.safetensors
2026-07-24 04:47:44.397 | DEBUG    | lightx2v.utils.utils:validate_config_paths:750 - ✓ Verified high_noise_original_ckpt: /data/fuhaiwen1/LightX2V/models/lightx2v/Wan2.2-Distill-Models/wan2.2_i2v_A14b_high_noise_int8_lightx2v_4step.safetensors
2026-07-24 04:47:44.398 | DEBUG    | lightx2v.utils.utils:validate_config_paths:754 - ✓ Verified high_noise_quantized_ckpt: /data/fuhaiwen1/LightX2V/models/lightx2v/Wan2.2-Distill-Models/wan2.2_i2v_A14b_high_noise_int8_lightx2v_4step.safetensors
2026-07-24 04:47:44.398 | DEBUG    | lightx2v.utils.utils:validate_config_paths:754 - ✓ Verified high_noise_quantized_ckpt: /data/fuhaiwen1/LightX2V/models/lightx2v/Wan2.2-Distill-Models/wan2.2_i2v_A14b_high_noise_int8_lightx2v_4step.safetensors
2026-07-24 04:47:44.398 | DEBUG    | lightx2v.utils.utils:validate_config_paths:754 - ✓ Verified high_noise_quantized_ckpt: /data/fuhaiwen1/LightX2V/models/lightx2v/Wan2.2-Distill-Models/wan2.2_i2v_A14b_high_noise_int8_lightx2v_4step.safetensors
2026-07-24 04:47:44.398 | DEBUG    | lightx2v.utils.utils:validate_config_paths:754 - ✓ Verified high_noise_quantized_ckpt: /data/fuhaiwen1/LightX2V/models/lightx2v/Wan2.2-Distill-Models/wan2.2_i2v_A14b_high_noise_int8_lightx2v_4step.safetensors
2026-07-24 04:47:44.399 | DEBUG    | lightx2v.utils.utils:validate_config_paths:754 - ✓ Verified high_noise_quantized_ckpt: /data/fuhaiwen1/LightX2V/models/lightx2v/Wan2.2-Distill-Models/wan2.2_i2v_A14b_high_noise_int8_lightx2v_4step.safetensors
2026-07-24 04:47:44.400 | DEBUG    | lightx2v.utils.utils:validate_config_paths:759 - ✓ Verified low_noise_original_ckpt: /data/fuhaiwen1/LightX2V/models/lightx2v/Wan2.2-Distill-Models/wan2.2_i2v_A14b_low_noise_int8_lightx2v_4step.safetensors
2026-07-24 04:47:44.400 | DEBUG    | lightx2v.utils.utils:validate_config_paths:763 - ✓ Verified low_noise_quantized_ckpt: /data/fuhaiwen1/LightX2V/models/lightx2v/Wan2.2-Distill-Models/wan2.2_i2v_A14b_low_noise_int8_lightx2v_4step.safetensors
2026-07-24 04:47:44.400 | INFO     | lightx2v.utils.utils:validate_config_paths:765 - ✓ Config checkpoint paths validated successfully
2026-07-24 04:47:44.400 | DEBUG    | lightx2v.utils.utils:validate_config_paths:759 - ✓ Verified low_noise_original_ckpt: /data/fuhaiwen1/LightX2V/models/lightx2v/Wan2.2-Distill-Models/wan2.2_i2v_A14b_low_noise_int8_lightx2v_4step.safetensors
2026-07-24 04:47:44.400 | INFO     | lightx2v.models.runners.wan.wan_runner:init_scheduler:364 - Using WanScheduler
2026-07-24 04:47:44.400 | DEBUG    | lightx2v.utils.utils:validate_config_paths:763 - ✓ Verified low_noise_quantized_ckpt: /data/fuhaiwen1/LightX2V/models/lightx2v/Wan2.2-Distill-Models/wan2.2_i2v_A14b_low_noise_int8_lightx2v_4step.safetensors
2026-07-24 04:47:44.401 | INFO     | lightx2v.models.runners.default_runner:init_modules:111 - Initializing runner modules...
2026-07-24 04:47:44.401 | INFO     | lightx2v.utils.utils:validate_config_paths:765 - ✓ Config checkpoint paths validated successfully
2026-07-24 04:47:44.401 | INFO     | lightx2v.utils.custom_compiler:_discover_compiled_methods:120 - [Compile] Discovering compiled methods for WanModel...
2026-07-24 04:47:44.401 | INFO     | lightx2v.models.runners.wan.wan_runner:init_scheduler:364 - Using WanScheduler
2026-07-24 04:47:44.401 | INFO     | lightx2v.utils.custom_compiler:_discover_compiled_methods:125 - [Compile] Found compiled method: _infer_cond_uncond
2026-07-24 04:47:44.401 | INFO     | lightx2v.models.runners.default_runner:init_modules:111 - Initializing runner modules...
2026-07-24 04:47:44.401 | DEBUG    | lightx2v.utils.utils:validate_config_paths:759 - ✓ Verified low_noise_original_ckpt: /data/fuhaiwen1/LightX2V/models/lightx2v/Wan2.2-Distill-Models/wan2.2_i2v_A14b_low_noise_int8_lightx2v_4step.safetensors
2026-07-24 04:47:44.401 | INFO     | lightx2v.utils.custom_compiler:_discover_compiled_methods:120 - [Compile] Discovering compiled methods for WanModel...
2026-07-24 04:47:44.402 | DEBUG    | lightx2v.utils.utils:validate_config_paths:763 - ✓ Verified low_noise_quantized_ckpt: /data/fuhaiwen1/LightX2V/models/lightx2v/Wan2.2-Distill-Models/wan2.2_i2v_A14b_low_noise_int8_lightx2v_4step.safetensors
2026-07-24 04:47:44.402 | INFO     | lightx2v.utils.custom_compiler:_discover_compiled_methods:125 - [Compile] Found compiled method: _infer_cond_uncond
2026-07-24 04:47:44.402 | INFO     | lightx2v.utils.utils:validate_config_paths:765 - ✓ Config checkpoint paths validated successfully
2026-07-24 04:47:44.402 | DEBUG    | lightx2v.utils.utils:validate_config_paths:759 - ✓ Verified low_noise_original_ckpt: /data/fuhaiwen1/LightX2V/models/lightx2v/Wan2.2-Distill-Models/wan2.2_i2v_A14b_low_noise_int8_lightx2v_4step.safetensors
2026-07-24 04:47:44.402 | INFO     | lightx2v.models.runners.wan.wan_runner:init_scheduler:364 - Using WanScheduler
2026-07-24 04:47:44.402 | DEBUG    | lightx2v.utils.utils:validate_config_paths:763 - ✓ Verified low_noise_quantized_ckpt: /data/fuhaiwen1/LightX2V/models/lightx2v/Wan2.2-Distill-Models/wan2.2_i2v_A14b_low_noise_int8_lightx2v_4step.safetensors
2026-07-24 04:47:44.402 | INFO     | lightx2v.models.runners.default_runner:init_modules:111 - Initializing runner modules...
2026-07-24 04:47:44.402 | INFO     | lightx2v.utils.utils:validate_config_paths:765 - ✓ Config checkpoint paths validated successfully
2026-07-24 04:47:44.403 | INFO     | lightx2v.utils.custom_compiler:_discover_compiled_methods:120 - [Compile] Discovering compiled methods for WanModel...
2026-07-24 04:47:44.403 | INFO     | lightx2v.utils.custom_compiler:_discover_compiled_methods:125 - [Compile] Found compiled method: _infer_cond_uncond
2026-07-24 04:47:44.403 | INFO     | lightx2v.models.runners.wan.wan_runner:init_scheduler:364 - Using WanScheduler
2026-07-24 04:47:44.403 | DEBUG    | lightx2v.utils.utils:validate_config_paths:759 - ✓ Verified low_noise_original_ckpt: /data/fuhaiwen1/LightX2V/models/lightx2v/Wan2.2-Distill-Models/wan2.2_i2v_A14b_low_noise_int8_lightx2v_4step.safetensors
2026-07-24 04:47:44.403 | INFO     | lightx2v.models.runners.default_runner:init_modules:111 - Initializing runner modules...
2026-07-24 04:47:44.403 | DEBUG    | lightx2v.utils.utils:validate_config_paths:763 - ✓ Verified low_noise_quantized_ckpt: /data/fuhaiwen1/LightX2V/models/lightx2v/Wan2.2-Distill-Models/wan2.2_i2v_A14b_low_noise_int8_lightx2v_4step.safetensors
2026-07-24 04:47:44.403 | INFO     | lightx2v.utils.custom_compiler:_discover_compiled_methods:120 - [Compile] Discovering compiled methods for WanModel...
2026-07-24 04:47:44.403 | INFO     | lightx2v.utils.utils:validate_config_paths:765 - ✓ Config checkpoint paths validated successfully
2026-07-24 04:47:44.404 | INFO     | lightx2v.utils.custom_compiler:_discover_compiled_methods:125 - [Compile] Found compiled method: _infer_cond_uncond
2026-07-24 04:47:44.404 | DEBUG    | lightx2v.utils.utils:validate_config_paths:759 - ✓ Verified low_noise_original_ckpt: /data/fuhaiwen1/LightX2V/models/lightx2v/Wan2.2-Distill-Models/wan2.2_i2v_A14b_low_noise_int8_lightx2v_4step.safetensors
2026-07-24 04:47:44.404 | INFO     | lightx2v.models.runners.wan.wan_runner:init_scheduler:364 - Using WanScheduler
2026-07-24 04:47:44.404 | DEBUG    | lightx2v.utils.utils:validate_config_paths:763 - ✓ Verified low_noise_quantized_ckpt: /data/fuhaiwen1/LightX2V/models/lightx2v/Wan2.2-Distill-Models/wan2.2_i2v_A14b_low_noise_int8_lightx2v_4step.safetensors
2026-07-24 04:47:44.404 | INFO     | lightx2v.models.runners.default_runner:init_modules:111 - Initializing runner modules...
2026-07-24 04:47:44.404 | INFO     | lightx2v.utils.utils:validate_config_paths:765 - ✓ Config checkpoint paths validated successfully
2026-07-24 04:47:44.404 | INFO     | lightx2v.utils.custom_compiler:_discover_compiled_methods:120 - [Compile] Discovering compiled methods for WanModel...
2026-07-24 04:47:44.405 | DEBUG    | lightx2v.utils.utils:validate_config_paths:759 - ✓ Verified low_noise_original_ckpt: /data/fuhaiwen1/LightX2V/models/lightx2v/Wan2.2-Distill-Models/wan2.2_i2v_A14b_low_noise_int8_lightx2v_4step.safetensors
2026-07-24 04:47:44.405 | INFO     | lightx2v.models.runners.wan.wan_runner:init_scheduler:364 - Using WanScheduler
2026-07-24 04:47:44.405 | INFO     | lightx2v.utils.custom_compiler:_discover_compiled_methods:125 - [Compile] Found compiled method: _infer_cond_uncond
2026-07-24 04:47:44.405 | DEBUG    | lightx2v.utils.utils:validate_config_paths:763 - ✓ Verified low_noise_quantized_ckpt: /data/fuhaiwen1/LightX2V/models/lightx2v/Wan2.2-Distill-Models/wan2.2_i2v_A14b_low_noise_int8_lightx2v_4step.safetensors
2026-07-24 04:47:44.405 | INFO     | lightx2v.models.runners.default_runner:init_modules:111 - Initializing runner modules...
2026-07-24 04:47:44.405 | INFO     | lightx2v.utils.utils:validate_config_paths:765 - ✓ Config checkpoint paths validated successfully
2026-07-24 04:47:44.405 | INFO     | lightx2v.utils.custom_compiler:_discover_compiled_methods:120 - [Compile] Discovering compiled methods for WanModel...
2026-07-24 04:47:44.405 | DEBUG    | lightx2v.utils.utils:validate_config_paths:759 - ✓ Verified low_noise_original_ckpt: /data/fuhaiwen1/LightX2V/models/lightx2v/Wan2.2-Distill-Models/wan2.2_i2v_A14b_low_noise_int8_lightx2v_4step.safetensors
2026-07-24 04:47:44.406 | INFO     | lightx2v.models.runners.wan.wan_runner:init_scheduler:364 - Using WanScheduler
2026-07-24 04:47:44.406 | INFO     | lightx2v.utils.custom_compiler:_discover_compiled_methods:125 - [Compile] Found compiled method: _infer_cond_uncond
2026-07-24 04:47:44.406 | DEBUG    | lightx2v.utils.utils:validate_config_paths:763 - ✓ Verified low_noise_quantized_ckpt: /data/fuhaiwen1/LightX2V/models/lightx2v/Wan2.2-Distill-Models/wan2.2_i2v_A14b_low_noise_int8_lightx2v_4step.safetensors
2026-07-24 04:47:44.406 | INFO     | lightx2v.models.runners.default_runner:init_modules:111 - Initializing runner modules...
2026-07-24 04:47:44.406 | INFO     | lightx2v.utils.utils:validate_config_paths:765 - ✓ Config checkpoint paths validated successfully
2026-07-24 04:47:44.406 | INFO     | lightx2v.utils.custom_compiler:_discover_compiled_methods:120 - [Compile] Discovering compiled methods for WanModel...
2026-07-24 04:47:44.407 | INFO     | lightx2v.utils.custom_compiler:_discover_compiled_methods:125 - [Compile] Found compiled method: _infer_cond_uncond
2026-07-24 04:47:44.407 | INFO     | lightx2v.models.runners.wan.wan_runner:init_scheduler:364 - Using WanScheduler
2026-07-24 04:47:44.407 | INFO     | lightx2v.models.runners.default_runner:init_modules:111 - Initializing runner modules...
2026-07-24 04:47:44.407 | INFO     | lightx2v.utils.custom_compiler:_discover_compiled_methods:120 - [Compile] Discovering compiled methods for WanModel...
2026-07-24 04:47:44.408 | INFO     | lightx2v.utils.custom_compiler:_discover_compiled_methods:125 - [Compile] Found compiled method: _infer_cond_uncond
2026-07-24 04:47:44.411 | INFO     | lightx2v.models.networks.base_model:_load_quant_ckpt:509 - Loading weights from /data/fuhaiwen1/LightX2V/models/lightx2v/Wan2.2-Distill-Models/wan2.2_i2v_A14b_high_noise_int8_lightx2v_4step.safetensors
2026-07-24 04:47:44.411 | INFO     | lightx2v.models.networks.base_model:_load_quant_ckpt:509 - Loading weights from /data/fuhaiwen1/LightX2V/models/lightx2v/Wan2.2-Distill-Models/wan2.2_i2v_A14b_high_noise_int8_lightx2v_4step.safetensors
2026-07-24 04:47:44.411 | INFO     | lightx2v.models.networks.base_model:_load_quant_ckpt:509 - Loading weights from /data/fuhaiwen1/LightX2V/models/lightx2v/Wan2.2-Distill-Models/wan2.2_i2v_A14b_high_noise_int8_lightx2v_4step.safetensors
2026-07-24 04:47:44.411 | INFO     | lightx2v.models.networks.base_model:_load_quant_ckpt:509 - Loading weights from /data/fuhaiwen1/LightX2V/models/lightx2v/Wan2.2-Distill-Models/wan2.2_i2v_A14b_high_noise_int8_lightx2v_4step.safetensors
2026-07-24 04:47:44.411 | INFO     | lightx2v.models.networks.base_model:_load_quant_ckpt:509 - Loading weights from /data/fuhaiwen1/LightX2V/models/lightx2v/Wan2.2-Distill-Models/wan2.2_i2v_A14b_high_noise_int8_lightx2v_4step.safetensors
2026-07-24 04:47:44.413 | INFO     | lightx2v.models.networks.base_model:_load_quant_ckpt:509 - Loading weights from /data/fuhaiwen1/LightX2V/models/lightx2v/Wan2.2-Distill-Models/wan2.2_i2v_A14b_high_noise_int8_lightx2v_4step.safetensors
2026-07-24 04:47:44.414 | INFO     | lightx2v.models.networks.base_model:_load_quant_ckpt:509 - Loading weights from /data/fuhaiwen1/LightX2V/models/lightx2v/Wan2.2-Distill-Models/wan2.2_i2v_A14b_high_noise_int8_lightx2v_4step.safetensors
2026-07-24 04:47:44.419 | INFO     | lightx2v.models.networks.base_model:_load_quant_ckpt:509 - Loading weights from /data/fuhaiwen1/LightX2V/models/lightx2v/Wan2.2-Distill-Models/wan2.2_i2v_A14b_high_noise_int8_lightx2v_4step.safetensors
2026-07-24 04:49:20.075 | INFO     | lightx2v.utils.custom_compiler:_discover_compiled_methods:120 - [Compile] Discovering compiled methods for WanModel...
2026-07-24 04:49:20.077 | INFO     | lightx2v.utils.custom_compiler:_discover_compiled_methods:125 - [Compile] Found compiled method: _infer_cond_uncond
2026-07-24 04:49:21.083 | INFO     | lightx2v.utils.custom_compiler:_discover_compiled_methods:120 - [Compile] Discovering compiled methods for WanModel...
2026-07-24 04:49:21.084 | INFO     | lightx2v.utils.custom_compiler:_discover_compiled_methods:125 - [Compile] Found compiled method: _infer_cond_uncond
2026-07-24 04:49:21.092 | INFO     | lightx2v.models.networks.base_model:_load_quant_ckpt:509 - Loading weights from /data/fuhaiwen1/LightX2V/models/lightx2v/Wan2.2-Distill-Models/wan2.2_i2v_A14b_low_noise_int8_lightx2v_4step.safetensors
2026-07-24 04:49:21.092 | INFO     | lightx2v.models.networks.base_model:_load_quant_ckpt:509 - Loading weights from /data/fuhaiwen1/LightX2V/models/lightx2v/Wan2.2-Distill-Models/wan2.2_i2v_A14b_low_noise_int8_lightx2v_4step.safetensors
2026-07-24 04:49:21.100 | INFO     | lightx2v.utils.custom_compiler:_discover_compiled_methods:120 - [Compile] Discovering compiled methods for WanModel...
2026-07-24 04:49:21.101 | INFO     | lightx2v.utils.custom_compiler:_discover_compiled_methods:125 - [Compile] Found compiled method: _infer_cond_uncond
2026-07-24 04:49:21.102 | INFO     | lightx2v.utils.custom_compiler:_discover_compiled_methods:120 - [Compile] Discovering compiled methods for WanModel...
2026-07-24 04:49:21.102 | INFO     | lightx2v.utils.custom_compiler:_discover_compiled_methods:125 - [Compile] Found compiled method: _infer_cond_uncond
2026-07-24 04:49:21.102 | INFO     | lightx2v.utils.custom_compiler:_discover_compiled_methods:120 - [Compile] Discovering compiled methods for WanModel...
2026-07-24 04:49:21.103 | INFO     | lightx2v.utils.custom_compiler:_discover_compiled_methods:125 - [Compile] Found compiled method: _infer_cond_uncond
2026-07-24 04:49:21.108 | INFO     | lightx2v.models.networks.base_model:_load_quant_ckpt:509 - Loading weights from /data/fuhaiwen1/LightX2V/models/lightx2v/Wan2.2-Distill-Models/wan2.2_i2v_A14b_low_noise_int8_lightx2v_4step.safetensors
2026-07-24 04:49:21.108 | INFO     | lightx2v.models.networks.base_model:_load_quant_ckpt:509 - Loading weights from /data/fuhaiwen1/LightX2V/models/lightx2v/Wan2.2-Distill-Models/wan2.2_i2v_A14b_low_noise_int8_lightx2v_4step.safetensors
2026-07-24 04:49:21.108 | INFO     | lightx2v.models.networks.base_model:_load_quant_ckpt:509 - Loading weights from /data/fuhaiwen1/LightX2V/models/lightx2v/Wan2.2-Distill-Models/wan2.2_i2v_A14b_low_noise_int8_lightx2v_4step.safetensors
2026-07-24 04:49:21.110 | INFO     | lightx2v.utils.custom_compiler:_discover_compiled_methods:120 - [Compile] Discovering compiled methods for WanModel...
2026-07-24 04:49:21.111 | INFO     | lightx2v.utils.custom_compiler:_discover_compiled_methods:125 - [Compile] Found compiled method: _infer_cond_uncond
2026-07-24 04:49:21.111 | INFO     | lightx2v.utils.custom_compiler:_discover_compiled_methods:120 - [Compile] Discovering compiled methods for WanModel...
2026-07-24 04:49:21.112 | INFO     | lightx2v.utils.custom_compiler:_discover_compiled_methods:125 - [Compile] Found compiled method: _infer_cond_uncond
2026-07-24 04:49:21.120 | INFO     | lightx2v.models.networks.base_model:_load_quant_ckpt:509 - Loading weights from /data/fuhaiwen1/LightX2V/models/lightx2v/Wan2.2-Distill-Models/wan2.2_i2v_A14b_low_noise_int8_lightx2v_4step.safetensors
2026-07-24 04:49:21.122 | INFO     | lightx2v.models.networks.base_model:_load_quant_ckpt:509 - Loading weights from /data/fuhaiwen1/LightX2V/models/lightx2v/Wan2.2-Distill-Models/wan2.2_i2v_A14b_low_noise_int8_lightx2v_4step.safetensors
2026-07-24 04:49:21.267 | INFO     | lightx2v.utils.custom_compiler:_discover_compiled_methods:120 - [Compile] Discovering compiled methods for WanModel...
2026-07-24 04:49:21.268 | INFO     | lightx2v.utils.custom_compiler:_discover_compiled_methods:125 - [Compile] Found compiled method: _infer_cond_uncond
2026-07-24 04:49:21.306 | INFO     | lightx2v.models.networks.base_model:_load_quant_ckpt:509 - Loading weights from /data/fuhaiwen1/LightX2V/models/lightx2v/Wan2.2-Distill-Models/wan2.2_i2v_A14b_low_noise_int8_lightx2v_4step.safetensors
2026-07-24 04:51:00.448 | INFO     | lightx2v.models.runners.wan.wan_runner:__init__:858 - boundary: 0.9, boundary_timestep: 900.0
2026-07-24 04:51:00.575 | INFO     | lightx2v.utils.utils:load_weights:516 - Loading weights from /data/fuhaiwen1/LightX2V/models/Wan-AI/Wan2.2-I2V-A14B/models_t5_umt5-xxl-enc-bf16.pth
2026-07-24 04:51:01.883 | INFO     | lightx2v.models.runners.wan.wan_runner:__init__:858 - boundary: 0.9, boundary_timestep: 900.0
2026-07-24 04:51:01.912 | INFO     | lightx2v.models.runners.wan.wan_runner:__init__:858 - boundary: 0.9, boundary_timestep: 900.0
2026-07-24 04:51:01.924 | INFO     | lightx2v.models.runners.wan.wan_runner:__init__:858 - boundary: 0.9, boundary_timestep: 900.0
2026-07-24 04:51:01.970 | INFO     | lightx2v.models.runners.wan.wan_runner:__init__:858 - boundary: 0.9, boundary_timestep: 900.0
2026-07-24 04:51:02.071 | INFO     | lightx2v.models.runners.wan.wan_runner:__init__:858 - boundary: 0.9, boundary_timestep: 900.0
2026-07-24 04:51:02.121 | INFO     | lightx2v.models.runners.wan.wan_runner:__init__:858 - boundary: 0.9, boundary_timestep: 900.0
2026-07-24 04:51:02.132 | INFO     | lightx2v.models.runners.wan.wan_runner:__init__:858 - boundary: 0.9, boundary_timestep: 900.0
2026-07-24 04:51:02.141 | INFO     | lightx2v.utils.utils:load_weights:516 - Loading weights from /data/fuhaiwen1/LightX2V/models/Wan-AI/Wan2.2-I2V-A14B/models_t5_umt5-xxl-enc-bf16.pth
2026-07-24 04:51:02.172 | INFO     | lightx2v.utils.utils:load_weights:516 - Loading weights from /data/fuhaiwen1/LightX2V/models/Wan-AI/Wan2.2-I2V-A14B/models_t5_umt5-xxl-enc-bf16.pth
2026-07-24 04:51:02.215 | INFO     | lightx2v.utils.utils:load_weights:516 - Loading weights from /data/fuhaiwen1/LightX2V/models/Wan-AI/Wan2.2-I2V-A14B/models_t5_umt5-xxl-enc-bf16.pth
2026-07-24 04:51:02.316 | INFO     | lightx2v.utils.utils:load_weights:516 - Loading weights from /data/fuhaiwen1/LightX2V/models/Wan-AI/Wan2.2-I2V-A14B/models_t5_umt5-xxl-enc-bf16.pth
2026-07-24 04:51:02.387 | INFO     | lightx2v.utils.utils:load_weights:516 - Loading weights from /data/fuhaiwen1/LightX2V/models/Wan-AI/Wan2.2-I2V-A14B/models_t5_umt5-xxl-enc-bf16.pth
2026-07-24 04:51:02.412 | INFO     | lightx2v.utils.utils:load_weights:516 - Loading weights from /data/fuhaiwen1/LightX2V/models/Wan-AI/Wan2.2-I2V-A14B/models_t5_umt5-xxl-enc-bf16.pth
2026-07-24 04:51:02.418 | INFO     | lightx2v.utils.utils:load_weights:516 - Loading weights from /data/fuhaiwen1/LightX2V/models/Wan-AI/Wan2.2-I2V-A14B/models_t5_umt5-xxl-enc-bf16.pth
2026-07-24 04:51:46.960 | INFO     | lightx2v.utils.utils:load_weights:516 - Loading weights from /data/fuhaiwen1/LightX2V/models/Wan-AI/Wan2.2-I2V-A14B/Wan2.1_VAE.pth
2026-07-24 04:51:48.011 | INFO     | lightx2v.utils.utils:load_weights:516 - Loading weights from /data/fuhaiwen1/LightX2V/models/Wan-AI/Wan2.2-I2V-A14B/Wan2.1_VAE.pth
2026-07-24 04:51:48.044 | INFO     | lightx2v.utils.utils:load_weights:516 - Loading weights from /data/fuhaiwen1/LightX2V/models/Wan-AI/Wan2.2-I2V-A14B/Wan2.1_VAE.pth
2026-07-24 04:51:48.337 | INFO     | lightx2v.utils.utils:load_weights:516 - Loading weights from /data/fuhaiwen1/LightX2V/models/Wan-AI/Wan2.2-I2V-A14B/Wan2.1_VAE.pth
2026-07-24 04:51:48.633 | INFO     | lightx2v.utils.profiler:__exit__:87 - [Profile] Single GPU - Level2_Log Load models cost 244.227458 seconds
2026-07-24 04:51:48.633 | INFO     | lightx2v.utils.profiler:__exit__:87 - [Profile] Single GPU - Level2_Log Load models cost 244.227783 seconds
2026-07-24 04:51:48.714 | INFO     | lightx2v.models.runners.wan.wan_runner:run_vae_encoder:739 - ori latent: 90x68, adjust_latent: 90x68, grid: 2x4
2026-07-24 04:51:48.746 | INFO     | lightx2v.utils.utils:load_weights:516 - Loading weights from /data/fuhaiwen1/LightX2V/models/Wan-AI/Wan2.2-I2V-A14B/Wan2.1_VAE.pth
2026-07-24 04:51:48.913 | INFO     | lightx2v.utils.utils:load_weights:516 - Loading weights from /data/fuhaiwen1/LightX2V/models/Wan-AI/Wan2.2-I2V-A14B/Wan2.1_VAE.pth
2026-07-24 04:51:48.931 | INFO     | lightx2v.utils.utils:load_weights:516 - Loading weights from /data/fuhaiwen1/LightX2V/models/Wan-AI/Wan2.2-I2V-A14B/Wan2.1_VAE.pth
2026-07-24 04:51:49.330 | INFO     | lightx2v.utils.utils:load_weights:516 - Loading weights from /data/fuhaiwen1/LightX2V/models/Wan-AI/Wan2.2-I2V-A14B/Wan2.1_VAE.pth
2026-07-24 04:51:51.562 | INFO     | lightx2v.utils.profiler:__exit__:87 - [Profile] Single GPU - Level2_Log Load models cost 247.154584 seconds
2026-07-24 04:51:51.570 | INFO     | lightx2v.utils.profiler:__exit__:87 - [Profile] Single GPU - Level2_Log Load models cost 247.162558 seconds
2026-07-24 04:51:51.769 | INFO     | lightx2v.utils.profiler:__exit__:87 - [Profile] Single GPU - Level2_Log Load models cost 247.367783 seconds
2026-07-24 04:51:51.769 | INFO     | lightx2v.utils.profiler:__exit__:87 - [Profile] Single GPU - Level2_Log Load models cost 247.368457 seconds
2026-07-24 04:51:51.894 | INFO     | lightx2v.models.runners.wan.wan_runner:run_vae_encoder:739 - ori latent: 90x68, adjust_latent: 90x68, grid: 2x4
2026-07-24 04:51:51.970 | INFO     | lightx2v.utils.profiler:__exit__:87 - [Profile] Single GPU - Level2_Log Load models cost 247.566365 seconds
2026-07-24 04:51:51.972 | INFO     | lightx2v.utils.profiler:__exit__:87 - [Profile] Single GPU - Level2_Log Load models cost 247.568994 seconds
2026-07-24 04:51:51.996 | INFO     | lightx2v.models.runners.wan.wan_runner:run_vae_encoder:739 - ori latent: 90x68, adjust_latent: 90x68, grid: 2x4
2026-07-24 04:51:52.198 | INFO     | lightx2v.models.runners.wan.wan_runner:run_vae_encoder:739 - ori latent: 90x68, adjust_latent: 90x68, grid: 2x4
2026-07-24 04:51:52.592 | INFO     | lightx2v.utils.profiler:__exit__:87 - [Profile] Single GPU - Level2_Log Load models cost 248.190546 seconds
2026-07-24 04:51:52.594 | INFO     | lightx2v.utils.profiler:__exit__:87 - [Profile] Single GPU - Level2_Log Load models cost 248.192117 seconds
2026-07-24 04:51:52.622 | INFO     | lightx2v.models.runners.wan.wan_runner:run_vae_encoder:739 - ori latent: 90x68, adjust_latent: 90x68, grid: 2x4
2026-07-24 04:51:52.636 | INFO     | lightx2v.utils.profiler:__exit__:87 - [Profile] Single GPU - Level2_Log Load models cost 248.231526 seconds
2026-07-24 04:51:52.636 | INFO     | lightx2v.utils.profiler:__exit__:87 - [Profile] Single GPU - Level2_Log Load models cost 248.231956 seconds
2026-07-24 04:51:52.657 | INFO     | lightx2v.models.runners.wan.wan_runner:run_vae_encoder:739 - ori latent: 90x68, adjust_latent: 90x68, grid: 2x4
2026-07-24 04:51:52.662 | INFO     | lightx2v.utils.profiler:__exit__:87 - [Profile] Single GPU - Level2_Log Load models cost 248.254920 seconds
2026-07-24 04:51:52.662 | INFO     | lightx2v.utils.profiler:__exit__:87 - [Profile] Single GPU - Level2_Log Load models cost 248.255821 seconds
2026-07-24 04:51:52.677 | INFO     | lightx2v.utils.profiler:__exit__:87 - [Profile] Single GPU - Level2_Log Load models cost 248.274580 seconds
2026-07-24 04:51:52.678 | INFO     | lightx2v.utils.profiler:__exit__:87 - [Profile] Single GPU - Level2_Log Load models cost 248.275058 seconds
2026-07-24 04:51:52.688 | INFO     | lightx2v.models.runners.wan.wan_runner:run_vae_encoder:739 - ori latent: 90x68, adjust_latent: 90x68, grid: 2x4
2026-07-24 04:51:52.695 | INFO     | lightx2v.models.runners.wan.wan_runner:run_vae_encoder:739 - ori latent: 90x68, adjust_latent: 90x68, grid: 2x4
2026-07-24 04:51:53.468 | INFO     | lightx2v.utils.profiler:__exit__:87 - [Profile] Single GPU - Level1_Log Run VAE Encoder cost 0.780421 seconds
2026-07-24 04:51:53.469 | INFO     | lightx2v.utils.profiler:__exit__:87 - [Profile] Single GPU - Level1_Log Run VAE Encoder cost 0.811449 seconds
2026-07-24 04:51:53.469 | INFO     | lightx2v.utils.profiler:__exit__:87 - [Profile] Single GPU - Level1_Log Run VAE Encoder cost 0.773928 seconds
2026-07-24 04:51:53.469 | INFO     | lightx2v.utils.profiler:__exit__:87 - [Profile] Single GPU - Level1_Log Run VAE Encoder cost 1.575442 seconds
2026-07-24 04:51:53.469 | INFO     | lightx2v.utils.profiler:__exit__:87 - [Profile] Single GPU - Level1_Log Run VAE Encoder cost 0.846837 seconds
2026-07-24 04:51:53.471 | INFO     | lightx2v.utils.profiler:__exit__:87 - [Profile] Single GPU - Level1_Log Run VAE Encoder cost 1.474534 seconds
2026-07-24 04:51:53.471 | INFO     | lightx2v.utils.profiler:__exit__:87 - [Profile] Single GPU - Level1_Log Run VAE Encoder cost 1.272880 seconds
2026-07-24 04:51:53.472 | INFO     | lightx2v.utils.profiler:__exit__:87 - [Profile] Single GPU - Level1_Log Run VAE Encoder cost 4.758293 seconds
2026-07-24 04:51:53.730 | INFO     | lightx2v.utils.profiler:__exit__:87 - [Profile] Single GPU - Level1_Log Run Text Encoder cost 0.260127 seconds
2026-07-24 04:51:53.731 | INFO     | lightx2v.utils.profiler:__exit__:87 - [Profile] Single GPU - Level2_Log Run Encoders cost 2.153773 seconds
2026-07-24 04:51:53.731 | INFO     | lightx2v.utils.profiler:__exit__:87 - [Profile] Single GPU - Level1_Log Run Text Encoder cost 0.258964 seconds
2026-07-24 04:51:53.732 | INFO     | lightx2v.utils.profiler:__exit__:87 - [Profile] Single GPU - Level2_Log Run Encoders cost 1.758303 seconds
2026-07-24 04:51:53.732 | INFO     | lightx2v.models.runners.default_runner:run_main:450 - 🔄 start segment 1/1
2026-07-24 04:51:53.733 | INFO     | lightx2v.models.runners.default_runner:run_main:450 - 🔄 start segment 1/1
2026-07-24 04:51:53.738 | INFO     | lightx2v.utils.profiler:__exit__:87 - [Profile] Single GPU - Level1_Log Run Text Encoder cost 0.268530 seconds
2026-07-24 04:51:53.738 | INFO     | lightx2v.utils.profiler:__exit__:87 - [Profile] Single GPU - Level2_Log Run Encoders cost 1.075580 seconds
2026-07-24 04:51:53.739 | INFO     | lightx2v.models.runners.default_runner:run_main:450 - 🔄 start segment 1/1
2026-07-24 04:51:53.741 | INFO     | lightx2v.utils.profiler:__exit__:87 - [Profile] Single GPU - Level1_Log Run Text Encoder cost 0.270865 seconds
2026-07-24 04:51:53.741 | INFO     | lightx2v.utils.profiler:__exit__:87 - [Profile] Single GPU - Level2_Log Run Encoders cost 1.104346 seconds
2026-07-24 04:51:53.742 | INFO     | lightx2v.models.runners.default_runner:run_main:450 - 🔄 start segment 1/1
2026-07-24 04:51:53.746 | INFO     | lightx2v.utils.profiler:__exit__:87 - [Profile] Single GPU - Level1_Log Run Text Encoder cost 0.273648 seconds
2026-07-24 04:51:53.747 | INFO     | lightx2v.utils.profiler:__exit__:87 - [Profile] Single GPU - Level2_Log Run Encoders cost 1.976691 seconds
2026-07-24 04:51:53.748 | INFO     | lightx2v.models.runners.default_runner:run_main:450 - 🔄 start segment 1/1
2026-07-24 04:51:53.751 | INFO     | lightx2v.models.runners.default_runner:run_segment:234 - ==> step_index: 1 / 4
2026-07-24 04:51:53.751 | INFO     | lightx2v.models.runners.default_runner:run_segment:234 - ==> step_index: 1 / 4
2026-07-24 04:51:53.751 | INFO     | lightx2v.utils.profiler:__exit__:87 - [Profile] Single GPU - Level1_Log Run Text Encoder cost 0.277960 seconds
2026-07-24 04:51:53.751 | INFO     | lightx2v.utils.profiler:__exit__:87 - [Profile] Rank 1 - Level1_Log step_pre cost 0.000109 seconds
2026-07-24 04:51:53.752 | INFO     | lightx2v.utils.profiler:__exit__:87 - [Profile] Rank 0 - Level1_Log step_pre cost 0.000100 seconds
2026-07-24 04:51:53.752 | INFO     | lightx2v.utils.profiler:__exit__:87 - [Profile] Single GPU - Level2_Log Run Encoders cost 5.118712 seconds
2026-07-24 04:51:53.752 | INFO     | lightx2v.models.runners.wan.wan_runner:get_current_model_index:914 - using - HIGH - noise model at step_index 1
2026-07-24 04:51:53.752 | INFO     | lightx2v.models.runners.wan.wan_runner:get_current_model_index:914 - using - HIGH - noise model at step_index 1
2026-07-24 04:51:53.753 | INFO     | lightx2v.utils.profiler:__exit__:87 - [Profile] Single GPU - Level2_Log Switch models in infer_main costs cost 0.000534 seconds
2026-07-24 04:51:53.753 | INFO     | lightx2v.utils.profiler:__exit__:87 - [Profile] Single GPU - Level2_Log Switch models in infer_main costs cost 0.000452 seconds
2026-07-24 04:51:53.753 | INFO     | lightx2v.models.runners.default_runner:run_main:450 - 🔄 start segment 1/1
2026-07-24 04:51:53.780 | INFO     | lightx2v.utils.profiler:__exit__:87 - [Profile] Single GPU - Level1_Log Run Text Encoder cost 0.309953 seconds
2026-07-24 04:51:53.781 | INFO     | lightx2v.utils.profiler:__exit__:87 - [Profile] Single GPU - Level2_Log Run Encoders cost 1.102509 seconds
2026-07-24 04:51:53.781 | INFO     | lightx2v.models.runners.default_runner:run_main:450 - 🔄 start segment 1/1
2026-07-24 04:51:53.798 | INFO     | lightx2v.utils.profiler:__exit__:87 - [Profile] Single GPU - Level1_Log Run Text Encoder cost 0.327226 seconds
2026-07-24 04:51:53.800 | INFO     | lightx2v.utils.profiler:__exit__:87 - [Profile] Single GPU - Level2_Log Run Encoders cost 1.205874 seconds
2026-07-24 04:51:53.801 | INFO     | lightx2v.models.runners.default_runner:run_main:450 - 🔄 start segment 1/1
2026-07-24 04:51:53.805 | INFO     | lightx2v.models.runners.default_runner:run_segment:234 - ==> step_index: 1 / 4
2026-07-24 04:51:53.806 | INFO     | lightx2v.models.runners.default_runner:run_segment:234 - ==> step_index: 1 / 4
2026-07-24 04:51:53.806 | INFO     | lightx2v.models.runners.default_runner:run_segment:234 - ==> step_index: 1 / 4
2026-07-24 04:51:53.806 | INFO     | lightx2v.models.runners.default_runner:run_segment:234 - ==> step_index: 1 / 4
2026-07-24 04:51:53.806 | INFO     | lightx2v.models.runners.default_runner:run_segment:234 - ==> step_index: 1 / 4
2026-07-24 04:51:53.806 | INFO     | lightx2v.models.runners.default_runner:run_segment:234 - ==> step_index: 1 / 4
2026-07-24 04:51:53.806 | INFO     | lightx2v.utils.profiler:__exit__:87 - [Profile] Rank 3 - Level1_Log step_pre cost 0.000108 seconds
2026-07-24 04:51:53.807 | INFO     | lightx2v.utils.profiler:__exit__:87 - [Profile] Rank 5 - Level1_Log step_pre cost 0.000100 seconds
2026-07-24 04:51:53.807 | INFO     | lightx2v.utils.profiler:__exit__:87 - [Profile] Rank 2 - Level1_Log step_pre cost 0.000173 seconds
2026-07-24 04:51:53.807 | INFO     | lightx2v.utils.profiler:__exit__:87 - [Profile] Rank 6 - Level1_Log step_pre cost 0.000127 seconds
2026-07-24 04:51:53.808 | INFO     | lightx2v.utils.profiler:__exit__:87 - [Profile] Rank 7 - Level1_Log step_pre cost 0.000126 seconds
2026-07-24 04:51:53.808 | INFO     | lightx2v.utils.profiler:__exit__:87 - [Profile] Rank 4 - Level1_Log step_pre cost 0.000233 seconds
2026-07-24 04:51:53.808 | INFO     | lightx2v.models.runners.wan.wan_runner:get_current_model_index:914 - using - HIGH - noise model at step_index 1
2026-07-24 04:51:53.808 | INFO     | lightx2v.models.runners.wan.wan_runner:get_current_model_index:914 - using - HIGH - noise model at step_index 1
2026-07-24 04:51:53.808 | INFO     | lightx2v.models.runners.wan.wan_runner:get_current_model_index:914 - using - HIGH - noise model at step_index 1
2026-07-24 04:51:53.808 | INFO     | lightx2v.models.runners.wan.wan_runner:get_current_model_index:914 - using - HIGH - noise model at step_index 1
2026-07-24 04:51:53.808 | INFO     | lightx2v.models.runners.wan.wan_runner:get_current_model_index:914 - using - HIGH - noise model at step_index 1
2026-07-24 04:51:53.808 | INFO     | lightx2v.utils.profiler:__exit__:87 - [Profile] Single GPU - Level2_Log Switch models in infer_main costs cost 0.000731 seconds
2026-07-24 04:51:53.809 | INFO     | lightx2v.utils.profiler:__exit__:87 - [Profile] Single GPU - Level2_Log Switch models in infer_main costs cost 0.000490 seconds
2026-07-24 04:51:53.809 | INFO     | lightx2v.utils.profiler:__exit__:87 - [Profile] Single GPU - Level2_Log Switch models in infer_main costs cost 0.000765 seconds
2026-07-24 04:51:53.809 | INFO     | lightx2v.models.runners.wan.wan_runner:get_current_model_index:914 - using - HIGH - noise model at step_index 1
2026-07-24 04:51:53.809 | INFO     | lightx2v.utils.profiler:__exit__:87 - [Profile] Single GPU - Level2_Log Switch models in infer_main costs cost 0.000663 seconds
2026-07-24 04:51:53.809 | INFO     | lightx2v.utils.profiler:__exit__:87 - [Profile] Single GPU - Level2_Log Switch models in infer_main costs cost 0.000897 seconds
2026-07-24 04:51:53.809 | INFO     | lightx2v.utils.profiler:__exit__:87 - [Profile] Single GPU - Level2_Log Switch models in infer_main costs cost 0.000634 seconds
Warning: Sage2++ NOT enabled
Warning: Sage2++ NOT enabled
Warning: Sage2++ NOT enabled
Warning: Sage2++ NOT enabled
Warning: Sage2++ NOT enabled
Warning: Sage2++ NOT enabled
Warning: Sage2++ NOT enabled
Warning: Sage2++ NOT enabled
2026-07-24 04:51:55.421 | INFO     | lightx2v.utils.profiler:__exit__:87 - [Profile] Rank 6 - Level1_Log 🚀 infer_main cost 1.613111 seconds
2026-07-24 04:51:55.423 | INFO     | lightx2v.utils.profiler:__exit__:87 - [Profile] Rank 6 - Level1_Log Run Dit every step cost 1.617958 seconds
2026-07-24 04:51:55.424 | INFO     | lightx2v.utils.profiler:__exit__:87 - [Profile] Rank 6 - Level1_Log segment end2end 1/1 cost 1.670034 seconds
2026-07-24 04:51:55.424 | INFO     | lightx2v.utils.profiler:__exit__:87 - [Profile] Single GPU - Level2_Log Run DiT cost 1.671464 seconds
2026-07-24 04:51:55.424 | INFO     | lightx2v.utils.profiler:__exit__:87 - [Profile] Single GPU - Level1_Log RUN pipeline cost 6.790760 seconds
2026-07-24 04:51:55.424 | INFO     | lightx2v.utils.profiler:__exit__:87 - [Profile] Rank 6 - Level1_Log Total Cost cost 251.019750 seconds
[rank6]: Traceback (most recent call last):
[rank6]:   File "<frozen runpy>", line 198, in _run_module_as_main
[rank6]:   File "<frozen runpy>", line 88, in _run_code
[rank6]:   File "/data/fuhaiwen1/LightX2V/lightx2v/disagg/examples/infer.py", line 245, in <module>
[rank6]:     main()
[rank6]:   File "/data/fuhaiwen1/LightX2V/lightx2v/disagg/examples/infer.py", line 236, in main
[rank6]:     runner.run_pipeline(input_info)
[rank6]:   File "/data/fuhaiwen1/LightX2V/lightx2v/models/runners/base_runner.py", line 36, in run_pipeline
[rank6]:     result = run_pipeline_fn(self, *args, **kwargs)
[rank6]:              ^^^^^^^^^^^^^^^^^^^^^^^^^^^^^^^^^^^^^^
[rank6]:   File "/data/fuhaiwen1/LightX2V/lightx2v/utils/profiler.py", line 128, in sync_wrapper
[rank6]:     return func(*args, **kwargs)
[rank6]:            ^^^^^^^^^^^^^^^^^^^^^
[rank6]:   File "/data/fuhaiwen1/LightX2V/lightx2v/models/runners/wan/wan_runner.py", line 488, in run_pipeline
[rank6]:     gen_video_final = self._run_pipeline_local()
[rank6]:                       ^^^^^^^^^^^^^^^^^^^^^^^^^^
[rank6]:   File "/data/fuhaiwen1/LightX2V/lightx2v/models/runners/wan/wan_runner.py", line 446, in _run_pipeline_local
[rank6]:     return self.run_main()
[rank6]:            ^^^^^^^^^^^^^^^
[rank6]:   File "/data/fuhaiwen1/LightX2V/lightx2v/utils/profiler.py", line 128, in sync_wrapper
[rank6]:     return func(*args, **kwargs)
[rank6]:            ^^^^^^^^^^^^^^^^^^^^^
[rank6]:   File "/data/fuhaiwen1/LightX2V/lightx2v/models/runners/default_runner.py", line 461, in run_main
[rank6]:     latents = self.run_segment(segment_idx)
[rank6]:               ^^^^^^^^^^^^^^^^^^^^^^^^^^^^^
[rank6]:   File "/data/fuhaiwen1/LightX2V/lightx2v/models/runners/default_runner.py", line 240, in run_segment
[rank6]:     self.model.infer(self.inputs)
[rank6]:   File "/data/fuhaiwen1/LightX2V/lightx2v/models/runners/wan/wan_runner.py", line 873, in infer
[rank6]:     self.model[self.cur_model_index].infer(inputs)
[rank6]:   File "/opt/conda/lib/python3.11/site-packages/torch/utils/_contextlib.py", line 120, in decorate_context
[rank6]:     return func(*args, **kwargs)
[rank6]:            ^^^^^^^^^^^^^^^^^^^^^
[rank6]:   File "/data/fuhaiwen1/LightX2V/lightx2v/models/networks/wan/model.py", line 199, in infer
[rank6]:     noise_pred = self._infer_cond_uncond(inputs, infer_condition=True)
[rank6]:                  ^^^^^^^^^^^^^^^^^^^^^^^^^^^^^^^^^^^^^^^^^^^^^^^^^^^^^
[rank6]:   File "/data/fuhaiwen1/LightX2V/lightx2v/utils/custom_compiler.py", line 47, in wrapper
[rank6]:     return state["original_func"](self, *args, **kwargs)
[rank6]:            ^^^^^^^^^^^^^^^^^^^^^^^^^^^^^^^^^^^^^^^^^^^^^
[rank6]:   File "/opt/conda/lib/python3.11/site-packages/torch/utils/_contextlib.py", line 120, in decorate_context
[rank6]:     return func(*args, **kwargs)
[rank6]:            ^^^^^^^^^^^^^^^^^^^^^
[rank6]:   File "/data/fuhaiwen1/LightX2V/lightx2v/models/networks/wan/model.py", line 117, in _infer_cond_uncond
[rank6]:     x = self.transformer_infer.infer(self.transformer_weights, pre_infer_out)
[rank6]:         ^^^^^^^^^^^^^^^^^^^^^^^^^^^^^^^^^^^^^^^^^^^^^^^^^^^^^^^^^^^^^^^^^^^^^
[rank6]:   File "/opt/conda/lib/python3.11/site-packages/torch/utils/_contextlib.py", line 120, in decorate_context
[rank6]:     return func(*args, **kwargs)
[rank6]:            ^^^^^^^^^^^^^^^^^^^^^
[rank6]:   File "/data/fuhaiwen1/LightX2V/lightx2v/models/networks/wan/infer/transformer_infer.py", line 121, in infer
[rank6]:     x = self.infer_main_blocks(weights.blocks, pre_infer_out)
[rank6]:         ^^^^^^^^^^^^^^^^^^^^^^^^^^^^^^^^^^^^^^^^^^^^^^^^^^^^^
[rank6]:   File "/data/fuhaiwen1/LightX2V/lightx2v/models/networks/wan/infer/transformer_infer.py", line 125, in infer_main_blocks
[rank6]:     x = self.infer_func(blocks, pre_infer_out.x, pre_infer_out)
[rank6]:         ^^^^^^^^^^^^^^^^^^^^^^^^^^^^^^^^^^^^^^^^^^^^^^^^^^^^^^^
[rank6]:   File "/data/fuhaiwen1/LightX2V/lightx2v/models/networks/wan/infer/offload/transformer_infer.py", line 61, in infer_with_blocks_offload
[rank6]:     x = self.run_block(block_idx, self.offload_manager.cuda_buffers[0], x, pre_infer_out)
[rank6]:         ^^^^^^^^^^^^^^^^^^^^^^^^^^^^^^^^^^^^^^^^^^^^^^^^^^^^^^^^^^^^^^^^^^^^^^^^^^^^^^^^^
[rank6]:   File "/data/fuhaiwen1/LightX2V/lightx2v/models/networks/wan/infer/transformer_infer.py", line 168, in run_block
[rank6]:     return self.infer_block(block, x, pre_infer_out)
[rank6]:            ^^^^^^^^^^^^^^^^^^^^^^^^^^^^^^^^^^^^^^^^^
[rank6]:   File "/data/fuhaiwen1/LightX2V/lightx2v/models/networks/wan/infer/transformer_infer.py", line 183, in infer_block
[rank6]:     y_out = self.infer_self_attn(
[rank6]:             ^^^^^^^^^^^^^^^^^^^^^
[rank6]:   File "/data/fuhaiwen1/LightX2V/lightx2v/models/networks/wan/infer/transformer_infer.py", line 280, in infer_self_attn
[rank6]:     attn_out, aux_attn_out = phase.self_attn_1_parallel.apply_new(
[rank6]:                              ^^^^^^^^^^^^^^^^^^^^^^^^^^^^^^^^^^^^^
[rank6]:   File "/data/fuhaiwen1/LightX2V/lightx2v/common/ops/attn/ulysses_attn.py", line 167, in apply_new
[rank6]:     return self._apply_bulk(**common_args)
[rank6]:            ^^^^^^^^^^^^^^^^^^^^^^^^^^^^^^^
[rank6]:   File "/data/fuhaiwen1/LightX2V/lightx2v/common/ops/attn/ulysses_attn.py", line 194, in _apply_bulk
[rank6]:     exchanged_qkv = UlyssesAttnWeight._exchange_packed(packed_qkv, a2a, seq_p_group)
[rank6]:                     ^^^^^^^^^^^^^^^^^^^^^^^^^^^^^^^^^^^^^^^^^^^^^^^^^^^^^^^^^^^^^^^^
[rank6]:   File "/data/fuhaiwen1/LightX2V/lightx2v/common/ops/attn/ulysses_attn.py", line 315, in _exchange_packed
[rank6]:     output_payload, _ = a2a.exchange(payload, group=group, async_op=False)
[rank6]:                         ^^^^^^^^^^^^^^^^^^^^^^^^^^^^^^^^^^^^^^^^^^^^^^^^^^
[rank6]:   File "/data/fuhaiwen1/LightX2V/lightx2v/common/ops/attn/ulysses_a2a.py", line 38, in exchange
[rank6]:     work = dist.all_to_all_single(output_tensor, input_tensor, group=group, async_op=async_op)
[rank6]:            ^^^^^^^^^^^^^^^^^^^^^^^^^^^^^^^^^^^^^^^^^^^^^^^^^^^^^^^^^^^^^^^^^^^^^^^^^^^^^^^^^^^
[rank6]:   File "/opt/conda/lib/python3.11/site-packages/torch/distributed/c10d_logger.py", line 81, in wrapper
[rank6]:     return func(*args, **kwargs)
[rank6]:            ^^^^^^^^^^^^^^^^^^^^^
[rank6]:   File "/opt/conda/lib/python3.11/site-packages/torch/distributed/distributed_c10d.py", line 4625, in all_to_all_single
[rank6]:     work = group.alltoall_base(
[rank6]:            ^^^^^^^^^^^^^^^^^^^^
[rank6]: RuntimeError: NCCL Error 1: unhandled cuda error (run with NCCL_DEBUG=INFO for details)
2026-07-24 04:51:55.505 | INFO     | lightx2v.utils.profiler:__exit__:87 - [Profile] Rank 4 - Level1_Log 🚀 infer_main cost 1.696381 seconds
2026-07-24 04:51:55.505 | INFO     | lightx2v.utils.profiler:__exit__:87 - [Profile] Rank 4 - Level1_Log Run Dit every step cost 1.699670 seconds
2026-07-24 04:51:55.505 | INFO     | lightx2v.utils.profiler:__exit__:87 - [Profile] Rank 4 - Level1_Log segment end2end 1/1 cost 1.723597 seconds
2026-07-24 04:51:55.505 | INFO     | lightx2v.utils.profiler:__exit__:87 - [Profile] Single GPU - Level2_Log Run DiT cost 1.724741 seconds
2026-07-24 04:51:55.506 | INFO     | lightx2v.utils.profiler:__exit__:87 - [Profile] Single GPU - Level1_Log RUN pipeline cost 2.827700 seconds
2026-07-24 04:51:55.506 | INFO     | lightx2v.utils.profiler:__exit__:87 - [Profile] Rank 4 - Level1_Log Total Cost cost 251.103946 seconds
2026-07-24 04:51:55.517 | INFO     | lightx2v.utils.profiler:__exit__:87 - [Profile] Rank 0 - Level1_Log 🚀 infer_main cost 1.764888 seconds
2026-07-24 04:51:55.518 | INFO     | lightx2v.utils.profiler:__exit__:87 - [Profile] Rank 0 - Level1_Log Run Dit every step cost 1.766815 seconds
2026-07-24 04:51:55.518 | INFO     | lightx2v.utils.profiler:__exit__:87 - [Profile] Rank 0 - Level1_Log segment end2end 1/1 cost 1.770109 seconds
2026-07-24 04:51:55.518 | INFO     | lightx2v.utils.profiler:__exit__:87 - [Profile] Single GPU - Level2_Log Run DiT cost 1.771320 seconds
2026-07-24 04:51:55.518 | INFO     | lightx2v.utils.profiler:__exit__:87 - [Profile] Single GPU - Level1_Log RUN pipeline cost 3.748476 seconds
2026-07-24 04:51:55.518 | INFO     | lightx2v.utils.profiler:__exit__:87 - [Profile] Rank 0 - Level1_Log Total Cost cost 251.118227 seconds
[rank4]: Traceback (most recent call last):
[rank4]:   File "<frozen runpy>", line 198, in _run_module_as_main
[rank4]:   File "<frozen runpy>", line 88, in _run_code
[rank4]:   File "/data/fuhaiwen1/LightX2V/lightx2v/disagg/examples/infer.py", line 245, in <module>
[rank4]:     main()
[rank4]:   File "/data/fuhaiwen1/LightX2V/lightx2v/disagg/examples/infer.py", line 236, in main
[rank4]:     runner.run_pipeline(input_info)
[rank4]:   File "/data/fuhaiwen1/LightX2V/lightx2v/models/runners/base_runner.py", line 36, in run_pipeline
[rank4]:     result = run_pipeline_fn(self, *args, **kwargs)
[rank4]:              ^^^^^^^^^^^^^^^^^^^^^^^^^^^^^^^^^^^^^^
[rank4]:   File "/data/fuhaiwen1/LightX2V/lightx2v/utils/profiler.py", line 128, in sync_wrapper
[rank4]:     return func(*args, **kwargs)
[rank4]:            ^^^^^^^^^^^^^^^^^^^^^
[rank4]:   File "/data/fuhaiwen1/LightX2V/lightx2v/models/runners/wan/wan_runner.py", line 488, in run_pipeline
[rank4]:     gen_video_final = self._run_pipeline_local()
[rank4]:                       ^^^^^^^^^^^^^^^^^^^^^^^^^^
[rank4]:   File "/data/fuhaiwen1/LightX2V/lightx2v/models/runners/wan/wan_runner.py", line 446, in _run_pipeline_local
[rank4]:     return self.run_main()
[rank4]:            ^^^^^^^^^^^^^^^
[rank4]:   File "/data/fuhaiwen1/LightX2V/lightx2v/utils/profiler.py", line 128, in sync_wrapper
[rank4]:     return func(*args, **kwargs)
[rank4]:            ^^^^^^^^^^^^^^^^^^^^^
[rank4]:   File "/data/fuhaiwen1/LightX2V/lightx2v/models/runners/default_runner.py", line 461, in run_main
[rank4]:     latents = self.run_segment(segment_idx)
[rank4]:               ^^^^^^^^^^^^^^^^^^^^^^^^^^^^^
[rank4]:   File "/data/fuhaiwen1/LightX2V/lightx2v/models/runners/default_runner.py", line 240, in run_segment
[rank4]:     self.model.infer(self.inputs)
[rank4]:   File "/data/fuhaiwen1/LightX2V/lightx2v/models/runners/wan/wan_runner.py", line 873, in infer
[rank4]:     self.model[self.cur_model_index].infer(inputs)
[rank4]:   File "/opt/conda/lib/python3.11/site-packages/torch/utils/_contextlib.py", line 120, in decorate_context
[rank4]:     return func(*args, **kwargs)
[rank4]:            ^^^^^^^^^^^^^^^^^^^^^
[rank4]:   File "/data/fuhaiwen1/LightX2V/lightx2v/models/networks/wan/model.py", line 199, in infer
[rank4]:     noise_pred = self._infer_cond_uncond(inputs, infer_condition=True)
[rank4]:                  ^^^^^^^^^^^^^^^^^^^^^^^^^^^^^^^^^^^^^^^^^^^^^^^^^^^^^
[rank4]:   File "/data/fuhaiwen1/LightX2V/lightx2v/utils/custom_compiler.py", line 47, in wrapper
[rank4]:     return state["original_func"](self, *args, **kwargs)
[rank4]:            ^^^^^^^^^^^^^^^^^^^^^^^^^^^^^^^^^^^^^^^^^^^^^
[rank4]:   File "/opt/conda/lib/python3.11/site-packages/torch/utils/_contextlib.py", line 120, in decorate_context
[rank4]:     return func(*args, **kwargs)
[rank4]:            ^^^^^^^^^^^^^^^^^^^^^
[rank4]:   File "/data/fuhaiwen1/LightX2V/lightx2v/models/networks/wan/model.py", line 117, in _infer_cond_uncond
[rank4]:     x = self.transformer_infer.infer(self.transformer_weights, pre_infer_out)
[rank4]:         ^^^^^^^^^^^^^^^^^^^^^^^^^^^^^^^^^^^^^^^^^^^^^^^^^^^^^^^^^^^^^^^^^^^^^
[rank4]:   File "/opt/conda/lib/python3.11/site-packages/torch/utils/_contextlib.py", line 120, in decorate_context
[rank4]:     return func(*args, **kwargs)
[rank4]:            ^^^^^^^^^^^^^^^^^^^^^
[rank4]:   File "/data/fuhaiwen1/LightX2V/lightx2v/models/networks/wan/infer/transformer_infer.py", line 121, in infer
[rank4]:     x = self.infer_main_blocks(weights.blocks, pre_infer_out)
[rank4]:         ^^^^^^^^^^^^^^^^^^^^^^^^^^^^^^^^^^^^^^^^^^^^^^^^^^^^^
[rank4]:   File "/data/fuhaiwen1/LightX2V/lightx2v/models/networks/wan/infer/transformer_infer.py", line 125, in infer_main_blocks
[rank4]:     x = self.infer_func(blocks, pre_infer_out.x, pre_infer_out)
[rank4]:         ^^^^^^^^^^^^^^^^^^^^^^^^^^^^^^^^^^^^^^^^^^^^^^^^^^^^^^^
[rank4]:   File "/data/fuhaiwen1/LightX2V/lightx2v/models/networks/wan/infer/offload/transformer_infer.py", line 61, in infer_with_blocks_offload
[rank4]:     x = self.run_block(block_idx, self.offload_manager.cuda_buffers[0], x, pre_infer_out)
[rank4]:         ^^^^^^^^^^^^^^^^^^^^^^^^^^^^^^^^^^^^^^^^^^^^^^^^^^^^^^^^^^^^^^^^^^^^^^^^^^^^^^^^^
[rank4]:   File "/data/fuhaiwen1/LightX2V/lightx2v/models/networks/wan/infer/transformer_infer.py", line 168, in run_block
[rank4]:     return self.infer_block(block, x, pre_infer_out)
[rank4]:            ^^^^^^^^^^^^^^^^^^^^^^^^^^^^^^^^^^^^^^^^^
[rank4]:   File "/data/fuhaiwen1/LightX2V/lightx2v/models/networks/wan/infer/transformer_infer.py", line 183, in infer_block
[rank4]:     y_out = self.infer_self_attn(
[rank4]:             ^^^^^^^^^^^^^^^^^^^^^
[rank4]:   File "/data/fuhaiwen1/LightX2V/lightx2v/models/networks/wan/infer/transformer_infer.py", line 280, in infer_self_attn
[rank4]:     attn_out, aux_attn_out = phase.self_attn_1_parallel.apply_new(
[rank4]:                              ^^^^^^^^^^^^^^^^^^^^^^^^^^^^^^^^^^^^^
[rank4]:   File "/data/fuhaiwen1/LightX2V/lightx2v/common/ops/attn/ulysses_attn.py", line 167, in apply_new
[rank4]:     return self._apply_bulk(**common_args)
[rank4]:            ^^^^^^^^^^^^^^^^^^^^^^^^^^^^^^^
[rank4]:   File "/data/fuhaiwen1/LightX2V/lightx2v/common/ops/attn/ulysses_attn.py", line 194, in _apply_bulk
[rank4]:     exchanged_qkv = UlyssesAttnWeight._exchange_packed(packed_qkv, a2a, seq_p_group)
[rank4]:                     ^^^^^^^^^^^^^^^^^^^^^^^^^^^^^^^^^^^^^^^^^^^^^^^^^^^^^^^^^^^^^^^^
[rank4]:   File "/data/fuhaiwen1/LightX2V/lightx2v/common/ops/attn/ulysses_attn.py", line 315, in _exchange_packed
[rank4]:     output_payload, _ = a2a.exchange(payload, group=group, async_op=False)
[rank4]:                         ^^^^^^^^^^^^^^^^^^^^^^^^^^^^^^^^^^^^^^^^^^^^^^^^^^
[rank4]:   File "/data/fuhaiwen1/LightX2V/lightx2v/common/ops/attn/ulysses_a2a.py", line 38, in exchange
[rank4]:     work = dist.all_to_all_single(output_tensor, input_tensor, group=group, async_op=async_op)
[rank4]:            ^^^^^^^^^^^^^^^^^^^^^^^^^^^^^^^^^^^^^^^^^^^^^^^^^^^^^^^^^^^^^^^^^^^^^^^^^^^^^^^^^^^
[rank4]:   File "/opt/conda/lib/python3.11/site-packages/torch/distributed/c10d_logger.py", line 81, in wrapper
[rank4]:     return func(*args, **kwargs)
[rank4]:            ^^^^^^^^^^^^^^^^^^^^^
[rank4]:   File "/opt/conda/lib/python3.11/site-packages/torch/distributed/distributed_c10d.py", line 4625, in all_to_all_single
[rank4]:     work = group.alltoall_base(
[rank4]:            ^^^^^^^^^^^^^^^^^^^^
[rank4]: RuntimeError: NCCL Error 3: internal error - please report this issue to the NCCL developers
2026-07-24 04:51:55.547 | INFO     | lightx2v.utils.profiler:__exit__:87 - [Profile] Rank 1 - Level1_Log 🚀 infer_main cost 1.794547 seconds
2026-07-24 04:51:55.547 | INFO     | lightx2v.utils.profiler:__exit__:87 - [Profile] Rank 1 - Level1_Log Run Dit every step cost 1.796077 seconds
2026-07-24 04:51:55.547 | INFO     | lightx2v.utils.profiler:__exit__:87 - [Profile] Rank 1 - Level1_Log segment end2end 1/1 cost 1.807397 seconds
2026-07-24 04:51:55.547 | INFO     | lightx2v.utils.profiler:__exit__:87 - [Profile] Rank 3 - Level1_Log 🚀 infer_main cost 1.739361 seconds
2026-07-24 04:51:55.547 | INFO     | lightx2v.utils.profiler:__exit__:87 - [Profile] Single GPU - Level2_Log Run DiT cost 1.808554 seconds
2026-07-24 04:51:55.547 | INFO     | lightx2v.utils.profiler:__exit__:87 - [Profile] Rank 3 - Level1_Log Run Dit every step cost 1.742224 seconds
2026-07-24 04:51:55.548 | INFO     | lightx2v.utils.profiler:__exit__:87 - [Profile] Single GPU - Level1_Log RUN pipeline cost 2.884851 seconds
2026-07-24 04:51:55.548 | INFO     | lightx2v.utils.profiler:__exit__:87 - [Profile] Rank 3 - Level1_Log segment end2end 1/1 cost 1.814578 seconds
2026-07-24 04:51:55.548 | INFO     | lightx2v.utils.profiler:__exit__:87 - [Profile] Rank 1 - Level1_Log Total Cost cost 251.142385 seconds
2026-07-24 04:51:55.548 | INFO     | lightx2v.utils.profiler:__exit__:87 - [Profile] Single GPU - Level2_Log Run DiT cost 1.815966 seconds
2026-07-24 04:51:55.548 | INFO     | lightx2v.utils.profiler:__exit__:87 - [Profile] Single GPU - Level1_Log RUN pipeline cost 3.574816 seconds
2026-07-24 04:51:55.548 | INFO     | lightx2v.utils.profiler:__exit__:87 - [Profile] Rank 3 - Level1_Log Total Cost cost 251.145548 seconds
[rank0]: Traceback (most recent call last):
[rank0]:   File "<frozen runpy>", line 198, in _run_module_as_main
[rank0]:   File "<frozen runpy>", line 88, in _run_code
[rank0]:   File "/data/fuhaiwen1/LightX2V/lightx2v/disagg/examples/infer.py", line 245, in <module>
[rank0]:     main()
[rank0]:   File "/data/fuhaiwen1/LightX2V/lightx2v/disagg/examples/infer.py", line 236, in main
[rank0]:     runner.run_pipeline(input_info)
[rank0]:   File "/data/fuhaiwen1/LightX2V/lightx2v/models/runners/base_runner.py", line 36, in run_pipeline
[rank0]:     result = run_pipeline_fn(self, *args, **kwargs)
[rank0]:              ^^^^^^^^^^^^^^^^^^^^^^^^^^^^^^^^^^^^^^
[rank0]:   File "/data/fuhaiwen1/LightX2V/lightx2v/utils/profiler.py", line 128, in sync_wrapper
[rank0]:     return func(*args, **kwargs)
[rank0]:            ^^^^^^^^^^^^^^^^^^^^^
[rank0]:   File "/data/fuhaiwen1/LightX2V/lightx2v/models/runners/wan/wan_runner.py", line 488, in run_pipeline
[rank0]:     gen_video_final = self._run_pipeline_local()
[rank0]:                       ^^^^^^^^^^^^^^^^^^^^^^^^^^
[rank0]:   File "/data/fuhaiwen1/LightX2V/lightx2v/models/runners/wan/wan_runner.py", line 446, in _run_pipeline_local
[rank0]:     return self.run_main()
[rank0]:            ^^^^^^^^^^^^^^^
[rank0]:   File "/data/fuhaiwen1/LightX2V/lightx2v/utils/profiler.py", line 128, in sync_wrapper
[rank0]:     return func(*args, **kwargs)
[rank0]:            ^^^^^^^^^^^^^^^^^^^^^
[rank0]:   File "/data/fuhaiwen1/LightX2V/lightx2v/models/runners/default_runner.py", line 461, in run_main
[rank0]:     latents = self.run_segment(segment_idx)
[rank0]:               ^^^^^^^^^^^^^^^^^^^^^^^^^^^^^
[rank0]:   File "/data/fuhaiwen1/LightX2V/lightx2v/models/runners/default_runner.py", line 240, in run_segment
[rank0]:     self.model.infer(self.inputs)
[rank0]:   File "/data/fuhaiwen1/LightX2V/lightx2v/models/runners/wan/wan_runner.py", line 873, in infer
[rank0]:     self.model[self.cur_model_index].infer(inputs)
[rank0]:   File "/opt/conda/lib/python3.11/site-packages/torch/utils/_contextlib.py", line 120, in decorate_context
[rank0]:     return func(*args, **kwargs)
[rank0]:            ^^^^^^^^^^^^^^^^^^^^^
[rank0]:   File "/data/fuhaiwen1/LightX2V/lightx2v/models/networks/wan/model.py", line 199, in infer
[rank0]:     noise_pred = self._infer_cond_uncond(inputs, infer_condition=True)
[rank0]:                  ^^^^^^^^^^^^^^^^^^^^^^^^^^^^^^^^^^^^^^^^^^^^^^^^^^^^^
[rank0]:   File "/data/fuhaiwen1/LightX2V/lightx2v/utils/custom_compiler.py", line 47, in wrapper
[rank0]:     return state["original_func"](self, *args, **kwargs)
[rank0]:            ^^^^^^^^^^^^^^^^^^^^^^^^^^^^^^^^^^^^^^^^^^^^^
[rank0]:   File "/opt/conda/lib/python3.11/site-packages/torch/utils/_contextlib.py", line 120, in decorate_context
[rank0]:     return func(*args, **kwargs)
[rank0]:            ^^^^^^^^^^^^^^^^^^^^^
[rank0]:   File "/data/fuhaiwen1/LightX2V/lightx2v/models/networks/wan/model.py", line 117, in _infer_cond_uncond
[rank0]:     x = self.transformer_infer.infer(self.transformer_weights, pre_infer_out)
[rank0]:         ^^^^^^^^^^^^^^^^^^^^^^^^^^^^^^^^^^^^^^^^^^^^^^^^^^^^^^^^^^^^^^^^^^^^^
[rank0]:   File "/opt/conda/lib/python3.11/site-packages/torch/utils/_contextlib.py", line 120, in decorate_context
[rank0]:     return func(*args, **kwargs)
[rank0]:            ^^^^^^^^^^^^^^^^^^^^^
[rank0]:   File "/data/fuhaiwen1/LightX2V/lightx2v/models/networks/wan/infer/transformer_infer.py", line 121, in infer
[rank0]:     x = self.infer_main_blocks(weights.blocks, pre_infer_out)
[rank0]:         ^^^^^^^^^^^^^^^^^^^^^^^^^^^^^^^^^^^^^^^^^^^^^^^^^^^^^
[rank0]:   File "/data/fuhaiwen1/LightX2V/lightx2v/models/networks/wan/infer/transformer_infer.py", line 125, in infer_main_blocks
[rank0]:     x = self.infer_func(blocks, pre_infer_out.x, pre_infer_out)
[rank0]:         ^^^^^^^^^^^^^^^^^^^^^^^^^^^^^^^^^^^^^^^^^^^^^^^^^^^^^^^
[rank0]:   File "/data/fuhaiwen1/LightX2V/lightx2v/models/networks/wan/infer/offload/transformer_infer.py", line 61, in infer_with_blocks_offload
[rank0]:     x = self.run_block(block_idx, self.offload_manager.cuda_buffers[0], x, pre_infer_out)
[rank0]:         ^^^^^^^^^^^^^^^^^^^^^^^^^^^^^^^^^^^^^^^^^^^^^^^^^^^^^^^^^^^^^^^^^^^^^^^^^^^^^^^^^
[rank0]:   File "/data/fuhaiwen1/LightX2V/lightx2v/models/networks/wan/infer/transformer_infer.py", line 168, in run_block
[rank0]:     return self.infer_block(block, x, pre_infer_out)
[rank0]:            ^^^^^^^^^^^^^^^^^^^^^^^^^^^^^^^^^^^^^^^^^
[rank0]:   File "/data/fuhaiwen1/LightX2V/lightx2v/models/networks/wan/infer/transformer_infer.py", line 183, in infer_block
[rank0]:     y_out = self.infer_self_attn(
[rank0]:             ^^^^^^^^^^^^^^^^^^^^^
[rank0]:   File "/data/fuhaiwen1/LightX2V/lightx2v/models/networks/wan/infer/transformer_infer.py", line 280, in infer_self_attn
[rank0]:     attn_out, aux_attn_out = phase.self_attn_1_parallel.apply_new(
[rank0]:                              ^^^^^^^^^^^^^^^^^^^^^^^^^^^^^^^^^^^^^
[rank0]:   File "/data/fuhaiwen1/LightX2V/lightx2v/common/ops/attn/ulysses_attn.py", line 167, in apply_new
[rank0]:     return self._apply_bulk(**common_args)
[rank0]:            ^^^^^^^^^^^^^^^^^^^^^^^^^^^^^^^
[rank0]:   File "/data/fuhaiwen1/LightX2V/lightx2v/common/ops/attn/ulysses_attn.py", line 194, in _apply_bulk
[rank0]:     exchanged_qkv = UlyssesAttnWeight._exchange_packed(packed_qkv, a2a, seq_p_group)
[rank0]:                     ^^^^^^^^^^^^^^^^^^^^^^^^^^^^^^^^^^^^^^^^^^^^^^^^^^^^^^^^^^^^^^^^
[rank0]:   File "/data/fuhaiwen1/LightX2V/lightx2v/common/ops/attn/ulysses_attn.py", line 315, in _exchange_packed
[rank0]:     output_payload, _ = a2a.exchange(payload, group=group, async_op=False)
[rank0]:                         ^^^^^^^^^^^^^^^^^^^^^^^^^^^^^^^^^^^^^^^^^^^^^^^^^^
[rank0]:   File "/data/fuhaiwen1/LightX2V/lightx2v/common/ops/attn/ulysses_a2a.py", line 38, in exchange
[rank0]:     work = dist.all_to_all_single(output_tensor, input_tensor, group=group, async_op=async_op)
[rank0]:            ^^^^^^^^^^^^^^^^^^^^^^^^^^^^^^^^^^^^^^^^^^^^^^^^^^^^^^^^^^^^^^^^^^^^^^^^^^^^^^^^^^^
[rank0]:   File "/opt/conda/lib/python3.11/site-packages/torch/distributed/c10d_logger.py", line 81, in wrapper
[rank0]:     return func(*args, **kwargs)
[rank0]:            ^^^^^^^^^^^^^^^^^^^^^
[rank0]:   File "/opt/conda/lib/python3.11/site-packages/torch/distributed/distributed_c10d.py", line 4625, in all_to_all_single
[rank0]:     work = group.alltoall_base(
[rank0]:            ^^^^^^^^^^^^^^^^^^^^
[rank0]: RuntimeError: NCCL Error 6: remote process exited or there was a network error
[rank1]: Traceback (most recent call last):
[rank1]:   File "<frozen runpy>", line 198, in _run_module_as_main
[rank1]:   File "<frozen runpy>", line 88, in _run_code
[rank1]:   File "/data/fuhaiwen1/LightX2V/lightx2v/disagg/examples/infer.py", line 245, in <module>
[rank1]:     main()
[rank1]:   File "/data/fuhaiwen1/LightX2V/lightx2v/disagg/examples/infer.py", line 236, in main
[rank1]:     runner.run_pipeline(input_info)
[rank1]:   File "/data/fuhaiwen1/LightX2V/lightx2v/models/runners/base_runner.py", line 36, in run_pipeline
[rank1]:     result = run_pipeline_fn(self, *args, **kwargs)
[rank1]:              ^^^^^^^^^^^^^^^^^^^^^^^^^^^^^^^^^^^^^^
[rank1]:   File "/data/fuhaiwen1/LightX2V/lightx2v/utils/profiler.py", line 128, in sync_wrapper
[rank1]:     return func(*args, **kwargs)
[rank1]:            ^^^^^^^^^^^^^^^^^^^^^
[rank1]:   File "/data/fuhaiwen1/LightX2V/lightx2v/models/runners/wan/wan_runner.py", line 488, in run_pipeline
[rank1]:     gen_video_final = self._run_pipeline_local()
[rank1]:                       ^^^^^^^^^^^^^^^^^^^^^^^^^^
[rank1]:   File "/data/fuhaiwen1/LightX2V/lightx2v/models/runners/wan/wan_runner.py", line 446, in _run_pipeline_local
[rank1]:     return self.run_main()
[rank1]:            ^^^^^^^^^^^^^^^
[rank1]:   File "/data/fuhaiwen1/LightX2V/lightx2v/utils/profiler.py", line 128, in sync_wrapper
[rank1]:     return func(*args, **kwargs)
[rank1]:            ^^^^^^^^^^^^^^^^^^^^^
[rank1]:   File "/data/fuhaiwen1/LightX2V/lightx2v/models/runners/default_runner.py", line 461, in run_main
[rank1]:     latents = self.run_segment(segment_idx)
[rank1]:               ^^^^^^^^^^^^^^^^^^^^^^^^^^^^^
[rank1]:   File "/data/fuhaiwen1/LightX2V/lightx2v/models/runners/default_runner.py", line 240, in run_segment
[rank1]:     self.model.infer(self.inputs)
[rank1]:   File "/data/fuhaiwen1/LightX2V/lightx2v/models/runners/wan/wan_runner.py", line 873, in infer
[rank1]:     self.model[self.cur_model_index].infer(inputs)
[rank1]:   File "/opt/conda/lib/python3.11/site-packages/torch/utils/_contextlib.py", line 120, in decorate_context
[rank1]:     return func(*args, **kwargs)
[rank1]:            ^^^^^^^^^^^^^^^^^^^^^
[rank1]:   File "/data/fuhaiwen1/LightX2V/lightx2v/models/networks/wan/model.py", line 199, in infer
[rank1]:     noise_pred = self._infer_cond_uncond(inputs, infer_condition=True)
[rank1]:                  ^^^^^^^^^^^^^^^^^^^^^^^^^^^^^^^^^^^^^^^^^^^^^^^^^^^^^
[rank1]:   File "/data/fuhaiwen1/LightX2V/lightx2v/utils/custom_compiler.py", line 47, in wrapper
[rank1]:     return state["original_func"](self, *args, **kwargs)
[rank1]:            ^^^^^^^^^^^^^^^^^^^^^^^^^^^^^^^^^^^^^^^^^^^^^
[rank1]:   File "/opt/conda/lib/python3.11/site-packages/torch/utils/_contextlib.py", line 120, in decorate_context
[rank1]:     return func(*args, **kwargs)
[rank1]:            ^^^^^^^^^^^^^^^^^^^^^
[rank1]:   File "/data/fuhaiwen1/LightX2V/lightx2v/models/networks/wan/model.py", line 117, in _infer_cond_uncond
[rank1]:     x = self.transformer_infer.infer(self.transformer_weights, pre_infer_out)
[rank1]:         ^^^^^^^^^^^^^^^^^^^^^^^^^^^^^^^^^^^^^^^^^^^^^^^^^^^^^^^^^^^^^^^^^^^^^
[rank1]:   File "/opt/conda/lib/python3.11/site-packages/torch/utils/_contextlib.py", line 120, in decorate_context
[rank1]:     return func(*args, **kwargs)
[rank1]:            ^^^^^^^^^^^^^^^^^^^^^
[rank1]:   File "/data/fuhaiwen1/LightX2V/lightx2v/models/networks/wan/infer/transformer_infer.py", line 121, in infer
[rank1]:     x = self.infer_main_blocks(weights.blocks, pre_infer_out)
[rank1]:         ^^^^^^^^^^^^^^^^^^^^^^^^^^^^^^^^^^^^^^^^^^^^^^^^^^^^^
[rank1]:   File "/data/fuhaiwen1/LightX2V/lightx2v/models/networks/wan/infer/transformer_infer.py", line 125, in infer_main_blocks
[rank1]:     x = self.infer_func(blocks, pre_infer_out.x, pre_infer_out)
[rank1]:         ^^^^^^^^^^^^^^^^^^^^^^^^^^^^^^^^^^^^^^^^^^^^^^^^^^^^^^^
[rank1]:   File "/data/fuhaiwen1/LightX2V/lightx2v/models/networks/wan/infer/offload/transformer_infer.py", line 61, in infer_with_blocks_offload
[rank1]:     x = self.run_block(block_idx, self.offload_manager.cuda_buffers[0], x, pre_infer_out)
[rank1]:         ^^^^^^^^^^^^^^^^^^^^^^^^^^^^^^^^^^^^^^^^^^^^^^^^^^^^^^^^^^^^^^^^^^^^^^^^^^^^^^^^^
[rank1]:   File "/data/fuhaiwen1/LightX2V/lightx2v/models/networks/wan/infer/transformer_infer.py", line 168, in run_block
[rank1]:     return self.infer_block(block, x, pre_infer_out)
[rank1]:            ^^^^^^^^^^^^^^^^^^^^^^^^^^^^^^^^^^^^^^^^^
[rank1]:   File "/data/fuhaiwen1/LightX2V/lightx2v/models/networks/wan/infer/transformer_infer.py", line 183, in infer_block
[rank1]:     y_out = self.infer_self_attn(
[rank1]:             ^^^^^^^^^^^^^^^^^^^^^
[rank1]:   File "/data/fuhaiwen1/LightX2V/lightx2v/models/networks/wan/infer/transformer_infer.py", line 280, in infer_self_attn
[rank1]:     attn_out, aux_attn_out = phase.self_attn_1_parallel.apply_new(
[rank1]:                              ^^^^^^^^^^^^^^^^^^^^^^^^^^^^^^^^^^^^^
[rank1]:   File "/data/fuhaiwen1/LightX2V/lightx2v/common/ops/attn/ulysses_attn.py", line 167, in apply_new
[rank1]:     return self._apply_bulk(**common_args)
[rank1]:            ^^^^^^^^^^^^^^^^^^^^^^^^^^^^^^^
[rank1]:   File "/data/fuhaiwen1/LightX2V/lightx2v/common/ops/attn/ulysses_attn.py", line 194, in _apply_bulk
[rank1]:     exchanged_qkv = UlyssesAttnWeight._exchange_packed(packed_qkv, a2a, seq_p_group)
[rank1]:                     ^^^^^^^^^^^^^^^^^^^^^^^^^^^^^^^^^^^^^^^^^^^^^^^^^^^^^^^^^^^^^^^^
[rank1]:   File "/data/fuhaiwen1/LightX2V/lightx2v/common/ops/attn/ulysses_attn.py", line 315, in _exchange_packed
[rank1]:     output_payload, _ = a2a.exchange(payload, group=group, async_op=False)
[rank1]:                         ^^^^^^^^^^^^^^^^^^^^^^^^^^^^^^^^^^^^^^^^^^^^^^^^^^
[rank1]:   File "/data/fuhaiwen1/LightX2V/lightx2v/common/ops/attn/ulysses_a2a.py", line 38, in exchange
[rank1]:     work = dist.all_to_all_single(output_tensor, input_tensor, group=group, async_op=async_op)
[rank1]:            ^^^^^^^^^^^^^^^^^^^^^^^^^^^^^^^^^^^^^^^^^^^^^^^^^^^^^^^^^^^^^^^^^^^^^^^^^^^^^^^^^^^
[rank1]:   File "/opt/conda/lib/python3.11/site-packages/torch/distributed/c10d_logger.py", line 81, in wrapper
[rank1]:     return func(*args, **kwargs)
[rank1]:            ^^^^^^^^^^^^^^^^^^^^^
[rank1]:   File "/opt/conda/lib/python3.11/site-packages/torch/distributed/distributed_c10d.py", line 4625, in all_to_all_single
[rank1]:     work = group.alltoall_base(
[rank1]:            ^^^^^^^^^^^^^^^^^^^^
[rank1]: RuntimeError: NCCL Error 3: internal error - please report this issue to the NCCL developers
[rank3]: Traceback (most recent call last):
[rank3]:   File "<frozen runpy>", line 198, in _run_module_as_main
[rank3]:   File "<frozen runpy>", line 88, in _run_code
[rank3]:   File "/data/fuhaiwen1/LightX2V/lightx2v/disagg/examples/infer.py", line 245, in <module>
[rank3]:     main()
[rank3]:   File "/data/fuhaiwen1/LightX2V/lightx2v/disagg/examples/infer.py", line 236, in main
[rank3]:     runner.run_pipeline(input_info)
[rank3]:   File "/data/fuhaiwen1/LightX2V/lightx2v/models/runners/base_runner.py", line 36, in run_pipeline
[rank3]:     result = run_pipeline_fn(self, *args, **kwargs)
[rank3]:              ^^^^^^^^^^^^^^^^^^^^^^^^^^^^^^^^^^^^^^
[rank3]:   File "/data/fuhaiwen1/LightX2V/lightx2v/utils/profiler.py", line 128, in sync_wrapper
[rank3]:     return func(*args, **kwargs)
[rank3]:            ^^^^^^^^^^^^^^^^^^^^^
[rank3]:   File "/data/fuhaiwen1/LightX2V/lightx2v/models/runners/wan/wan_runner.py", line 488, in run_pipeline
[rank3]:     gen_video_final = self._run_pipeline_local()
[rank3]:                       ^^^^^^^^^^^^^^^^^^^^^^^^^^
[rank3]:   File "/data/fuhaiwen1/LightX2V/lightx2v/models/runners/wan/wan_runner.py", line 446, in _run_pipeline_local
[rank3]:     return self.run_main()
[rank3]:            ^^^^^^^^^^^^^^^
[rank3]:   File "/data/fuhaiwen1/LightX2V/lightx2v/utils/profiler.py", line 128, in sync_wrapper
[rank3]:     return func(*args, **kwargs)
[rank3]:            ^^^^^^^^^^^^^^^^^^^^^
[rank3]:   File "/data/fuhaiwen1/LightX2V/lightx2v/models/runners/default_runner.py", line 461, in run_main
[rank3]:     latents = self.run_segment(segment_idx)
[rank3]:               ^^^^^^^^^^^^^^^^^^^^^^^^^^^^^
[rank3]:   File "/data/fuhaiwen1/LightX2V/lightx2v/models/runners/default_runner.py", line 240, in run_segment
[rank3]:     self.model.infer(self.inputs)
[rank3]:   File "/data/fuhaiwen1/LightX2V/lightx2v/models/runners/wan/wan_runner.py", line 873, in infer
[rank3]:     self.model[self.cur_model_index].infer(inputs)
[rank3]:   File "/opt/conda/lib/python3.11/site-packages/torch/utils/_contextlib.py", line 120, in decorate_context
[rank3]:     return func(*args, **kwargs)
[rank3]:            ^^^^^^^^^^^^^^^^^^^^^
[rank3]:   File "/data/fuhaiwen1/LightX2V/lightx2v/models/networks/wan/model.py", line 199, in infer
[rank3]:     noise_pred = self._infer_cond_uncond(inputs, infer_condition=True)
[rank3]:                  ^^^^^^^^^^^^^^^^^^^^^^^^^^^^^^^^^^^^^^^^^^^^^^^^^^^^^
[rank3]:   File "/data/fuhaiwen1/LightX2V/lightx2v/utils/custom_compiler.py", line 47, in wrapper
[rank3]:     return state["original_func"](self, *args, **kwargs)
[rank3]:            ^^^^^^^^^^^^^^^^^^^^^^^^^^^^^^^^^^^^^^^^^^^^^
[rank3]:   File "/opt/conda/lib/python3.11/site-packages/torch/utils/_contextlib.py", line 120, in decorate_context
[rank3]:     return func(*args, **kwargs)
[rank3]:            ^^^^^^^^^^^^^^^^^^^^^
[rank3]:   File "/data/fuhaiwen1/LightX2V/lightx2v/models/networks/wan/model.py", line 117, in _infer_cond_uncond
[rank3]:     x = self.transformer_infer.infer(self.transformer_weights, pre_infer_out)
[rank3]:         ^^^^^^^^^^^^^^^^^^^^^^^^^^^^^^^^^^^^^^^^^^^^^^^^^^^^^^^^^^^^^^^^^^^^^
[rank3]:   File "/opt/conda/lib/python3.11/site-packages/torch/utils/_contextlib.py", line 120, in decorate_context
[rank3]:     return func(*args, **kwargs)
[rank3]:            ^^^^^^^^^^^^^^^^^^^^^
[rank3]:   File "/data/fuhaiwen1/LightX2V/lightx2v/models/networks/wan/infer/transformer_infer.py", line 121, in infer
[rank3]:     x = self.infer_main_blocks(weights.blocks, pre_infer_out)
[rank3]:         ^^^^^^^^^^^^^^^^^^^^^^^^^^^^^^^^^^^^^^^^^^^^^^^^^^^^^
[rank3]:   File "/data/fuhaiwen1/LightX2V/lightx2v/models/networks/wan/infer/transformer_infer.py", line 125, in infer_main_blocks
[rank3]:     x = self.infer_func(blocks, pre_infer_out.x, pre_infer_out)
[rank3]:         ^^^^^^^^^^^^^^^^^^^^^^^^^^^^^^^^^^^^^^^^^^^^^^^^^^^^^^^
[rank3]:   File "/data/fuhaiwen1/LightX2V/lightx2v/models/networks/wan/infer/offload/transformer_infer.py", line 61, in infer_with_blocks_offload
[rank3]:     x = self.run_block(block_idx, self.offload_manager.cuda_buffers[0], x, pre_infer_out)
[rank3]:         ^^^^^^^^^^^^^^^^^^^^^^^^^^^^^^^^^^^^^^^^^^^^^^^^^^^^^^^^^^^^^^^^^^^^^^^^^^^^^^^^^
[rank3]:   File "/data/fuhaiwen1/LightX2V/lightx2v/models/networks/wan/infer/transformer_infer.py", line 168, in run_block
[rank3]:     return self.infer_block(block, x, pre_infer_out)
[rank3]:            ^^^^^^^^^^^^^^^^^^^^^^^^^^^^^^^^^^^^^^^^^
[rank3]:   File "/data/fuhaiwen1/LightX2V/lightx2v/models/networks/wan/infer/transformer_infer.py", line 183, in infer_block
[rank3]:     y_out = self.infer_self_attn(
[rank3]:             ^^^^^^^^^^^^^^^^^^^^^
[rank3]:   File "/data/fuhaiwen1/LightX2V/lightx2v/models/networks/wan/infer/transformer_infer.py", line 280, in infer_self_attn
[rank3]:     attn_out, aux_attn_out = phase.self_attn_1_parallel.apply_new(
[rank3]:                              ^^^^^^^^^^^^^^^^^^^^^^^^^^^^^^^^^^^^^
[rank3]:   File "/data/fuhaiwen1/LightX2V/lightx2v/common/ops/attn/ulysses_attn.py", line 167, in apply_new
[rank3]:     return self._apply_bulk(**common_args)
[rank3]:            ^^^^^^^^^^^^^^^^^^^^^^^^^^^^^^^
[rank3]:   File "/data/fuhaiwen1/LightX2V/lightx2v/common/ops/attn/ulysses_attn.py", line 194, in _apply_bulk
[rank3]:     exchanged_qkv = UlyssesAttnWeight._exchange_packed(packed_qkv, a2a, seq_p_group)
[rank3]:                     ^^^^^^^^^^^^^^^^^^^^^^^^^^^^^^^^^^^^^^^^^^^^^^^^^^^^^^^^^^^^^^^^
[rank3]:   File "/data/fuhaiwen1/LightX2V/lightx2v/common/ops/attn/ulysses_attn.py", line 315, in _exchange_packed
[rank3]:     output_payload, _ = a2a.exchange(payload, group=group, async_op=False)
[rank3]:                         ^^^^^^^^^^^^^^^^^^^^^^^^^^^^^^^^^^^^^^^^^^^^^^^^^^
[rank3]:   File "/data/fuhaiwen1/LightX2V/lightx2v/common/ops/attn/ulysses_a2a.py", line 38, in exchange
[rank3]:     work = dist.all_to_all_single(output_tensor, input_tensor, group=group, async_op=async_op)
[rank3]:            ^^^^^^^^^^^^^^^^^^^^^^^^^^^^^^^^^^^^^^^^^^^^^^^^^^^^^^^^^^^^^^^^^^^^^^^^^^^^^^^^^^^
[rank3]:   File "/opt/conda/lib/python3.11/site-packages/torch/distributed/c10d_logger.py", line 81, in wrapper
[rank3]:     return func(*args, **kwargs)
[rank3]:            ^^^^^^^^^^^^^^^^^^^^^
[rank3]:   File "/opt/conda/lib/python3.11/site-packages/torch/distributed/distributed_c10d.py", line 4625, in all_to_all_single
[rank3]:     work = group.alltoall_base(
[rank3]:            ^^^^^^^^^^^^^^^^^^^^
[rank3]: RuntimeError: NCCL Error 3: internal error - please report this issue to the NCCL developers
[rank6]:[W724 04:51:56.013151550 ProcessGroupNCCL.cpp:1538] Warning: WARNING: destroy_process_group() was not called before program exit, which can leak resources. For more info, please see https://pytorch.org/docs/stable/distributed.html#shutdown (function operator())
[rank4]:[W724 04:51:56.313966830 ProcessGroupNCCL.cpp:1538] Warning: WARNING: destroy_process_group() was not called before program exit, which can leak resources. For more info, please see https://pytorch.org/docs/stable/distributed.html#shutdown (function operator())
[rank1]:[W724 04:51:56.349807813 ProcessGroupNCCL.cpp:1538] Warning: WARNING: destroy_process_group() was not called before program exit, which can leak resources. For more info, please see https://pytorch.org/docs/stable/distributed.html#shutdown (function operator())
[rank3]:[W724 04:51:57.653000247 ProcessGroupNCCL.cpp:1538] Warning: WARNING: destroy_process_group() was not called before program exit, which can leak resources. For more info, please see https://pytorch.org/docs/stable/distributed.html#shutdown (function operator())
[rank0]:[W724 04:51:57.097232720 ProcessGroupNCCL.cpp:1538] Warning: WARNING: destroy_process_group() was not called before program exit, which can leak resources. For more info, please see https://pytorch.org/docs/stable/distributed.html#shutdown (function operator())
[rank5]:[W724 04:51:59.638175635 TCPStore.cpp:125] [c10d] recvValue failed on SocketImpl(fd=36, addr=[localhost]:37284, remote=[localhost]:29600): Failed to recv, got 0 bytes. Connection was likely closed. Did the remote server shutdown or crash?
Exception raised from recvBytes at /pytorch/torch/csrc/distributed/c10d/Utils.hpp:682 (most recent call first):
frame #0: c10::Error::Error(c10::SourceLocation, std::__cxx11::basic_string<char, std::char_traits<char>, std::allocator<char> >) + 0x80 (0x7efdd22d9eb0 in /opt/conda/lib/python3.11/site-packages/torch/lib/libc10.so)
frame #1: <unknown function> + 0x5d694d1 (0x7efdb63ae4d1 in /opt/conda/lib/python3.11/site-packages/torch/lib/libtorch_cpu.so)
frame #2: <unknown function> + 0x5d6a8cd (0x7efdb63af8cd in /opt/conda/lib/python3.11/site-packages/torch/lib/libtorch_cpu.so)
frame #3: <unknown function> + 0x5d6b47a (0x7efdb63b047a in /opt/conda/lib/python3.11/site-packages/torch/lib/libtorch_cpu.so)
frame #4: c10d::TCPStore::check(std::vector<std::__cxx11::basic_string<char, std::char_traits<char>, std::allocator<char> >, std::allocator<std::__cxx11::basic_string<char, std::char_traits<char>, std::allocator<char> > > > const&) + 0x31e (0x7efdb63ab19e in /opt/conda/lib/python3.11/site-packages/torch/lib/libtorch_cpu.so)
frame #5: c10d::ProcessGroupNCCL::HeartbeatMonitor::runLoop() + 0x398 (0x7efd75890b18 in /opt/conda/lib/python3.11/site-packages/torch/lib/libtorch_cuda.so)
frame #6: <unknown function> + 0xd8198 (0x7efd5927e198 in /opt/conda/bin/../lib/libstdc++.so.6)
frame #7: <unknown function> + 0x94ac3 (0x7efdd3ba0ac3 in /lib/x86_64-linux-gnu/libc.so.6)
frame #8: <unknown function> + 0x126850 (0x7efdd3c32850 in /lib/x86_64-linux-gnu/libc.so.6)

[rank5]:[W724 04:51:59.647885562 ProcessGroupNCCL.cpp:1783] [PG ID 0 PG GUID 0(default_pg) Rank 5] Failed to check the "should dump" flag on TCPStore, (maybe TCPStore server has shut down too early), with error: Failed to recv, got 0 bytes. Connection was likely closed. Did the remote server shutdown or crash?
[rank2]:[W724 04:51:59.883369007 TCPStore.cpp:125] [c10d] recvValue failed on SocketImpl(fd=73, addr=[localhost]:37294, remote=[localhost]:29600): Failed to recv, got 0 bytes. Connection was likely closed. Did the remote server shutdown or crash?
Exception raised from recvBytes at /pytorch/torch/csrc/distributed/c10d/Utils.hpp:682 (most recent call first):
frame #0: c10::Error::Error(c10::SourceLocation, std::__cxx11::basic_string<char, std::char_traits<char>, std::allocator<char> >) + 0x80 (0x7fe66977eeb0 in /opt/conda/lib/python3.11/site-packages/torch/lib/libc10.so)
frame #1: <unknown function> + 0x5d694d1 (0x7fe64d7ae4d1 in /opt/conda/lib/python3.11/site-packages/torch/lib/libtorch_cpu.so)
frame #2: <unknown function> + 0x5d6a8cd (0x7fe64d7af8cd in /opt/conda/lib/python3.11/site-packages/torch/lib/libtorch_cpu.so)
frame #3: <unknown function> + 0x5d6b47a (0x7fe64d7b047a in /opt/conda/lib/python3.11/site-packages/torch/lib/libtorch_cpu.so)
frame #4: c10d::TCPStore::check(std::vector<std::__cxx11::basic_string<char, std::char_traits<char>, std::allocator<char> >, std::allocator<std::__cxx11::basic_string<char, std::char_traits<char>, std::allocator<char> > > > const&) + 0x31e (0x7fe64d7ab19e in /opt/conda/lib/python3.11/site-packages/torch/lib/libtorch_cpu.so)
frame #5: c10d::ProcessGroupNCCL::HeartbeatMonitor::runLoop() + 0x398 (0x7fe60cc90b18 in /opt/conda/lib/python3.11/site-packages/torch/lib/libtorch_cuda.so)
frame #6: <unknown function> + 0xd8198 (0x7fe5f067e198 in /opt/conda/bin/../lib/libstdc++.so.6)
frame #7: <unknown function> + 0x94ac3 (0x7fe66b020ac3 in /lib/x86_64-linux-gnu/libc.so.6)
frame #8: <unknown function> + 0x126850 (0x7fe66b0b2850 in /lib/x86_64-linux-gnu/libc.so.6)

[rank2]:[W724 04:51:59.888437286 ProcessGroupNCCL.cpp:1783] [PG ID 0 PG GUID 0(default_pg) Rank 2] Failed to check the "should dump" flag on TCPStore, (maybe TCPStore server has shut down too early), with error: Failed to recv, got 0 bytes. Connection was likely closed. Did the remote server shutdown or crash?
[rank7]:[W724 04:51:59.966698754 TCPStore.cpp:125] [c10d] recvValue failed on SocketImpl(fd=73, addr=[localhost]:40292, remote=[localhost]:29600): Failed to recv, got 0 bytes. Connection was likely closed. Did the remote server shutdown or crash?
Exception raised from recvBytes at /pytorch/torch/csrc/distributed/c10d/Utils.hpp:682 (most recent call first):
frame #0: c10::Error::Error(c10::SourceLocation, std::__cxx11::basic_string<char, std::char_traits<char>, std::allocator<char> >) + 0x80 (0x7f3b80f7eeb0 in /opt/conda/lib/python3.11/site-packages/torch/lib/libc10.so)
frame #1: <unknown function> + 0x5d694d1 (0x7f3b64fae4d1 in /opt/conda/lib/python3.11/site-packages/torch/lib/libtorch_cpu.so)
frame #2: <unknown function> + 0x5d6a8cd (0x7f3b64faf8cd in /opt/conda/lib/python3.11/site-packages/torch/lib/libtorch_cpu.so)
frame #3: <unknown function> + 0x5d6b47a (0x7f3b64fb047a in /opt/conda/lib/python3.11/site-packages/torch/lib/libtorch_cpu.so)
frame #4: c10d::TCPStore::check(std::vector<std::__cxx11::basic_string<char, std::char_traits<char>, std::allocator<char> >, std::allocator<std::__cxx11::basic_string<char, std::char_traits<char>, std::allocator<char> > > > const&) + 0x31e (0x7f3b64fab19e in /opt/conda/lib/python3.11/site-packages/torch/lib/libtorch_cpu.so)
frame #5: c10d::ProcessGroupNCCL::HeartbeatMonitor::runLoop() + 0x398 (0x7f3b24490b18 in /opt/conda/lib/python3.11/site-packages/torch/lib/libtorch_cuda.so)
frame #6: <unknown function> + 0xd8198 (0x7f3b07e7e198 in /opt/conda/bin/../lib/libstdc++.so.6)
frame #7: <unknown function> + 0x94ac3 (0x7f3b827cdac3 in /lib/x86_64-linux-gnu/libc.so.6)
frame #8: <unknown function> + 0x126850 (0x7f3b8285f850 in /lib/x86_64-linux-gnu/libc.so.6)

[rank7]:[W724 04:51:59.970340001 ProcessGroupNCCL.cpp:1783] [PG ID 0 PG GUID 0(default_pg) Rank 7] Failed to check the "should dump" flag on TCPStore, (maybe TCPStore server has shut down too early), with error: Failed to recv, got 0 bytes. Connection was likely closed. Did the remote server shutdown or crash?
[rank5]:[W724 04:52:00.648242935 TCPStore.cpp:106] [c10d] sendBytes failed on SocketImpl(fd=36, addr=[localhost]:37284, remote=[localhost]:29600): Broken pipe
Exception raised from sendBytes at /pytorch/torch/csrc/distributed/c10d/Utils.hpp:653 (most recent call first):
frame #0: c10::Error::Error(c10::SourceLocation, std::__cxx11::basic_string<char, std::char_traits<char>, std::allocator<char> >) + 0x80 (0x7efdd22d9eb0 in /opt/conda/lib/python3.11/site-packages/torch/lib/libc10.so)
frame #1: <unknown function> + 0x5d694d1 (0x7efdb63ae4d1 in /opt/conda/lib/python3.11/site-packages/torch/lib/libtorch_cpu.so)
frame #2: <unknown function> + 0x5d69d62 (0x7efdb63aed62 in /opt/conda/lib/python3.11/site-packages/torch/lib/libtorch_cpu.so)
frame #3: <unknown function> + 0x5d6b86e (0x7efdb63b086e in /opt/conda/lib/python3.11/site-packages/torch/lib/libtorch_cpu.so)
frame #4: c10d::TCPStore::check(std::vector<std::__cxx11::basic_string<char, std::char_traits<char>, std::allocator<char> >, std::allocator<std::__cxx11::basic_string<char, std::char_traits<char>, std::allocator<char> > > > const&) + 0x30e (0x7efdb63ab18e in /opt/conda/lib/python3.11/site-packages/torch/lib/libtorch_cpu.so)
frame #5: c10d::ProcessGroupNCCL::HeartbeatMonitor::runLoop() + 0x398 (0x7efd75890b18 in /opt/conda/lib/python3.11/site-packages/torch/lib/libtorch_cuda.so)
frame #6: <unknown function> + 0xd8198 (0x7efd5927e198 in /opt/conda/bin/../lib/libstdc++.so.6)
frame #7: <unknown function> + 0x94ac3 (0x7efdd3ba0ac3 in /lib/x86_64-linux-gnu/libc.so.6)
frame #8: <unknown function> + 0x126850 (0x7efdd3c32850 in /lib/x86_64-linux-gnu/libc.so.6)

[rank5]:[W724 04:52:00.653029254 ProcessGroupNCCL.cpp:1783] [PG ID 0 PG GUID 0(default_pg) Rank 5] Failed to check the "should dump" flag on TCPStore, (maybe TCPStore server has shut down too early), with error: Broken pipe
[rank2]:[W724 04:52:00.888740899 TCPStore.cpp:106] [c10d] sendBytes failed on SocketImpl(fd=73, addr=[localhost]:37294, remote=[localhost]:29600): Broken pipe
Exception raised from sendBytes at /pytorch/torch/csrc/distributed/c10d/Utils.hpp:653 (most recent call first):
frame #0: c10::Error::Error(c10::SourceLocation, std::__cxx11::basic_string<char, std::char_traits<char>, std::allocator<char> >) + 0x80 (0x7fe66977eeb0 in /opt/conda/lib/python3.11/site-packages/torch/lib/libc10.so)
frame #1: <unknown function> + 0x5d694d1 (0x7fe64d7ae4d1 in /opt/conda/lib/python3.11/site-packages/torch/lib/libtorch_cpu.so)
frame #2: <unknown function> + 0x5d69d62 (0x7fe64d7aed62 in /opt/conda/lib/python3.11/site-packages/torch/lib/libtorch_cpu.so)
frame #3: <unknown function> + 0x5d6b86e (0x7fe64d7b086e in /opt/conda/lib/python3.11/site-packages/torch/lib/libtorch_cpu.so)
frame #4: c10d::TCPStore::check(std::vector<std::__cxx11::basic_string<char, std::char_traits<char>, std::allocator<char> >, std::allocator<std::__cxx11::basic_string<char, std::char_traits<char>, std::allocator<char> > > > const&) + 0x30e (0x7fe64d7ab18e in /opt/conda/lib/python3.11/site-packages/torch/lib/libtorch_cpu.so)
frame #5: c10d::ProcessGroupNCCL::HeartbeatMonitor::runLoop() + 0x398 (0x7fe60cc90b18 in /opt/conda/lib/python3.11/site-packages/torch/lib/libtorch_cuda.so)
frame #6: <unknown function> + 0xd8198 (0x7fe5f067e198 in /opt/conda/bin/../lib/libstdc++.so.6)
frame #7: <unknown function> + 0x94ac3 (0x7fe66b020ac3 in /lib/x86_64-linux-gnu/libc.so.6)
frame #8: <unknown function> + 0x126850 (0x7fe66b0b2850 in /lib/x86_64-linux-gnu/libc.so.6)

[rank2]:[W724 04:52:00.892066805 ProcessGroupNCCL.cpp:1783] [PG ID 0 PG GUID 0(default_pg) Rank 2] Failed to check the "should dump" flag on TCPStore, (maybe TCPStore server has shut down too early), with error: Broken pipe
[rank7]:[W724 04:52:00.970635393 TCPStore.cpp:106] [c10d] sendBytes failed on SocketImpl(fd=73, addr=[localhost]:40292, remote=[localhost]:29600): Broken pipe
Exception raised from sendBytes at /pytorch/torch/csrc/distributed/c10d/Utils.hpp:653 (most recent call first):
frame #0: c10::Error::Error(c10::SourceLocation, std::__cxx11::basic_string<char, std::char_traits<char>, std::allocator<char> >) + 0x80 (0x7f3b80f7eeb0 in /opt/conda/lib/python3.11/site-packages/torch/lib/libc10.so)
frame #1: <unknown function> + 0x5d694d1 (0x7f3b64fae4d1 in /opt/conda/lib/python3.11/site-packages/torch/lib/libtorch_cpu.so)
frame #2: <unknown function> + 0x5d69d62 (0x7f3b64faed62 in /opt/conda/lib/python3.11/site-packages/torch/lib/libtorch_cpu.so)
frame #3: <unknown function> + 0x5d6b86e (0x7f3b64fb086e in /opt/conda/lib/python3.11/site-packages/torch/lib/libtorch_cpu.so)
frame #4: c10d::TCPStore::check(std::vector<std::__cxx11::basic_string<char, std::char_traits<char>, std::allocator<char> >, std::allocator<std::__cxx11::basic_string<char, std::char_traits<char>, std::allocator<char> > > > const&) + 0x30e (0x7f3b64fab18e in /opt/conda/lib/python3.11/site-packages/torch/lib/libtorch_cpu.so)
frame #5: c10d::ProcessGroupNCCL::HeartbeatMonitor::runLoop() + 0x398 (0x7f3b24490b18 in /opt/conda/lib/python3.11/site-packages/torch/lib/libtorch_cuda.so)
frame #6: <unknown function> + 0xd8198 (0x7f3b07e7e198 in /opt/conda/bin/../lib/libstdc++.so.6)
frame #7: <unknown function> + 0x94ac3 (0x7f3b827cdac3 in /lib/x86_64-linux-gnu/libc.so.6)
frame #8: <unknown function> + 0x126850 (0x7f3b8285f850 in /lib/x86_64-linux-gnu/libc.so.6)

[rank7]:[W724 04:52:00.974329500 ProcessGroupNCCL.cpp:1783] [PG ID 0 PG GUID 0(default_pg) Rank 7] Failed to check the "should dump" flag on TCPStore, (maybe TCPStore server has shut down too early), with error: Broken pipe
[rank5]:[W724 04:52:01.654005474 TCPStore.cpp:106] [c10d] sendBytes failed on SocketImpl(fd=36, addr=[localhost]:37284, remote=[localhost]:29600): Broken pipe
Exception raised from sendBytes at /pytorch/torch/csrc/distributed/c10d/Utils.hpp:653 (most recent call first):
frame #0: c10::Error::Error(c10::SourceLocation, std::__cxx11::basic_string<char, std::char_traits<char>, std::allocator<char> >) + 0x80 (0x7efdd22d9eb0 in /opt/conda/lib/python3.11/site-packages/torch/lib/libc10.so)
frame #1: <unknown function> + 0x5d694d1 (0x7efdb63ae4d1 in /opt/conda/lib/python3.11/site-packages/torch/lib/libtorch_cpu.so)
frame #2: <unknown function> + 0x5d69d62 (0x7efdb63aed62 in /opt/conda/lib/python3.11/site-packages/torch/lib/libtorch_cpu.so)
frame #3: <unknown function> + 0x5d6b86e (0x7efdb63b086e in /opt/conda/lib/python3.11/site-packages/torch/lib/libtorch_cpu.so)
frame #4: c10d::TCPStore::check(std::vector<std::__cxx11::basic_string<char, std::char_traits<char>, std::allocator<char> >, std::allocator<std::__cxx11::basic_string<char, std::char_traits<char>, std::allocator<char> > > > const&) + 0x30e (0x7efdb63ab18e in /opt/conda/lib/python3.11/site-packages/torch/lib/libtorch_cpu.so)
frame #5: c10d::ProcessGroupNCCL::HeartbeatMonitor::runLoop() + 0x398 (0x7efd75890b18 in /opt/conda/lib/python3.11/site-packages/torch/lib/libtorch_cuda.so)
frame #6: <unknown function> + 0xd8198 (0x7efd5927e198 in /opt/conda/bin/../lib/libstdc++.so.6)
frame #7: <unknown function> + 0x94ac3 (0x7efdd3ba0ac3 in /lib/x86_64-linux-gnu/libc.so.6)
frame #8: <unknown function> + 0x126850 (0x7efdd3c32850 in /lib/x86_64-linux-gnu/libc.so.6)

[rank5]:[W724 04:52:01.657559501 ProcessGroupNCCL.cpp:1783] [PG ID 0 PG GUID 0(default_pg) Rank 5] Failed to check the "should dump" flag on TCPStore, (maybe TCPStore server has shut down too early), with error: Broken pipe
[rank2]:[W724 04:52:01.892322553 TCPStore.cpp:106] [c10d] sendBytes failed on SocketImpl(fd=73, addr=[localhost]:37294, remote=[localhost]:29600): Broken pipe
Exception raised from sendBytes at /pytorch/torch/csrc/distributed/c10d/Utils.hpp:653 (most recent call first):
frame #0: c10::Error::Error(c10::SourceLocation, std::__cxx11::basic_string<char, std::char_traits<char>, std::allocator<char> >) + 0x80 (0x7fe66977eeb0 in /opt/conda/lib/python3.11/site-packages/torch/lib/libc10.so)
frame #1: <unknown function> + 0x5d694d1 (0x7fe64d7ae4d1 in /opt/conda/lib/python3.11/site-packages/torch/lib/libtorch_cpu.so)
frame #2: <unknown function> + 0x5d69d62 (0x7fe64d7aed62 in /opt/conda/lib/python3.11/site-packages/torch/lib/libtorch_cpu.so)
frame #3: <unknown function> + 0x5d6b86e (0x7fe64d7b086e in /opt/conda/lib/python3.11/site-packages/torch/lib/libtorch_cpu.so)
frame #4: c10d::TCPStore::check(std::vector<std::__cxx11::basic_string<char, std::char_traits<char>, std::allocator<char> >, std::allocator<std::__cxx11::basic_string<char, std::char_traits<char>, std::allocator<char> > > > const&) + 0x30e (0x7fe64d7ab18e in /opt/conda/lib/python3.11/site-packages/torch/lib/libtorch_cpu.so)
frame #5: c10d::ProcessGroupNCCL::HeartbeatMonitor::runLoop() + 0x398 (0x7fe60cc90b18 in /opt/conda/lib/python3.11/site-packages/torch/lib/libtorch_cuda.so)
frame #6: <unknown function> + 0xd8198 (0x7fe5f067e198 in /opt/conda/bin/../lib/libstdc++.so.6)
frame #7: <unknown function> + 0x94ac3 (0x7fe66b020ac3 in /lib/x86_64-linux-gnu/libc.so.6)
frame #8: <unknown function> + 0x126850 (0x7fe66b0b2850 in /lib/x86_64-linux-gnu/libc.so.6)

[rank2]:[W724 04:52:01.895757700 ProcessGroupNCCL.cpp:1783] [PG ID 0 PG GUID 0(default_pg) Rank 2] Failed to check the "should dump" flag on TCPStore, (maybe TCPStore server has shut down too early), with error: Broken pipe
[rank7]:[W724 04:52:01.974733546 TCPStore.cpp:106] [c10d] sendBytes failed on SocketImpl(fd=73, addr=[localhost]:40292, remote=[localhost]:29600): Broken pipe
Exception raised from sendBytes at /pytorch/torch/csrc/distributed/c10d/Utils.hpp:653 (most recent call first):
frame #0: c10::Error::Error(c10::SourceLocation, std::__cxx11::basic_string<char, std::char_traits<char>, std::allocator<char> >) + 0x80 (0x7f3b80f7eeb0 in /opt/conda/lib/python3.11/site-packages/torch/lib/libc10.so)
frame #1: <unknown function> + 0x5d694d1 (0x7f3b64fae4d1 in /opt/conda/lib/python3.11/site-packages/torch/lib/libtorch_cpu.so)
frame #2: <unknown function> + 0x5d69d62 (0x7f3b64faed62 in /opt/conda/lib/python3.11/site-packages/torch/lib/libtorch_cpu.so)
frame #3: <unknown function> + 0x5d6b86e (0x7f3b64fb086e in /opt/conda/lib/python3.11/site-packages/torch/lib/libtorch_cpu.so)
frame #4: c10d::TCPStore::check(std::vector<std::__cxx11::basic_string<char, std::char_traits<char>, std::allocator<char> >, std::allocator<std::__cxx11::basic_string<char, std::char_traits<char>, std::allocator<char> > > > const&) + 0x30e (0x7f3b64fab18e in /opt/conda/lib/python3.11/site-packages/torch/lib/libtorch_cpu.so)
frame #5: c10d::ProcessGroupNCCL::HeartbeatMonitor::runLoop() + 0x398 (0x7f3b24490b18 in /opt/conda/lib/python3.11/site-packages/torch/lib/libtorch_cuda.so)
frame #6: <unknown function> + 0xd8198 (0x7f3b07e7e198 in /opt/conda/bin/../lib/libstdc++.so.6)
frame #7: <unknown function> + 0x94ac3 (0x7f3b827cdac3 in /lib/x86_64-linux-gnu/libc.so.6)
frame #8: <unknown function> + 0x126850 (0x7f3b8285f850 in /lib/x86_64-linux-gnu/libc.so.6)

[rank7]:[W724 04:52:01.978182442 ProcessGroupNCCL.cpp:1783] [PG ID 0 PG GUID 0(default_pg) Rank 7] Failed to check the "should dump" flag on TCPStore, (maybe TCPStore server has shut down too early), with error: Broken pipe
[rank5]:[W724 04:52:02.657961411 TCPStore.cpp:106] [c10d] sendBytes failed on SocketImpl(fd=36, addr=[localhost]:37284, remote=[localhost]:29600): Broken pipe
Exception raised from sendBytes at /pytorch/torch/csrc/distributed/c10d/Utils.hpp:653 (most recent call first):
frame #0: c10::Error::Error(c10::SourceLocation, std::__cxx11::basic_string<char, std::char_traits<char>, std::allocator<char> >) + 0x80 (0x7efdd22d9eb0 in /opt/conda/lib/python3.11/site-packages/torch/lib/libc10.so)
frame #1: <unknown function> + 0x5d694d1 (0x7efdb63ae4d1 in /opt/conda/lib/python3.11/site-packages/torch/lib/libtorch_cpu.so)
frame #2: <unknown function> + 0x5d69d62 (0x7efdb63aed62 in /opt/conda/lib/python3.11/site-packages/torch/lib/libtorch_cpu.so)
frame #3: <unknown function> + 0x5d6b86e (0x7efdb63b086e in /opt/conda/lib/python3.11/site-packages/torch/lib/libtorch_cpu.so)
frame #4: c10d::TCPStore::check(std::vector<std::__cxx11::basic_string<char, std::char_traits<char>, std::allocator<char> >, std::allocator<std::__cxx11::basic_string<char, std::char_traits<char>, std::allocator<char> > > > const&) + 0x30e (0x7efdb63ab18e in /opt/conda/lib/python3.11/site-packages/torch/lib/libtorch_cpu.so)
frame #5: c10d::ProcessGroupNCCL::HeartbeatMonitor::runLoop() + 0x398 (0x7efd75890b18 in /opt/conda/lib/python3.11/site-packages/torch/lib/libtorch_cuda.so)
frame #6: <unknown function> + 0xd8198 (0x7efd5927e198 in /opt/conda/bin/../lib/libstdc++.so.6)
frame #7: <unknown function> + 0x94ac3 (0x7efdd3ba0ac3 in /lib/x86_64-linux-gnu/libc.so.6)
frame #8: <unknown function> + 0x126850 (0x7efdd3c32850 in /lib/x86_64-linux-gnu/libc.so.6)

[rank5]:[W724 04:52:02.662828600 ProcessGroupNCCL.cpp:1783] [PG ID 0 PG GUID 0(default_pg) Rank 5] Failed to check the "should dump" flag on TCPStore, (maybe TCPStore server has shut down too early), with error: Broken pipe
[rank2]:[W724 04:52:02.896545231 TCPStore.cpp:106] [c10d] sendBytes failed on SocketImpl(fd=73, addr=[localhost]:37294, remote=[localhost]:29600): Broken pipe
Exception raised from sendBytes at /pytorch/torch/csrc/distributed/c10d/Utils.hpp:653 (most recent call first):
frame #0: c10::Error::Error(c10::SourceLocation, std::__cxx11::basic_string<char, std::char_traits<char>, std::allocator<char> >) + 0x80 (0x7fe66977eeb0 in /opt/conda/lib/python3.11/site-packages/torch/lib/libc10.so)
frame #1: <unknown function> + 0x5d694d1 (0x7fe64d7ae4d1 in /opt/conda/lib/python3.11/site-packages/torch/lib/libtorch_cpu.so)
frame #2: <unknown function> + 0x5d69d62 (0x7fe64d7aed62 in /opt/conda/lib/python3.11/site-packages/torch/lib/libtorch_cpu.so)
frame #3: <unknown function> + 0x5d6b86e (0x7fe64d7b086e in /opt/conda/lib/python3.11/site-packages/torch/lib/libtorch_cpu.so)
frame #4: c10d::TCPStore::check(std::vector<std::__cxx11::basic_string<char, std::char_traits<char>, std::allocator<char> >, std::allocator<std::__cxx11::basic_string<char, std::char_traits<char>, std::allocator<char> > > > const&) + 0x30e (0x7fe64d7ab18e in /opt/conda/lib/python3.11/site-packages/torch/lib/libtorch_cpu.so)
frame #5: c10d::ProcessGroupNCCL::HeartbeatMonitor::runLoop() + 0x398 (0x7fe60cc90b18 in /opt/conda/lib/python3.11/site-packages/torch/lib/libtorch_cuda.so)
frame #6: <unknown function> + 0xd8198 (0x7fe5f067e198 in /opt/conda/bin/../lib/libstdc++.so.6)
frame #7: <unknown function> + 0x94ac3 (0x7fe66b020ac3 in /lib/x86_64-linux-gnu/libc.so.6)
frame #8: <unknown function> + 0x126850 (0x7fe66b0b2850 in /lib/x86_64-linux-gnu/libc.so.6)

[rank2]:[W724 04:52:02.900575259 ProcessGroupNCCL.cpp:1783] [PG ID 0 PG GUID 0(default_pg) Rank 2] Failed to check the "should dump" flag on TCPStore, (maybe TCPStore server has shut down too early), with error: Broken pipe
[rank7]:[W724 04:52:02.978995783 TCPStore.cpp:106] [c10d] sendBytes failed on SocketImpl(fd=73, addr=[localhost]:40292, remote=[localhost]:29600): Broken pipe
Exception raised from sendBytes at /pytorch/torch/csrc/distributed/c10d/Utils.hpp:653 (most recent call first):
frame #0: c10::Error::Error(c10::SourceLocation, std::__cxx11::basic_string<char, std::char_traits<char>, std::allocator<char> >) + 0x80 (0x7f3b80f7eeb0 in /opt/conda/lib/python3.11/site-packages/torch/lib/libc10.so)
frame #1: <unknown function> + 0x5d694d1 (0x7f3b64fae4d1 in /opt/conda/lib/python3.11/site-packages/torch/lib/libtorch_cpu.so)
frame #2: <unknown function> + 0x5d69d62 (0x7f3b64faed62 in /opt/conda/lib/python3.11/site-packages/torch/lib/libtorch_cpu.so)
frame #3: <unknown function> + 0x5d6b86e (0x7f3b64fb086e in /opt/conda/lib/python3.11/site-packages/torch/lib/libtorch_cpu.so)
frame #4: c10d::TCPStore::check(std::vector<std::__cxx11::basic_string<char, std::char_traits<char>, std::allocator<char> >, std::allocator<std::__cxx11::basic_string<char, std::char_traits<char>, std::allocator<char> > > > const&) + 0x30e (0x7f3b64fab18e in /opt/conda/lib/python3.11/site-packages/torch/lib/libtorch_cpu.so)
frame #5: c10d::ProcessGroupNCCL::HeartbeatMonitor::runLoop() + 0x398 (0x7f3b24490b18 in /opt/conda/lib/python3.11/site-packages/torch/lib/libtorch_cuda.so)
frame #6: <unknown function> + 0xd8198 (0x7f3b07e7e198 in /opt/conda/bin/../lib/libstdc++.so.6)
frame #7: <unknown function> + 0x94ac3 (0x7f3b827cdac3 in /lib/x86_64-linux-gnu/libc.so.6)
frame #8: <unknown function> + 0x126850 (0x7f3b8285f850 in /lib/x86_64-linux-gnu/libc.so.6)

[rank7]:[W724 04:52:02.983279821 ProcessGroupNCCL.cpp:1783] [PG ID 0 PG GUID 0(default_pg) Rank 7] Failed to check the "should dump" flag on TCPStore, (maybe TCPStore server has shut down too early), with error: Broken pipe
[rank5]:[W724 04:52:03.663745981 TCPStore.cpp:106] [c10d] sendBytes failed on SocketImpl(fd=36, addr=[localhost]:37284, remote=[localhost]:29600): Broken pipe
Exception raised from sendBytes at /pytorch/torch/csrc/distributed/c10d/Utils.hpp:653 (most recent call first):
frame #0: c10::Error::Error(c10::SourceLocation, std::__cxx11::basic_string<char, std::char_traits<char>, std::allocator<char> >) + 0x80 (0x7efdd22d9eb0 in /opt/conda/lib/python3.11/site-packages/torch/lib/libc10.so)
frame #1: <unknown function> + 0x5d694d1 (0x7efdb63ae4d1 in /opt/conda/lib/python3.11/site-packages/torch/lib/libtorch_cpu.so)
frame #2: <unknown function> + 0x5d69d62 (0x7efdb63aed62 in /opt/conda/lib/python3.11/site-packages/torch/lib/libtorch_cpu.so)
frame #3: <unknown function> + 0x5d6b86e (0x7efdb63b086e in /opt/conda/lib/python3.11/site-packages/torch/lib/libtorch_cpu.so)
frame #4: c10d::TCPStore::check(std::vector<std::__cxx11::basic_string<char, std::char_traits<char>, std::allocator<char> >, std::allocator<std::__cxx11::basic_string<char, std::char_traits<char>, std::allocator<char> > > > const&) + 0x30e (0x7efdb63ab18e in /opt/conda/lib/python3.11/site-packages/torch/lib/libtorch_cpu.so)
frame #5: c10d::ProcessGroupNCCL::HeartbeatMonitor::runLoop() + 0x398 (0x7efd75890b18 in /opt/conda/lib/python3.11/site-packages/torch/lib/libtorch_cuda.so)
frame #6: <unknown function> + 0xd8198 (0x7efd5927e198 in /opt/conda/bin/../lib/libstdc++.so.6)
frame #7: <unknown function> + 0x94ac3 (0x7efdd3ba0ac3 in /lib/x86_64-linux-gnu/libc.so.6)
frame #8: <unknown function> + 0x126850 (0x7efdd3c32850 in /lib/x86_64-linux-gnu/libc.so.6)

[rank5]:[W724 04:52:03.668811611 ProcessGroupNCCL.cpp:1783] [PG ID 0 PG GUID 0(default_pg) Rank 5] Failed to check the "should dump" flag on TCPStore, (maybe TCPStore server has shut down too early), with error: Broken pipe
[rank2]:[W724 04:52:03.900942798 TCPStore.cpp:106] [c10d] sendBytes failed on SocketImpl(fd=73, addr=[localhost]:37294, remote=[localhost]:29600): Broken pipe
Exception raised from sendBytes at /pytorch/torch/csrc/distributed/c10d/Utils.hpp:653 (most recent call first):
frame #0: c10::Error::Error(c10::SourceLocation, std::__cxx11::basic_string<char, std::char_traits<char>, std::allocator<char> >) + 0x80 (0x7fe66977eeb0 in /opt/conda/lib/python3.11/site-packages/torch/lib/libc10.so)
frame #1: <unknown function> + 0x5d694d1 (0x7fe64d7ae4d1 in /opt/conda/lib/python3.11/site-packages/torch/lib/libtorch_cpu.so)
frame #2: <unknown function> + 0x5d69d62 (0x7fe64d7aed62 in /opt/conda/lib/python3.11/site-packages/torch/lib/libtorch_cpu.so)
frame #3: <unknown function> + 0x5d6b86e (0x7fe64d7b086e in /opt/conda/lib/python3.11/site-packages/torch/lib/libtorch_cpu.so)
frame #4: c10d::TCPStore::check(std::vector<std::__cxx11::basic_string<char, std::char_traits<char>, std::allocator<char> >, std::allocator<std::__cxx11::basic_string<char, std::char_traits<char>, std::allocator<char> > > > const&) + 0x30e (0x7fe64d7ab18e in /opt/conda/lib/python3.11/site-packages/torch/lib/libtorch_cpu.so)
frame #5: c10d::ProcessGroupNCCL::HeartbeatMonitor::runLoop() + 0x398 (0x7fe60cc90b18 in /opt/conda/lib/python3.11/site-packages/torch/lib/libtorch_cuda.so)
frame #6: <unknown function> + 0xd8198 (0x7fe5f067e198 in /opt/conda/bin/../lib/libstdc++.so.6)
frame #7: <unknown function> + 0x94ac3 (0x7fe66b020ac3 in /lib/x86_64-linux-gnu/libc.so.6)
frame #8: <unknown function> + 0x126850 (0x7fe66b0b2850 in /lib/x86_64-linux-gnu/libc.so.6)

[rank2]:[W724 04:52:03.905713328 ProcessGroupNCCL.cpp:1783] [PG ID 0 PG GUID 0(default_pg) Rank 2] Failed to check the "should dump" flag on TCPStore, (maybe TCPStore server has shut down too early), with error: Broken pipe
[rank7]:[W724 04:52:03.983632391 TCPStore.cpp:106] [c10d] sendBytes failed on SocketImpl(fd=73, addr=[localhost]:40292, remote=[localhost]:29600): Broken pipe
Exception raised from sendBytes at /pytorch/torch/csrc/distributed/c10d/Utils.hpp:653 (most recent call first):
frame #0: c10::Error::Error(c10::SourceLocation, std::__cxx11::basic_string<char, std::char_traits<char>, std::allocator<char> >) + 0x80 (0x7f3b80f7eeb0 in /opt/conda/lib/python3.11/site-packages/torch/lib/libc10.so)
frame #1: <unknown function> + 0x5d694d1 (0x7f3b64fae4d1 in /opt/conda/lib/python3.11/site-packages/torch/lib/libtorch_cpu.so)
frame #2: <unknown function> + 0x5d69d62 (0x7f3b64faed62 in /opt/conda/lib/python3.11/site-packages/torch/lib/libtorch_cpu.so)
frame #3: <unknown function> + 0x5d6b86e (0x7f3b64fb086e in /opt/conda/lib/python3.11/site-packages/torch/lib/libtorch_cpu.so)
frame #4: c10d::TCPStore::check(std::vector<std::__cxx11::basic_string<char, std::char_traits<char>, std::allocator<char> >, std::allocator<std::__cxx11::basic_string<char, std::char_traits<char>, std::allocator<char> > > > const&) + 0x30e (0x7f3b64fab18e in /opt/conda/lib/python3.11/site-packages/torch/lib/libtorch_cpu.so)
frame #5: c10d::ProcessGroupNCCL::HeartbeatMonitor::runLoop() + 0x398 (0x7f3b24490b18 in /opt/conda/lib/python3.11/site-packages/torch/lib/libtorch_cuda.so)
frame #6: <unknown function> + 0xd8198 (0x7f3b07e7e198 in /opt/conda/bin/../lib/libstdc++.so.6)
frame #7: <unknown function> + 0x94ac3 (0x7f3b827cdac3 in /lib/x86_64-linux-gnu/libc.so.6)
frame #8: <unknown function> + 0x126850 (0x7f3b8285f850 in /lib/x86_64-linux-gnu/libc.so.6)

[rank7]:[W724 04:52:03.987659269 ProcessGroupNCCL.cpp:1783] [PG ID 0 PG GUID 0(default_pg) Rank 7] Failed to check the "should dump" flag on TCPStore, (maybe TCPStore server has shut down too early), with error: Broken pipe
2026-07-24 04:52:03.837 | INFO     | lightx2v_platform.base.base:init_ai_device:17 - Initialized AI_DEVICE: cuda
[rank5]:[W724 04:52:04.669166581 TCPStore.cpp:106] [c10d] sendBytes failed on SocketImpl(fd=36, addr=[localhost]:37284, remote=[localhost]:29600): Broken pipe
Exception raised from sendBytes at /pytorch/torch/csrc/distributed/c10d/Utils.hpp:653 (most recent call first):
frame #0: c10::Error::Error(c10::SourceLocation, std::__cxx11::basic_string<char, std::char_traits<char>, std::allocator<char> >) + 0x80 (0x7efdd22d9eb0 in /opt/conda/lib/python3.11/site-packages/torch/lib/libc10.so)
frame #1: <unknown function> + 0x5d694d1 (0x7efdb63ae4d1 in /opt/conda/lib/python3.11/site-packages/torch/lib/libtorch_cpu.so)
frame #2: <unknown function> + 0x5d69d62 (0x7efdb63aed62 in /opt/conda/lib/python3.11/site-packages/torch/lib/libtorch_cpu.so)
frame #3: <unknown function> + 0x5d6b86e (0x7efdb63b086e in /opt/conda/lib/python3.11/site-packages/torch/lib/libtorch_cpu.so)
frame #4: c10d::TCPStore::check(std::vector<std::__cxx11::basic_string<char, std::char_traits<char>, std::allocator<char> >, std::allocator<std::__cxx11::basic_string<char, std::char_traits<char>, std::allocator<char> > > > const&) + 0x30e (0x7efdb63ab18e in /opt/conda/lib/python3.11/site-packages/torch/lib/libtorch_cpu.so)
frame #5: c10d::ProcessGroupNCCL::HeartbeatMonitor::runLoop() + 0x398 (0x7efd75890b18 in /opt/conda/lib/python3.11/site-packages/torch/lib/libtorch_cuda.so)
frame #6: <unknown function> + 0xd8198 (0x7efd5927e198 in /opt/conda/bin/../lib/libstdc++.so.6)
frame #7: <unknown function> + 0x94ac3 (0x7efdd3ba0ac3 in /lib/x86_64-linux-gnu/libc.so.6)
frame #8: <unknown function> + 0x126850 (0x7efdd3c32850 in /lib/x86_64-linux-gnu/libc.so.6)

[rank5]:[W724 04:52:04.674462821 ProcessGroupNCCL.cpp:1783] [PG ID 0 PG GUID 0(default_pg) Rank 5] Failed to check the "should dump" flag on TCPStore, (maybe TCPStore server has shut down too early), with error: Broken pipe
[rank2]:[W724 04:52:04.906089057 TCPStore.cpp:106] [c10d] sendBytes failed on SocketImpl(fd=73, addr=[localhost]:37294, remote=[localhost]:29600): Broken pipe
Exception raised from sendBytes at /pytorch/torch/csrc/distributed/c10d/Utils.hpp:653 (most recent call first):
frame #0: c10::Error::Error(c10::SourceLocation, std::__cxx11::basic_string<char, std::char_traits<char>, std::allocator<char> >) + 0x80 (0x7fe66977eeb0 in /opt/conda/lib/python3.11/site-packages/torch/lib/libc10.so)
frame #1: <unknown function> + 0x5d694d1 (0x7fe64d7ae4d1 in /opt/conda/lib/python3.11/site-packages/torch/lib/libtorch_cpu.so)
frame #2: <unknown function> + 0x5d69d62 (0x7fe64d7aed62 in /opt/conda/lib/python3.11/site-packages/torch/lib/libtorch_cpu.so)
frame #3: <unknown function> + 0x5d6b86e (0x7fe64d7b086e in /opt/conda/lib/python3.11/site-packages/torch/lib/libtorch_cpu.so)
frame #4: c10d::TCPStore::check(std::vector<std::__cxx11::basic_string<char, std::char_traits<char>, std::allocator<char> >, std::allocator<std::__cxx11::basic_string<char, std::char_traits<char>, std::allocator<char> > > > const&) + 0x30e (0x7fe64d7ab18e in /opt/conda/lib/python3.11/site-packages/torch/lib/libtorch_cpu.so)
frame #5: c10d::ProcessGroupNCCL::HeartbeatMonitor::runLoop() + 0x398 (0x7fe60cc90b18 in /opt/conda/lib/python3.11/site-packages/torch/lib/libtorch_cuda.so)
frame #6: <unknown function> + 0xd8198 (0x7fe5f067e198 in /opt/conda/bin/../lib/libstdc++.so.6)
frame #7: <unknown function> + 0x94ac3 (0x7fe66b020ac3 in /lib/x86_64-linux-gnu/libc.so.6)
frame #8: <unknown function> + 0x126850 (0x7fe66b0b2850 in /lib/x86_64-linux-gnu/libc.so.6)

[rank2]:[W724 04:52:04.912426730 ProcessGroupNCCL.cpp:1783] [PG ID 0 PG GUID 0(default_pg) Rank 2] Failed to check the "should dump" flag on TCPStore, (maybe TCPStore server has shut down too early), with error: Broken pipe
[rank7]:[W724 04:52:04.988037869 TCPStore.cpp:106] [c10d] sendBytes failed on SocketImpl(fd=73, addr=[localhost]:40292, remote=[localhost]:29600): Broken pipe
Exception raised from sendBytes at /pytorch/torch/csrc/distributed/c10d/Utils.hpp:653 (most recent call first):
frame #0: c10::Error::Error(c10::SourceLocation, std::__cxx11::basic_string<char, std::char_traits<char>, std::allocator<char> >) + 0x80 (0x7f3b80f7eeb0 in /opt/conda/lib/python3.11/site-packages/torch/lib/libc10.so)
frame #1: <unknown function> + 0x5d694d1 (0x7f3b64fae4d1 in /opt/conda/lib/python3.11/site-packages/torch/lib/libtorch_cpu.so)
frame #2: <unknown function> + 0x5d69d62 (0x7f3b64faed62 in /opt/conda/lib/python3.11/site-packages/torch/lib/libtorch_cpu.so)
frame #3: <unknown function> + 0x5d6b86e (0x7f3b64fb086e in /opt/conda/lib/python3.11/site-packages/torch/lib/libtorch_cpu.so)
frame #4: c10d::TCPStore::check(std::vector<std::__cxx11::basic_string<char, std::char_traits<char>, std::allocator<char> >, std::allocator<std::__cxx11::basic_string<char, std::char_traits<char>, std::allocator<char> > > > const&) + 0x30e (0x7f3b64fab18e in /opt/conda/lib/python3.11/site-packages/torch/lib/libtorch_cpu.so)
frame #5: c10d::ProcessGroupNCCL::HeartbeatMonitor::runLoop() + 0x398 (0x7f3b24490b18 in /opt/conda/lib/python3.11/site-packages/torch/lib/libtorch_cuda.so)
frame #6: <unknown function> + 0xd8198 (0x7f3b07e7e198 in /opt/conda/bin/../lib/libstdc++.so.6)
frame #7: <unknown function> + 0x94ac3 (0x7f3b827cdac3 in /lib/x86_64-linux-gnu/libc.so.6)
frame #8: <unknown function> + 0x126850 (0x7f3b8285f850 in /lib/x86_64-linux-gnu/libc.so.6)

[rank7]:[W724 04:52:04.991649286 ProcessGroupNCCL.cpp:1783] [PG ID 0 PG GUID 0(default_pg) Rank 7] Failed to check the "should dump" flag on TCPStore, (maybe TCPStore server has shut down too early), with error: Broken pipe
[rank5]:[W724 04:52:05.674939541 TCPStore.cpp:106] [c10d] sendBytes failed on SocketImpl(fd=36, addr=[localhost]:37284, remote=[localhost]:29600): Broken pipe
Exception raised from sendBytes at /pytorch/torch/csrc/distributed/c10d/Utils.hpp:653 (most recent call first):
frame #0: c10::Error::Error(c10::SourceLocation, std::__cxx11::basic_string<char, std::char_traits<char>, std::allocator<char> >) + 0x80 (0x7efdd22d9eb0 in /opt/conda/lib/python3.11/site-packages/torch/lib/libc10.so)
frame #1: <unknown function> + 0x5d694d1 (0x7efdb63ae4d1 in /opt/conda/lib/python3.11/site-packages/torch/lib/libtorch_cpu.so)
frame #2: <unknown function> + 0x5d69d62 (0x7efdb63aed62 in /opt/conda/lib/python3.11/site-packages/torch/lib/libtorch_cpu.so)
frame #3: <unknown function> + 0x5d6b86e (0x7efdb63b086e in /opt/conda/lib/python3.11/site-packages/torch/lib/libtorch_cpu.so)
frame #4: c10d::TCPStore::check(std::vector<std::__cxx11::basic_string<char, std::char_traits<char>, std::allocator<char> >, std::allocator<std::__cxx11::basic_string<char, std::char_traits<char>, std::allocator<char> > > > const&) + 0x30e (0x7efdb63ab18e in /opt/conda/lib/python3.11/site-packages/torch/lib/libtorch_cpu.so)
frame #5: c10d::ProcessGroupNCCL::HeartbeatMonitor::runLoop() + 0x398 (0x7efd75890b18 in /opt/conda/lib/python3.11/site-packages/torch/lib/libtorch_cuda.so)
frame #6: <unknown function> + 0xd8198 (0x7efd5927e198 in /opt/conda/bin/../lib/libstdc++.so.6)
frame #7: <unknown function> + 0x94ac3 (0x7efdd3ba0ac3 in /lib/x86_64-linux-gnu/libc.so.6)
frame #8: <unknown function> + 0x126850 (0x7efdd3c32850 in /lib/x86_64-linux-gnu/libc.so.6)

[rank5]:[W724 04:52:05.680399952 ProcessGroupNCCL.cpp:1783] [PG ID 0 PG GUID 0(default_pg) Rank 5] Failed to check the "should dump" flag on TCPStore, (maybe TCPStore server has shut down too early), with error: Broken pipe
[rank2]:[W724 04:52:05.913027740 TCPStore.cpp:106] [c10d] sendBytes failed on SocketImpl(fd=73, addr=[localhost]:37294, remote=[localhost]:29600): Broken pipe
Exception raised from sendBytes at /pytorch/torch/csrc/distributed/c10d/Utils.hpp:653 (most recent call first):
frame #0: c10::Error::Error(c10::SourceLocation, std::__cxx11::basic_string<char, std::char_traits<char>, std::allocator<char> >) + 0x80 (0x7fe66977eeb0 in /opt/conda/lib/python3.11/site-packages/torch/lib/libc10.so)
frame #1: <unknown function> + 0x5d694d1 (0x7fe64d7ae4d1 in /opt/conda/lib/python3.11/site-packages/torch/lib/libtorch_cpu.so)
frame #2: <unknown function> + 0x5d69d62 (0x7fe64d7aed62 in /opt/conda/lib/python3.11/site-packages/torch/lib/libtorch_cpu.so)
frame #3: <unknown function> + 0x5d6b86e (0x7fe64d7b086e in /opt/conda/lib/python3.11/site-packages/torch/lib/libtorch_cpu.so)
frame #4: c10d::TCPStore::check(std::vector<std::__cxx11::basic_string<char, std::char_traits<char>, std::allocator<char> >, std::allocator<std::__cxx11::basic_string<char, std::char_traits<char>, std::allocator<char> > > > const&) + 0x30e (0x7fe64d7ab18e in /opt/conda/lib/python3.11/site-packages/torch/lib/libtorch_cpu.so)
frame #5: c10d::ProcessGroupNCCL::HeartbeatMonitor::runLoop() + 0x398 (0x7fe60cc90b18 in /opt/conda/lib/python3.11/site-packages/torch/lib/libtorch_cuda.so)
frame #6: <unknown function> + 0xd8198 (0x7fe5f067e198 in /opt/conda/bin/../lib/libstdc++.so.6)
frame #7: <unknown function> + 0x94ac3 (0x7fe66b020ac3 in /lib/x86_64-linux-gnu/libc.so.6)
frame #8: <unknown function> + 0x126850 (0x7fe66b0b2850 in /lib/x86_64-linux-gnu/libc.so.6)

[rank2]:[W724 04:52:05.919395083 ProcessGroupNCCL.cpp:1783] [PG ID 0 PG GUID 0(default_pg) Rank 2] Failed to check the "should dump" flag on TCPStore, (maybe TCPStore server has shut down too early), with error: Broken pipe
[rank7]:[W724 04:52:05.992107566 TCPStore.cpp:106] [c10d] sendBytes failed on SocketImpl(fd=73, addr=[localhost]:40292, remote=[localhost]:29600): Broken pipe
Exception raised from sendBytes at /pytorch/torch/csrc/distributed/c10d/Utils.hpp:653 (most recent call first):
frame #0: c10::Error::Error(c10::SourceLocation, std::__cxx11::basic_string<char, std::char_traits<char>, std::allocator<char> >) + 0x80 (0x7f3b80f7eeb0 in /opt/conda/lib/python3.11/site-packages/torch/lib/libc10.so)
frame #1: <unknown function> + 0x5d694d1 (0x7f3b64fae4d1 in /opt/conda/lib/python3.11/site-packages/torch/lib/libtorch_cpu.so)
frame #2: <unknown function> + 0x5d69d62 (0x7f3b64faed62 in /opt/conda/lib/python3.11/site-packages/torch/lib/libtorch_cpu.so)
frame #3: <unknown function> + 0x5d6b86e (0x7f3b64fb086e in /opt/conda/lib/python3.11/site-packages/torch/lib/libtorch_cpu.so)
frame #4: c10d::TCPStore::check(std::vector<std::__cxx11::basic_string<char, std::char_traits<char>, std::allocator<char> >, std::allocator<std::__cxx11::basic_string<char, std::char_traits<char>, std::allocator<char> > > > const&) + 0x30e (0x7f3b64fab18e in /opt/conda/lib/python3.11/site-packages/torch/lib/libtorch_cpu.so)
frame #5: c10d::ProcessGroupNCCL::HeartbeatMonitor::runLoop() + 0x398 (0x7f3b24490b18 in /opt/conda/lib/python3.11/site-packages/torch/lib/libtorch_cuda.so)
frame #6: <unknown function> + 0xd8198 (0x7f3b07e7e198 in /opt/conda/bin/../lib/libstdc++.so.6)
frame #7: <unknown function> + 0x94ac3 (0x7f3b827cdac3 in /lib/x86_64-linux-gnu/libc.so.6)
frame #8: <unknown function> + 0x126850 (0x7f3b8285f850 in /lib/x86_64-linux-gnu/libc.so.6)

[rank7]:[W724 04:52:05.995545993 ProcessGroupNCCL.cpp:1783] [PG ID 0 PG GUID 0(default_pg) Rank 7] Failed to check the "should dump" flag on TCPStore, (maybe TCPStore server has shut down too early), with error: Broken pipe
2026-07-24 04:52:05.760 | INFO     | lightx2v_platform.base.base:init_ai_device:17 - Initialized AI_DEVICE: cuda
[rank5]:[W724 04:52:06.680703842 TCPStore.cpp:106] [c10d] sendBytes failed on SocketImpl(fd=36, addr=[localhost]:37284, remote=[localhost]:29600): Broken pipe
Exception raised from sendBytes at /pytorch/torch/csrc/distributed/c10d/Utils.hpp:653 (most recent call first):
frame #0: c10::Error::Error(c10::SourceLocation, std::__cxx11::basic_string<char, std::char_traits<char>, std::allocator<char> >) + 0x80 (0x7efdd22d9eb0 in /opt/conda/lib/python3.11/site-packages/torch/lib/libc10.so)
frame #1: <unknown function> + 0x5d694d1 (0x7efdb63ae4d1 in /opt/conda/lib/python3.11/site-packages/torch/lib/libtorch_cpu.so)
frame #2: <unknown function> + 0x5d69d62 (0x7efdb63aed62 in /opt/conda/lib/python3.11/site-packages/torch/lib/libtorch_cpu.so)
frame #3: <unknown function> + 0x5d6b86e (0x7efdb63b086e in /opt/conda/lib/python3.11/site-packages/torch/lib/libtorch_cpu.so)
frame #4: c10d::TCPStore::check(std::vector<std::__cxx11::basic_string<char, std::char_traits<char>, std::allocator<char> >, std::allocator<std::__cxx11::basic_string<char, std::char_traits<char>, std::allocator<char> > > > const&) + 0x30e (0x7efdb63ab18e in /opt/conda/lib/python3.11/site-packages/torch/lib/libtorch_cpu.so)
frame #5: c10d::ProcessGroupNCCL::HeartbeatMonitor::runLoop() + 0x398 (0x7efd75890b18 in /opt/conda/lib/python3.11/site-packages/torch/lib/libtorch_cuda.so)
frame #6: <unknown function> + 0xd8198 (0x7efd5927e198 in /opt/conda/bin/../lib/libstdc++.so.6)
frame #7: <unknown function> + 0x94ac3 (0x7efdd3ba0ac3 in /lib/x86_64-linux-gnu/libc.so.6)
frame #8: <unknown function> + 0x126850 (0x7efdd3c32850 in /lib/x86_64-linux-gnu/libc.so.6)

[rank5]:[W724 04:52:06.684903990 ProcessGroupNCCL.cpp:1783] [PG ID 0 PG GUID 0(default_pg) Rank 5] Failed to check the "should dump" flag on TCPStore, (maybe TCPStore server has shut down too early), with error: Broken pipe
[rank2]:[W724 04:52:06.919744812 TCPStore.cpp:106] [c10d] sendBytes failed on SocketImpl(fd=73, addr=[localhost]:37294, remote=[localhost]:29600): Broken pipe
Exception raised from sendBytes at /pytorch/torch/csrc/distributed/c10d/Utils.hpp:653 (most recent call first):
frame #0: c10::Error::Error(c10::SourceLocation, std::__cxx11::basic_string<char, std::char_traits<char>, std::allocator<char> >) + 0x80 (0x7fe66977eeb0 in /opt/conda/lib/python3.11/site-packages/torch/lib/libc10.so)
frame #1: <unknown function> + 0x5d694d1 (0x7fe64d7ae4d1 in /opt/conda/lib/python3.11/site-packages/torch/lib/libtorch_cpu.so)
frame #2: <unknown function> + 0x5d69d62 (0x7fe64d7aed62 in /opt/conda/lib/python3.11/site-packages/torch/lib/libtorch_cpu.so)
frame #3: <unknown function> + 0x5d6b86e (0x7fe64d7b086e in /opt/conda/lib/python3.11/site-packages/torch/lib/libtorch_cpu.so)
frame #4: c10d::TCPStore::check(std::vector<std::__cxx11::basic_string<char, std::char_traits<char>, std::allocator<char> >, std::allocator<std::__cxx11::basic_string<char, std::char_traits<char>, std::allocator<char> > > > const&) + 0x30e (0x7fe64d7ab18e in /opt/conda/lib/python3.11/site-packages/torch/lib/libtorch_cpu.so)
frame #5: c10d::ProcessGroupNCCL::HeartbeatMonitor::runLoop() + 0x398 (0x7fe60cc90b18 in /opt/conda/lib/python3.11/site-packages/torch/lib/libtorch_cuda.so)
frame #6: <unknown function> + 0xd8198 (0x7fe5f067e198 in /opt/conda/bin/../lib/libstdc++.so.6)
frame #7: <unknown function> + 0x94ac3 (0x7fe66b020ac3 in /lib/x86_64-linux-gnu/libc.so.6)
frame #8: <unknown function> + 0x126850 (0x7fe66b0b2850 in /lib/x86_64-linux-gnu/libc.so.6)

[rank2]:[W724 04:52:06.923054899 ProcessGroupNCCL.cpp:1783] [PG ID 0 PG GUID 0(default_pg) Rank 2] Failed to check the "should dump" flag on TCPStore, (maybe TCPStore server has shut down too early), with error: Broken pipe
[rank7]:[W724 04:52:06.995820132 TCPStore.cpp:106] [c10d] sendBytes failed on SocketImpl(fd=73, addr=[localhost]:40292, remote=[localhost]:29600): Broken pipe
Exception raised from sendBytes at /pytorch/torch/csrc/distributed/c10d/Utils.hpp:653 (most recent call first):
frame #0: c10::Error::Error(c10::SourceLocation, std::__cxx11::basic_string<char, std::char_traits<char>, std::allocator<char> >) + 0x80 (0x7f3b80f7eeb0 in /opt/conda/lib/python3.11/site-packages/torch/lib/libc10.so)
frame #1: <unknown function> + 0x5d694d1 (0x7f3b64fae4d1 in /opt/conda/lib/python3.11/site-packages/torch/lib/libtorch_cpu.so)
frame #2: <unknown function> + 0x5d69d62 (0x7f3b64faed62 in /opt/conda/lib/python3.11/site-packages/torch/lib/libtorch_cpu.so)
frame #3: <unknown function> + 0x5d6b86e (0x7f3b64fb086e in /opt/conda/lib/python3.11/site-packages/torch/lib/libtorch_cpu.so)
frame #4: c10d::TCPStore::check(std::vector<std::__cxx11::basic_string<char, std::char_traits<char>, std::allocator<char> >, std::allocator<std::__cxx11::basic_string<char, std::char_traits<char>, std::allocator<char> > > > const&) + 0x30e (0x7f3b64fab18e in /opt/conda/lib/python3.11/site-packages/torch/lib/libtorch_cpu.so)
frame #5: c10d::ProcessGroupNCCL::HeartbeatMonitor::runLoop() + 0x398 (0x7f3b24490b18 in /opt/conda/lib/python3.11/site-packages/torch/lib/libtorch_cuda.so)
frame #6: <unknown function> + 0xd8198 (0x7f3b07e7e198 in /opt/conda/bin/../lib/libstdc++.so.6)
frame #7: <unknown function> + 0x94ac3 (0x7f3b827cdac3 in /lib/x86_64-linux-gnu/libc.so.6)
frame #8: <unknown function> + 0x126850 (0x7f3b8285f850 in /lib/x86_64-linux-gnu/libc.so.6)

[rank7]:[W724 04:52:06.999314149 ProcessGroupNCCL.cpp:1783] [PG ID 0 PG GUID 0(default_pg) Rank 7] Failed to check the "should dump" flag on TCPStore, (maybe TCPStore server has shut down too early), with error: Broken pipe
2026-07-24 04:52:06.622 | INFO     | __main__:_controller_main:512 - [done] request_id=2 worker=0 start_ts=1784868446.535132 finish_ts=1784868726.609723 e2e=901.369s elapsed_from_global_start=901.369s rc=1
[rank5]:[W724 04:52:07.685234580 TCPStore.cpp:106] [c10d] sendBytes failed on SocketImpl(fd=36, addr=[localhost]:37284, remote=[localhost]:29600): Broken pipe
Exception raised from sendBytes at /pytorch/torch/csrc/distributed/c10d/Utils.hpp:653 (most recent call first):
frame #0: c10::Error::Error(c10::SourceLocation, std::__cxx11::basic_string<char, std::char_traits<char>, std::allocator<char> >) + 0x80 (0x7efdd22d9eb0 in /opt/conda/lib/python3.11/site-packages/torch/lib/libc10.so)
frame #1: <unknown function> + 0x5d694d1 (0x7efdb63ae4d1 in /opt/conda/lib/python3.11/site-packages/torch/lib/libtorch_cpu.so)
frame #2: <unknown function> + 0x5d69d62 (0x7efdb63aed62 in /opt/conda/lib/python3.11/site-packages/torch/lib/libtorch_cpu.so)
frame #3: <unknown function> + 0x5d6b86e (0x7efdb63b086e in /opt/conda/lib/python3.11/site-packages/torch/lib/libtorch_cpu.so)
frame #4: c10d::TCPStore::check(std::vector<std::__cxx11::basic_string<char, std::char_traits<char>, std::allocator<char> >, std::allocator<std::__cxx11::basic_string<char, std::char_traits<char>, std::allocator<char> > > > const&) + 0x30e (0x7efdb63ab18e in /opt/conda/lib/python3.11/site-packages/torch/lib/libtorch_cpu.so)
frame #5: c10d::ProcessGroupNCCL::HeartbeatMonitor::runLoop() + 0x398 (0x7efd75890b18 in /opt/conda/lib/python3.11/site-packages/torch/lib/libtorch_cuda.so)
frame #6: <unknown function> + 0xd8198 (0x7efd5927e198 in /opt/conda/bin/../lib/libstdc++.so.6)
frame #7: <unknown function> + 0x94ac3 (0x7efdd3ba0ac3 in /lib/x86_64-linux-gnu/libc.so.6)
frame #8: <unknown function> + 0x126850 (0x7efdd3c32850 in /lib/x86_64-linux-gnu/libc.so.6)

[rank5]:[W724 04:52:07.689980019 ProcessGroupNCCL.cpp:1783] [PG ID 0 PG GUID 0(default_pg) Rank 5] Failed to check the "should dump" flag on TCPStore, (maybe TCPStore server has shut down too early), with error: Broken pipe
[rank2]:[W724 04:52:07.923628429 TCPStore.cpp:106] [c10d] sendBytes failed on SocketImpl(fd=73, addr=[localhost]:37294, remote=[localhost]:29600): Broken pipe
Exception raised from sendBytes at /pytorch/torch/csrc/distributed/c10d/Utils.hpp:653 (most recent call first):
frame #0: c10::Error::Error(c10::SourceLocation, std::__cxx11::basic_string<char, std::char_traits<char>, std::allocator<char> >) + 0x80 (0x7fe66977eeb0 in /opt/conda/lib/python3.11/site-packages/torch/lib/libc10.so)
frame #1: <unknown function> + 0x5d694d1 (0x7fe64d7ae4d1 in /opt/conda/lib/python3.11/site-packages/torch/lib/libtorch_cpu.so)
frame #2: <unknown function> + 0x5d69d62 (0x7fe64d7aed62 in /opt/conda/lib/python3.11/site-packages/torch/lib/libtorch_cpu.so)
frame #3: <unknown function> + 0x5d6b86e (0x7fe64d7b086e in /opt/conda/lib/python3.11/site-packages/torch/lib/libtorch_cpu.so)
frame #4: c10d::TCPStore::check(std::vector<std::__cxx11::basic_string<char, std::char_traits<char>, std::allocator<char> >, std::allocator<std::__cxx11::basic_string<char, std::char_traits<char>, std::allocator<char> > > > const&) + 0x30e (0x7fe64d7ab18e in /opt/conda/lib/python3.11/site-packages/torch/lib/libtorch_cpu.so)
frame #5: c10d::ProcessGroupNCCL::HeartbeatMonitor::runLoop() + 0x398 (0x7fe60cc90b18 in /opt/conda/lib/python3.11/site-packages/torch/lib/libtorch_cuda.so)
frame #6: <unknown function> + 0xd8198 (0x7fe5f067e198 in /opt/conda/bin/../lib/libstdc++.so.6)
frame #7: <unknown function> + 0x94ac3 (0x7fe66b020ac3 in /lib/x86_64-linux-gnu/libc.so.6)
frame #8: <unknown function> + 0x126850 (0x7fe66b0b2850 in /lib/x86_64-linux-gnu/libc.so.6)

[rank2]:[W724 04:52:07.928570269 ProcessGroupNCCL.cpp:1783] [PG ID 0 PG GUID 0(default_pg) Rank 2] Failed to check the "should dump" flag on TCPStore, (maybe TCPStore server has shut down too early), with error: Broken pipe
[rank7]:[W724 04:52:07.000027609 TCPStore.cpp:106] [c10d] sendBytes failed on SocketImpl(fd=73, addr=[localhost]:40292, remote=[localhost]:29600): Broken pipe
Exception raised from sendBytes at /pytorch/torch/csrc/distributed/c10d/Utils.hpp:653 (most recent call first):
frame #0: c10::Error::Error(c10::SourceLocation, std::__cxx11::basic_string<char, std::char_traits<char>, std::allocator<char> >) + 0x80 (0x7f3b80f7eeb0 in /opt/conda/lib/python3.11/site-packages/torch/lib/libc10.so)
frame #1: <unknown function> + 0x5d694d1 (0x7f3b64fae4d1 in /opt/conda/lib/python3.11/site-packages/torch/lib/libtorch_cpu.so)
frame #2: <unknown function> + 0x5d69d62 (0x7f3b64faed62 in /opt/conda/lib/python3.11/site-packages/torch/lib/libtorch_cpu.so)
frame #3: <unknown function> + 0x5d6b86e (0x7f3b64fb086e in /opt/conda/lib/python3.11/site-packages/torch/lib/libtorch_cpu.so)
frame #4: c10d::TCPStore::check(std::vector<std::__cxx11::basic_string<char, std::char_traits<char>, std::allocator<char> >, std::allocator<std::__cxx11::basic_string<char, std::char_traits<char>, std::allocator<char> > > > const&) + 0x30e (0x7f3b64fab18e in /opt/conda/lib/python3.11/site-packages/torch/lib/libtorch_cpu.so)
frame #5: c10d::ProcessGroupNCCL::HeartbeatMonitor::runLoop() + 0x398 (0x7f3b24490b18 in /opt/conda/lib/python3.11/site-packages/torch/lib/libtorch_cuda.so)
frame #6: <unknown function> + 0xd8198 (0x7f3b07e7e198 in /opt/conda/bin/../lib/libstdc++.so.6)
frame #7: <unknown function> + 0x94ac3 (0x7f3b827cdac3 in /lib/x86_64-linux-gnu/libc.so.6)
frame #8: <unknown function> + 0x126850 (0x7f3b8285f850 in /lib/x86_64-linux-gnu/libc.so.6)

[rank7]:[W724 04:52:07.004102637 ProcessGroupNCCL.cpp:1783] [PG ID 0 PG GUID 0(default_pg) Rank 7] Failed to check the "should dump" flag on TCPStore, (maybe TCPStore server has shut down too early), with error: Broken pipe
2026-07-24 04:52:07.726 | INFO     | lightx2v_platform.base.base:init_ai_device:17 - Initialized AI_DEVICE: cuda
[rank5]:[W724 04:52:08.691637661 TCPStore.cpp:106] [c10d] sendBytes failed on SocketImpl(fd=36, addr=[localhost]:37284, remote=[localhost]:29600): Broken pipe
Exception raised from sendBytes at /pytorch/torch/csrc/distributed/c10d/Utils.hpp:653 (most recent call first):
frame #0: c10::Error::Error(c10::SourceLocation, std::__cxx11::basic_string<char, std::char_traits<char>, std::allocator<char> >) + 0x80 (0x7efdd22d9eb0 in /opt/conda/lib/python3.11/site-packages/torch/lib/libc10.so)
frame #1: <unknown function> + 0x5d694d1 (0x7efdb63ae4d1 in /opt/conda/lib/python3.11/site-packages/torch/lib/libtorch_cpu.so)
frame #2: <unknown function> + 0x5d69d62 (0x7efdb63aed62 in /opt/conda/lib/python3.11/site-packages/torch/lib/libtorch_cpu.so)
frame #3: <unknown function> + 0x5d6b86e (0x7efdb63b086e in /opt/conda/lib/python3.11/site-packages/torch/lib/libtorch_cpu.so)
frame #4: c10d::TCPStore::check(std::vector<std::__cxx11::basic_string<char, std::char_traits<char>, std::allocator<char> >, std::allocator<std::__cxx11::basic_string<char, std::char_traits<char>, std::allocator<char> > > > const&) + 0x30e (0x7efdb63ab18e in /opt/conda/lib/python3.11/site-packages/torch/lib/libtorch_cpu.so)
frame #5: c10d::ProcessGroupNCCL::HeartbeatMonitor::runLoop() + 0x398 (0x7efd75890b18 in /opt/conda/lib/python3.11/site-packages/torch/lib/libtorch_cuda.so)
frame #6: <unknown function> + 0xd8198 (0x7efd5927e198 in /opt/conda/bin/../lib/libstdc++.so.6)
frame #7: <unknown function> + 0x94ac3 (0x7efdd3ba0ac3 in /lib/x86_64-linux-gnu/libc.so.6)
frame #8: <unknown function> + 0x126850 (0x7efdd3c32850 in /lib/x86_64-linux-gnu/libc.so.6)

[rank5]:[W724 04:52:08.696483281 ProcessGroupNCCL.cpp:1783] [PG ID 0 PG GUID 0(default_pg) Rank 5] Failed to check the "should dump" flag on TCPStore, (maybe TCPStore server has shut down too early), with error: Broken pipe
[rank2]:[W724 04:52:08.928932388 TCPStore.cpp:106] [c10d] sendBytes failed on SocketImpl(fd=73, addr=[localhost]:37294, remote=[localhost]:29600): Broken pipe
Exception raised from sendBytes at /pytorch/torch/csrc/distributed/c10d/Utils.hpp:653 (most recent call first):
frame #0: c10::Error::Error(c10::SourceLocation, std::__cxx11::basic_string<char, std::char_traits<char>, std::allocator<char> >) + 0x80 (0x7fe66977eeb0 in /opt/conda/lib/python3.11/site-packages/torch/lib/libc10.so)
frame #1: <unknown function> + 0x5d694d1 (0x7fe64d7ae4d1 in /opt/conda/lib/python3.11/site-packages/torch/lib/libtorch_cpu.so)
frame #2: <unknown function> + 0x5d69d62 (0x7fe64d7aed62 in /opt/conda/lib/python3.11/site-packages/torch/lib/libtorch_cpu.so)
frame #3: <unknown function> + 0x5d6b86e (0x7fe64d7b086e in /opt/conda/lib/python3.11/site-packages/torch/lib/libtorch_cpu.so)
frame #4: c10d::TCPStore::check(std::vector<std::__cxx11::basic_string<char, std::char_traits<char>, std::allocator<char> >, std::allocator<std::__cxx11::basic_string<char, std::char_traits<char>, std::allocator<char> > > > const&) + 0x30e (0x7fe64d7ab18e in /opt/conda/lib/python3.11/site-packages/torch/lib/libtorch_cpu.so)
frame #5: c10d::ProcessGroupNCCL::HeartbeatMonitor::runLoop() + 0x398 (0x7fe60cc90b18 in /opt/conda/lib/python3.11/site-packages/torch/lib/libtorch_cuda.so)
frame #6: <unknown function> + 0xd8198 (0x7fe5f067e198 in /opt/conda/bin/../lib/libstdc++.so.6)
frame #7: <unknown function> + 0x94ac3 (0x7fe66b020ac3 in /lib/x86_64-linux-gnu/libc.so.6)
frame #8: <unknown function> + 0x126850 (0x7fe66b0b2850 in /lib/x86_64-linux-gnu/libc.so.6)

[rank2]:[W724 04:52:08.933018206 ProcessGroupNCCL.cpp:1783] [PG ID 0 PG GUID 0(default_pg) Rank 2] Failed to check the "should dump" flag on TCPStore, (maybe TCPStore server has shut down too early), with error: Broken pipe
[rank7]:[W724 04:52:08.004979608 TCPStore.cpp:106] [c10d] sendBytes failed on SocketImpl(fd=73, addr=[localhost]:40292, remote=[localhost]:29600): Broken pipe
Exception raised from sendBytes at /pytorch/torch/csrc/distributed/c10d/Utils.hpp:653 (most recent call first):
frame #0: c10::Error::Error(c10::SourceLocation, std::__cxx11::basic_string<char, std::char_traits<char>, std::allocator<char> >) + 0x80 (0x7f3b80f7eeb0 in /opt/conda/lib/python3.11/site-packages/torch/lib/libc10.so)
frame #1: <unknown function> + 0x5d694d1 (0x7f3b64fae4d1 in /opt/conda/lib/python3.11/site-packages/torch/lib/libtorch_cpu.so)
frame #2: <unknown function> + 0x5d69d62 (0x7f3b64faed62 in /opt/conda/lib/python3.11/site-packages/torch/lib/libtorch_cpu.so)
frame #3: <unknown function> + 0x5d6b86e (0x7f3b64fb086e in /opt/conda/lib/python3.11/site-packages/torch/lib/libtorch_cpu.so)
frame #4: c10d::TCPStore::check(std::vector<std::__cxx11::basic_string<char, std::char_traits<char>, std::allocator<char> >, std::allocator<std::__cxx11::basic_string<char, std::char_traits<char>, std::allocator<char> > > > const&) + 0x30e (0x7f3b64fab18e in /opt/conda/lib/python3.11/site-packages/torch/lib/libtorch_cpu.so)
frame #5: c10d::ProcessGroupNCCL::HeartbeatMonitor::runLoop() + 0x398 (0x7f3b24490b18 in /opt/conda/lib/python3.11/site-packages/torch/lib/libtorch_cuda.so)
frame #6: <unknown function> + 0xd8198 (0x7f3b07e7e198 in /opt/conda/bin/../lib/libstdc++.so.6)
frame #7: <unknown function> + 0x94ac3 (0x7f3b827cdac3 in /lib/x86_64-linux-gnu/libc.so.6)
frame #8: <unknown function> + 0x126850 (0x7f3b8285f850 in /lib/x86_64-linux-gnu/libc.so.6)

[rank7]:[W724 04:52:08.009428677 ProcessGroupNCCL.cpp:1783] [PG ID 0 PG GUID 0(default_pg) Rank 7] Failed to check the "should dump" flag on TCPStore, (maybe TCPStore server has shut down too early), with error: Broken pipe
[rank5]:[W724 04:52:09.696780500 TCPStore.cpp:106] [c10d] sendBytes failed on SocketImpl(fd=36, addr=[localhost]:37284, remote=[localhost]:29600): Broken pipe
Exception raised from sendBytes at /pytorch/torch/csrc/distributed/c10d/Utils.hpp:653 (most recent call first):
frame #0: c10::Error::Error(c10::SourceLocation, std::__cxx11::basic_string<char, std::char_traits<char>, std::allocator<char> >) + 0x80 (0x7efdd22d9eb0 in /opt/conda/lib/python3.11/site-packages/torch/lib/libc10.so)
frame #1: <unknown function> + 0x5d694d1 (0x7efdb63ae4d1 in /opt/conda/lib/python3.11/site-packages/torch/lib/libtorch_cpu.so)
frame #2: <unknown function> + 0x5d69d62 (0x7efdb63aed62 in /opt/conda/lib/python3.11/site-packages/torch/lib/libtorch_cpu.so)
frame #3: <unknown function> + 0x5d6b86e (0x7efdb63b086e in /opt/conda/lib/python3.11/site-packages/torch/lib/libtorch_cpu.so)
frame #4: c10d::TCPStore::check(std::vector<std::__cxx11::basic_string<char, std::char_traits<char>, std::allocator<char> >, std::allocator<std::__cxx11::basic_string<char, std::char_traits<char>, std::allocator<char> > > > const&) + 0x30e (0x7efdb63ab18e in /opt/conda/lib/python3.11/site-packages/torch/lib/libtorch_cpu.so)
frame #5: c10d::ProcessGroupNCCL::HeartbeatMonitor::runLoop() + 0x398 (0x7efd75890b18 in /opt/conda/lib/python3.11/site-packages/torch/lib/libtorch_cuda.so)
frame #6: <unknown function> + 0xd8198 (0x7efd5927e198 in /opt/conda/bin/../lib/libstdc++.so.6)
frame #7: <unknown function> + 0x94ac3 (0x7efdd3ba0ac3 in /lib/x86_64-linux-gnu/libc.so.6)
frame #8: <unknown function> + 0x126850 (0x7efdd3c32850 in /lib/x86_64-linux-gnu/libc.so.6)

[rank5]:[W724 04:52:09.701361799 ProcessGroupNCCL.cpp:1783] [PG ID 0 PG GUID 0(default_pg) Rank 5] Failed to check the "should dump" flag on TCPStore, (maybe TCPStore server has shut down too early), with error: Broken pipe
[rank2]:[W724 04:52:09.933543337 TCPStore.cpp:106] [c10d] sendBytes failed on SocketImpl(fd=73, addr=[localhost]:37294, remote=[localhost]:29600): Broken pipe
Exception raised from sendBytes at /pytorch/torch/csrc/distributed/c10d/Utils.hpp:653 (most recent call first):
frame #0: c10::Error::Error(c10::SourceLocation, std::__cxx11::basic_string<char, std::char_traits<char>, std::allocator<char> >) + 0x80 (0x7fe66977eeb0 in /opt/conda/lib/python3.11/site-packages/torch/lib/libc10.so)
frame #1: <unknown function> + 0x5d694d1 (0x7fe64d7ae4d1 in /opt/conda/lib/python3.11/site-packages/torch/lib/libtorch_cpu.so)
frame #2: <unknown function> + 0x5d69d62 (0x7fe64d7aed62 in /opt/conda/lib/python3.11/site-packages/torch/lib/libtorch_cpu.so)
frame #3: <unknown function> + 0x5d6b86e (0x7fe64d7b086e in /opt/conda/lib/python3.11/site-packages/torch/lib/libtorch_cpu.so)
frame #4: c10d::TCPStore::check(std::vector<std::__cxx11::basic_string<char, std::char_traits<char>, std::allocator<char> >, std::allocator<std::__cxx11::basic_string<char, std::char_traits<char>, std::allocator<char> > > > const&) + 0x30e (0x7fe64d7ab18e in /opt/conda/lib/python3.11/site-packages/torch/lib/libtorch_cpu.so)
frame #5: c10d::ProcessGroupNCCL::HeartbeatMonitor::runLoop() + 0x398 (0x7fe60cc90b18 in /opt/conda/lib/python3.11/site-packages/torch/lib/libtorch_cuda.so)
frame #6: <unknown function> + 0xd8198 (0x7fe5f067e198 in /opt/conda/bin/../lib/libstdc++.so.6)
frame #7: <unknown function> + 0x94ac3 (0x7fe66b020ac3 in /lib/x86_64-linux-gnu/libc.so.6)
frame #8: <unknown function> + 0x126850 (0x7fe66b0b2850 in /lib/x86_64-linux-gnu/libc.so.6)

[rank2]:[W724 04:52:09.939606469 ProcessGroupNCCL.cpp:1783] [PG ID 0 PG GUID 0(default_pg) Rank 2] Failed to check the "should dump" flag on TCPStore, (maybe TCPStore server has shut down too early), with error: Broken pipe
[rank7]:[W724 04:52:09.009806047 TCPStore.cpp:106] [c10d] sendBytes failed on SocketImpl(fd=73, addr=[localhost]:40292, remote=[localhost]:29600): Broken pipe
Exception raised from sendBytes at /pytorch/torch/csrc/distributed/c10d/Utils.hpp:653 (most recent call first):
frame #0: c10::Error::Error(c10::SourceLocation, std::__cxx11::basic_string<char, std::char_traits<char>, std::allocator<char> >) + 0x80 (0x7f3b80f7eeb0 in /opt/conda/lib/python3.11/site-packages/torch/lib/libc10.so)
frame #1: <unknown function> + 0x5d694d1 (0x7f3b64fae4d1 in /opt/conda/lib/python3.11/site-packages/torch/lib/libtorch_cpu.so)
frame #2: <unknown function> + 0x5d69d62 (0x7f3b64faed62 in /opt/conda/lib/python3.11/site-packages/torch/lib/libtorch_cpu.so)
frame #3: <unknown function> + 0x5d6b86e (0x7f3b64fb086e in /opt/conda/lib/python3.11/site-packages/torch/lib/libtorch_cpu.so)
frame #4: c10d::TCPStore::check(std::vector<std::__cxx11::basic_string<char, std::char_traits<char>, std::allocator<char> >, std::allocator<std::__cxx11::basic_string<char, std::char_traits<char>, std::allocator<char> > > > const&) + 0x30e (0x7f3b64fab18e in /opt/conda/lib/python3.11/site-packages/torch/lib/libtorch_cpu.so)
frame #5: c10d::ProcessGroupNCCL::HeartbeatMonitor::runLoop() + 0x398 (0x7f3b24490b18 in /opt/conda/lib/python3.11/site-packages/torch/lib/libtorch_cuda.so)
frame #6: <unknown function> + 0xd8198 (0x7f3b07e7e198 in /opt/conda/bin/../lib/libstdc++.so.6)
frame #7: <unknown function> + 0x94ac3 (0x7f3b827cdac3 in /lib/x86_64-linux-gnu/libc.so.6)
frame #8: <unknown function> + 0x126850 (0x7f3b8285f850 in /lib/x86_64-linux-gnu/libc.so.6)

[rank7]:[W724 04:52:09.013187903 ProcessGroupNCCL.cpp:1783] [PG ID 0 PG GUID 0(default_pg) Rank 7] Failed to check the "should dump" flag on TCPStore, (maybe TCPStore server has shut down too early), with error: Broken pipe
2026-07-24 04:52:09.853 | INFO     | lightx2v_platform.base.base:init_ai_device:17 - Initialized AI_DEVICE: cuda
[rank5]:[W724 04:52:10.701734179 TCPStore.cpp:106] [c10d] sendBytes failed on SocketImpl(fd=36, addr=[localhost]:37284, remote=[localhost]:29600): Broken pipe
Exception raised from sendBytes at /pytorch/torch/csrc/distributed/c10d/Utils.hpp:653 (most recent call first):
frame #0: c10::Error::Error(c10::SourceLocation, std::__cxx11::basic_string<char, std::char_traits<char>, std::allocator<char> >) + 0x80 (0x7efdd22d9eb0 in /opt/conda/lib/python3.11/site-packages/torch/lib/libc10.so)
frame #1: <unknown function> + 0x5d694d1 (0x7efdb63ae4d1 in /opt/conda/lib/python3.11/site-packages/torch/lib/libtorch_cpu.so)
frame #2: <unknown function> + 0x5d69d62 (0x7efdb63aed62 in /opt/conda/lib/python3.11/site-packages/torch/lib/libtorch_cpu.so)
frame #3: <unknown function> + 0x5d6b86e (0x7efdb63b086e in /opt/conda/lib/python3.11/site-packages/torch/lib/libtorch_cpu.so)
frame #4: c10d::TCPStore::check(std::vector<std::__cxx11::basic_string<char, std::char_traits<char>, std::allocator<char> >, std::allocator<std::__cxx11::basic_string<char, std::char_traits<char>, std::allocator<char> > > > const&) + 0x30e (0x7efdb63ab18e in /opt/conda/lib/python3.11/site-packages/torch/lib/libtorch_cpu.so)
frame #5: c10d::ProcessGroupNCCL::HeartbeatMonitor::runLoop() + 0x398 (0x7efd75890b18 in /opt/conda/lib/python3.11/site-packages/torch/lib/libtorch_cuda.so)
frame #6: <unknown function> + 0xd8198 (0x7efd5927e198 in /opt/conda/bin/../lib/libstdc++.so.6)
frame #7: <unknown function> + 0x94ac3 (0x7efdd3ba0ac3 in /lib/x86_64-linux-gnu/libc.so.6)
frame #8: <unknown function> + 0x126850 (0x7efdd3c32850 in /lib/x86_64-linux-gnu/libc.so.6)

[rank5]:[W724 04:52:10.706247008 ProcessGroupNCCL.cpp:1783] [PG ID 0 PG GUID 0(default_pg) Rank 5] Failed to check the "should dump" flag on TCPStore, (maybe TCPStore server has shut down too early), with error: Broken pipe
[rank2]:[W724 04:52:10.940002008 TCPStore.cpp:106] [c10d] sendBytes failed on SocketImpl(fd=73, addr=[localhost]:37294, remote=[localhost]:29600): Broken pipe
Exception raised from sendBytes at /pytorch/torch/csrc/distributed/c10d/Utils.hpp:653 (most recent call first):
frame #0: c10::Error::Error(c10::SourceLocation, std::__cxx11::basic_string<char, std::char_traits<char>, std::allocator<char> >) + 0x80 (0x7fe66977eeb0 in /opt/conda/lib/python3.11/site-packages/torch/lib/libc10.so)
frame #1: <unknown function> + 0x5d694d1 (0x7fe64d7ae4d1 in /opt/conda/lib/python3.11/site-packages/torch/lib/libtorch_cpu.so)
frame #2: <unknown function> + 0x5d69d62 (0x7fe64d7aed62 in /opt/conda/lib/python3.11/site-packages/torch/lib/libtorch_cpu.so)
frame #3: <unknown function> + 0x5d6b86e (0x7fe64d7b086e in /opt/conda/lib/python3.11/site-packages/torch/lib/libtorch_cpu.so)
frame #4: c10d::TCPStore::check(std::vector<std::__cxx11::basic_string<char, std::char_traits<char>, std::allocator<char> >, std::allocator<std::__cxx11::basic_string<char, std::char_traits<char>, std::allocator<char> > > > const&) + 0x30e (0x7fe64d7ab18e in /opt/conda/lib/python3.11/site-packages/torch/lib/libtorch_cpu.so)
frame #5: c10d::ProcessGroupNCCL::HeartbeatMonitor::runLoop() + 0x398 (0x7fe60cc90b18 in /opt/conda/lib/python3.11/site-packages/torch/lib/libtorch_cuda.so)
frame #6: <unknown function> + 0xd8198 (0x7fe5f067e198 in /opt/conda/bin/../lib/libstdc++.so.6)
frame #7: <unknown function> + 0x94ac3 (0x7fe66b020ac3 in /lib/x86_64-linux-gnu/libc.so.6)
frame #8: <unknown function> + 0x126850 (0x7fe66b0b2850 in /lib/x86_64-linux-gnu/libc.so.6)

[rank2]:[W724 04:52:10.943735746 ProcessGroupNCCL.cpp:1783] [PG ID 0 PG GUID 0(default_pg) Rank 2] Failed to check the "should dump" flag on TCPStore, (maybe TCPStore server has shut down too early), with error: Broken pipe
[rank7]:[W724 04:52:10.013538213 TCPStore.cpp:106] [c10d] sendBytes failed on SocketImpl(fd=73, addr=[localhost]:40292, remote=[localhost]:29600): Broken pipe
Exception raised from sendBytes at /pytorch/torch/csrc/distributed/c10d/Utils.hpp:653 (most recent call first):
frame #0: c10::Error::Error(c10::SourceLocation, std::__cxx11::basic_string<char, std::char_traits<char>, std::allocator<char> >) + 0x80 (0x7f3b80f7eeb0 in /opt/conda/lib/python3.11/site-packages/torch/lib/libc10.so)
frame #1: <unknown function> + 0x5d694d1 (0x7f3b64fae4d1 in /opt/conda/lib/python3.11/site-packages/torch/lib/libtorch_cpu.so)
frame #2: <unknown function> + 0x5d69d62 (0x7f3b64faed62 in /opt/conda/lib/python3.11/site-packages/torch/lib/libtorch_cpu.so)
frame #3: <unknown function> + 0x5d6b86e (0x7f3b64fb086e in /opt/conda/lib/python3.11/site-packages/torch/lib/libtorch_cpu.so)
frame #4: c10d::TCPStore::check(std::vector<std::__cxx11::basic_string<char, std::char_traits<char>, std::allocator<char> >, std::allocator<std::__cxx11::basic_string<char, std::char_traits<char>, std::allocator<char> > > > const&) + 0x30e (0x7f3b64fab18e in /opt/conda/lib/python3.11/site-packages/torch/lib/libtorch_cpu.so)
frame #5: c10d::ProcessGroupNCCL::HeartbeatMonitor::runLoop() + 0x398 (0x7f3b24490b18 in /opt/conda/lib/python3.11/site-packages/torch/lib/libtorch_cuda.so)
frame #6: <unknown function> + 0xd8198 (0x7f3b07e7e198 in /opt/conda/bin/../lib/libstdc++.so.6)
frame #7: <unknown function> + 0x94ac3 (0x7f3b827cdac3 in /lib/x86_64-linux-gnu/libc.so.6)
frame #8: <unknown function> + 0x126850 (0x7f3b8285f850 in /lib/x86_64-linux-gnu/libc.so.6)

[rank7]:[W724 04:52:10.017242640 ProcessGroupNCCL.cpp:1783] [PG ID 0 PG GUID 0(default_pg) Rank 7] Failed to check the "should dump" flag on TCPStore, (maybe TCPStore server has shut down too early), with error: Broken pipe
2026-07-24 04:52:10.800 | INFO     | lightx2v_platform.base.base:check_ai_device:34 - AI device for platform 'cuda' is available.
2026-07-24 04:52:10.809 | INFO     | lightx2v_platform.base.base:check_ai_device:34 - AI device for platform 'cuda' is available.
2026-07-24 04:52:10.810 | INFO     | lightx2v_platform.base.base:check_ai_device:34 - AI device for platform 'cuda' is available.
2026-07-24 04:52:10.819 | INFO     | lightx2v_platform.base.base:check_ai_device:34 - AI device for platform 'cuda' is available.
[rank5]:[W724 04:52:11.706857448 TCPStore.cpp:106] [c10d] sendBytes failed on SocketImpl(fd=36, addr=[localhost]:37284, remote=[localhost]:29600): Broken pipe
Exception raised from sendBytes at /pytorch/torch/csrc/distributed/c10d/Utils.hpp:653 (most recent call first):
frame #0: c10::Error::Error(c10::SourceLocation, std::__cxx11::basic_string<char, std::char_traits<char>, std::allocator<char> >) + 0x80 (0x7efdd22d9eb0 in /opt/conda/lib/python3.11/site-packages/torch/lib/libc10.so)
frame #1: <unknown function> + 0x5d694d1 (0x7efdb63ae4d1 in /opt/conda/lib/python3.11/site-packages/torch/lib/libtorch_cpu.so)
frame #2: <unknown function> + 0x5d69d62 (0x7efdb63aed62 in /opt/conda/lib/python3.11/site-packages/torch/lib/libtorch_cpu.so)
frame #3: <unknown function> + 0x5d6b86e (0x7efdb63b086e in /opt/conda/lib/python3.11/site-packages/torch/lib/libtorch_cpu.so)
frame #4: c10d::TCPStore::check(std::vector<std::__cxx11::basic_string<char, std::char_traits<char>, std::allocator<char> >, std::allocator<std::__cxx11::basic_string<char, std::char_traits<char>, std::allocator<char> > > > const&) + 0x30e (0x7efdb63ab18e in /opt/conda/lib/python3.11/site-packages/torch/lib/libtorch_cpu.so)
frame #5: c10d::ProcessGroupNCCL::HeartbeatMonitor::runLoop() + 0x398 (0x7efd75890b18 in /opt/conda/lib/python3.11/site-packages/torch/lib/libtorch_cuda.so)
frame #6: <unknown function> + 0xd8198 (0x7efd5927e198 in /opt/conda/bin/../lib/libstdc++.so.6)
frame #7: <unknown function> + 0x94ac3 (0x7efdd3ba0ac3 in /lib/x86_64-linux-gnu/libc.so.6)
frame #8: <unknown function> + 0x126850 (0x7efdd3c32850 in /lib/x86_64-linux-gnu/libc.so.6)

[rank5]:[W724 04:52:11.711711548 ProcessGroupNCCL.cpp:1783] [PG ID 0 PG GUID 0(default_pg) Rank 5] Failed to check the "should dump" flag on TCPStore, (maybe TCPStore server has shut down too early), with error: Broken pipe
[rank2]:[W724 04:52:11.944275736 TCPStore.cpp:106] [c10d] sendBytes failed on SocketImpl(fd=73, addr=[localhost]:37294, remote=[localhost]:29600): Broken pipe
Exception raised from sendBytes at /pytorch/torch/csrc/distributed/c10d/Utils.hpp:653 (most recent call first):
frame #0: c10::Error::Error(c10::SourceLocation, std::__cxx11::basic_string<char, std::char_traits<char>, std::allocator<char> >) + 0x80 (0x7fe66977eeb0 in /opt/conda/lib/python3.11/site-packages/torch/lib/libc10.so)
frame #1: <unknown function> + 0x5d694d1 (0x7fe64d7ae4d1 in /opt/conda/lib/python3.11/site-packages/torch/lib/libtorch_cpu.so)
frame #2: <unknown function> + 0x5d69d62 (0x7fe64d7aed62 in /opt/conda/lib/python3.11/site-packages/torch/lib/libtorch_cpu.so)
frame #3: <unknown function> + 0x5d6b86e (0x7fe64d7b086e in /opt/conda/lib/python3.11/site-packages/torch/lib/libtorch_cpu.so)
frame #4: c10d::TCPStore::check(std::vector<std::__cxx11::basic_string<char, std::char_traits<char>, std::allocator<char> >, std::allocator<std::__cxx11::basic_string<char, std::char_traits<char>, std::allocator<char> > > > const&) + 0x30e (0x7fe64d7ab18e in /opt/conda/lib/python3.11/site-packages/torch/lib/libtorch_cpu.so)
frame #5: c10d::ProcessGroupNCCL::HeartbeatMonitor::runLoop() + 0x398 (0x7fe60cc90b18 in /opt/conda/lib/python3.11/site-packages/torch/lib/libtorch_cuda.so)
frame #6: <unknown function> + 0xd8198 (0x7fe5f067e198 in /opt/conda/bin/../lib/libstdc++.so.6)
frame #7: <unknown function> + 0x94ac3 (0x7fe66b020ac3 in /lib/x86_64-linux-gnu/libc.so.6)
frame #8: <unknown function> + 0x126850 (0x7fe66b0b2850 in /lib/x86_64-linux-gnu/libc.so.6)

[rank2]:[W724 04:52:11.950316768 ProcessGroupNCCL.cpp:1783] [PG ID 0 PG GUID 0(default_pg) Rank 2] Failed to check the "should dump" flag on TCPStore, (maybe TCPStore server has shut down too early), with error: Broken pipe
[rank7]:[W724 04:52:11.017770590 TCPStore.cpp:106] [c10d] sendBytes failed on SocketImpl(fd=73, addr=[localhost]:40292, remote=[localhost]:29600): Broken pipe
Exception raised from sendBytes at /pytorch/torch/csrc/distributed/c10d/Utils.hpp:653 (most recent call first):
frame #0: c10::Error::Error(c10::SourceLocation, std::__cxx11::basic_string<char, std::char_traits<char>, std::allocator<char> >) + 0x80 (0x7f3b80f7eeb0 in /opt/conda/lib/python3.11/site-packages/torch/lib/libc10.so)
frame #1: <unknown function> + 0x5d694d1 (0x7f3b64fae4d1 in /opt/conda/lib/python3.11/site-packages/torch/lib/libtorch_cpu.so)
frame #2: <unknown function> + 0x5d69d62 (0x7f3b64faed62 in /opt/conda/lib/python3.11/site-packages/torch/lib/libtorch_cpu.so)
frame #3: <unknown function> + 0x5d6b86e (0x7f3b64fb086e in /opt/conda/lib/python3.11/site-packages/torch/lib/libtorch_cpu.so)
frame #4: c10d::TCPStore::check(std::vector<std::__cxx11::basic_string<char, std::char_traits<char>, std::allocator<char> >, std::allocator<std::__cxx11::basic_string<char, std::char_traits<char>, std::allocator<char> > > > const&) + 0x30e (0x7f3b64fab18e in /opt/conda/lib/python3.11/site-packages/torch/lib/libtorch_cpu.so)
frame #5: c10d::ProcessGroupNCCL::HeartbeatMonitor::runLoop() + 0x398 (0x7f3b24490b18 in /opt/conda/lib/python3.11/site-packages/torch/lib/libtorch_cuda.so)
frame #6: <unknown function> + 0xd8198 (0x7f3b07e7e198 in /opt/conda/bin/../lib/libstdc++.so.6)
frame #7: <unknown function> + 0x94ac3 (0x7f3b827cdac3 in /lib/x86_64-linux-gnu/libc.so.6)
frame #8: <unknown function> + 0x126850 (0x7f3b8285f850 in /lib/x86_64-linux-gnu/libc.so.6)

[rank7]:[W724 04:52:11.021270017 ProcessGroupNCCL.cpp:1783] [PG ID 0 PG GUID 0(default_pg) Rank 7] Failed to check the "should dump" flag on TCPStore, (maybe TCPStore server has shut down too early), with error: Broken pipe
2026-07-24 04:52:11.880 | INFO     | lightx2v_platform.base.base:init_ai_device:17 - Initialized AI_DEVICE: cuda
2026-07-24 04:52:11.958 | INFO     | lightx2v_platform.base.base:check_ai_device:34 - AI device for platform 'cuda' is available.
[rank5]:[W724 04:52:12.712154898 TCPStore.cpp:106] [c10d] sendBytes failed on SocketImpl(fd=36, addr=[localhost]:37284, remote=[localhost]:29600): Broken pipe
Exception raised from sendBytes at /pytorch/torch/csrc/distributed/c10d/Utils.hpp:653 (most recent call first):
frame #0: c10::Error::Error(c10::SourceLocation, std::__cxx11::basic_string<char, std::char_traits<char>, std::allocator<char> >) + 0x80 (0x7efdd22d9eb0 in /opt/conda/lib/python3.11/site-packages/torch/lib/libc10.so)
frame #1: <unknown function> + 0x5d694d1 (0x7efdb63ae4d1 in /opt/conda/lib/python3.11/site-packages/torch/lib/libtorch_cpu.so)
frame #2: <unknown function> + 0x5d69d62 (0x7efdb63aed62 in /opt/conda/lib/python3.11/site-packages/torch/lib/libtorch_cpu.so)
frame #3: <unknown function> + 0x5d6b86e (0x7efdb63b086e in /opt/conda/lib/python3.11/site-packages/torch/lib/libtorch_cpu.so)
frame #4: c10d::TCPStore::check(std::vector<std::__cxx11::basic_string<char, std::char_traits<char>, std::allocator<char> >, std::allocator<std::__cxx11::basic_string<char, std::char_traits<char>, std::allocator<char> > > > const&) + 0x30e (0x7efdb63ab18e in /opt/conda/lib/python3.11/site-packages/torch/lib/libtorch_cpu.so)
frame #5: c10d::ProcessGroupNCCL::HeartbeatMonitor::runLoop() + 0x398 (0x7efd75890b18 in /opt/conda/lib/python3.11/site-packages/torch/lib/libtorch_cuda.so)
frame #6: <unknown function> + 0xd8198 (0x7efd5927e198 in /opt/conda/bin/../lib/libstdc++.so.6)
frame #7: <unknown function> + 0x94ac3 (0x7efdd3ba0ac3 in /lib/x86_64-linux-gnu/libc.so.6)
frame #8: <unknown function> + 0x126850 (0x7efdd3c32850 in /lib/x86_64-linux-gnu/libc.so.6)

[rank5]:[W724 04:52:12.715901005 ProcessGroupNCCL.cpp:1783] [PG ID 0 PG GUID 0(default_pg) Rank 5] Failed to check the "should dump" flag on TCPStore, (maybe TCPStore server has shut down too early), with error: Broken pipe
[rank2]:[W724 04:52:12.950691397 TCPStore.cpp:106] [c10d] sendBytes failed on SocketImpl(fd=73, addr=[localhost]:37294, remote=[localhost]:29600): Broken pipe
Exception raised from sendBytes at /pytorch/torch/csrc/distributed/c10d/Utils.hpp:653 (most recent call first):
frame #0: c10::Error::Error(c10::SourceLocation, std::__cxx11::basic_string<char, std::char_traits<char>, std::allocator<char> >) + 0x80 (0x7fe66977eeb0 in /opt/conda/lib/python3.11/site-packages/torch/lib/libc10.so)
frame #1: <unknown function> + 0x5d694d1 (0x7fe64d7ae4d1 in /opt/conda/lib/python3.11/site-packages/torch/lib/libtorch_cpu.so)
frame #2: <unknown function> + 0x5d69d62 (0x7fe64d7aed62 in /opt/conda/lib/python3.11/site-packages/torch/lib/libtorch_cpu.so)
frame #3: <unknown function> + 0x5d6b86e (0x7fe64d7b086e in /opt/conda/lib/python3.11/site-packages/torch/lib/libtorch_cpu.so)
frame #4: c10d::TCPStore::check(std::vector<std::__cxx11::basic_string<char, std::char_traits<char>, std::allocator<char> >, std::allocator<std::__cxx11::basic_string<char, std::char_traits<char>, std::allocator<char> > > > const&) + 0x30e (0x7fe64d7ab18e in /opt/conda/lib/python3.11/site-packages/torch/lib/libtorch_cpu.so)
frame #5: c10d::ProcessGroupNCCL::HeartbeatMonitor::runLoop() + 0x398 (0x7fe60cc90b18 in /opt/conda/lib/python3.11/site-packages/torch/lib/libtorch_cuda.so)
frame #6: <unknown function> + 0xd8198 (0x7fe5f067e198 in /opt/conda/bin/../lib/libstdc++.so.6)
frame #7: <unknown function> + 0x94ac3 (0x7fe66b020ac3 in /lib/x86_64-linux-gnu/libc.so.6)
frame #8: <unknown function> + 0x126850 (0x7fe66b0b2850 in /lib/x86_64-linux-gnu/libc.so.6)

[rank2]:[W724 04:52:12.956304978 ProcessGroupNCCL.cpp:1783] [PG ID 0 PG GUID 0(default_pg) Rank 2] Failed to check the "should dump" flag on TCPStore, (maybe TCPStore server has shut down too early), with error: Broken pipe
[rank7]:[W724 04:52:12.021650357 TCPStore.cpp:106] [c10d] sendBytes failed on SocketImpl(fd=73, addr=[localhost]:40292, remote=[localhost]:29600): Broken pipe
Exception raised from sendBytes at /pytorch/torch/csrc/distributed/c10d/Utils.hpp:653 (most recent call first):
frame #0: c10::Error::Error(c10::SourceLocation, std::__cxx11::basic_string<char, std::char_traits<char>, std::allocator<char> >) + 0x80 (0x7f3b80f7eeb0 in /opt/conda/lib/python3.11/site-packages/torch/lib/libc10.so)
frame #1: <unknown function> + 0x5d694d1 (0x7f3b64fae4d1 in /opt/conda/lib/python3.11/site-packages/torch/lib/libtorch_cpu.so)
frame #2: <unknown function> + 0x5d69d62 (0x7f3b64faed62 in /opt/conda/lib/python3.11/site-packages/torch/lib/libtorch_cpu.so)
frame #3: <unknown function> + 0x5d6b86e (0x7f3b64fb086e in /opt/conda/lib/python3.11/site-packages/torch/lib/libtorch_cpu.so)
frame #4: c10d::TCPStore::check(std::vector<std::__cxx11::basic_string<char, std::char_traits<char>, std::allocator<char> >, std::allocator<std::__cxx11::basic_string<char, std::char_traits<char>, std::allocator<char> > > > const&) + 0x30e (0x7f3b64fab18e in /opt/conda/lib/python3.11/site-packages/torch/lib/libtorch_cpu.so)
frame #5: c10d::ProcessGroupNCCL::HeartbeatMonitor::runLoop() + 0x398 (0x7f3b24490b18 in /opt/conda/lib/python3.11/site-packages/torch/lib/libtorch_cuda.so)
frame #6: <unknown function> + 0xd8198 (0x7f3b07e7e198 in /opt/conda/bin/../lib/libstdc++.so.6)
frame #7: <unknown function> + 0x94ac3 (0x7f3b827cdac3 in /lib/x86_64-linux-gnu/libc.so.6)
frame #8: <unknown function> + 0x126850 (0x7f3b8285f850 in /lib/x86_64-linux-gnu/libc.so.6)

[rank7]:[W724 04:52:12.025293064 ProcessGroupNCCL.cpp:1783] [PG ID 0 PG GUID 0(default_pg) Rank 7] Failed to check the "should dump" flag on TCPStore, (maybe TCPStore server has shut down too early), with error: Broken pipe
[rank5]:[W724 04:52:13.716383025 TCPStore.cpp:106] [c10d] sendBytes failed on SocketImpl(fd=36, addr=[localhost]:37284, remote=[localhost]:29600): Broken pipe
Exception raised from sendBytes at /pytorch/torch/csrc/distributed/c10d/Utils.hpp:653 (most recent call first):
frame #0: c10::Error::Error(c10::SourceLocation, std::__cxx11::basic_string<char, std::char_traits<char>, std::allocator<char> >) + 0x80 (0x7efdd22d9eb0 in /opt/conda/lib/python3.11/site-packages/torch/lib/libc10.so)
frame #1: <unknown function> + 0x5d694d1 (0x7efdb63ae4d1 in /opt/conda/lib/python3.11/site-packages/torch/lib/libtorch_cpu.so)
frame #2: <unknown function> + 0x5d69d62 (0x7efdb63aed62 in /opt/conda/lib/python3.11/site-packages/torch/lib/libtorch_cpu.so)
frame #3: <unknown function> + 0x5d6b86e (0x7efdb63b086e in /opt/conda/lib/python3.11/site-packages/torch/lib/libtorch_cpu.so)
frame #4: c10d::TCPStore::check(std::vector<std::__cxx11::basic_string<char, std::char_traits<char>, std::allocator<char> >, std::allocator<std::__cxx11::basic_string<char, std::char_traits<char>, std::allocator<char> > > > const&) + 0x30e (0x7efdb63ab18e in /opt/conda/lib/python3.11/site-packages/torch/lib/libtorch_cpu.so)
frame #5: c10d::ProcessGroupNCCL::HeartbeatMonitor::runLoop() + 0x398 (0x7efd75890b18 in /opt/conda/lib/python3.11/site-packages/torch/lib/libtorch_cuda.so)
frame #6: <unknown function> + 0xd8198 (0x7efd5927e198 in /opt/conda/bin/../lib/libstdc++.so.6)
frame #7: <unknown function> + 0x94ac3 (0x7efdd3ba0ac3 in /lib/x86_64-linux-gnu/libc.so.6)
frame #8: <unknown function> + 0x126850 (0x7efdd3c32850 in /lib/x86_64-linux-gnu/libc.so.6)

[rank5]:[W724 04:52:13.720896714 ProcessGroupNCCL.cpp:1783] [PG ID 0 PG GUID 0(default_pg) Rank 5] Failed to check the "should dump" flag on TCPStore, (maybe TCPStore server has shut down too early), with error: Broken pipe
[rank2]:[W724 04:52:13.956630158 TCPStore.cpp:106] [c10d] sendBytes failed on SocketImpl(fd=73, addr=[localhost]:37294, remote=[localhost]:29600): Broken pipe
Exception raised from sendBytes at /pytorch/torch/csrc/distributed/c10d/Utils.hpp:653 (most recent call first):
frame #0: c10::Error::Error(c10::SourceLocation, std::__cxx11::basic_string<char, std::char_traits<char>, std::allocator<char> >) + 0x80 (0x7fe66977eeb0 in /opt/conda/lib/python3.11/site-packages/torch/lib/libc10.so)
frame #1: <unknown function> + 0x5d694d1 (0x7fe64d7ae4d1 in /opt/conda/lib/python3.11/site-packages/torch/lib/libtorch_cpu.so)
frame #2: <unknown function> + 0x5d69d62 (0x7fe64d7aed62 in /opt/conda/lib/python3.11/site-packages/torch/lib/libtorch_cpu.so)
frame #3: <unknown function> + 0x5d6b86e (0x7fe64d7b086e in /opt/conda/lib/python3.11/site-packages/torch/lib/libtorch_cpu.so)
frame #4: c10d::TCPStore::check(std::vector<std::__cxx11::basic_string<char, std::char_traits<char>, std::allocator<char> >, std::allocator<std::__cxx11::basic_string<char, std::char_traits<char>, std::allocator<char> > > > const&) + 0x30e (0x7fe64d7ab18e in /opt/conda/lib/python3.11/site-packages/torch/lib/libtorch_cpu.so)
frame #5: c10d::ProcessGroupNCCL::HeartbeatMonitor::runLoop() + 0x398 (0x7fe60cc90b18 in /opt/conda/lib/python3.11/site-packages/torch/lib/libtorch_cuda.so)
frame #6: <unknown function> + 0xd8198 (0x7fe5f067e198 in /opt/conda/bin/../lib/libstdc++.so.6)
frame #7: <unknown function> + 0x94ac3 (0x7fe66b020ac3 in /lib/x86_64-linux-gnu/libc.so.6)
frame #8: <unknown function> + 0x126850 (0x7fe66b0b2850 in /lib/x86_64-linux-gnu/libc.so.6)

[rank2]:[W724 04:52:13.962007679 ProcessGroupNCCL.cpp:1783] [PG ID 0 PG GUID 0(default_pg) Rank 2] Failed to check the "should dump" flag on TCPStore, (maybe TCPStore server has shut down too early), with error: Broken pipe
/app/MagiAttention/magi_attention/__init__.py:26: UserWarning: You are using magi_attention without installing it. This may cause some unexpected errors.
  warnings.warn(
/app/MagiAttention/magi_attention/__init__.py:26: UserWarning: You are using magi_attention without installing it. This may cause some unexpected errors.
  warnings.warn(
/app/MagiAttention/magi_attention/__init__.py:26: UserWarning: You are using magi_attention without installing it. This may cause some unexpected errors.
  warnings.warn(
/app/MagiAttention/magi_attention/__init__.py:26: UserWarning: You are using magi_attention without installing it. This may cause some unexpected errors.
  warnings.warn(
[rank7]:[W724 04:52:13.025724504 TCPStore.cpp:106] [c10d] sendBytes failed on SocketImpl(fd=73, addr=[localhost]:40292, remote=[localhost]:29600): Broken pipe
Exception raised from sendBytes at /pytorch/torch/csrc/distributed/c10d/Utils.hpp:653 (most recent call first):
frame #0: c10::Error::Error(c10::SourceLocation, std::__cxx11::basic_string<char, std::char_traits<char>, std::allocator<char> >) + 0x80 (0x7f3b80f7eeb0 in /opt/conda/lib/python3.11/site-packages/torch/lib/libc10.so)
frame #1: <unknown function> + 0x5d694d1 (0x7f3b64fae4d1 in /opt/conda/lib/python3.11/site-packages/torch/lib/libtorch_cpu.so)
frame #2: <unknown function> + 0x5d69d62 (0x7f3b64faed62 in /opt/conda/lib/python3.11/site-packages/torch/lib/libtorch_cpu.so)
frame #3: <unknown function> + 0x5d6b86e (0x7f3b64fb086e in /opt/conda/lib/python3.11/site-packages/torch/lib/libtorch_cpu.so)
frame #4: c10d::TCPStore::check(std::vector<std::__cxx11::basic_string<char, std::char_traits<char>, std::allocator<char> >, std::allocator<std::__cxx11::basic_string<char, std::char_traits<char>, std::allocator<char> > > > const&) + 0x30e (0x7f3b64fab18e in /opt/conda/lib/python3.11/site-packages/torch/lib/libtorch_cpu.so)
frame #5: c10d::ProcessGroupNCCL::HeartbeatMonitor::runLoop() + 0x398 (0x7f3b24490b18 in /opt/conda/lib/python3.11/site-packages/torch/lib/libtorch_cuda.so)
frame #6: <unknown function> + 0xd8198 (0x7f3b07e7e198 in /opt/conda/bin/../lib/libstdc++.so.6)
frame #7: <unknown function> + 0x94ac3 (0x7f3b827cdac3 in /lib/x86_64-linux-gnu/libc.so.6)
frame #8: <unknown function> + 0x126850 (0x7f3b8285f850 in /lib/x86_64-linux-gnu/libc.so.6)

[rank7]:[W724 04:52:13.031423495 ProcessGroupNCCL.cpp:1783] [PG ID 0 PG GUID 0(default_pg) Rank 7] Failed to check the "should dump" flag on TCPStore, (maybe TCPStore server has shut down too early), with error: Broken pipe
/app/MagiAttention/magi_attention/__init__.py:26: UserWarning: You are using magi_attention without installing it. This may cause some unexpected errors.
  warnings.warn(
2026-07-24 04:52:14.140 | INFO     | lightx2v.common.ops.attn.dynamic_sparse_attn:<module>:16 - flash_attn.cute not found, please install flashattention4 first
2026-07-24 04:52:14.140 | INFO     | lightx2v.common.ops.attn.dynamic_sparse_attn:<module>:22 - sageattn3_sparse not found, please install sageattn3_sparse first
2026-07-24 04:52:14.141 | INFO     | lightx2v.common.ops.attn.dynamic_sparse_attn:<module>:16 - flash_attn.cute not found, please install flashattention4 first
2026-07-24 04:52:14.141 | INFO     | lightx2v.common.ops.attn.dynamic_sparse_attn:<module>:22 - sageattn3_sparse not found, please install sageattn3_sparse first
2026-07-24 04:52:14.144 | INFO     | lightx2v.common.ops.attn.flash_attn:<module>:26 - flash_attn.cute not found, please install flashattention4 first
2026-07-24 04:52:14.144 | INFO     | lightx2v.common.ops.attn.flash_attn:<module>:26 - flash_attn.cute not found, please install flashattention4 first
2026-07-24 04:52:14.151 | INFO     | lightx2v.common.ops.attn.dynamic_sparse_attn:<module>:16 - flash_attn.cute not found, please install flashattention4 first
2026-07-24 04:52:14.151 | INFO     | lightx2v.common.ops.attn.dynamic_sparse_attn:<module>:22 - sageattn3_sparse not found, please install sageattn3_sparse first
2026-07-24 04:52:14.152 | INFO     | lightx2v.common.ops.attn.dynamic_sparse_attn:<module>:16 - flash_attn.cute not found, please install flashattention4 first
2026-07-24 04:52:14.152 | INFO     | lightx2v.common.ops.attn.dynamic_sparse_attn:<module>:22 - sageattn3_sparse not found, please install sageattn3_sparse first
2026-07-24 04:52:14.153 | INFO     | lightx2v.common.ops.attn.flash_attn:<module>:26 - flash_attn.cute not found, please install flashattention4 first
2026-07-24 04:52:14.154 | INFO     | lightx2v.common.ops.attn.flash_attn:<module>:26 - flash_attn.cute not found, please install flashattention4 first
[rank5]:[W724 04:52:14.721394484 TCPStore.cpp:106] [c10d] sendBytes failed on SocketImpl(fd=36, addr=[localhost]:37284, remote=[localhost]:29600): Broken pipe
Exception raised from sendBytes at /pytorch/torch/csrc/distributed/c10d/Utils.hpp:653 (most recent call first):
frame #0: c10::Error::Error(c10::SourceLocation, std::__cxx11::basic_string<char, std::char_traits<char>, std::allocator<char> >) + 0x80 (0x7efdd22d9eb0 in /opt/conda/lib/python3.11/site-packages/torch/lib/libc10.so)
frame #1: <unknown function> + 0x5d694d1 (0x7efdb63ae4d1 in /opt/conda/lib/python3.11/site-packages/torch/lib/libtorch_cpu.so)
frame #2: <unknown function> + 0x5d69d62 (0x7efdb63aed62 in /opt/conda/lib/python3.11/site-packages/torch/lib/libtorch_cpu.so)
frame #3: <unknown function> + 0x5d6b86e (0x7efdb63b086e in /opt/conda/lib/python3.11/site-packages/torch/lib/libtorch_cpu.so)
frame #4: c10d::TCPStore::check(std::vector<std::__cxx11::basic_string<char, std::char_traits<char>, std::allocator<char> >, std::allocator<std::__cxx11::basic_string<char, std::char_traits<char>, std::allocator<char> > > > const&) + 0x30e (0x7efdb63ab18e in /opt/conda/lib/python3.11/site-packages/torch/lib/libtorch_cpu.so)
frame #5: c10d::ProcessGroupNCCL::HeartbeatMonitor::runLoop() + 0x398 (0x7efd75890b18 in /opt/conda/lib/python3.11/site-packages/torch/lib/libtorch_cuda.so)
frame #6: <unknown function> + 0xd8198 (0x7efd5927e198 in /opt/conda/bin/../lib/libstdc++.so.6)
frame #7: <unknown function> + 0x94ac3 (0x7efdd3ba0ac3 in /lib/x86_64-linux-gnu/libc.so.6)
frame #8: <unknown function> + 0x126850 (0x7efdd3c32850 in /lib/x86_64-linux-gnu/libc.so.6)

[rank5]:[W724 04:52:14.725298002 ProcessGroupNCCL.cpp:1783] [PG ID 0 PG GUID 0(default_pg) Rank 5] Failed to check the "should dump" flag on TCPStore, (maybe TCPStore server has shut down too early), with error: Broken pipe
2026-07-24 04:52:14.421 | INFO     | lightx2v.common.ops.attn.sage_attn:<module>:23 - sageattn3_sparse not found, please install sageattn3_sparse first
2026-07-24 04:52:14.421 | INFO     | lightx2v.common.ops.attn.sage_attn:<module>:23 - sageattn3_sparse not found, please install sageattn3_sparse first
2026-07-24 04:52:14.421 | INFO     | lightx2v.common.ops.attn.sage_attn:<module>:23 - sageattn3_sparse not found, please install sageattn3_sparse first
2026-07-24 04:52:14.421 | INFO     | lightx2v.common.ops.attn.sage_attn:<module>:23 - sageattn3_sparse not found, please install sageattn3_sparse first
2026-07-24 04:52:14.426 | INFO     | lightx2v.common.ops.attn.dynamic_sparse_attn:<module>:16 - flash_attn.cute not found, please install flashattention4 first
2026-07-24 04:52:14.426 | INFO     | lightx2v.common.ops.attn.dynamic_sparse_attn:<module>:22 - sageattn3_sparse not found, please install sageattn3_sparse first
2026-07-24 04:52:14.428 | INFO     | lightx2v.common.ops.attn.flash_attn:<module>:26 - flash_attn.cute not found, please install flashattention4 first
[rank2]:[W724 04:52:14.962704859 TCPStore.cpp:106] [c10d] sendBytes failed on SocketImpl(fd=73, addr=[localhost]:37294, remote=[localhost]:29600): Broken pipe
Exception raised from sendBytes at /pytorch/torch/csrc/distributed/c10d/Utils.hpp:653 (most recent call first):
frame #0: c10::Error::Error(c10::SourceLocation, std::__cxx11::basic_string<char, std::char_traits<char>, std::allocator<char> >) + 0x80 (0x7fe66977eeb0 in /opt/conda/lib/python3.11/site-packages/torch/lib/libc10.so)
frame #1: <unknown function> + 0x5d694d1 (0x7fe64d7ae4d1 in /opt/conda/lib/python3.11/site-packages/torch/lib/libtorch_cpu.so)
frame #2: <unknown function> + 0x5d69d62 (0x7fe64d7aed62 in /opt/conda/lib/python3.11/site-packages/torch/lib/libtorch_cpu.so)
frame #3: <unknown function> + 0x5d6b86e (0x7fe64d7b086e in /opt/conda/lib/python3.11/site-packages/torch/lib/libtorch_cpu.so)
frame #4: c10d::TCPStore::check(std::vector<std::__cxx11::basic_string<char, std::char_traits<char>, std::allocator<char> >, std::allocator<std::__cxx11::basic_string<char, std::char_traits<char>, std::allocator<char> > > > const&) + 0x30e (0x7fe64d7ab18e in /opt/conda/lib/python3.11/site-packages/torch/lib/libtorch_cpu.so)
frame #5: c10d::ProcessGroupNCCL::HeartbeatMonitor::runLoop() + 0x398 (0x7fe60cc90b18 in /opt/conda/lib/python3.11/site-packages/torch/lib/libtorch_cuda.so)
frame #6: <unknown function> + 0xd8198 (0x7fe5f067e198 in /opt/conda/bin/../lib/libstdc++.so.6)
frame #7: <unknown function> + 0x94ac3 (0x7fe66b020ac3 in /lib/x86_64-linux-gnu/libc.so.6)
frame #8: <unknown function> + 0x126850 (0x7fe66b0b2850 in /lib/x86_64-linux-gnu/libc.so.6)

[rank2]:[W724 04:52:14.972158998 ProcessGroupNCCL.cpp:1783] [PG ID 0 PG GUID 0(default_pg) Rank 2] Failed to check the "should dump" flag on TCPStore, (maybe TCPStore server has shut down too early), with error: Broken pipe
2026-07-24 04:52:14.462 | INFO     | lightx2v.common.ops.attn.sage_attn:<module>:61 - sageattn3_sparse not found, please install sageattention sparse first
2026-07-24 04:52:14.462 | INFO     | lightx2v.common.ops.attn.sage_attn:<module>:61 - sageattn3_sparse not found, please install sageattention sparse first
2026-07-24 04:52:14.462 | INFO     | lightx2v.common.ops.attn.sage_attn:<module>:61 - sageattn3_sparse not found, please install sageattention sparse first
2026-07-24 04:52:14.462 | INFO     | lightx2v.common.ops.attn.sage_attn:<module>:61 - sageattn3_sparse not found, please install sageattention sparse first
2026-07-24 04:52:14.481 | INFO     | lightx2v.common.ops.attn.sparse_operator:<module>:14 - flash_attn.cute not found, please install flashattention4 first
2026-07-24 04:52:14.482 | INFO     | lightx2v.common.ops.attn.sparse_operator:<module>:20 - sageattn3_sparse not found, please install sageattn3_sparse first
2026-07-24 04:52:14.482 | INFO     | lightx2v.common.ops.attn.sparse_operator:<module>:14 - flash_attn.cute not found, please install flashattention4 first
2026-07-24 04:52:14.482 | INFO     | lightx2v.common.ops.attn.sparse_operator:<module>:14 - flash_attn.cute not found, please install flashattention4 first
2026-07-24 04:52:14.482 | INFO     | lightx2v.common.ops.attn.sparse_operator:<module>:14 - flash_attn.cute not found, please install flashattention4 first
2026-07-24 04:52:14.482 | INFO     | lightx2v.common.ops.attn.sparse_operator:<module>:20 - sageattn3_sparse not found, please install sageattn3_sparse first
2026-07-24 04:52:14.482 | INFO     | lightx2v.common.ops.attn.sparse_operator:<module>:20 - sageattn3_sparse not found, please install sageattn3_sparse first
2026-07-24 04:52:14.482 | INFO     | lightx2v.common.ops.attn.sparse_operator:<module>:20 - sageattn3_sparse not found, please install sageattn3_sparse first
[rank7]:[W724 04:52:14.031862845 TCPStore.cpp:106] [c10d] sendBytes failed on SocketImpl(fd=73, addr=[localhost]:40292, remote=[localhost]:29600): Broken pipe
Exception raised from sendBytes at /pytorch/torch/csrc/distributed/c10d/Utils.hpp:653 (most recent call first):
frame #0: c10::Error::Error(c10::SourceLocation, std::__cxx11::basic_string<char, std::char_traits<char>, std::allocator<char> >) + 0x80 (0x7f3b80f7eeb0 in /opt/conda/lib/python3.11/site-packages/torch/lib/libc10.so)
frame #1: <unknown function> + 0x5d694d1 (0x7f3b64fae4d1 in /opt/conda/lib/python3.11/site-packages/torch/lib/libtorch_cpu.so)
frame #2: <unknown function> + 0x5d69d62 (0x7f3b64faed62 in /opt/conda/lib/python3.11/site-packages/torch/lib/libtorch_cpu.so)
frame #3: <unknown function> + 0x5d6b86e (0x7f3b64fb086e in /opt/conda/lib/python3.11/site-packages/torch/lib/libtorch_cpu.so)
frame #4: c10d::TCPStore::check(std::vector<std::__cxx11::basic_string<char, std::char_traits<char>, std::allocator<char> >, std::allocator<std::__cxx11::basic_string<char, std::char_traits<char>, std::allocator<char> > > > const&) + 0x30e (0x7f3b64fab18e in /opt/conda/lib/python3.11/site-packages/torch/lib/libtorch_cpu.so)
frame #5: c10d::ProcessGroupNCCL::HeartbeatMonitor::runLoop() + 0x398 (0x7f3b24490b18 in /opt/conda/lib/python3.11/site-packages/torch/lib/libtorch_cuda.so)
frame #6: <unknown function> + 0xd8198 (0x7f3b07e7e198 in /opt/conda/bin/../lib/libstdc++.so.6)
frame #7: <unknown function> + 0x94ac3 (0x7f3b827cdac3 in /lib/x86_64-linux-gnu/libc.so.6)
frame #8: <unknown function> + 0x126850 (0x7f3b8285f850 in /lib/x86_64-linux-gnu/libc.so.6)

[rank7]:[W724 04:52:14.035685583 ProcessGroupNCCL.cpp:1783] [PG ID 0 PG GUID 0(default_pg) Rank 7] Failed to check the "should dump" flag on TCPStore, (maybe TCPStore server has shut down too early), with error: Broken pipe
2026-07-24 04:52:14.621 | INFO     | lightx2v.common.ops.attn.sage_attn:<module>:23 - sageattn3_sparse not found, please install sageattn3_sparse first
2026-07-24 04:52:14.656 | INFO     | lightx2v.common.ops.attn.sage_attn:<module>:61 - sageattn3_sparse not found, please install sageattention sparse first
2026-07-24 04:52:14.668 | INFO     | lightx2v.common.ops.attn.sparse_operator:<module>:14 - flash_attn.cute not found, please install flashattention4 first
2026-07-24 04:52:14.669 | INFO     | lightx2v.common.ops.attn.sparse_operator:<module>:20 - sageattn3_sparse not found, please install sageattn3_sparse first
[rank5]:[W724 04:52:15.725678241 TCPStore.cpp:106] [c10d] sendBytes failed on SocketImpl(fd=36, addr=[localhost]:37284, remote=[localhost]:29600): Broken pipe
Exception raised from sendBytes at /pytorch/torch/csrc/distributed/c10d/Utils.hpp:653 (most recent call first):
frame #0: c10::Error::Error(c10::SourceLocation, std::__cxx11::basic_string<char, std::char_traits<char>, std::allocator<char> >) + 0x80 (0x7efdd22d9eb0 in /opt/conda/lib/python3.11/site-packages/torch/lib/libc10.so)
frame #1: <unknown function> + 0x5d694d1 (0x7efdb63ae4d1 in /opt/conda/lib/python3.11/site-packages/torch/lib/libtorch_cpu.so)
frame #2: <unknown function> + 0x5d69d62 (0x7efdb63aed62 in /opt/conda/lib/python3.11/site-packages/torch/lib/libtorch_cpu.so)
frame #3: <unknown function> + 0x5d6b86e (0x7efdb63b086e in /opt/conda/lib/python3.11/site-packages/torch/lib/libtorch_cpu.so)
frame #4: c10d::TCPStore::check(std::vector<std::__cxx11::basic_string<char, std::char_traits<char>, std::allocator<char> >, std::allocator<std::__cxx11::basic_string<char, std::char_traits<char>, std::allocator<char> > > > const&) + 0x30e (0x7efdb63ab18e in /opt/conda/lib/python3.11/site-packages/torch/lib/libtorch_cpu.so)
frame #5: c10d::ProcessGroupNCCL::HeartbeatMonitor::runLoop() + 0x398 (0x7efd75890b18 in /opt/conda/lib/python3.11/site-packages/torch/lib/libtorch_cuda.so)
frame #6: <unknown function> + 0xd8198 (0x7efd5927e198 in /opt/conda/bin/../lib/libstdc++.so.6)
frame #7: <unknown function> + 0x94ac3 (0x7efdd3ba0ac3 in /lib/x86_64-linux-gnu/libc.so.6)
frame #8: <unknown function> + 0x126850 (0x7efdd3c32850 in /lib/x86_64-linux-gnu/libc.so.6)

[rank5]:[W724 04:52:15.730333671 ProcessGroupNCCL.cpp:1783] [PG ID 0 PG GUID 0(default_pg) Rank 5] Failed to check the "should dump" flag on TCPStore, (maybe TCPStore server has shut down too early), with error: Broken pipe
[rank2]:[W724 04:52:15.972550728 TCPStore.cpp:106] [c10d] sendBytes failed on SocketImpl(fd=73, addr=[localhost]:37294, remote=[localhost]:29600): Broken pipe
Exception raised from sendBytes at /pytorch/torch/csrc/distributed/c10d/Utils.hpp:653 (most recent call first):
frame #0: c10::Error::Error(c10::SourceLocation, std::__cxx11::basic_string<char, std::char_traits<char>, std::allocator<char> >) + 0x80 (0x7fe66977eeb0 in /opt/conda/lib/python3.11/site-packages/torch/lib/libc10.so)
frame #1: <unknown function> + 0x5d694d1 (0x7fe64d7ae4d1 in /opt/conda/lib/python3.11/site-packages/torch/lib/libtorch_cpu.so)
frame #2: <unknown function> + 0x5d69d62 (0x7fe64d7aed62 in /opt/conda/lib/python3.11/site-packages/torch/lib/libtorch_cpu.so)
frame #3: <unknown function> + 0x5d6b86e (0x7fe64d7b086e in /opt/conda/lib/python3.11/site-packages/torch/lib/libtorch_cpu.so)
frame #4: c10d::TCPStore::check(std::vector<std::__cxx11::basic_string<char, std::char_traits<char>, std::allocator<char> >, std::allocator<std::__cxx11::basic_string<char, std::char_traits<char>, std::allocator<char> > > > const&) + 0x30e (0x7fe64d7ab18e in /opt/conda/lib/python3.11/site-packages/torch/lib/libtorch_cpu.so)
frame #5: c10d::ProcessGroupNCCL::HeartbeatMonitor::runLoop() + 0x398 (0x7fe60cc90b18 in /opt/conda/lib/python3.11/site-packages/torch/lib/libtorch_cuda.so)
frame #6: <unknown function> + 0xd8198 (0x7fe5f067e198 in /opt/conda/bin/../lib/libstdc++.so.6)
frame #7: <unknown function> + 0x94ac3 (0x7fe66b020ac3 in /lib/x86_64-linux-gnu/libc.so.6)
frame #8: <unknown function> + 0x126850 (0x7fe66b0b2850 in /lib/x86_64-linux-gnu/libc.so.6)

[rank2]:[W724 04:52:15.978901440 ProcessGroupNCCL.cpp:1783] [PG ID 0 PG GUID 0(default_pg) Rank 2] Failed to check the "should dump" flag on TCPStore, (maybe TCPStore server has shut down too early), with error: Broken pipe
[rank7]:[W724 04:52:15.036028212 TCPStore.cpp:106] [c10d] sendBytes failed on SocketImpl(fd=73, addr=[localhost]:40292, remote=[localhost]:29600): Broken pipe
Exception raised from sendBytes at /pytorch/torch/csrc/distributed/c10d/Utils.hpp:653 (most recent call first):
frame #0: c10::Error::Error(c10::SourceLocation, std::__cxx11::basic_string<char, std::char_traits<char>, std::allocator<char> >) + 0x80 (0x7f3b80f7eeb0 in /opt/conda/lib/python3.11/site-packages/torch/lib/libc10.so)
frame #1: <unknown function> + 0x5d694d1 (0x7f3b64fae4d1 in /opt/conda/lib/python3.11/site-packages/torch/lib/libtorch_cpu.so)
frame #2: <unknown function> + 0x5d69d62 (0x7f3b64faed62 in /opt/conda/lib/python3.11/site-packages/torch/lib/libtorch_cpu.so)
frame #3: <unknown function> + 0x5d6b86e (0x7f3b64fb086e in /opt/conda/lib/python3.11/site-packages/torch/lib/libtorch_cpu.so)
frame #4: c10d::TCPStore::check(std::vector<std::__cxx11::basic_string<char, std::char_traits<char>, std::allocator<char> >, std::allocator<std::__cxx11::basic_string<char, std::char_traits<char>, std::allocator<char> > > > const&) + 0x30e (0x7f3b64fab18e in /opt/conda/lib/python3.11/site-packages/torch/lib/libtorch_cpu.so)
frame #5: c10d::ProcessGroupNCCL::HeartbeatMonitor::runLoop() + 0x398 (0x7f3b24490b18 in /opt/conda/lib/python3.11/site-packages/torch/lib/libtorch_cuda.so)
frame #6: <unknown function> + 0xd8198 (0x7f3b07e7e198 in /opt/conda/bin/../lib/libstdc++.so.6)
frame #7: <unknown function> + 0x94ac3 (0x7f3b827cdac3 in /lib/x86_64-linux-gnu/libc.so.6)
frame #8: <unknown function> + 0x126850 (0x7f3b8285f850 in /lib/x86_64-linux-gnu/libc.so.6)

[rank7]:[W724 04:52:15.039831470 ProcessGroupNCCL.cpp:1783] [PG ID 0 PG GUID 0(default_pg) Rank 7] Failed to check the "should dump" flag on TCPStore, (maybe TCPStore server has shut down too early), with error: Broken pipe
[rank5]:[W724 04:52:16.730488730 TCPStore.cpp:106] [c10d] sendBytes failed on SocketImpl(fd=36, addr=[localhost]:37284, remote=[localhost]:29600): Broken pipe
Exception raised from sendBytes at /pytorch/torch/csrc/distributed/c10d/Utils.hpp:653 (most recent call first):
frame #0: c10::Error::Error(c10::SourceLocation, std::__cxx11::basic_string<char, std::char_traits<char>, std::allocator<char> >) + 0x80 (0x7efdd22d9eb0 in /opt/conda/lib/python3.11/site-packages/torch/lib/libc10.so)
frame #1: <unknown function> + 0x5d694d1 (0x7efdb63ae4d1 in /opt/conda/lib/python3.11/site-packages/torch/lib/libtorch_cpu.so)
frame #2: <unknown function> + 0x5d69d62 (0x7efdb63aed62 in /opt/conda/lib/python3.11/site-packages/torch/lib/libtorch_cpu.so)
frame #3: <unknown function> + 0x5d6b86e (0x7efdb63b086e in /opt/conda/lib/python3.11/site-packages/torch/lib/libtorch_cpu.so)
frame #4: c10d::TCPStore::check(std::vector<std::__cxx11::basic_string<char, std::char_traits<char>, std::allocator<char> >, std::allocator<std::__cxx11::basic_string<char, std::char_traits<char>, std::allocator<char> > > > const&) + 0x30e (0x7efdb63ab18e in /opt/conda/lib/python3.11/site-packages/torch/lib/libtorch_cpu.so)
frame #5: c10d::ProcessGroupNCCL::HeartbeatMonitor::runLoop() + 0x398 (0x7efd75890b18 in /opt/conda/lib/python3.11/site-packages/torch/lib/libtorch_cuda.so)
frame #6: <unknown function> + 0xd8198 (0x7efd5927e198 in /opt/conda/bin/../lib/libstdc++.so.6)
frame #7: <unknown function> + 0x94ac3 (0x7efdd3ba0ac3 in /lib/x86_64-linux-gnu/libc.so.6)
frame #8: <unknown function> + 0x126850 (0x7efdd3c32850 in /lib/x86_64-linux-gnu/libc.so.6)

[rank5]:[W724 04:52:16.733937877 ProcessGroupNCCL.cpp:1783] [PG ID 0 PG GUID 0(default_pg) Rank 5] Failed to check the "should dump" flag on TCPStore, (maybe TCPStore server has shut down too early), with error: Broken pipe
[rank2]:[W724 04:52:16.979670301 TCPStore.cpp:106] [c10d] sendBytes failed on SocketImpl(fd=73, addr=[localhost]:37294, remote=[localhost]:29600): Broken pipe
Exception raised from sendBytes at /pytorch/torch/csrc/distributed/c10d/Utils.hpp:653 (most recent call first):
frame #0: c10::Error::Error(c10::SourceLocation, std::__cxx11::basic_string<char, std::char_traits<char>, std::allocator<char> >) + 0x80 (0x7fe66977eeb0 in /opt/conda/lib/python3.11/site-packages/torch/lib/libc10.so)
frame #1: <unknown function> + 0x5d694d1 (0x7fe64d7ae4d1 in /opt/conda/lib/python3.11/site-packages/torch/lib/libtorch_cpu.so)
frame #2: <unknown function> + 0x5d69d62 (0x7fe64d7aed62 in /opt/conda/lib/python3.11/site-packages/torch/lib/libtorch_cpu.so)
frame #3: <unknown function> + 0x5d6b86e (0x7fe64d7b086e in /opt/conda/lib/python3.11/site-packages/torch/lib/libtorch_cpu.so)
frame #4: c10d::TCPStore::check(std::vector<std::__cxx11::basic_string<char, std::char_traits<char>, std::allocator<char> >, std::allocator<std::__cxx11::basic_string<char, std::char_traits<char>, std::allocator<char> > > > const&) + 0x30e (0x7fe64d7ab18e in /opt/conda/lib/python3.11/site-packages/torch/lib/libtorch_cpu.so)
frame #5: c10d::ProcessGroupNCCL::HeartbeatMonitor::runLoop() + 0x398 (0x7fe60cc90b18 in /opt/conda/lib/python3.11/site-packages/torch/lib/libtorch_cuda.so)
frame #6: <unknown function> + 0xd8198 (0x7fe5f067e198 in /opt/conda/bin/../lib/libstdc++.so.6)
frame #7: <unknown function> + 0x94ac3 (0x7fe66b020ac3 in /lib/x86_64-linux-gnu/libc.so.6)
frame #8: <unknown function> + 0x126850 (0x7fe66b0b2850 in /lib/x86_64-linux-gnu/libc.so.6)

[rank2]:[W724 04:52:16.987418976 ProcessGroupNCCL.cpp:1783] [PG ID 0 PG GUID 0(default_pg) Rank 2] Failed to check the "should dump" flag on TCPStore, (maybe TCPStore server has shut down too early), with error: Broken pipe
[rank7]:[W724 04:52:16.040268790 TCPStore.cpp:106] [c10d] sendBytes failed on SocketImpl(fd=73, addr=[localhost]:40292, remote=[localhost]:29600): Broken pipe
Exception raised from sendBytes at /pytorch/torch/csrc/distributed/c10d/Utils.hpp:653 (most recent call first):
frame #0: c10::Error::Error(c10::SourceLocation, std::__cxx11::basic_string<char, std::char_traits<char>, std::allocator<char> >) + 0x80 (0x7f3b80f7eeb0 in /opt/conda/lib/python3.11/site-packages/torch/lib/libc10.so)
frame #1: <unknown function> + 0x5d694d1 (0x7f3b64fae4d1 in /opt/conda/lib/python3.11/site-packages/torch/lib/libtorch_cpu.so)
frame #2: <unknown function> + 0x5d69d62 (0x7f3b64faed62 in /opt/conda/lib/python3.11/site-packages/torch/lib/libtorch_cpu.so)
frame #3: <unknown function> + 0x5d6b86e (0x7f3b64fb086e in /opt/conda/lib/python3.11/site-packages/torch/lib/libtorch_cpu.so)
frame #4: c10d::TCPStore::check(std::vector<std::__cxx11::basic_string<char, std::char_traits<char>, std::allocator<char> >, std::allocator<std::__cxx11::basic_string<char, std::char_traits<char>, std::allocator<char> > > > const&) + 0x30e (0x7f3b64fab18e in /opt/conda/lib/python3.11/site-packages/torch/lib/libtorch_cpu.so)
frame #5: c10d::ProcessGroupNCCL::HeartbeatMonitor::runLoop() + 0x398 (0x7f3b24490b18 in /opt/conda/lib/python3.11/site-packages/torch/lib/libtorch_cuda.so)
frame #6: <unknown function> + 0xd8198 (0x7f3b07e7e198 in /opt/conda/bin/../lib/libstdc++.so.6)
frame #7: <unknown function> + 0x94ac3 (0x7f3b827cdac3 in /lib/x86_64-linux-gnu/libc.so.6)
frame #8: <unknown function> + 0x126850 (0x7f3b8285f850 in /lib/x86_64-linux-gnu/libc.so.6)

[rank7]:[W724 04:52:16.044136568 ProcessGroupNCCL.cpp:1783] [PG ID 0 PG GUID 0(default_pg) Rank 7] Failed to check the "should dump" flag on TCPStore, (maybe TCPStore server has shut down too early), with error: Broken pipe
[rank5]:[W724 04:52:17.734688177 TCPStore.cpp:106] [c10d] sendBytes failed on SocketImpl(fd=36, addr=[localhost]:37284, remote=[localhost]:29600): Broken pipe
Exception raised from sendBytes at /pytorch/torch/csrc/distributed/c10d/Utils.hpp:653 (most recent call first):
frame #0: c10::Error::Error(c10::SourceLocation, std::__cxx11::basic_string<char, std::char_traits<char>, std::allocator<char> >) + 0x80 (0x7efdd22d9eb0 in /opt/conda/lib/python3.11/site-packages/torch/lib/libc10.so)
frame #1: <unknown function> + 0x5d694d1 (0x7efdb63ae4d1 in /opt/conda/lib/python3.11/site-packages/torch/lib/libtorch_cpu.so)
frame #2: <unknown function> + 0x5d69d62 (0x7efdb63aed62 in /opt/conda/lib/python3.11/site-packages/torch/lib/libtorch_cpu.so)
frame #3: <unknown function> + 0x5d6b86e (0x7efdb63b086e in /opt/conda/lib/python3.11/site-packages/torch/lib/libtorch_cpu.so)
frame #4: c10d::TCPStore::check(std::vector<std::__cxx11::basic_string<char, std::char_traits<char>, std::allocator<char> >, std::allocator<std::__cxx11::basic_string<char, std::char_traits<char>, std::allocator<char> > > > const&) + 0x30e (0x7efdb63ab18e in /opt/conda/lib/python3.11/site-packages/torch/lib/libtorch_cpu.so)
frame #5: c10d::ProcessGroupNCCL::HeartbeatMonitor::runLoop() + 0x398 (0x7efd75890b18 in /opt/conda/lib/python3.11/site-packages/torch/lib/libtorch_cuda.so)
frame #6: <unknown function> + 0xd8198 (0x7efd5927e198 in /opt/conda/bin/../lib/libstdc++.so.6)
frame #7: <unknown function> + 0x94ac3 (0x7efdd3ba0ac3 in /lib/x86_64-linux-gnu/libc.so.6)
frame #8: <unknown function> + 0x126850 (0x7efdd3c32850 in /lib/x86_64-linux-gnu/libc.so.6)

[rank5]:[W724 04:52:17.740852859 ProcessGroupNCCL.cpp:1783] [PG ID 0 PG GUID 0(default_pg) Rank 5] Failed to check the "should dump" flag on TCPStore, (maybe TCPStore server has shut down too early), with error: Broken pipe
[rank2]:[W724 04:52:17.988041436 TCPStore.cpp:106] [c10d] sendBytes failed on SocketImpl(fd=73, addr=[localhost]:37294, remote=[localhost]:29600): Broken pipe
Exception raised from sendBytes at /pytorch/torch/csrc/distributed/c10d/Utils.hpp:653 (most recent call first):
frame #0: c10::Error::Error(c10::SourceLocation, std::__cxx11::basic_string<char, std::char_traits<char>, std::allocator<char> >) + 0x80 (0x7fe66977eeb0 in /opt/conda/lib/python3.11/site-packages/torch/lib/libc10.so)
frame #1: <unknown function> + 0x5d694d1 (0x7fe64d7ae4d1 in /opt/conda/lib/python3.11/site-packages/torch/lib/libtorch_cpu.so)
frame #2: <unknown function> + 0x5d69d62 (0x7fe64d7aed62 in /opt/conda/lib/python3.11/site-packages/torch/lib/libtorch_cpu.so)
frame #3: <unknown function> + 0x5d6b86e (0x7fe64d7b086e in /opt/conda/lib/python3.11/site-packages/torch/lib/libtorch_cpu.so)
frame #4: c10d::TCPStore::check(std::vector<std::__cxx11::basic_string<char, std::char_traits<char>, std::allocator<char> >, std::allocator<std::__cxx11::basic_string<char, std::char_traits<char>, std::allocator<char> > > > const&) + 0x30e (0x7fe64d7ab18e in /opt/conda/lib/python3.11/site-packages/torch/lib/libtorch_cpu.so)
frame #5: c10d::ProcessGroupNCCL::HeartbeatMonitor::runLoop() + 0x398 (0x7fe60cc90b18 in /opt/conda/lib/python3.11/site-packages/torch/lib/libtorch_cuda.so)
frame #6: <unknown function> + 0xd8198 (0x7fe5f067e198 in /opt/conda/bin/../lib/libstdc++.so.6)
frame #7: <unknown function> + 0x94ac3 (0x7fe66b020ac3 in /lib/x86_64-linux-gnu/libc.so.6)
frame #8: <unknown function> + 0x126850 (0x7fe66b0b2850 in /lib/x86_64-linux-gnu/libc.so.6)

[rank2]:[W724 04:52:17.992911796 ProcessGroupNCCL.cpp:1783] [PG ID 0 PG GUID 0(default_pg) Rank 2] Failed to check the "should dump" flag on TCPStore, (maybe TCPStore server has shut down too early), with error: Broken pipe
[rank7]:[W724 04:52:17.044496667 TCPStore.cpp:106] [c10d] sendBytes failed on SocketImpl(fd=73, addr=[localhost]:40292, remote=[localhost]:29600): Broken pipe
Exception raised from sendBytes at /pytorch/torch/csrc/distributed/c10d/Utils.hpp:653 (most recent call first):
frame #0: c10::Error::Error(c10::SourceLocation, std::__cxx11::basic_string<char, std::char_traits<char>, std::allocator<char> >) + 0x80 (0x7f3b80f7eeb0 in /opt/conda/lib/python3.11/site-packages/torch/lib/libc10.so)
frame #1: <unknown function> + 0x5d694d1 (0x7f3b64fae4d1 in /opt/conda/lib/python3.11/site-packages/torch/lib/libtorch_cpu.so)
frame #2: <unknown function> + 0x5d69d62 (0x7f3b64faed62 in /opt/conda/lib/python3.11/site-packages/torch/lib/libtorch_cpu.so)
frame #3: <unknown function> + 0x5d6b86e (0x7f3b64fb086e in /opt/conda/lib/python3.11/site-packages/torch/lib/libtorch_cpu.so)
frame #4: c10d::TCPStore::check(std::vector<std::__cxx11::basic_string<char, std::char_traits<char>, std::allocator<char> >, std::allocator<std::__cxx11::basic_string<char, std::char_traits<char>, std::allocator<char> > > > const&) + 0x30e (0x7f3b64fab18e in /opt/conda/lib/python3.11/site-packages/torch/lib/libtorch_cpu.so)
frame #5: c10d::ProcessGroupNCCL::HeartbeatMonitor::runLoop() + 0x398 (0x7f3b24490b18 in /opt/conda/lib/python3.11/site-packages/torch/lib/libtorch_cuda.so)
frame #6: <unknown function> + 0xd8198 (0x7f3b07e7e198 in /opt/conda/bin/../lib/libstdc++.so.6)
frame #7: <unknown function> + 0x94ac3 (0x7f3b827cdac3 in /lib/x86_64-linux-gnu/libc.so.6)
frame #8: <unknown function> + 0x126850 (0x7f3b8285f850 in /lib/x86_64-linux-gnu/libc.so.6)

[rank7]:[W724 04:52:17.048700035 ProcessGroupNCCL.cpp:1783] [PG ID 0 PG GUID 0(default_pg) Rank 7] Failed to check the "should dump" flag on TCPStore, (maybe TCPStore server has shut down too early), with error: Broken pipe
[rank5]:[W724 04:52:18.741460920 TCPStore.cpp:106] [c10d] sendBytes failed on SocketImpl(fd=36, addr=[localhost]:37284, remote=[localhost]:29600): Broken pipe
Exception raised from sendBytes at /pytorch/torch/csrc/distributed/c10d/Utils.hpp:653 (most recent call first):
frame #0: c10::Error::Error(c10::SourceLocation, std::__cxx11::basic_string<char, std::char_traits<char>, std::allocator<char> >) + 0x80 (0x7efdd22d9eb0 in /opt/conda/lib/python3.11/site-packages/torch/lib/libc10.so)
frame #1: <unknown function> + 0x5d694d1 (0x7efdb63ae4d1 in /opt/conda/lib/python3.11/site-packages/torch/lib/libtorch_cpu.so)
frame #2: <unknown function> + 0x5d69d62 (0x7efdb63aed62 in /opt/conda/lib/python3.11/site-packages/torch/lib/libtorch_cpu.so)
frame #3: <unknown function> + 0x5d6b86e (0x7efdb63b086e in /opt/conda/lib/python3.11/site-packages/torch/lib/libtorch_cpu.so)
frame #4: c10d::TCPStore::check(std::vector<std::__cxx11::basic_string<char, std::char_traits<char>, std::allocator<char> >, std::allocator<std::__cxx11::basic_string<char, std::char_traits<char>, std::allocator<char> > > > const&) + 0x30e (0x7efdb63ab18e in /opt/conda/lib/python3.11/site-packages/torch/lib/libtorch_cpu.so)
frame #5: c10d::ProcessGroupNCCL::HeartbeatMonitor::runLoop() + 0x398 (0x7efd75890b18 in /opt/conda/lib/python3.11/site-packages/torch/lib/libtorch_cuda.so)
frame #6: <unknown function> + 0xd8198 (0x7efd5927e198 in /opt/conda/bin/../lib/libstdc++.so.6)
frame #7: <unknown function> + 0x94ac3 (0x7efdd3ba0ac3 in /lib/x86_64-linux-gnu/libc.so.6)
frame #8: <unknown function> + 0x126850 (0x7efdd3c32850 in /lib/x86_64-linux-gnu/libc.so.6)

[rank5]:[W724 04:52:18.746037419 ProcessGroupNCCL.cpp:1783] [PG ID 0 PG GUID 0(default_pg) Rank 5] Failed to check the "should dump" flag on TCPStore, (maybe TCPStore server has shut down too early), with error: Broken pipe
[rank2]:[W724 04:52:18.993307585 TCPStore.cpp:106] [c10d] sendBytes failed on SocketImpl(fd=73, addr=[localhost]:37294, remote=[localhost]:29600): Broken pipe
Exception raised from sendBytes at /pytorch/torch/csrc/distributed/c10d/Utils.hpp:653 (most recent call first):
frame #0: c10::Error::Error(c10::SourceLocation, std::__cxx11::basic_string<char, std::char_traits<char>, std::allocator<char> >) + 0x80 (0x7fe66977eeb0 in /opt/conda/lib/python3.11/site-packages/torch/lib/libc10.so)
frame #1: <unknown function> + 0x5d694d1 (0x7fe64d7ae4d1 in /opt/conda/lib/python3.11/site-packages/torch/lib/libtorch_cpu.so)
frame #2: <unknown function> + 0x5d69d62 (0x7fe64d7aed62 in /opt/conda/lib/python3.11/site-packages/torch/lib/libtorch_cpu.so)
frame #3: <unknown function> + 0x5d6b86e (0x7fe64d7b086e in /opt/conda/lib/python3.11/site-packages/torch/lib/libtorch_cpu.so)
frame #4: c10d::TCPStore::check(std::vector<std::__cxx11::basic_string<char, std::char_traits<char>, std::allocator<char> >, std::allocator<std::__cxx11::basic_string<char, std::char_traits<char>, std::allocator<char> > > > const&) + 0x30e (0x7fe64d7ab18e in /opt/conda/lib/python3.11/site-packages/torch/lib/libtorch_cpu.so)
frame #5: c10d::ProcessGroupNCCL::HeartbeatMonitor::runLoop() + 0x398 (0x7fe60cc90b18 in /opt/conda/lib/python3.11/site-packages/torch/lib/libtorch_cuda.so)
frame #6: <unknown function> + 0xd8198 (0x7fe5f067e198 in /opt/conda/bin/../lib/libstdc++.so.6)
frame #7: <unknown function> + 0x94ac3 (0x7fe66b020ac3 in /lib/x86_64-linux-gnu/libc.so.6)
frame #8: <unknown function> + 0x126850 (0x7fe66b0b2850 in /lib/x86_64-linux-gnu/libc.so.6)

[rank2]:[W724 04:52:18.998900846 ProcessGroupNCCL.cpp:1783] [PG ID 0 PG GUID 0(default_pg) Rank 2] Failed to check the "should dump" flag on TCPStore, (maybe TCPStore server has shut down too early), with error: Broken pipe
[rank7]:[W724 04:52:18.049022625 TCPStore.cpp:106] [c10d] sendBytes failed on SocketImpl(fd=73, addr=[localhost]:40292, remote=[localhost]:29600): Broken pipe
Exception raised from sendBytes at /pytorch/torch/csrc/distributed/c10d/Utils.hpp:653 (most recent call first):
frame #0: c10::Error::Error(c10::SourceLocation, std::__cxx11::basic_string<char, std::char_traits<char>, std::allocator<char> >) + 0x80 (0x7f3b80f7eeb0 in /opt/conda/lib/python3.11/site-packages/torch/lib/libc10.so)
frame #1: <unknown function> + 0x5d694d1 (0x7f3b64fae4d1 in /opt/conda/lib/python3.11/site-packages/torch/lib/libtorch_cpu.so)
frame #2: <unknown function> + 0x5d69d62 (0x7f3b64faed62 in /opt/conda/lib/python3.11/site-packages/torch/lib/libtorch_cpu.so)
frame #3: <unknown function> + 0x5d6b86e (0x7f3b64fb086e in /opt/conda/lib/python3.11/site-packages/torch/lib/libtorch_cpu.so)
frame #4: c10d::TCPStore::check(std::vector<std::__cxx11::basic_string<char, std::char_traits<char>, std::allocator<char> >, std::allocator<std::__cxx11::basic_string<char, std::char_traits<char>, std::allocator<char> > > > const&) + 0x30e (0x7f3b64fab18e in /opt/conda/lib/python3.11/site-packages/torch/lib/libtorch_cpu.so)
frame #5: c10d::ProcessGroupNCCL::HeartbeatMonitor::runLoop() + 0x398 (0x7f3b24490b18 in /opt/conda/lib/python3.11/site-packages/torch/lib/libtorch_cuda.so)
frame #6: <unknown function> + 0xd8198 (0x7f3b07e7e198 in /opt/conda/bin/../lib/libstdc++.so.6)
frame #7: <unknown function> + 0x94ac3 (0x7f3b827cdac3 in /lib/x86_64-linux-gnu/libc.so.6)
frame #8: <unknown function> + 0x126850 (0x7f3b8285f850 in /lib/x86_64-linux-gnu/libc.so.6)

[rank7]:[W724 04:52:18.053794775 ProcessGroupNCCL.cpp:1783] [PG ID 0 PG GUID 0(default_pg) Rank 7] Failed to check the "should dump" flag on TCPStore, (maybe TCPStore server has shut down too early), with error: Broken pipe
[rank5]:[W724 04:52:19.746273138 TCPStore.cpp:106] [c10d] sendBytes failed on SocketImpl(fd=36, addr=[localhost]:37284, remote=[localhost]:29600): Broken pipe
Exception raised from sendBytes at /pytorch/torch/csrc/distributed/c10d/Utils.hpp:653 (most recent call first):
frame #0: c10::Error::Error(c10::SourceLocation, std::__cxx11::basic_string<char, std::char_traits<char>, std::allocator<char> >) + 0x80 (0x7efdd22d9eb0 in /opt/conda/lib/python3.11/site-packages/torch/lib/libc10.so)
frame #1: <unknown function> + 0x5d694d1 (0x7efdb63ae4d1 in /opt/conda/lib/python3.11/site-packages/torch/lib/libtorch_cpu.so)
frame #2: <unknown function> + 0x5d69d62 (0x7efdb63aed62 in /opt/conda/lib/python3.11/site-packages/torch/lib/libtorch_cpu.so)
frame #3: <unknown function> + 0x5d6b86e (0x7efdb63b086e in /opt/conda/lib/python3.11/site-packages/torch/lib/libtorch_cpu.so)
frame #4: c10d::TCPStore::check(std::vector<std::__cxx11::basic_string<char, std::char_traits<char>, std::allocator<char> >, std::allocator<std::__cxx11::basic_string<char, std::char_traits<char>, std::allocator<char> > > > const&) + 0x30e (0x7efdb63ab18e in /opt/conda/lib/python3.11/site-packages/torch/lib/libtorch_cpu.so)
frame #5: c10d::ProcessGroupNCCL::HeartbeatMonitor::runLoop() + 0x398 (0x7efd75890b18 in /opt/conda/lib/python3.11/site-packages/torch/lib/libtorch_cuda.so)
frame #6: <unknown function> + 0xd8198 (0x7efd5927e198 in /opt/conda/bin/../lib/libstdc++.so.6)
frame #7: <unknown function> + 0x94ac3 (0x7efdd3ba0ac3 in /lib/x86_64-linux-gnu/libc.so.6)
frame #8: <unknown function> + 0x126850 (0x7efdd3c32850 in /lib/x86_64-linux-gnu/libc.so.6)

[rank5]:[W724 04:52:19.749769545 ProcessGroupNCCL.cpp:1783] [PG ID 0 PG GUID 0(default_pg) Rank 5] Failed to check the "should dump" flag on TCPStore, (maybe TCPStore server has shut down too early), with error: Broken pipe
[rank2]:[W724 04:52:19.999493057 TCPStore.cpp:106] [c10d] sendBytes failed on SocketImpl(fd=73, addr=[localhost]:37294, remote=[localhost]:29600): Broken pipe
Exception raised from sendBytes at /pytorch/torch/csrc/distributed/c10d/Utils.hpp:653 (most recent call first):
frame #0: c10::Error::Error(c10::SourceLocation, std::__cxx11::basic_string<char, std::char_traits<char>, std::allocator<char> >) + 0x80 (0x7fe66977eeb0 in /opt/conda/lib/python3.11/site-packages/torch/lib/libc10.so)
frame #1: <unknown function> + 0x5d694d1 (0x7fe64d7ae4d1 in /opt/conda/lib/python3.11/site-packages/torch/lib/libtorch_cpu.so)
frame #2: <unknown function> + 0x5d69d62 (0x7fe64d7aed62 in /opt/conda/lib/python3.11/site-packages/torch/lib/libtorch_cpu.so)
frame #3: <unknown function> + 0x5d6b86e (0x7fe64d7b086e in /opt/conda/lib/python3.11/site-packages/torch/lib/libtorch_cpu.so)
frame #4: c10d::TCPStore::check(std::vector<std::__cxx11::basic_string<char, std::char_traits<char>, std::allocator<char> >, std::allocator<std::__cxx11::basic_string<char, std::char_traits<char>, std::allocator<char> > > > const&) + 0x30e (0x7fe64d7ab18e in /opt/conda/lib/python3.11/site-packages/torch/lib/libtorch_cpu.so)
frame #5: c10d::ProcessGroupNCCL::HeartbeatMonitor::runLoop() + 0x398 (0x7fe60cc90b18 in /opt/conda/lib/python3.11/site-packages/torch/lib/libtorch_cuda.so)
frame #6: <unknown function> + 0xd8198 (0x7fe5f067e198 in /opt/conda/bin/../lib/libstdc++.so.6)
frame #7: <unknown function> + 0x94ac3 (0x7fe66b020ac3 in /lib/x86_64-linux-gnu/libc.so.6)
frame #8: <unknown function> + 0x126850 (0x7fe66b0b2850 in /lib/x86_64-linux-gnu/libc.so.6)

[rank2]:[W724 04:52:19.005084618 ProcessGroupNCCL.cpp:1783] [PG ID 0 PG GUID 0(default_pg) Rank 2] Failed to check the "should dump" flag on TCPStore, (maybe TCPStore server has shut down too early), with error: Broken pipe
[rank7]:[W724 04:52:19.054229514 TCPStore.cpp:106] [c10d] sendBytes failed on SocketImpl(fd=73, addr=[localhost]:40292, remote=[localhost]:29600): Broken pipe
Exception raised from sendBytes at /pytorch/torch/csrc/distributed/c10d/Utils.hpp:653 (most recent call first):
frame #0: c10::Error::Error(c10::SourceLocation, std::__cxx11::basic_string<char, std::char_traits<char>, std::allocator<char> >) + 0x80 (0x7f3b80f7eeb0 in /opt/conda/lib/python3.11/site-packages/torch/lib/libc10.so)
frame #1: <unknown function> + 0x5d694d1 (0x7f3b64fae4d1 in /opt/conda/lib/python3.11/site-packages/torch/lib/libtorch_cpu.so)
frame #2: <unknown function> + 0x5d69d62 (0x7f3b64faed62 in /opt/conda/lib/python3.11/site-packages/torch/lib/libtorch_cpu.so)
frame #3: <unknown function> + 0x5d6b86e (0x7f3b64fb086e in /opt/conda/lib/python3.11/site-packages/torch/lib/libtorch_cpu.so)
frame #4: c10d::TCPStore::check(std::vector<std::__cxx11::basic_string<char, std::char_traits<char>, std::allocator<char> >, std::allocator<std::__cxx11::basic_string<char, std::char_traits<char>, std::allocator<char> > > > const&) + 0x30e (0x7f3b64fab18e in /opt/conda/lib/python3.11/site-packages/torch/lib/libtorch_cpu.so)
frame #5: c10d::ProcessGroupNCCL::HeartbeatMonitor::runLoop() + 0x398 (0x7f3b24490b18 in /opt/conda/lib/python3.11/site-packages/torch/lib/libtorch_cuda.so)
frame #6: <unknown function> + 0xd8198 (0x7f3b07e7e198 in /opt/conda/bin/../lib/libstdc++.so.6)
frame #7: <unknown function> + 0x94ac3 (0x7f3b827cdac3 in /lib/x86_64-linux-gnu/libc.so.6)
frame #8: <unknown function> + 0x126850 (0x7f3b8285f850 in /lib/x86_64-linux-gnu/libc.so.6)

[rank7]:[W724 04:52:19.058152332 ProcessGroupNCCL.cpp:1783] [PG ID 0 PG GUID 0(default_pg) Rank 7] Failed to check the "should dump" flag on TCPStore, (maybe TCPStore server has shut down too early), with error: Broken pipe
2026-07-24 04:52:19.744 | INFO     | lightx2v.utils.set_config:auto_calc_config:62 - Loading some config from /tmp/baseline_req_3_g6jdipfk/request_config.json
2026-07-24 04:52:19.744 | INFO     | lightx2v.utils.set_config:auto_calc_config:62 - Loading some config from /tmp/baseline_req_3_smnzkx3b/request_config.json
2026-07-24 04:52:19.744 | INFO     | lightx2v.utils.set_config:auto_calc_config:62 - Loading some config from /tmp/baseline_req_3_u9zdf9wb/request_config.json
2026-07-24 04:52:19.744 | INFO     | lightx2v.utils.set_config:auto_calc_config:62 - Loading some config from /tmp/baseline_req_3_vvra1saa/request_config.json
2026-07-24 04:52:19.744 | INFO     | lightx2v.utils.set_config:auto_calc_config:62 - Loading some config from /tmp/baseline_req_3_fnxup7sy/request_config.json
[rank5]:[W724 04:52:20.750005364 TCPStore.cpp:106] [c10d] sendBytes failed on SocketImpl(fd=36, addr=[localhost]:37284, remote=[localhost]:29600): Broken pipe
Exception raised from sendBytes at /pytorch/torch/csrc/distributed/c10d/Utils.hpp:653 (most recent call first):
frame #0: c10::Error::Error(c10::SourceLocation, std::__cxx11::basic_string<char, std::char_traits<char>, std::allocator<char> >) + 0x80 (0x7efdd22d9eb0 in /opt/conda/lib/python3.11/site-packages/torch/lib/libc10.so)
frame #1: <unknown function> + 0x5d694d1 (0x7efdb63ae4d1 in /opt/conda/lib/python3.11/site-packages/torch/lib/libtorch_cpu.so)
frame #2: <unknown function> + 0x5d69d62 (0x7efdb63aed62 in /opt/conda/lib/python3.11/site-packages/torch/lib/libtorch_cpu.so)
frame #3: <unknown function> + 0x5d6b86e (0x7efdb63b086e in /opt/conda/lib/python3.11/site-packages/torch/lib/libtorch_cpu.so)
frame #4: c10d::TCPStore::check(std::vector<std::__cxx11::basic_string<char, std::char_traits<char>, std::allocator<char> >, std::allocator<std::__cxx11::basic_string<char, std::char_traits<char>, std::allocator<char> > > > const&) + 0x30e (0x7efdb63ab18e in /opt/conda/lib/python3.11/site-packages/torch/lib/libtorch_cpu.so)
frame #5: c10d::ProcessGroupNCCL::HeartbeatMonitor::runLoop() + 0x398 (0x7efd75890b18 in /opt/conda/lib/python3.11/site-packages/torch/lib/libtorch_cuda.so)
frame #6: <unknown function> + 0xd8198 (0x7efd5927e198 in /opt/conda/bin/../lib/libstdc++.so.6)
frame #7: <unknown function> + 0x94ac3 (0x7efdd3ba0ac3 in /lib/x86_64-linux-gnu/libc.so.6)
frame #8: <unknown function> + 0x126850 (0x7efdd3c32850 in /lib/x86_64-linux-gnu/libc.so.6)

[rank5]:[W724 04:52:20.753541721 ProcessGroupNCCL.cpp:1783] [PG ID 0 PG GUID 0(default_pg) Rank 5] Failed to check the "should dump" flag on TCPStore, (maybe TCPStore server has shut down too early), with error: Broken pipe
[rank2]:[W724 04:52:20.005406257 TCPStore.cpp:106] [c10d] sendBytes failed on SocketImpl(fd=73, addr=[localhost]:37294, remote=[localhost]:29600): Broken pipe
Exception raised from sendBytes at /pytorch/torch/csrc/distributed/c10d/Utils.hpp:653 (most recent call first):
frame #0: c10::Error::Error(c10::SourceLocation, std::__cxx11::basic_string<char, std::char_traits<char>, std::allocator<char> >) + 0x80 (0x7fe66977eeb0 in /opt/conda/lib/python3.11/site-packages/torch/lib/libc10.so)
frame #1: <unknown function> + 0x5d694d1 (0x7fe64d7ae4d1 in /opt/conda/lib/python3.11/site-packages/torch/lib/libtorch_cpu.so)
frame #2: <unknown function> + 0x5d69d62 (0x7fe64d7aed62 in /opt/conda/lib/python3.11/site-packages/torch/lib/libtorch_cpu.so)
frame #3: <unknown function> + 0x5d6b86e (0x7fe64d7b086e in /opt/conda/lib/python3.11/site-packages/torch/lib/libtorch_cpu.so)
frame #4: c10d::TCPStore::check(std::vector<std::__cxx11::basic_string<char, std::char_traits<char>, std::allocator<char> >, std::allocator<std::__cxx11::basic_string<char, std::char_traits<char>, std::allocator<char> > > > const&) + 0x30e (0x7fe64d7ab18e in /opt/conda/lib/python3.11/site-packages/torch/lib/libtorch_cpu.so)
frame #5: c10d::ProcessGroupNCCL::HeartbeatMonitor::runLoop() + 0x398 (0x7fe60cc90b18 in /opt/conda/lib/python3.11/site-packages/torch/lib/libtorch_cuda.so)
frame #6: <unknown function> + 0xd8198 (0x7fe5f067e198 in /opt/conda/bin/../lib/libstdc++.so.6)
frame #7: <unknown function> + 0x94ac3 (0x7fe66b020ac3 in /lib/x86_64-linux-gnu/libc.so.6)
frame #8: <unknown function> + 0x126850 (0x7fe66b0b2850 in /lib/x86_64-linux-gnu/libc.so.6)

[rank2]:[W724 04:52:20.010689658 ProcessGroupNCCL.cpp:1783] [PG ID 0 PG GUID 0(default_pg) Rank 2] Failed to check the "should dump" flag on TCPStore, (maybe TCPStore server has shut down too early), with error: Broken pipe
[rank7]:[W724 04:52:20.058534992 TCPStore.cpp:106] [c10d] sendBytes failed on SocketImpl(fd=73, addr=[localhost]:40292, remote=[localhost]:29600): Broken pipe
Exception raised from sendBytes at /pytorch/torch/csrc/distributed/c10d/Utils.hpp:653 (most recent call first):
frame #0: c10::Error::Error(c10::SourceLocation, std::__cxx11::basic_string<char, std::char_traits<char>, std::allocator<char> >) + 0x80 (0x7f3b80f7eeb0 in /opt/conda/lib/python3.11/site-packages/torch/lib/libc10.so)
frame #1: <unknown function> + 0x5d694d1 (0x7f3b64fae4d1 in /opt/conda/lib/python3.11/site-packages/torch/lib/libtorch_cpu.so)
frame #2: <unknown function> + 0x5d69d62 (0x7f3b64faed62 in /opt/conda/lib/python3.11/site-packages/torch/lib/libtorch_cpu.so)
frame #3: <unknown function> + 0x5d6b86e (0x7f3b64fb086e in /opt/conda/lib/python3.11/site-packages/torch/lib/libtorch_cpu.so)
frame #4: c10d::TCPStore::check(std::vector<std::__cxx11::basic_string<char, std::char_traits<char>, std::allocator<char> >, std::allocator<std::__cxx11::basic_string<char, std::char_traits<char>, std::allocator<char> > > > const&) + 0x30e (0x7f3b64fab18e in /opt/conda/lib/python3.11/site-packages/torch/lib/libtorch_cpu.so)
frame #5: c10d::ProcessGroupNCCL::HeartbeatMonitor::runLoop() + 0x398 (0x7f3b24490b18 in /opt/conda/lib/python3.11/site-packages/torch/lib/libtorch_cuda.so)
frame #6: <unknown function> + 0xd8198 (0x7f3b07e7e198 in /opt/conda/bin/../lib/libstdc++.so.6)
frame #7: <unknown function> + 0x94ac3 (0x7f3b827cdac3 in /lib/x86_64-linux-gnu/libc.so.6)
frame #8: <unknown function> + 0x126850 (0x7f3b8285f850 in /lib/x86_64-linux-gnu/libc.so.6)

[rank7]:[W724 04:52:20.062515780 ProcessGroupNCCL.cpp:1783] [PG ID 0 PG GUID 0(default_pg) Rank 7] Failed to check the "should dump" flag on TCPStore, (maybe TCPStore server has shut down too early), with error: Broken pipe
[rank5]:[W724 04:52:21.754020531 TCPStore.cpp:106] [c10d] sendBytes failed on SocketImpl(fd=36, addr=[localhost]:37284, remote=[localhost]:29600): Broken pipe
Exception raised from sendBytes at /pytorch/torch/csrc/distributed/c10d/Utils.hpp:653 (most recent call first):
frame #0: c10::Error::Error(c10::SourceLocation, std::__cxx11::basic_string<char, std::char_traits<char>, std::allocator<char> >) + 0x80 (0x7efdd22d9eb0 in /opt/conda/lib/python3.11/site-packages/torch/lib/libc10.so)
frame #1: <unknown function> + 0x5d694d1 (0x7efdb63ae4d1 in /opt/conda/lib/python3.11/site-packages/torch/lib/libtorch_cpu.so)
frame #2: <unknown function> + 0x5d69d62 (0x7efdb63aed62 in /opt/conda/lib/python3.11/site-packages/torch/lib/libtorch_cpu.so)
frame #3: <unknown function> + 0x5d6b86e (0x7efdb63b086e in /opt/conda/lib/python3.11/site-packages/torch/lib/libtorch_cpu.so)
frame #4: c10d::TCPStore::check(std::vector<std::__cxx11::basic_string<char, std::char_traits<char>, std::allocator<char> >, std::allocator<std::__cxx11::basic_string<char, std::char_traits<char>, std::allocator<char> > > > const&) + 0x30e (0x7efdb63ab18e in /opt/conda/lib/python3.11/site-packages/torch/lib/libtorch_cpu.so)
frame #5: c10d::ProcessGroupNCCL::HeartbeatMonitor::runLoop() + 0x398 (0x7efd75890b18 in /opt/conda/lib/python3.11/site-packages/torch/lib/libtorch_cuda.so)
frame #6: <unknown function> + 0xd8198 (0x7efd5927e198 in /opt/conda/bin/../lib/libstdc++.so.6)
frame #7: <unknown function> + 0x94ac3 (0x7efdd3ba0ac3 in /lib/x86_64-linux-gnu/libc.so.6)
frame #8: <unknown function> + 0x126850 (0x7efdd3c32850 in /lib/x86_64-linux-gnu/libc.so.6)

[rank5]:[W724 04:52:21.758622090 ProcessGroupNCCL.cpp:1783] [PG ID 0 PG GUID 0(default_pg) Rank 5] Failed to check the "should dump" flag on TCPStore, (maybe TCPStore server has shut down too early), with error: Broken pipe
[rank2]:[W724 04:52:21.011029717 TCPStore.cpp:106] [c10d] sendBytes failed on SocketImpl(fd=73, addr=[localhost]:37294, remote=[localhost]:29600): Broken pipe
Exception raised from sendBytes at /pytorch/torch/csrc/distributed/c10d/Utils.hpp:653 (most recent call first):
frame #0: c10::Error::Error(c10::SourceLocation, std::__cxx11::basic_string<char, std::char_traits<char>, std::allocator<char> >) + 0x80 (0x7fe66977eeb0 in /opt/conda/lib/python3.11/site-packages/torch/lib/libc10.so)
frame #1: <unknown function> + 0x5d694d1 (0x7fe64d7ae4d1 in /opt/conda/lib/python3.11/site-packages/torch/lib/libtorch_cpu.so)
frame #2: <unknown function> + 0x5d69d62 (0x7fe64d7aed62 in /opt/conda/lib/python3.11/site-packages/torch/lib/libtorch_cpu.so)
frame #3: <unknown function> + 0x5d6b86e (0x7fe64d7b086e in /opt/conda/lib/python3.11/site-packages/torch/lib/libtorch_cpu.so)
frame #4: c10d::TCPStore::check(std::vector<std::__cxx11::basic_string<char, std::char_traits<char>, std::allocator<char> >, std::allocator<std::__cxx11::basic_string<char, std::char_traits<char>, std::allocator<char> > > > const&) + 0x30e (0x7fe64d7ab18e in /opt/conda/lib/python3.11/site-packages/torch/lib/libtorch_cpu.so)
frame #5: c10d::ProcessGroupNCCL::HeartbeatMonitor::runLoop() + 0x398 (0x7fe60cc90b18 in /opt/conda/lib/python3.11/site-packages/torch/lib/libtorch_cuda.so)
frame #6: <unknown function> + 0xd8198 (0x7fe5f067e198 in /opt/conda/bin/../lib/libstdc++.so.6)
frame #7: <unknown function> + 0x94ac3 (0x7fe66b020ac3 in /lib/x86_64-linux-gnu/libc.so.6)
frame #8: <unknown function> + 0x126850 (0x7fe66b0b2850 in /lib/x86_64-linux-gnu/libc.so.6)

[rank2]:[W724 04:52:21.015514876 ProcessGroupNCCL.cpp:1783] [PG ID 0 PG GUID 0(default_pg) Rank 2] Failed to check the "should dump" flag on TCPStore, (maybe TCPStore server has shut down too early), with error: Broken pipe
[rank7]:[W724 04:52:21.062876810 TCPStore.cpp:106] [c10d] sendBytes failed on SocketImpl(fd=73, addr=[localhost]:40292, remote=[localhost]:29600): Broken pipe
Exception raised from sendBytes at /pytorch/torch/csrc/distributed/c10d/Utils.hpp:653 (most recent call first):
frame #0: c10::Error::Error(c10::SourceLocation, std::__cxx11::basic_string<char, std::char_traits<char>, std::allocator<char> >) + 0x80 (0x7f3b80f7eeb0 in /opt/conda/lib/python3.11/site-packages/torch/lib/libc10.so)
frame #1: <unknown function> + 0x5d694d1 (0x7f3b64fae4d1 in /opt/conda/lib/python3.11/site-packages/torch/lib/libtorch_cpu.so)
frame #2: <unknown function> + 0x5d69d62 (0x7f3b64faed62 in /opt/conda/lib/python3.11/site-packages/torch/lib/libtorch_cpu.so)
frame #3: <unknown function> + 0x5d6b86e (0x7f3b64fb086e in /opt/conda/lib/python3.11/site-packages/torch/lib/libtorch_cpu.so)
frame #4: c10d::TCPStore::check(std::vector<std::__cxx11::basic_string<char, std::char_traits<char>, std::allocator<char> >, std::allocator<std::__cxx11::basic_string<char, std::char_traits<char>, std::allocator<char> > > > const&) + 0x30e (0x7f3b64fab18e in /opt/conda/lib/python3.11/site-packages/torch/lib/libtorch_cpu.so)
frame #5: c10d::ProcessGroupNCCL::HeartbeatMonitor::runLoop() + 0x398 (0x7f3b24490b18 in /opt/conda/lib/python3.11/site-packages/torch/lib/libtorch_cuda.so)
frame #6: <unknown function> + 0xd8198 (0x7f3b07e7e198 in /opt/conda/bin/../lib/libstdc++.so.6)
frame #7: <unknown function> + 0x94ac3 (0x7f3b827cdac3 in /lib/x86_64-linux-gnu/libc.so.6)
frame #8: <unknown function> + 0x126850 (0x7f3b8285f850 in /lib/x86_64-linux-gnu/libc.so.6)

[rank7]:[W724 04:52:21.067016598 ProcessGroupNCCL.cpp:1783] [PG ID 0 PG GUID 0(default_pg) Rank 7] Failed to check the "should dump" flag on TCPStore, (maybe TCPStore server has shut down too early), with error: Broken pipe
[rank5]:[W724 04:52:22.759100780 TCPStore.cpp:106] [c10d] sendBytes failed on SocketImpl(fd=36, addr=[localhost]:37284, remote=[localhost]:29600): Broken pipe
Exception raised from sendBytes at /pytorch/torch/csrc/distributed/c10d/Utils.hpp:653 (most recent call first):
frame #0: c10::Error::Error(c10::SourceLocation, std::__cxx11::basic_string<char, std::char_traits<char>, std::allocator<char> >) + 0x80 (0x7efdd22d9eb0 in /opt/conda/lib/python3.11/site-packages/torch/lib/libc10.so)
frame #1: <unknown function> + 0x5d694d1 (0x7efdb63ae4d1 in /opt/conda/lib/python3.11/site-packages/torch/lib/libtorch_cpu.so)
frame #2: <unknown function> + 0x5d69d62 (0x7efdb63aed62 in /opt/conda/lib/python3.11/site-packages/torch/lib/libtorch_cpu.so)
frame #3: <unknown function> + 0x5d6b86e (0x7efdb63b086e in /opt/conda/lib/python3.11/site-packages/torch/lib/libtorch_cpu.so)
frame #4: c10d::TCPStore::check(std::vector<std::__cxx11::basic_string<char, std::char_traits<char>, std::allocator<char> >, std::allocator<std::__cxx11::basic_string<char, std::char_traits<char>, std::allocator<char> > > > const&) + 0x30e (0x7efdb63ab18e in /opt/conda/lib/python3.11/site-packages/torch/lib/libtorch_cpu.so)
frame #5: c10d::ProcessGroupNCCL::HeartbeatMonitor::runLoop() + 0x398 (0x7efd75890b18 in /opt/conda/lib/python3.11/site-packages/torch/lib/libtorch_cuda.so)
frame #6: <unknown function> + 0xd8198 (0x7efd5927e198 in /opt/conda/bin/../lib/libstdc++.so.6)
frame #7: <unknown function> + 0x94ac3 (0x7efdd3ba0ac3 in /lib/x86_64-linux-gnu/libc.so.6)
frame #8: <unknown function> + 0x126850 (0x7efdd3c32850 in /lib/x86_64-linux-gnu/libc.so.6)

[rank5]:[W724 04:52:22.763064008 ProcessGroupNCCL.cpp:1783] [PG ID 0 PG GUID 0(default_pg) Rank 5] Failed to check the "should dump" flag on TCPStore, (maybe TCPStore server has shut down too early), with error: Broken pipe
[rank2]:[W724 04:52:22.016161837 TCPStore.cpp:106] [c10d] sendBytes failed on SocketImpl(fd=73, addr=[localhost]:37294, remote=[localhost]:29600): Broken pipe
Exception raised from sendBytes at /pytorch/torch/csrc/distributed/c10d/Utils.hpp:653 (most recent call first):
frame #0: c10::Error::Error(c10::SourceLocation, std::__cxx11::basic_string<char, std::char_traits<char>, std::allocator<char> >) + 0x80 (0x7fe66977eeb0 in /opt/conda/lib/python3.11/site-packages/torch/lib/libc10.so)
frame #1: <unknown function> + 0x5d694d1 (0x7fe64d7ae4d1 in /opt/conda/lib/python3.11/site-packages/torch/lib/libtorch_cpu.so)
frame #2: <unknown function> + 0x5d69d62 (0x7fe64d7aed62 in /opt/conda/lib/python3.11/site-packages/torch/lib/libtorch_cpu.so)
frame #3: <unknown function> + 0x5d6b86e (0x7fe64d7b086e in /opt/conda/lib/python3.11/site-packages/torch/lib/libtorch_cpu.so)
frame #4: c10d::TCPStore::check(std::vector<std::__cxx11::basic_string<char, std::char_traits<char>, std::allocator<char> >, std::allocator<std::__cxx11::basic_string<char, std::char_traits<char>, std::allocator<char> > > > const&) + 0x30e (0x7fe64d7ab18e in /opt/conda/lib/python3.11/site-packages/torch/lib/libtorch_cpu.so)
frame #5: c10d::ProcessGroupNCCL::HeartbeatMonitor::runLoop() + 0x398 (0x7fe60cc90b18 in /opt/conda/lib/python3.11/site-packages/torch/lib/libtorch_cuda.so)
frame #6: <unknown function> + 0xd8198 (0x7fe5f067e198 in /opt/conda/bin/../lib/libstdc++.so.6)
frame #7: <unknown function> + 0x94ac3 (0x7fe66b020ac3 in /lib/x86_64-linux-gnu/libc.so.6)
frame #8: <unknown function> + 0x126850 (0x7fe66b0b2850 in /lib/x86_64-linux-gnu/libc.so.6)

[rank2]:[W724 04:52:22.022328049 ProcessGroupNCCL.cpp:1783] [PG ID 0 PG GUID 0(default_pg) Rank 2] Failed to check the "should dump" flag on TCPStore, (maybe TCPStore server has shut down too early), with error: Broken pipe
[rank7]:[W724 04:52:22.067454268 TCPStore.cpp:106] [c10d] sendBytes failed on SocketImpl(fd=73, addr=[localhost]:40292, remote=[localhost]:29600): Broken pipe
Exception raised from sendBytes at /pytorch/torch/csrc/distributed/c10d/Utils.hpp:653 (most recent call first):
frame #0: c10::Error::Error(c10::SourceLocation, std::__cxx11::basic_string<char, std::char_traits<char>, std::allocator<char> >) + 0x80 (0x7f3b80f7eeb0 in /opt/conda/lib/python3.11/site-packages/torch/lib/libc10.so)
frame #1: <unknown function> + 0x5d694d1 (0x7f3b64fae4d1 in /opt/conda/lib/python3.11/site-packages/torch/lib/libtorch_cpu.so)
frame #2: <unknown function> + 0x5d69d62 (0x7f3b64faed62 in /opt/conda/lib/python3.11/site-packages/torch/lib/libtorch_cpu.so)
frame #3: <unknown function> + 0x5d6b86e (0x7f3b64fb086e in /opt/conda/lib/python3.11/site-packages/torch/lib/libtorch_cpu.so)
frame #4: c10d::TCPStore::check(std::vector<std::__cxx11::basic_string<char, std::char_traits<char>, std::allocator<char> >, std::allocator<std::__cxx11::basic_string<char, std::char_traits<char>, std::allocator<char> > > > const&) + 0x30e (0x7f3b64fab18e in /opt/conda/lib/python3.11/site-packages/torch/lib/libtorch_cpu.so)
frame #5: c10d::ProcessGroupNCCL::HeartbeatMonitor::runLoop() + 0x398 (0x7f3b24490b18 in /opt/conda/lib/python3.11/site-packages/torch/lib/libtorch_cuda.so)
frame #6: <unknown function> + 0xd8198 (0x7f3b07e7e198 in /opt/conda/bin/../lib/libstdc++.so.6)
frame #7: <unknown function> + 0x94ac3 (0x7f3b827cdac3 in /lib/x86_64-linux-gnu/libc.so.6)
frame #8: <unknown function> + 0x126850 (0x7f3b8285f850 in /lib/x86_64-linux-gnu/libc.so.6)

[rank7]:[W724 04:52:22.071638766 ProcessGroupNCCL.cpp:1783] [PG ID 0 PG GUID 0(default_pg) Rank 7] Failed to check the "should dump" flag on TCPStore, (maybe TCPStore server has shut down too early), with error: Broken pipe
[rank5]:[W724 04:52:23.763432168 TCPStore.cpp:106] [c10d] sendBytes failed on SocketImpl(fd=36, addr=[localhost]:37284, remote=[localhost]:29600): Broken pipe
Exception raised from sendBytes at /pytorch/torch/csrc/distributed/c10d/Utils.hpp:653 (most recent call first):
frame #0: c10::Error::Error(c10::SourceLocation, std::__cxx11::basic_string<char, std::char_traits<char>, std::allocator<char> >) + 0x80 (0x7efdd22d9eb0 in /opt/conda/lib/python3.11/site-packages/torch/lib/libc10.so)
frame #1: <unknown function> + 0x5d694d1 (0x7efdb63ae4d1 in /opt/conda/lib/python3.11/site-packages/torch/lib/libtorch_cpu.so)
frame #2: <unknown function> + 0x5d69d62 (0x7efdb63aed62 in /opt/conda/lib/python3.11/site-packages/torch/lib/libtorch_cpu.so)
frame #3: <unknown function> + 0x5d6b86e (0x7efdb63b086e in /opt/conda/lib/python3.11/site-packages/torch/lib/libtorch_cpu.so)
frame #4: c10d::TCPStore::check(std::vector<std::__cxx11::basic_string<char, std::char_traits<char>, std::allocator<char> >, std::allocator<std::__cxx11::basic_string<char, std::char_traits<char>, std::allocator<char> > > > const&) + 0x30e (0x7efdb63ab18e in /opt/conda/lib/python3.11/site-packages/torch/lib/libtorch_cpu.so)
frame #5: c10d::ProcessGroupNCCL::HeartbeatMonitor::runLoop() + 0x398 (0x7efd75890b18 in /opt/conda/lib/python3.11/site-packages/torch/lib/libtorch_cuda.so)
frame #6: <unknown function> + 0xd8198 (0x7efd5927e198 in /opt/conda/bin/../lib/libstdc++.so.6)
frame #7: <unknown function> + 0x94ac3 (0x7efdd3ba0ac3 in /lib/x86_64-linux-gnu/libc.so.6)
frame #8: <unknown function> + 0x126850 (0x7efdd3c32850 in /lib/x86_64-linux-gnu/libc.so.6)

[rank5]:[W724 04:52:23.766969465 ProcessGroupNCCL.cpp:1783] [PG ID 0 PG GUID 0(default_pg) Rank 5] Failed to check the "should dump" flag on TCPStore, (maybe TCPStore server has shut down too early), with error: Broken pipe
[rank2]:[W724 04:52:23.022738939 TCPStore.cpp:106] [c10d] sendBytes failed on SocketImpl(fd=73, addr=[localhost]:37294, remote=[localhost]:29600): Broken pipe
Exception raised from sendBytes at /pytorch/torch/csrc/distributed/c10d/Utils.hpp:653 (most recent call first):
frame #0: c10::Error::Error(c10::SourceLocation, std::__cxx11::basic_string<char, std::char_traits<char>, std::allocator<char> >) + 0x80 (0x7fe66977eeb0 in /opt/conda/lib/python3.11/site-packages/torch/lib/libc10.so)
frame #1: <unknown function> + 0x5d694d1 (0x7fe64d7ae4d1 in /opt/conda/lib/python3.11/site-packages/torch/lib/libtorch_cpu.so)
frame #2: <unknown function> + 0x5d69d62 (0x7fe64d7aed62 in /opt/conda/lib/python3.11/site-packages/torch/lib/libtorch_cpu.so)
frame #3: <unknown function> + 0x5d6b86e (0x7fe64d7b086e in /opt/conda/lib/python3.11/site-packages/torch/lib/libtorch_cpu.so)
frame #4: c10d::TCPStore::check(std::vector<std::__cxx11::basic_string<char, std::char_traits<char>, std::allocator<char> >, std::allocator<std::__cxx11::basic_string<char, std::char_traits<char>, std::allocator<char> > > > const&) + 0x30e (0x7fe64d7ab18e in /opt/conda/lib/python3.11/site-packages/torch/lib/libtorch_cpu.so)
frame #5: c10d::ProcessGroupNCCL::HeartbeatMonitor::runLoop() + 0x398 (0x7fe60cc90b18 in /opt/conda/lib/python3.11/site-packages/torch/lib/libtorch_cuda.so)
frame #6: <unknown function> + 0xd8198 (0x7fe5f067e198 in /opt/conda/bin/../lib/libstdc++.so.6)
frame #7: <unknown function> + 0x94ac3 (0x7fe66b020ac3 in /lib/x86_64-linux-gnu/libc.so.6)
frame #8: <unknown function> + 0x126850 (0x7fe66b0b2850 in /lib/x86_64-linux-gnu/libc.so.6)

[rank2]:[W724 04:52:23.028000959 ProcessGroupNCCL.cpp:1783] [PG ID 0 PG GUID 0(default_pg) Rank 2] Failed to check the "should dump" flag on TCPStore, (maybe TCPStore server has shut down too early), with error: Broken pipe
[rank7]:[W724 04:52:23.072207746 TCPStore.cpp:106] [c10d] sendBytes failed on SocketImpl(fd=73, addr=[localhost]:40292, remote=[localhost]:29600): Broken pipe
Exception raised from sendBytes at /pytorch/torch/csrc/distributed/c10d/Utils.hpp:653 (most recent call first):
frame #0: c10::Error::Error(c10::SourceLocation, std::__cxx11::basic_string<char, std::char_traits<char>, std::allocator<char> >) + 0x80 (0x7f3b80f7eeb0 in /opt/conda/lib/python3.11/site-packages/torch/lib/libc10.so)
frame #1: <unknown function> + 0x5d694d1 (0x7f3b64fae4d1 in /opt/conda/lib/python3.11/site-packages/torch/lib/libtorch_cpu.so)
frame #2: <unknown function> + 0x5d69d62 (0x7f3b64faed62 in /opt/conda/lib/python3.11/site-packages/torch/lib/libtorch_cpu.so)
frame #3: <unknown function> + 0x5d6b86e (0x7f3b64fb086e in /opt/conda/lib/python3.11/site-packages/torch/lib/libtorch_cpu.so)
frame #4: c10d::TCPStore::check(std::vector<std::__cxx11::basic_string<char, std::char_traits<char>, std::allocator<char> >, std::allocator<std::__cxx11::basic_string<char, std::char_traits<char>, std::allocator<char> > > > const&) + 0x30e (0x7f3b64fab18e in /opt/conda/lib/python3.11/site-packages/torch/lib/libtorch_cpu.so)
frame #5: c10d::ProcessGroupNCCL::HeartbeatMonitor::runLoop() + 0x398 (0x7f3b24490b18 in /opt/conda/lib/python3.11/site-packages/torch/lib/libtorch_cuda.so)
frame #6: <unknown function> + 0xd8198 (0x7f3b07e7e198 in /opt/conda/bin/../lib/libstdc++.so.6)
frame #7: <unknown function> + 0x94ac3 (0x7f3b827cdac3 in /lib/x86_64-linux-gnu/libc.so.6)
frame #8: <unknown function> + 0x126850 (0x7f3b8285f850 in /lib/x86_64-linux-gnu/libc.so.6)

[rank7]:[W724 04:52:23.076370804 ProcessGroupNCCL.cpp:1783] [PG ID 0 PG GUID 0(default_pg) Rank 7] Failed to check the "should dump" flag on TCPStore, (maybe TCPStore server has shut down too early), with error: Broken pipe
[rank5]:[W724 04:52:24.767295494 TCPStore.cpp:106] [c10d] sendBytes failed on SocketImpl(fd=36, addr=[localhost]:37284, remote=[localhost]:29600): Broken pipe
Exception raised from sendBytes at /pytorch/torch/csrc/distributed/c10d/Utils.hpp:653 (most recent call first):
frame #0: c10::Error::Error(c10::SourceLocation, std::__cxx11::basic_string<char, std::char_traits<char>, std::allocator<char> >) + 0x80 (0x7efdd22d9eb0 in /opt/conda/lib/python3.11/site-packages/torch/lib/libc10.so)
frame #1: <unknown function> + 0x5d694d1 (0x7efdb63ae4d1 in /opt/conda/lib/python3.11/site-packages/torch/lib/libtorch_cpu.so)
frame #2: <unknown function> + 0x5d69d62 (0x7efdb63aed62 in /opt/conda/lib/python3.11/site-packages/torch/lib/libtorch_cpu.so)
frame #3: <unknown function> + 0x5d6b86e (0x7efdb63b086e in /opt/conda/lib/python3.11/site-packages/torch/lib/libtorch_cpu.so)
frame #4: c10d::TCPStore::check(std::vector<std::__cxx11::basic_string<char, std::char_traits<char>, std::allocator<char> >, std::allocator<std::__cxx11::basic_string<char, std::char_traits<char>, std::allocator<char> > > > const&) + 0x30e (0x7efdb63ab18e in /opt/conda/lib/python3.11/site-packages/torch/lib/libtorch_cpu.so)
frame #5: c10d::ProcessGroupNCCL::HeartbeatMonitor::runLoop() + 0x398 (0x7efd75890b18 in /opt/conda/lib/python3.11/site-packages/torch/lib/libtorch_cuda.so)
frame #6: <unknown function> + 0xd8198 (0x7efd5927e198 in /opt/conda/bin/../lib/libstdc++.so.6)
frame #7: <unknown function> + 0x94ac3 (0x7efdd3ba0ac3 in /lib/x86_64-linux-gnu/libc.so.6)
frame #8: <unknown function> + 0x126850 (0x7efdd3c32850 in /lib/x86_64-linux-gnu/libc.so.6)

[rank5]:[W724 04:52:24.771275742 ProcessGroupNCCL.cpp:1783] [PG ID 0 PG GUID 0(default_pg) Rank 5] Failed to check the "should dump" flag on TCPStore, (maybe TCPStore server has shut down too early), with error: Broken pipe
[rank2]:[W724 04:52:24.028769449 TCPStore.cpp:106] [c10d] sendBytes failed on SocketImpl(fd=73, addr=[localhost]:37294, remote=[localhost]:29600): Broken pipe
Exception raised from sendBytes at /pytorch/torch/csrc/distributed/c10d/Utils.hpp:653 (most recent call first):
frame #0: c10::Error::Error(c10::SourceLocation, std::__cxx11::basic_string<char, std::char_traits<char>, std::allocator<char> >) + 0x80 (0x7fe66977eeb0 in /opt/conda/lib/python3.11/site-packages/torch/lib/libc10.so)
frame #1: <unknown function> + 0x5d694d1 (0x7fe64d7ae4d1 in /opt/conda/lib/python3.11/site-packages/torch/lib/libtorch_cpu.so)
frame #2: <unknown function> + 0x5d69d62 (0x7fe64d7aed62 in /opt/conda/lib/python3.11/site-packages/torch/lib/libtorch_cpu.so)
frame #3: <unknown function> + 0x5d6b86e (0x7fe64d7b086e in /opt/conda/lib/python3.11/site-packages/torch/lib/libtorch_cpu.so)
frame #4: c10d::TCPStore::check(std::vector<std::__cxx11::basic_string<char, std::char_traits<char>, std::allocator<char> >, std::allocator<std::__cxx11::basic_string<char, std::char_traits<char>, std::allocator<char> > > > const&) + 0x30e (0x7fe64d7ab18e in /opt/conda/lib/python3.11/site-packages/torch/lib/libtorch_cpu.so)
frame #5: c10d::ProcessGroupNCCL::HeartbeatMonitor::runLoop() + 0x398 (0x7fe60cc90b18 in /opt/conda/lib/python3.11/site-packages/torch/lib/libtorch_cuda.so)
frame #6: <unknown function> + 0xd8198 (0x7fe5f067e198 in /opt/conda/bin/../lib/libstdc++.so.6)
frame #7: <unknown function> + 0x94ac3 (0x7fe66b020ac3 in /lib/x86_64-linux-gnu/libc.so.6)
frame #8: <unknown function> + 0x126850 (0x7fe66b0b2850 in /lib/x86_64-linux-gnu/libc.so.6)

[rank2]:[W724 04:52:24.035225322 ProcessGroupNCCL.cpp:1783] [PG ID 0 PG GUID 0(default_pg) Rank 2] Failed to check the "should dump" flag on TCPStore, (maybe TCPStore server has shut down too early), with error: Broken pipe
[rank7]:[W724 04:52:24.076858344 TCPStore.cpp:106] [c10d] sendBytes failed on SocketImpl(fd=73, addr=[localhost]:40292, remote=[localhost]:29600): Broken pipe
Exception raised from sendBytes at /pytorch/torch/csrc/distributed/c10d/Utils.hpp:653 (most recent call first):
frame #0: c10::Error::Error(c10::SourceLocation, std::__cxx11::basic_string<char, std::char_traits<char>, std::allocator<char> >) + 0x80 (0x7f3b80f7eeb0 in /opt/conda/lib/python3.11/site-packages/torch/lib/libc10.so)
frame #1: <unknown function> + 0x5d694d1 (0x7f3b64fae4d1 in /opt/conda/lib/python3.11/site-packages/torch/lib/libtorch_cpu.so)
frame #2: <unknown function> + 0x5d69d62 (0x7f3b64faed62 in /opt/conda/lib/python3.11/site-packages/torch/lib/libtorch_cpu.so)
frame #3: <unknown function> + 0x5d6b86e (0x7f3b64fb086e in /opt/conda/lib/python3.11/site-packages/torch/lib/libtorch_cpu.so)
frame #4: c10d::TCPStore::check(std::vector<std::__cxx11::basic_string<char, std::char_traits<char>, std::allocator<char> >, std::allocator<std::__cxx11::basic_string<char, std::char_traits<char>, std::allocator<char> > > > const&) + 0x30e (0x7f3b64fab18e in /opt/conda/lib/python3.11/site-packages/torch/lib/libtorch_cpu.so)
frame #5: c10d::ProcessGroupNCCL::HeartbeatMonitor::runLoop() + 0x398 (0x7f3b24490b18 in /opt/conda/lib/python3.11/site-packages/torch/lib/libtorch_cuda.so)
frame #6: <unknown function> + 0xd8198 (0x7f3b07e7e198 in /opt/conda/bin/../lib/libstdc++.so.6)
frame #7: <unknown function> + 0x94ac3 (0x7f3b827cdac3 in /lib/x86_64-linux-gnu/libc.so.6)
frame #8: <unknown function> + 0x126850 (0x7f3b8285f850 in /lib/x86_64-linux-gnu/libc.so.6)

[rank7]:[W724 04:52:24.081021452 ProcessGroupNCCL.cpp:1783] [PG ID 0 PG GUID 0(default_pg) Rank 7] Failed to check the "should dump" flag on TCPStore, (maybe TCPStore server has shut down too early), with error: Broken pipe
[rank5]:[W724 04:52:25.771753692 TCPStore.cpp:106] [c10d] sendBytes failed on SocketImpl(fd=36, addr=[localhost]:37284, remote=[localhost]:29600): Broken pipe
Exception raised from sendBytes at /pytorch/torch/csrc/distributed/c10d/Utils.hpp:653 (most recent call first):
frame #0: c10::Error::Error(c10::SourceLocation, std::__cxx11::basic_string<char, std::char_traits<char>, std::allocator<char> >) + 0x80 (0x7efdd22d9eb0 in /opt/conda/lib/python3.11/site-packages/torch/lib/libc10.so)
frame #1: <unknown function> + 0x5d694d1 (0x7efdb63ae4d1 in /opt/conda/lib/python3.11/site-packages/torch/lib/libtorch_cpu.so)
frame #2: <unknown function> + 0x5d69d62 (0x7efdb63aed62 in /opt/conda/lib/python3.11/site-packages/torch/lib/libtorch_cpu.so)
frame #3: <unknown function> + 0x5d6b86e (0x7efdb63b086e in /opt/conda/lib/python3.11/site-packages/torch/lib/libtorch_cpu.so)
frame #4: c10d::TCPStore::check(std::vector<std::__cxx11::basic_string<char, std::char_traits<char>, std::allocator<char> >, std::allocator<std::__cxx11::basic_string<char, std::char_traits<char>, std::allocator<char> > > > const&) + 0x30e (0x7efdb63ab18e in /opt/conda/lib/python3.11/site-packages/torch/lib/libtorch_cpu.so)
frame #5: c10d::ProcessGroupNCCL::HeartbeatMonitor::runLoop() + 0x398 (0x7efd75890b18 in /opt/conda/lib/python3.11/site-packages/torch/lib/libtorch_cuda.so)
frame #6: <unknown function> + 0xd8198 (0x7efd5927e198 in /opt/conda/bin/../lib/libstdc++.so.6)
frame #7: <unknown function> + 0x94ac3 (0x7efdd3ba0ac3 in /lib/x86_64-linux-gnu/libc.so.6)
frame #8: <unknown function> + 0x126850 (0x7efdd3c32850 in /lib/x86_64-linux-gnu/libc.so.6)

[rank5]:[W724 04:52:25.775349389 ProcessGroupNCCL.cpp:1783] [PG ID 0 PG GUID 0(default_pg) Rank 5] Failed to check the "should dump" flag on TCPStore, (maybe TCPStore server has shut down too early), with error: Broken pipe
[rank2]:[W724 04:52:25.035678402 TCPStore.cpp:106] [c10d] sendBytes failed on SocketImpl(fd=73, addr=[localhost]:37294, remote=[localhost]:29600): Broken pipe
Exception raised from sendBytes at /pytorch/torch/csrc/distributed/c10d/Utils.hpp:653 (most recent call first):
frame #0: c10::Error::Error(c10::SourceLocation, std::__cxx11::basic_string<char, std::char_traits<char>, std::allocator<char> >) + 0x80 (0x7fe66977eeb0 in /opt/conda/lib/python3.11/site-packages/torch/lib/libc10.so)
frame #1: <unknown function> + 0x5d694d1 (0x7fe64d7ae4d1 in /opt/conda/lib/python3.11/site-packages/torch/lib/libtorch_cpu.so)
frame #2: <unknown function> + 0x5d69d62 (0x7fe64d7aed62 in /opt/conda/lib/python3.11/site-packages/torch/lib/libtorch_cpu.so)
frame #3: <unknown function> + 0x5d6b86e (0x7fe64d7b086e in /opt/conda/lib/python3.11/site-packages/torch/lib/libtorch_cpu.so)
frame #4: c10d::TCPStore::check(std::vector<std::__cxx11::basic_string<char, std::char_traits<char>, std::allocator<char> >, std::allocator<std::__cxx11::basic_string<char, std::char_traits<char>, std::allocator<char> > > > const&) + 0x30e (0x7fe64d7ab18e in /opt/conda/lib/python3.11/site-packages/torch/lib/libtorch_cpu.so)
frame #5: c10d::ProcessGroupNCCL::HeartbeatMonitor::runLoop() + 0x398 (0x7fe60cc90b18 in /opt/conda/lib/python3.11/site-packages/torch/lib/libtorch_cuda.so)
frame #6: <unknown function> + 0xd8198 (0x7fe5f067e198 in /opt/conda/bin/../lib/libstdc++.so.6)
frame #7: <unknown function> + 0x94ac3 (0x7fe66b020ac3 in /lib/x86_64-linux-gnu/libc.so.6)
frame #8: <unknown function> + 0x126850 (0x7fe66b0b2850 in /lib/x86_64-linux-gnu/libc.so.6)

[rank2]:[W724 04:52:25.043390977 ProcessGroupNCCL.cpp:1783] [PG ID 0 PG GUID 0(default_pg) Rank 2] Failed to check the "should dump" flag on TCPStore, (maybe TCPStore server has shut down too early), with error: Broken pipe
[rank7]:[W724 04:52:25.081382892 TCPStore.cpp:106] [c10d] sendBytes failed on SocketImpl(fd=73, addr=[localhost]:40292, remote=[localhost]:29600): Broken pipe
Exception raised from sendBytes at /pytorch/torch/csrc/distributed/c10d/Utils.hpp:653 (most recent call first):
frame #0: c10::Error::Error(c10::SourceLocation, std::__cxx11::basic_string<char, std::char_traits<char>, std::allocator<char> >) + 0x80 (0x7f3b80f7eeb0 in /opt/conda/lib/python3.11/site-packages/torch/lib/libc10.so)
frame #1: <unknown function> + 0x5d694d1 (0x7f3b64fae4d1 in /opt/conda/lib/python3.11/site-packages/torch/lib/libtorch_cpu.so)
frame #2: <unknown function> + 0x5d69d62 (0x7f3b64faed62 in /opt/conda/lib/python3.11/site-packages/torch/lib/libtorch_cpu.so)
frame #3: <unknown function> + 0x5d6b86e (0x7f3b64fb086e in /opt/conda/lib/python3.11/site-packages/torch/lib/libtorch_cpu.so)
frame #4: c10d::TCPStore::check(std::vector<std::__cxx11::basic_string<char, std::char_traits<char>, std::allocator<char> >, std::allocator<std::__cxx11::basic_string<char, std::char_traits<char>, std::allocator<char> > > > const&) + 0x30e (0x7f3b64fab18e in /opt/conda/lib/python3.11/site-packages/torch/lib/libtorch_cpu.so)
frame #5: c10d::ProcessGroupNCCL::HeartbeatMonitor::runLoop() + 0x398 (0x7f3b24490b18 in /opt/conda/lib/python3.11/site-packages/torch/lib/libtorch_cuda.so)
frame #6: <unknown function> + 0xd8198 (0x7f3b07e7e198 in /opt/conda/bin/../lib/libstdc++.so.6)
frame #7: <unknown function> + 0x94ac3 (0x7f3b827cdac3 in /lib/x86_64-linux-gnu/libc.so.6)
frame #8: <unknown function> + 0x126850 (0x7f3b8285f850 in /lib/x86_64-linux-gnu/libc.so.6)

[rank7]:[W724 04:52:25.085548850 ProcessGroupNCCL.cpp:1783] [PG ID 0 PG GUID 0(default_pg) Rank 7] Failed to check the "should dump" flag on TCPStore, (maybe TCPStore server has shut down too early), with error: Broken pipe
[rank5]:[W724 04:52:26.775736319 TCPStore.cpp:106] [c10d] sendBytes failed on SocketImpl(fd=36, addr=[localhost]:37284, remote=[localhost]:29600): Broken pipe
Exception raised from sendBytes at /pytorch/torch/csrc/distributed/c10d/Utils.hpp:653 (most recent call first):
frame #0: c10::Error::Error(c10::SourceLocation, std::__cxx11::basic_string<char, std::char_traits<char>, std::allocator<char> >) + 0x80 (0x7efdd22d9eb0 in /opt/conda/lib/python3.11/site-packages/torch/lib/libc10.so)
frame #1: <unknown function> + 0x5d694d1 (0x7efdb63ae4d1 in /opt/conda/lib/python3.11/site-packages/torch/lib/libtorch_cpu.so)
frame #2: <unknown function> + 0x5d69d62 (0x7efdb63aed62 in /opt/conda/lib/python3.11/site-packages/torch/lib/libtorch_cpu.so)
frame #3: <unknown function> + 0x5d6b86e (0x7efdb63b086e in /opt/conda/lib/python3.11/site-packages/torch/lib/libtorch_cpu.so)
frame #4: c10d::TCPStore::check(std::vector<std::__cxx11::basic_string<char, std::char_traits<char>, std::allocator<char> >, std::allocator<std::__cxx11::basic_string<char, std::char_traits<char>, std::allocator<char> > > > const&) + 0x30e (0x7efdb63ab18e in /opt/conda/lib/python3.11/site-packages/torch/lib/libtorch_cpu.so)
frame #5: c10d::ProcessGroupNCCL::HeartbeatMonitor::runLoop() + 0x398 (0x7efd75890b18 in /opt/conda/lib/python3.11/site-packages/torch/lib/libtorch_cuda.so)
frame #6: <unknown function> + 0xd8198 (0x7efd5927e198 in /opt/conda/bin/../lib/libstdc++.so.6)
frame #7: <unknown function> + 0x94ac3 (0x7efdd3ba0ac3 in /lib/x86_64-linux-gnu/libc.so.6)
frame #8: <unknown function> + 0x126850 (0x7efdd3c32850 in /lib/x86_64-linux-gnu/libc.so.6)

[rank5]:[W724 04:52:26.779498037 ProcessGroupNCCL.cpp:1783] [PG ID 0 PG GUID 0(default_pg) Rank 5] Failed to check the "should dump" flag on TCPStore, (maybe TCPStore server has shut down too early), with error: Broken pipe
[rank2]:[W724 04:52:26.043815557 TCPStore.cpp:106] [c10d] sendBytes failed on SocketImpl(fd=73, addr=[localhost]:37294, remote=[localhost]:29600): Broken pipe
Exception raised from sendBytes at /pytorch/torch/csrc/distributed/c10d/Utils.hpp:653 (most recent call first):
frame #0: c10::Error::Error(c10::SourceLocation, std::__cxx11::basic_string<char, std::char_traits<char>, std::allocator<char> >) + 0x80 (0x7fe66977eeb0 in /opt/conda/lib/python3.11/site-packages/torch/lib/libc10.so)
frame #1: <unknown function> + 0x5d694d1 (0x7fe64d7ae4d1 in /opt/conda/lib/python3.11/site-packages/torch/lib/libtorch_cpu.so)
frame #2: <unknown function> + 0x5d69d62 (0x7fe64d7aed62 in /opt/conda/lib/python3.11/site-packages/torch/lib/libtorch_cpu.so)
frame #3: <unknown function> + 0x5d6b86e (0x7fe64d7b086e in /opt/conda/lib/python3.11/site-packages/torch/lib/libtorch_cpu.so)
frame #4: c10d::TCPStore::check(std::vector<std::__cxx11::basic_string<char, std::char_traits<char>, std::allocator<char> >, std::allocator<std::__cxx11::basic_string<char, std::char_traits<char>, std::allocator<char> > > > const&) + 0x30e (0x7fe64d7ab18e in /opt/conda/lib/python3.11/site-packages/torch/lib/libtorch_cpu.so)
frame #5: c10d::ProcessGroupNCCL::HeartbeatMonitor::runLoop() + 0x398 (0x7fe60cc90b18 in /opt/conda/lib/python3.11/site-packages/torch/lib/libtorch_cuda.so)
frame #6: <unknown function> + 0xd8198 (0x7fe5f067e198 in /opt/conda/bin/../lib/libstdc++.so.6)
frame #7: <unknown function> + 0x94ac3 (0x7fe66b020ac3 in /lib/x86_64-linux-gnu/libc.so.6)
frame #8: <unknown function> + 0x126850 (0x7fe66b0b2850 in /lib/x86_64-linux-gnu/libc.so.6)

[rank2]:[W724 04:52:26.051541812 ProcessGroupNCCL.cpp:1783] [PG ID 0 PG GUID 0(default_pg) Rank 2] Failed to check the "should dump" flag on TCPStore, (maybe TCPStore server has shut down too early), with error: Broken pipe
[rank7]:[W724 04:52:26.086414301 TCPStore.cpp:106] [c10d] sendBytes failed on SocketImpl(fd=73, addr=[localhost]:40292, remote=[localhost]:29600): Broken pipe
Exception raised from sendBytes at /pytorch/torch/csrc/distributed/c10d/Utils.hpp:653 (most recent call first):
frame #0: c10::Error::Error(c10::SourceLocation, std::__cxx11::basic_string<char, std::char_traits<char>, std::allocator<char> >) + 0x80 (0x7f3b80f7eeb0 in /opt/conda/lib/python3.11/site-packages/torch/lib/libc10.so)
frame #1: <unknown function> + 0x5d694d1 (0x7f3b64fae4d1 in /opt/conda/lib/python3.11/site-packages/torch/lib/libtorch_cpu.so)
frame #2: <unknown function> + 0x5d69d62 (0x7f3b64faed62 in /opt/conda/lib/python3.11/site-packages/torch/lib/libtorch_cpu.so)
frame #3: <unknown function> + 0x5d6b86e (0x7f3b64fb086e in /opt/conda/lib/python3.11/site-packages/torch/lib/libtorch_cpu.so)
frame #4: c10d::TCPStore::check(std::vector<std::__cxx11::basic_string<char, std::char_traits<char>, std::allocator<char> >, std::allocator<std::__cxx11::basic_string<char, std::char_traits<char>, std::allocator<char> > > > const&) + 0x30e (0x7f3b64fab18e in /opt/conda/lib/python3.11/site-packages/torch/lib/libtorch_cpu.so)
frame #5: c10d::ProcessGroupNCCL::HeartbeatMonitor::runLoop() + 0x398 (0x7f3b24490b18 in /opt/conda/lib/python3.11/site-packages/torch/lib/libtorch_cuda.so)
frame #6: <unknown function> + 0xd8198 (0x7f3b07e7e198 in /opt/conda/bin/../lib/libstdc++.so.6)
frame #7: <unknown function> + 0x94ac3 (0x7f3b827cdac3 in /lib/x86_64-linux-gnu/libc.so.6)
frame #8: <unknown function> + 0x126850 (0x7f3b8285f850 in /lib/x86_64-linux-gnu/libc.so.6)

[rank7]:[W724 04:52:26.090430449 ProcessGroupNCCL.cpp:1783] [PG ID 0 PG GUID 0(default_pg) Rank 7] Failed to check the "should dump" flag on TCPStore, (maybe TCPStore server has shut down too early), with error: Broken pipe
[rank5]:[W724 04:52:27.779945496 TCPStore.cpp:106] [c10d] sendBytes failed on SocketImpl(fd=36, addr=[localhost]:37284, remote=[localhost]:29600): Broken pipe
Exception raised from sendBytes at /pytorch/torch/csrc/distributed/c10d/Utils.hpp:653 (most recent call first):
frame #0: c10::Error::Error(c10::SourceLocation, std::__cxx11::basic_string<char, std::char_traits<char>, std::allocator<char> >) + 0x80 (0x7efdd22d9eb0 in /opt/conda/lib/python3.11/site-packages/torch/lib/libc10.so)
frame #1: <unknown function> + 0x5d694d1 (0x7efdb63ae4d1 in /opt/conda/lib/python3.11/site-packages/torch/lib/libtorch_cpu.so)
frame #2: <unknown function> + 0x5d69d62 (0x7efdb63aed62 in /opt/conda/lib/python3.11/site-packages/torch/lib/libtorch_cpu.so)
frame #3: <unknown function> + 0x5d6b86e (0x7efdb63b086e in /opt/conda/lib/python3.11/site-packages/torch/lib/libtorch_cpu.so)
frame #4: c10d::TCPStore::check(std::vector<std::__cxx11::basic_string<char, std::char_traits<char>, std::allocator<char> >, std::allocator<std::__cxx11::basic_string<char, std::char_traits<char>, std::allocator<char> > > > const&) + 0x30e (0x7efdb63ab18e in /opt/conda/lib/python3.11/site-packages/torch/lib/libtorch_cpu.so)
frame #5: c10d::ProcessGroupNCCL::HeartbeatMonitor::runLoop() + 0x398 (0x7efd75890b18 in /opt/conda/lib/python3.11/site-packages/torch/lib/libtorch_cuda.so)
frame #6: <unknown function> + 0xd8198 (0x7efd5927e198 in /opt/conda/bin/../lib/libstdc++.so.6)
frame #7: <unknown function> + 0x94ac3 (0x7efdd3ba0ac3 in /lib/x86_64-linux-gnu/libc.so.6)
frame #8: <unknown function> + 0x126850 (0x7efdd3c32850 in /lib/x86_64-linux-gnu/libc.so.6)

[rank5]:[W724 04:52:27.783442643 ProcessGroupNCCL.cpp:1783] [PG ID 0 PG GUID 0(default_pg) Rank 5] Failed to check the "should dump" flag on TCPStore, (maybe TCPStore server has shut down too early), with error: Broken pipe
[rank2]:[W724 04:52:27.052047342 TCPStore.cpp:106] [c10d] sendBytes failed on SocketImpl(fd=73, addr=[localhost]:37294, remote=[localhost]:29600): Broken pipe
Exception raised from sendBytes at /pytorch/torch/csrc/distributed/c10d/Utils.hpp:653 (most recent call first):
frame #0: c10::Error::Error(c10::SourceLocation, std::__cxx11::basic_string<char, std::char_traits<char>, std::allocator<char> >) + 0x80 (0x7fe66977eeb0 in /opt/conda/lib/python3.11/site-packages/torch/lib/libc10.so)
frame #1: <unknown function> + 0x5d694d1 (0x7fe64d7ae4d1 in /opt/conda/lib/python3.11/site-packages/torch/lib/libtorch_cpu.so)
frame #2: <unknown function> + 0x5d69d62 (0x7fe64d7aed62 in /opt/conda/lib/python3.11/site-packages/torch/lib/libtorch_cpu.so)
frame #3: <unknown function> + 0x5d6b86e (0x7fe64d7b086e in /opt/conda/lib/python3.11/site-packages/torch/lib/libtorch_cpu.so)
frame #4: c10d::TCPStore::check(std::vector<std::__cxx11::basic_string<char, std::char_traits<char>, std::allocator<char> >, std::allocator<std::__cxx11::basic_string<char, std::char_traits<char>, std::allocator<char> > > > const&) + 0x30e (0x7fe64d7ab18e in /opt/conda/lib/python3.11/site-packages/torch/lib/libtorch_cpu.so)
frame #5: c10d::ProcessGroupNCCL::HeartbeatMonitor::runLoop() + 0x398 (0x7fe60cc90b18 in /opt/conda/lib/python3.11/site-packages/torch/lib/libtorch_cuda.so)
frame #6: <unknown function> + 0xd8198 (0x7fe5f067e198 in /opt/conda/bin/../lib/libstdc++.so.6)
frame #7: <unknown function> + 0x94ac3 (0x7fe66b020ac3 in /lib/x86_64-linux-gnu/libc.so.6)
frame #8: <unknown function> + 0x126850 (0x7fe66b0b2850 in /lib/x86_64-linux-gnu/libc.so.6)

[rank2]:[W724 04:52:27.056221921 ProcessGroupNCCL.cpp:1783] [PG ID 0 PG GUID 0(default_pg) Rank 2] Failed to check the "should dump" flag on TCPStore, (maybe TCPStore server has shut down too early), with error: Broken pipe
[rank7]:[W724 04:52:27.090832059 TCPStore.cpp:106] [c10d] sendBytes failed on SocketImpl(fd=73, addr=[localhost]:40292, remote=[localhost]:29600): Broken pipe
Exception raised from sendBytes at /pytorch/torch/csrc/distributed/c10d/Utils.hpp:653 (most recent call first):
frame #0: c10::Error::Error(c10::SourceLocation, std::__cxx11::basic_string<char, std::char_traits<char>, std::allocator<char> >) + 0x80 (0x7f3b80f7eeb0 in /opt/conda/lib/python3.11/site-packages/torch/lib/libc10.so)
frame #1: <unknown function> + 0x5d694d1 (0x7f3b64fae4d1 in /opt/conda/lib/python3.11/site-packages/torch/lib/libtorch_cpu.so)
frame #2: <unknown function> + 0x5d69d62 (0x7f3b64faed62 in /opt/conda/lib/python3.11/site-packages/torch/lib/libtorch_cpu.so)
frame #3: <unknown function> + 0x5d6b86e (0x7f3b64fb086e in /opt/conda/lib/python3.11/site-packages/torch/lib/libtorch_cpu.so)
frame #4: c10d::TCPStore::check(std::vector<std::__cxx11::basic_string<char, std::char_traits<char>, std::allocator<char> >, std::allocator<std::__cxx11::basic_string<char, std::char_traits<char>, std::allocator<char> > > > const&) + 0x30e (0x7f3b64fab18e in /opt/conda/lib/python3.11/site-packages/torch/lib/libtorch_cpu.so)
frame #5: c10d::ProcessGroupNCCL::HeartbeatMonitor::runLoop() + 0x398 (0x7f3b24490b18 in /opt/conda/lib/python3.11/site-packages/torch/lib/libtorch_cuda.so)
frame #6: <unknown function> + 0xd8198 (0x7f3b07e7e198 in /opt/conda/bin/../lib/libstdc++.so.6)
frame #7: <unknown function> + 0x94ac3 (0x7f3b827cdac3 in /lib/x86_64-linux-gnu/libc.so.6)
frame #8: <unknown function> + 0x126850 (0x7f3b8285f850 in /lib/x86_64-linux-gnu/libc.so.6)

[rank7]:[W724 04:52:27.094981787 ProcessGroupNCCL.cpp:1783] [PG ID 0 PG GUID 0(default_pg) Rank 7] Failed to check the "should dump" flag on TCPStore, (maybe TCPStore server has shut down too early), with error: Broken pipe
[rank5]:[W724 04:52:28.783737463 TCPStore.cpp:106] [c10d] sendBytes failed on SocketImpl(fd=36, addr=[localhost]:37284, remote=[localhost]:29600): Broken pipe
Exception raised from sendBytes at /pytorch/torch/csrc/distributed/c10d/Utils.hpp:653 (most recent call first):
frame #0: c10::Error::Error(c10::SourceLocation, std::__cxx11::basic_string<char, std::char_traits<char>, std::allocator<char> >) + 0x80 (0x7efdd22d9eb0 in /opt/conda/lib/python3.11/site-packages/torch/lib/libc10.so)
frame #1: <unknown function> + 0x5d694d1 (0x7efdb63ae4d1 in /opt/conda/lib/python3.11/site-packages/torch/lib/libtorch_cpu.so)
frame #2: <unknown function> + 0x5d69d62 (0x7efdb63aed62 in /opt/conda/lib/python3.11/site-packages/torch/lib/libtorch_cpu.so)
frame #3: <unknown function> + 0x5d6b86e (0x7efdb63b086e in /opt/conda/lib/python3.11/site-packages/torch/lib/libtorch_cpu.so)
frame #4: c10d::TCPStore::check(std::vector<std::__cxx11::basic_string<char, std::char_traits<char>, std::allocator<char> >, std::allocator<std::__cxx11::basic_string<char, std::char_traits<char>, std::allocator<char> > > > const&) + 0x30e (0x7efdb63ab18e in /opt/conda/lib/python3.11/site-packages/torch/lib/libtorch_cpu.so)
frame #5: c10d::ProcessGroupNCCL::HeartbeatMonitor::runLoop() + 0x398 (0x7efd75890b18 in /opt/conda/lib/python3.11/site-packages/torch/lib/libtorch_cuda.so)
frame #6: <unknown function> + 0xd8198 (0x7efd5927e198 in /opt/conda/bin/../lib/libstdc++.so.6)
frame #7: <unknown function> + 0x94ac3 (0x7efdd3ba0ac3 in /lib/x86_64-linux-gnu/libc.so.6)
frame #8: <unknown function> + 0x126850 (0x7efdd3c32850 in /lib/x86_64-linux-gnu/libc.so.6)

[rank5]:[W724 04:52:28.788063212 ProcessGroupNCCL.cpp:1783] [PG ID 0 PG GUID 0(default_pg) Rank 5] Failed to check the "should dump" flag on TCPStore, (maybe TCPStore server has shut down too early), with error: Broken pipe
[rank2]:[W724 04:52:28.056757001 TCPStore.cpp:106] [c10d] sendBytes failed on SocketImpl(fd=73, addr=[localhost]:37294, remote=[localhost]:29600): Broken pipe
Exception raised from sendBytes at /pytorch/torch/csrc/distributed/c10d/Utils.hpp:653 (most recent call first):
frame #0: c10::Error::Error(c10::SourceLocation, std::__cxx11::basic_string<char, std::char_traits<char>, std::allocator<char> >) + 0x80 (0x7fe66977eeb0 in /opt/conda/lib/python3.11/site-packages/torch/lib/libc10.so)
frame #1: <unknown function> + 0x5d694d1 (0x7fe64d7ae4d1 in /opt/conda/lib/python3.11/site-packages/torch/lib/libtorch_cpu.so)
frame #2: <unknown function> + 0x5d69d62 (0x7fe64d7aed62 in /opt/conda/lib/python3.11/site-packages/torch/lib/libtorch_cpu.so)
frame #3: <unknown function> + 0x5d6b86e (0x7fe64d7b086e in /opt/conda/lib/python3.11/site-packages/torch/lib/libtorch_cpu.so)
frame #4: c10d::TCPStore::check(std::vector<std::__cxx11::basic_string<char, std::char_traits<char>, std::allocator<char> >, std::allocator<std::__cxx11::basic_string<char, std::char_traits<char>, std::allocator<char> > > > const&) + 0x30e (0x7fe64d7ab18e in /opt/conda/lib/python3.11/site-packages/torch/lib/libtorch_cpu.so)
frame #5: c10d::ProcessGroupNCCL::HeartbeatMonitor::runLoop() + 0x398 (0x7fe60cc90b18 in /opt/conda/lib/python3.11/site-packages/torch/lib/libtorch_cuda.so)
frame #6: <unknown function> + 0xd8198 (0x7fe5f067e198 in /opt/conda/bin/../lib/libstdc++.so.6)
frame #7: <unknown function> + 0x94ac3 (0x7fe66b020ac3 in /lib/x86_64-linux-gnu/libc.so.6)
frame #8: <unknown function> + 0x126850 (0x7fe66b0b2850 in /lib/x86_64-linux-gnu/libc.so.6)

[rank2]:[W724 04:52:28.061990671 ProcessGroupNCCL.cpp:1783] [PG ID 0 PG GUID 0(default_pg) Rank 2] Failed to check the "should dump" flag on TCPStore, (maybe TCPStore server has shut down too early), with error: Broken pipe
[rank7]:[W724 04:52:28.095457497 TCPStore.cpp:106] [c10d] sendBytes failed on SocketImpl(fd=73, addr=[localhost]:40292, remote=[localhost]:29600): Broken pipe
Exception raised from sendBytes at /pytorch/torch/csrc/distributed/c10d/Utils.hpp:653 (most recent call first):
frame #0: c10::Error::Error(c10::SourceLocation, std::__cxx11::basic_string<char, std::char_traits<char>, std::allocator<char> >) + 0x80 (0x7f3b80f7eeb0 in /opt/conda/lib/python3.11/site-packages/torch/lib/libc10.so)
frame #1: <unknown function> + 0x5d694d1 (0x7f3b64fae4d1 in /opt/conda/lib/python3.11/site-packages/torch/lib/libtorch_cpu.so)
frame #2: <unknown function> + 0x5d69d62 (0x7f3b64faed62 in /opt/conda/lib/python3.11/site-packages/torch/lib/libtorch_cpu.so)
frame #3: <unknown function> + 0x5d6b86e (0x7f3b64fb086e in /opt/conda/lib/python3.11/site-packages/torch/lib/libtorch_cpu.so)
frame #4: c10d::TCPStore::check(std::vector<std::__cxx11::basic_string<char, std::char_traits<char>, std::allocator<char> >, std::allocator<std::__cxx11::basic_string<char, std::char_traits<char>, std::allocator<char> > > > const&) + 0x30e (0x7f3b64fab18e in /opt/conda/lib/python3.11/site-packages/torch/lib/libtorch_cpu.so)
frame #5: c10d::ProcessGroupNCCL::HeartbeatMonitor::runLoop() + 0x398 (0x7f3b24490b18 in /opt/conda/lib/python3.11/site-packages/torch/lib/libtorch_cuda.so)
frame #6: <unknown function> + 0xd8198 (0x7f3b07e7e198 in /opt/conda/bin/../lib/libstdc++.so.6)
frame #7: <unknown function> + 0x94ac3 (0x7f3b827cdac3 in /lib/x86_64-linux-gnu/libc.so.6)
frame #8: <unknown function> + 0x126850 (0x7f3b8285f850 in /lib/x86_64-linux-gnu/libc.so.6)

[rank7]:[W724 04:52:28.099790805 ProcessGroupNCCL.cpp:1783] [PG ID 0 PG GUID 0(default_pg) Rank 7] Failed to check the "should dump" flag on TCPStore, (maybe TCPStore server has shut down too early), with error: Broken pipe
[rank5]:[W724 04:52:29.788528542 TCPStore.cpp:106] [c10d] sendBytes failed on SocketImpl(fd=36, addr=[localhost]:37284, remote=[localhost]:29600): Broken pipe
Exception raised from sendBytes at /pytorch/torch/csrc/distributed/c10d/Utils.hpp:653 (most recent call first):
frame #0: c10::Error::Error(c10::SourceLocation, std::__cxx11::basic_string<char, std::char_traits<char>, std::allocator<char> >) + 0x80 (0x7efdd22d9eb0 in /opt/conda/lib/python3.11/site-packages/torch/lib/libc10.so)
frame #1: <unknown function> + 0x5d694d1 (0x7efdb63ae4d1 in /opt/conda/lib/python3.11/site-packages/torch/lib/libtorch_cpu.so)
frame #2: <unknown function> + 0x5d69d62 (0x7efdb63aed62 in /opt/conda/lib/python3.11/site-packages/torch/lib/libtorch_cpu.so)
frame #3: <unknown function> + 0x5d6b86e (0x7efdb63b086e in /opt/conda/lib/python3.11/site-packages/torch/lib/libtorch_cpu.so)
frame #4: c10d::TCPStore::check(std::vector<std::__cxx11::basic_string<char, std::char_traits<char>, std::allocator<char> >, std::allocator<std::__cxx11::basic_string<char, std::char_traits<char>, std::allocator<char> > > > const&) + 0x30e (0x7efdb63ab18e in /opt/conda/lib/python3.11/site-packages/torch/lib/libtorch_cpu.so)
frame #5: c10d::ProcessGroupNCCL::HeartbeatMonitor::runLoop() + 0x398 (0x7efd75890b18 in /opt/conda/lib/python3.11/site-packages/torch/lib/libtorch_cuda.so)
frame #6: <unknown function> + 0xd8198 (0x7efd5927e198 in /opt/conda/bin/../lib/libstdc++.so.6)
frame #7: <unknown function> + 0x94ac3 (0x7efdd3ba0ac3 in /lib/x86_64-linux-gnu/libc.so.6)
frame #8: <unknown function> + 0x126850 (0x7efdd3c32850 in /lib/x86_64-linux-gnu/libc.so.6)

[rank5]:[W724 04:52:29.792261459 ProcessGroupNCCL.cpp:1783] [PG ID 0 PG GUID 0(default_pg) Rank 5] Failed to check the "should dump" flag on TCPStore, (maybe TCPStore server has shut down too early), with error: Broken pipe
[rank2]:[W724 04:52:29.062403751 TCPStore.cpp:106] [c10d] sendBytes failed on SocketImpl(fd=73, addr=[localhost]:37294, remote=[localhost]:29600): Broken pipe
Exception raised from sendBytes at /pytorch/torch/csrc/distributed/c10d/Utils.hpp:653 (most recent call first):
frame #0: c10::Error::Error(c10::SourceLocation, std::__cxx11::basic_string<char, std::char_traits<char>, std::allocator<char> >) + 0x80 (0x7fe66977eeb0 in /opt/conda/lib/python3.11/site-packages/torch/lib/libc10.so)
frame #1: <unknown function> + 0x5d694d1 (0x7fe64d7ae4d1 in /opt/conda/lib/python3.11/site-packages/torch/lib/libtorch_cpu.so)
frame #2: <unknown function> + 0x5d69d62 (0x7fe64d7aed62 in /opt/conda/lib/python3.11/site-packages/torch/lib/libtorch_cpu.so)
frame #3: <unknown function> + 0x5d6b86e (0x7fe64d7b086e in /opt/conda/lib/python3.11/site-packages/torch/lib/libtorch_cpu.so)
frame #4: c10d::TCPStore::check(std::vector<std::__cxx11::basic_string<char, std::char_traits<char>, std::allocator<char> >, std::allocator<std::__cxx11::basic_string<char, std::char_traits<char>, std::allocator<char> > > > const&) + 0x30e (0x7fe64d7ab18e in /opt/conda/lib/python3.11/site-packages/torch/lib/libtorch_cpu.so)
frame #5: c10d::ProcessGroupNCCL::HeartbeatMonitor::runLoop() + 0x398 (0x7fe60cc90b18 in /opt/conda/lib/python3.11/site-packages/torch/lib/libtorch_cuda.so)
frame #6: <unknown function> + 0xd8198 (0x7fe5f067e198 in /opt/conda/bin/../lib/libstdc++.so.6)
frame #7: <unknown function> + 0x94ac3 (0x7fe66b020ac3 in /lib/x86_64-linux-gnu/libc.so.6)
frame #8: <unknown function> + 0x126850 (0x7fe66b0b2850 in /lib/x86_64-linux-gnu/libc.so.6)

[rank2]:[W724 04:52:29.066903250 ProcessGroupNCCL.cpp:1783] [PG ID 0 PG GUID 0(default_pg) Rank 2] Failed to check the "should dump" flag on TCPStore, (maybe TCPStore server has shut down too early), with error: Broken pipe
[rank7]:[W724 04:52:29.100251695 TCPStore.cpp:106] [c10d] sendBytes failed on SocketImpl(fd=73, addr=[localhost]:40292, remote=[localhost]:29600): Broken pipe
Exception raised from sendBytes at /pytorch/torch/csrc/distributed/c10d/Utils.hpp:653 (most recent call first):
frame #0: c10::Error::Error(c10::SourceLocation, std::__cxx11::basic_string<char, std::char_traits<char>, std::allocator<char> >) + 0x80 (0x7f3b80f7eeb0 in /opt/conda/lib/python3.11/site-packages/torch/lib/libc10.so)
frame #1: <unknown function> + 0x5d694d1 (0x7f3b64fae4d1 in /opt/conda/lib/python3.11/site-packages/torch/lib/libtorch_cpu.so)
frame #2: <unknown function> + 0x5d69d62 (0x7f3b64faed62 in /opt/conda/lib/python3.11/site-packages/torch/lib/libtorch_cpu.so)
frame #3: <unknown function> + 0x5d6b86e (0x7f3b64fb086e in /opt/conda/lib/python3.11/site-packages/torch/lib/libtorch_cpu.so)
frame #4: c10d::TCPStore::check(std::vector<std::__cxx11::basic_string<char, std::char_traits<char>, std::allocator<char> >, std::allocator<std::__cxx11::basic_string<char, std::char_traits<char>, std::allocator<char> > > > const&) + 0x30e (0x7f3b64fab18e in /opt/conda/lib/python3.11/site-packages/torch/lib/libtorch_cpu.so)
frame #5: c10d::ProcessGroupNCCL::HeartbeatMonitor::runLoop() + 0x398 (0x7f3b24490b18 in /opt/conda/lib/python3.11/site-packages/torch/lib/libtorch_cuda.so)
frame #6: <unknown function> + 0xd8198 (0x7f3b07e7e198 in /opt/conda/bin/../lib/libstdc++.so.6)
frame #7: <unknown function> + 0x94ac3 (0x7f3b827cdac3 in /lib/x86_64-linux-gnu/libc.so.6)
frame #8: <unknown function> + 0x126850 (0x7f3b8285f850 in /lib/x86_64-linux-gnu/libc.so.6)

[rank7]:[W724 04:52:29.103892652 ProcessGroupNCCL.cpp:1783] [PG ID 0 PG GUID 0(default_pg) Rank 7] Failed to check the "should dump" flag on TCPStore, (maybe TCPStore server has shut down too early), with error: Broken pipe
[rank5]:[W724 04:52:30.792729409 TCPStore.cpp:106] [c10d] sendBytes failed on SocketImpl(fd=36, addr=[localhost]:37284, remote=[localhost]:29600): Broken pipe
Exception raised from sendBytes at /pytorch/torch/csrc/distributed/c10d/Utils.hpp:653 (most recent call first):
frame #0: c10::Error::Error(c10::SourceLocation, std::__cxx11::basic_string<char, std::char_traits<char>, std::allocator<char> >) + 0x80 (0x7efdd22d9eb0 in /opt/conda/lib/python3.11/site-packages/torch/lib/libc10.so)
frame #1: <unknown function> + 0x5d694d1 (0x7efdb63ae4d1 in /opt/conda/lib/python3.11/site-packages/torch/lib/libtorch_cpu.so)
frame #2: <unknown function> + 0x5d69d62 (0x7efdb63aed62 in /opt/conda/lib/python3.11/site-packages/torch/lib/libtorch_cpu.so)
frame #3: <unknown function> + 0x5d6b86e (0x7efdb63b086e in /opt/conda/lib/python3.11/site-packages/torch/lib/libtorch_cpu.so)
frame #4: c10d::TCPStore::check(std::vector<std::__cxx11::basic_string<char, std::char_traits<char>, std::allocator<char> >, std::allocator<std::__cxx11::basic_string<char, std::char_traits<char>, std::allocator<char> > > > const&) + 0x30e (0x7efdb63ab18e in /opt/conda/lib/python3.11/site-packages/torch/lib/libtorch_cpu.so)
frame #5: c10d::ProcessGroupNCCL::HeartbeatMonitor::runLoop() + 0x398 (0x7efd75890b18 in /opt/conda/lib/python3.11/site-packages/torch/lib/libtorch_cuda.so)
frame #6: <unknown function> + 0xd8198 (0x7efd5927e198 in /opt/conda/bin/../lib/libstdc++.so.6)
frame #7: <unknown function> + 0x94ac3 (0x7efdd3ba0ac3 in /lib/x86_64-linux-gnu/libc.so.6)
frame #8: <unknown function> + 0x126850 (0x7efdd3c32850 in /lib/x86_64-linux-gnu/libc.so.6)

[rank5]:[W724 04:52:30.796540586 ProcessGroupNCCL.cpp:1783] [PG ID 0 PG GUID 0(default_pg) Rank 5] Failed to check the "should dump" flag on TCPStore, (maybe TCPStore server has shut down too early), with error: Broken pipe
[rank2]:[W724 04:52:30.067543520 TCPStore.cpp:106] [c10d] sendBytes failed on SocketImpl(fd=73, addr=[localhost]:37294, remote=[localhost]:29600): Broken pipe
Exception raised from sendBytes at /pytorch/torch/csrc/distributed/c10d/Utils.hpp:653 (most recent call first):
frame #0: c10::Error::Error(c10::SourceLocation, std::__cxx11::basic_string<char, std::char_traits<char>, std::allocator<char> >) + 0x80 (0x7fe66977eeb0 in /opt/conda/lib/python3.11/site-packages/torch/lib/libc10.so)
frame #1: <unknown function> + 0x5d694d1 (0x7fe64d7ae4d1 in /opt/conda/lib/python3.11/site-packages/torch/lib/libtorch_cpu.so)
frame #2: <unknown function> + 0x5d69d62 (0x7fe64d7aed62 in /opt/conda/lib/python3.11/site-packages/torch/lib/libtorch_cpu.so)
frame #3: <unknown function> + 0x5d6b86e (0x7fe64d7b086e in /opt/conda/lib/python3.11/site-packages/torch/lib/libtorch_cpu.so)
frame #4: c10d::TCPStore::check(std::vector<std::__cxx11::basic_string<char, std::char_traits<char>, std::allocator<char> >, std::allocator<std::__cxx11::basic_string<char, std::char_traits<char>, std::allocator<char> > > > const&) + 0x30e (0x7fe64d7ab18e in /opt/conda/lib/python3.11/site-packages/torch/lib/libtorch_cpu.so)
frame #5: c10d::ProcessGroupNCCL::HeartbeatMonitor::runLoop() + 0x398 (0x7fe60cc90b18 in /opt/conda/lib/python3.11/site-packages/torch/lib/libtorch_cuda.so)
frame #6: <unknown function> + 0xd8198 (0x7fe5f067e198 in /opt/conda/bin/../lib/libstdc++.so.6)
frame #7: <unknown function> + 0x94ac3 (0x7fe66b020ac3 in /lib/x86_64-linux-gnu/libc.so.6)
frame #8: <unknown function> + 0x126850 (0x7fe66b0b2850 in /lib/x86_64-linux-gnu/libc.so.6)

[rank2]:[W724 04:52:30.081033656 ProcessGroupNCCL.cpp:1783] [PG ID 0 PG GUID 0(default_pg) Rank 2] Failed to check the "should dump" flag on TCPStore, (maybe TCPStore server has shut down too early), with error: Broken pipe
[rank7]:[W724 04:52:30.104340572 TCPStore.cpp:106] [c10d] sendBytes failed on SocketImpl(fd=73, addr=[localhost]:40292, remote=[localhost]:29600): Broken pipe
Exception raised from sendBytes at /pytorch/torch/csrc/distributed/c10d/Utils.hpp:653 (most recent call first):
frame #0: c10::Error::Error(c10::SourceLocation, std::__cxx11::basic_string<char, std::char_traits<char>, std::allocator<char> >) + 0x80 (0x7f3b80f7eeb0 in /opt/conda/lib/python3.11/site-packages/torch/lib/libc10.so)
frame #1: <unknown function> + 0x5d694d1 (0x7f3b64fae4d1 in /opt/conda/lib/python3.11/site-packages/torch/lib/libtorch_cpu.so)
frame #2: <unknown function> + 0x5d69d62 (0x7f3b64faed62 in /opt/conda/lib/python3.11/site-packages/torch/lib/libtorch_cpu.so)
frame #3: <unknown function> + 0x5d6b86e (0x7f3b64fb086e in /opt/conda/lib/python3.11/site-packages/torch/lib/libtorch_cpu.so)
frame #4: c10d::TCPStore::check(std::vector<std::__cxx11::basic_string<char, std::char_traits<char>, std::allocator<char> >, std::allocator<std::__cxx11::basic_string<char, std::char_traits<char>, std::allocator<char> > > > const&) + 0x30e (0x7f3b64fab18e in /opt/conda/lib/python3.11/site-packages/torch/lib/libtorch_cpu.so)
frame #5: c10d::ProcessGroupNCCL::HeartbeatMonitor::runLoop() + 0x398 (0x7f3b24490b18 in /opt/conda/lib/python3.11/site-packages/torch/lib/libtorch_cuda.so)
frame #6: <unknown function> + 0xd8198 (0x7f3b07e7e198 in /opt/conda/bin/../lib/libstdc++.so.6)
frame #7: <unknown function> + 0x94ac3 (0x7f3b827cdac3 in /lib/x86_64-linux-gnu/libc.so.6)
frame #8: <unknown function> + 0x126850 (0x7f3b8285f850 in /lib/x86_64-linux-gnu/libc.so.6)

[rank7]:[W724 04:52:30.108037300 ProcessGroupNCCL.cpp:1783] [PG ID 0 PG GUID 0(default_pg) Rank 7] Failed to check the "should dump" flag on TCPStore, (maybe TCPStore server has shut down too early), with error: Broken pipe
[rank5]:[W724 04:52:31.797004336 TCPStore.cpp:106] [c10d] sendBytes failed on SocketImpl(fd=36, addr=[localhost]:37284, remote=[localhost]:29600): Broken pipe
Exception raised from sendBytes at /pytorch/torch/csrc/distributed/c10d/Utils.hpp:653 (most recent call first):
frame #0: c10::Error::Error(c10::SourceLocation, std::__cxx11::basic_string<char, std::char_traits<char>, std::allocator<char> >) + 0x80 (0x7efdd22d9eb0 in /opt/conda/lib/python3.11/site-packages/torch/lib/libc10.so)
frame #1: <unknown function> + 0x5d694d1 (0x7efdb63ae4d1 in /opt/conda/lib/python3.11/site-packages/torch/lib/libtorch_cpu.so)
frame #2: <unknown function> + 0x5d69d62 (0x7efdb63aed62 in /opt/conda/lib/python3.11/site-packages/torch/lib/libtorch_cpu.so)
frame #3: <unknown function> + 0x5d6b86e (0x7efdb63b086e in /opt/conda/lib/python3.11/site-packages/torch/lib/libtorch_cpu.so)
frame #4: c10d::TCPStore::check(std::vector<std::__cxx11::basic_string<char, std::char_traits<char>, std::allocator<char> >, std::allocator<std::__cxx11::basic_string<char, std::char_traits<char>, std::allocator<char> > > > const&) + 0x30e (0x7efdb63ab18e in /opt/conda/lib/python3.11/site-packages/torch/lib/libtorch_cpu.so)
frame #5: c10d::ProcessGroupNCCL::HeartbeatMonitor::runLoop() + 0x398 (0x7efd75890b18 in /opt/conda/lib/python3.11/site-packages/torch/lib/libtorch_cuda.so)
frame #6: <unknown function> + 0xd8198 (0x7efd5927e198 in /opt/conda/bin/../lib/libstdc++.so.6)
frame #7: <unknown function> + 0x94ac3 (0x7efdd3ba0ac3 in /lib/x86_64-linux-gnu/libc.so.6)
frame #8: <unknown function> + 0x126850 (0x7efdd3c32850 in /lib/x86_64-linux-gnu/libc.so.6)

[rank5]:[W724 04:52:31.801314155 ProcessGroupNCCL.cpp:1783] [PG ID 0 PG GUID 0(default_pg) Rank 5] Failed to check the "should dump" flag on TCPStore, (maybe TCPStore server has shut down too early), with error: Broken pipe
[rank2]:[W724 04:52:31.081564507 TCPStore.cpp:106] [c10d] sendBytes failed on SocketImpl(fd=73, addr=[localhost]:37294, remote=[localhost]:29600): Broken pipe
Exception raised from sendBytes at /pytorch/torch/csrc/distributed/c10d/Utils.hpp:653 (most recent call first):
frame #0: c10::Error::Error(c10::SourceLocation, std::__cxx11::basic_string<char, std::char_traits<char>, std::allocator<char> >) + 0x80 (0x7fe66977eeb0 in /opt/conda/lib/python3.11/site-packages/torch/lib/libc10.so)
frame #1: <unknown function> + 0x5d694d1 (0x7fe64d7ae4d1 in /opt/conda/lib/python3.11/site-packages/torch/lib/libtorch_cpu.so)
frame #2: <unknown function> + 0x5d69d62 (0x7fe64d7aed62 in /opt/conda/lib/python3.11/site-packages/torch/lib/libtorch_cpu.so)
frame #3: <unknown function> + 0x5d6b86e (0x7fe64d7b086e in /opt/conda/lib/python3.11/site-packages/torch/lib/libtorch_cpu.so)
frame #4: c10d::TCPStore::check(std::vector<std::__cxx11::basic_string<char, std::char_traits<char>, std::allocator<char> >, std::allocator<std::__cxx11::basic_string<char, std::char_traits<char>, std::allocator<char> > > > const&) + 0x30e (0x7fe64d7ab18e in /opt/conda/lib/python3.11/site-packages/torch/lib/libtorch_cpu.so)
frame #5: c10d::ProcessGroupNCCL::HeartbeatMonitor::runLoop() + 0x398 (0x7fe60cc90b18 in /opt/conda/lib/python3.11/site-packages/torch/lib/libtorch_cuda.so)
frame #6: <unknown function> + 0xd8198 (0x7fe5f067e198 in /opt/conda/bin/../lib/libstdc++.so.6)
frame #7: <unknown function> + 0x94ac3 (0x7fe66b020ac3 in /lib/x86_64-linux-gnu/libc.so.6)
frame #8: <unknown function> + 0x126850 (0x7fe66b0b2850 in /lib/x86_64-linux-gnu/libc.so.6)

[rank2]:[W724 04:52:31.085850845 ProcessGroupNCCL.cpp:1783] [PG ID 0 PG GUID 0(default_pg) Rank 2] Failed to check the "should dump" flag on TCPStore, (maybe TCPStore server has shut down too early), with error: Broken pipe
[rank7]:[W724 04:52:31.108450209 TCPStore.cpp:106] [c10d] sendBytes failed on SocketImpl(fd=73, addr=[localhost]:40292, remote=[localhost]:29600): Broken pipe
Exception raised from sendBytes at /pytorch/torch/csrc/distributed/c10d/Utils.hpp:653 (most recent call first):
frame #0: c10::Error::Error(c10::SourceLocation, std::__cxx11::basic_string<char, std::char_traits<char>, std::allocator<char> >) + 0x80 (0x7f3b80f7eeb0 in /opt/conda/lib/python3.11/site-packages/torch/lib/libc10.so)
frame #1: <unknown function> + 0x5d694d1 (0x7f3b64fae4d1 in /opt/conda/lib/python3.11/site-packages/torch/lib/libtorch_cpu.so)
frame #2: <unknown function> + 0x5d69d62 (0x7f3b64faed62 in /opt/conda/lib/python3.11/site-packages/torch/lib/libtorch_cpu.so)
frame #3: <unknown function> + 0x5d6b86e (0x7f3b64fb086e in /opt/conda/lib/python3.11/site-packages/torch/lib/libtorch_cpu.so)
frame #4: c10d::TCPStore::check(std::vector<std::__cxx11::basic_string<char, std::char_traits<char>, std::allocator<char> >, std::allocator<std::__cxx11::basic_string<char, std::char_traits<char>, std::allocator<char> > > > const&) + 0x30e (0x7f3b64fab18e in /opt/conda/lib/python3.11/site-packages/torch/lib/libtorch_cpu.so)
frame #5: c10d::ProcessGroupNCCL::HeartbeatMonitor::runLoop() + 0x398 (0x7f3b24490b18 in /opt/conda/lib/python3.11/site-packages/torch/lib/libtorch_cuda.so)
frame #6: <unknown function> + 0xd8198 (0x7f3b07e7e198 in /opt/conda/bin/../lib/libstdc++.so.6)
frame #7: <unknown function> + 0x94ac3 (0x7f3b827cdac3 in /lib/x86_64-linux-gnu/libc.so.6)
frame #8: <unknown function> + 0x126850 (0x7f3b8285f850 in /lib/x86_64-linux-gnu/libc.so.6)

[rank7]:[W724 04:52:31.111621006 ProcessGroupNCCL.cpp:1783] [PG ID 0 PG GUID 0(default_pg) Rank 7] Failed to check the "should dump" flag on TCPStore, (maybe TCPStore server has shut down too early), with error: Broken pipe
[rank5]:[W724 04:52:32.801669404 TCPStore.cpp:106] [c10d] sendBytes failed on SocketImpl(fd=36, addr=[localhost]:37284, remote=[localhost]:29600): Broken pipe
Exception raised from sendBytes at /pytorch/torch/csrc/distributed/c10d/Utils.hpp:653 (most recent call first):
frame #0: c10::Error::Error(c10::SourceLocation, std::__cxx11::basic_string<char, std::char_traits<char>, std::allocator<char> >) + 0x80 (0x7efdd22d9eb0 in /opt/conda/lib/python3.11/site-packages/torch/lib/libc10.so)
frame #1: <unknown function> + 0x5d694d1 (0x7efdb63ae4d1 in /opt/conda/lib/python3.11/site-packages/torch/lib/libtorch_cpu.so)
frame #2: <unknown function> + 0x5d69d62 (0x7efdb63aed62 in /opt/conda/lib/python3.11/site-packages/torch/lib/libtorch_cpu.so)
frame #3: <unknown function> + 0x5d6b86e (0x7efdb63b086e in /opt/conda/lib/python3.11/site-packages/torch/lib/libtorch_cpu.so)
frame #4: c10d::TCPStore::check(std::vector<std::__cxx11::basic_string<char, std::char_traits<char>, std::allocator<char> >, std::allocator<std::__cxx11::basic_string<char, std::char_traits<char>, std::allocator<char> > > > const&) + 0x30e (0x7efdb63ab18e in /opt/conda/lib/python3.11/site-packages/torch/lib/libtorch_cpu.so)
frame #5: c10d::ProcessGroupNCCL::HeartbeatMonitor::runLoop() + 0x398 (0x7efd75890b18 in /opt/conda/lib/python3.11/site-packages/torch/lib/libtorch_cuda.so)
frame #6: <unknown function> + 0xd8198 (0x7efd5927e198 in /opt/conda/bin/../lib/libstdc++.so.6)
frame #7: <unknown function> + 0x94ac3 (0x7efdd3ba0ac3 in /lib/x86_64-linux-gnu/libc.so.6)
frame #8: <unknown function> + 0x126850 (0x7efdd3c32850 in /lib/x86_64-linux-gnu/libc.so.6)

[rank5]:[W724 04:52:32.805577322 ProcessGroupNCCL.cpp:1783] [PG ID 0 PG GUID 0(default_pg) Rank 5] Failed to check the "should dump" flag on TCPStore, (maybe TCPStore server has shut down too early), with error: Broken pipe
[rank2]:[W724 04:52:32.086376345 TCPStore.cpp:106] [c10d] sendBytes failed on SocketImpl(fd=73, addr=[localhost]:37294, remote=[localhost]:29600): Broken pipe
Exception raised from sendBytes at /pytorch/torch/csrc/distributed/c10d/Utils.hpp:653 (most recent call first):
frame #0: c10::Error::Error(c10::SourceLocation, std::__cxx11::basic_string<char, std::char_traits<char>, std::allocator<char> >) + 0x80 (0x7fe66977eeb0 in /opt/conda/lib/python3.11/site-packages/torch/lib/libc10.so)
frame #1: <unknown function> + 0x5d694d1 (0x7fe64d7ae4d1 in /opt/conda/lib/python3.11/site-packages/torch/lib/libtorch_cpu.so)
frame #2: <unknown function> + 0x5d69d62 (0x7fe64d7aed62 in /opt/conda/lib/python3.11/site-packages/torch/lib/libtorch_cpu.so)
frame #3: <unknown function> + 0x5d6b86e (0x7fe64d7b086e in /opt/conda/lib/python3.11/site-packages/torch/lib/libtorch_cpu.so)
frame #4: c10d::TCPStore::check(std::vector<std::__cxx11::basic_string<char, std::char_traits<char>, std::allocator<char> >, std::allocator<std::__cxx11::basic_string<char, std::char_traits<char>, std::allocator<char> > > > const&) + 0x30e (0x7fe64d7ab18e in /opt/conda/lib/python3.11/site-packages/torch/lib/libtorch_cpu.so)
frame #5: c10d::ProcessGroupNCCL::HeartbeatMonitor::runLoop() + 0x398 (0x7fe60cc90b18 in /opt/conda/lib/python3.11/site-packages/torch/lib/libtorch_cuda.so)
frame #6: <unknown function> + 0xd8198 (0x7fe5f067e198 in /opt/conda/bin/../lib/libstdc++.so.6)
frame #7: <unknown function> + 0x94ac3 (0x7fe66b020ac3 in /lib/x86_64-linux-gnu/libc.so.6)
frame #8: <unknown function> + 0x126850 (0x7fe66b0b2850 in /lib/x86_64-linux-gnu/libc.so.6)

[rank2]:[W724 04:52:32.092088026 ProcessGroupNCCL.cpp:1783] [PG ID 0 PG GUID 0(default_pg) Rank 2] Failed to check the "should dump" flag on TCPStore, (maybe TCPStore server has shut down too early), with error: Broken pipe
[rank7]:[W724 04:52:32.112025906 TCPStore.cpp:106] [c10d] sendBytes failed on SocketImpl(fd=73, addr=[localhost]:40292, remote=[localhost]:29600): Broken pipe
Exception raised from sendBytes at /pytorch/torch/csrc/distributed/c10d/Utils.hpp:653 (most recent call first):
frame #0: c10::Error::Error(c10::SourceLocation, std::__cxx11::basic_string<char, std::char_traits<char>, std::allocator<char> >) + 0x80 (0x7f3b80f7eeb0 in /opt/conda/lib/python3.11/site-packages/torch/lib/libc10.so)
frame #1: <unknown function> + 0x5d694d1 (0x7f3b64fae4d1 in /opt/conda/lib/python3.11/site-packages/torch/lib/libtorch_cpu.so)
frame #2: <unknown function> + 0x5d69d62 (0x7f3b64faed62 in /opt/conda/lib/python3.11/site-packages/torch/lib/libtorch_cpu.so)
frame #3: <unknown function> + 0x5d6b86e (0x7f3b64fb086e in /opt/conda/lib/python3.11/site-packages/torch/lib/libtorch_cpu.so)
frame #4: c10d::TCPStore::check(std::vector<std::__cxx11::basic_string<char, std::char_traits<char>, std::allocator<char> >, std::allocator<std::__cxx11::basic_string<char, std::char_traits<char>, std::allocator<char> > > > const&) + 0x30e (0x7f3b64fab18e in /opt/conda/lib/python3.11/site-packages/torch/lib/libtorch_cpu.so)
frame #5: c10d::ProcessGroupNCCL::HeartbeatMonitor::runLoop() + 0x398 (0x7f3b24490b18 in /opt/conda/lib/python3.11/site-packages/torch/lib/libtorch_cuda.so)
frame #6: <unknown function> + 0xd8198 (0x7f3b07e7e198 in /opt/conda/bin/../lib/libstdc++.so.6)
frame #7: <unknown function> + 0x94ac3 (0x7f3b827cdac3 in /lib/x86_64-linux-gnu/libc.so.6)
frame #8: <unknown function> + 0x126850 (0x7f3b8285f850 in /lib/x86_64-linux-gnu/libc.so.6)

[rank7]:[W724 04:52:32.115543693 ProcessGroupNCCL.cpp:1783] [PG ID 0 PG GUID 0(default_pg) Rank 7] Failed to check the "should dump" flag on TCPStore, (maybe TCPStore server has shut down too early), with error: Broken pipe
[rank5]:[W724 04:52:33.805898082 TCPStore.cpp:106] [c10d] sendBytes failed on SocketImpl(fd=36, addr=[localhost]:37284, remote=[localhost]:29600): Broken pipe
Exception raised from sendBytes at /pytorch/torch/csrc/distributed/c10d/Utils.hpp:653 (most recent call first):
frame #0: c10::Error::Error(c10::SourceLocation, std::__cxx11::basic_string<char, std::char_traits<char>, std::allocator<char> >) + 0x80 (0x7efdd22d9eb0 in /opt/conda/lib/python3.11/site-packages/torch/lib/libc10.so)
frame #1: <unknown function> + 0x5d694d1 (0x7efdb63ae4d1 in /opt/conda/lib/python3.11/site-packages/torch/lib/libtorch_cpu.so)
frame #2: <unknown function> + 0x5d69d62 (0x7efdb63aed62 in /opt/conda/lib/python3.11/site-packages/torch/lib/libtorch_cpu.so)
frame #3: <unknown function> + 0x5d6b86e (0x7efdb63b086e in /opt/conda/lib/python3.11/site-packages/torch/lib/libtorch_cpu.so)
frame #4: c10d::TCPStore::check(std::vector<std::__cxx11::basic_string<char, std::char_traits<char>, std::allocator<char> >, std::allocator<std::__cxx11::basic_string<char, std::char_traits<char>, std::allocator<char> > > > const&) + 0x30e (0x7efdb63ab18e in /opt/conda/lib/python3.11/site-packages/torch/lib/libtorch_cpu.so)
frame #5: c10d::ProcessGroupNCCL::HeartbeatMonitor::runLoop() + 0x398 (0x7efd75890b18 in /opt/conda/lib/python3.11/site-packages/torch/lib/libtorch_cuda.so)
frame #6: <unknown function> + 0xd8198 (0x7efd5927e198 in /opt/conda/bin/../lib/libstdc++.so.6)
frame #7: <unknown function> + 0x94ac3 (0x7efdd3ba0ac3 in /lib/x86_64-linux-gnu/libc.so.6)
frame #8: <unknown function> + 0x126850 (0x7efdd3c32850 in /lib/x86_64-linux-gnu/libc.so.6)

[rank5]:[W724 04:52:33.809895450 ProcessGroupNCCL.cpp:1783] [PG ID 0 PG GUID 0(default_pg) Rank 5] Failed to check the "should dump" flag on TCPStore, (maybe TCPStore server has shut down too early), with error: Broken pipe
[rank2]:[W724 04:52:33.092582376 TCPStore.cpp:106] [c10d] sendBytes failed on SocketImpl(fd=73, addr=[localhost]:37294, remote=[localhost]:29600): Broken pipe
Exception raised from sendBytes at /pytorch/torch/csrc/distributed/c10d/Utils.hpp:653 (most recent call first):
frame #0: c10::Error::Error(c10::SourceLocation, std::__cxx11::basic_string<char, std::char_traits<char>, std::allocator<char> >) + 0x80 (0x7fe66977eeb0 in /opt/conda/lib/python3.11/site-packages/torch/lib/libc10.so)
frame #1: <unknown function> + 0x5d694d1 (0x7fe64d7ae4d1 in /opt/conda/lib/python3.11/site-packages/torch/lib/libtorch_cpu.so)
frame #2: <unknown function> + 0x5d69d62 (0x7fe64d7aed62 in /opt/conda/lib/python3.11/site-packages/torch/lib/libtorch_cpu.so)
frame #3: <unknown function> + 0x5d6b86e (0x7fe64d7b086e in /opt/conda/lib/python3.11/site-packages/torch/lib/libtorch_cpu.so)
frame #4: c10d::TCPStore::check(std::vector<std::__cxx11::basic_string<char, std::char_traits<char>, std::allocator<char> >, std::allocator<std::__cxx11::basic_string<char, std::char_traits<char>, std::allocator<char> > > > const&) + 0x30e (0x7fe64d7ab18e in /opt/conda/lib/python3.11/site-packages/torch/lib/libtorch_cpu.so)
frame #5: c10d::ProcessGroupNCCL::HeartbeatMonitor::runLoop() + 0x398 (0x7fe60cc90b18 in /opt/conda/lib/python3.11/site-packages/torch/lib/libtorch_cuda.so)
frame #6: <unknown function> + 0xd8198 (0x7fe5f067e198 in /opt/conda/bin/../lib/libstdc++.so.6)
frame #7: <unknown function> + 0x94ac3 (0x7fe66b020ac3 in /lib/x86_64-linux-gnu/libc.so.6)
frame #8: <unknown function> + 0x126850 (0x7fe66b0b2850 in /lib/x86_64-linux-gnu/libc.so.6)

[rank2]:[W724 04:52:33.097504966 ProcessGroupNCCL.cpp:1783] [PG ID 0 PG GUID 0(default_pg) Rank 2] Failed to check the "should dump" flag on TCPStore, (maybe TCPStore server has shut down too early), with error: Broken pipe
[rank7]:[W724 04:52:33.115932832 TCPStore.cpp:106] [c10d] sendBytes failed on SocketImpl(fd=73, addr=[localhost]:40292, remote=[localhost]:29600): Broken pipe
Exception raised from sendBytes at /pytorch/torch/csrc/distributed/c10d/Utils.hpp:653 (most recent call first):
frame #0: c10::Error::Error(c10::SourceLocation, std::__cxx11::basic_string<char, std::char_traits<char>, std::allocator<char> >) + 0x80 (0x7f3b80f7eeb0 in /opt/conda/lib/python3.11/site-packages/torch/lib/libc10.so)
frame #1: <unknown function> + 0x5d694d1 (0x7f3b64fae4d1 in /opt/conda/lib/python3.11/site-packages/torch/lib/libtorch_cpu.so)
frame #2: <unknown function> + 0x5d69d62 (0x7f3b64faed62 in /opt/conda/lib/python3.11/site-packages/torch/lib/libtorch_cpu.so)
frame #3: <unknown function> + 0x5d6b86e (0x7f3b64fb086e in /opt/conda/lib/python3.11/site-packages/torch/lib/libtorch_cpu.so)
frame #4: c10d::TCPStore::check(std::vector<std::__cxx11::basic_string<char, std::char_traits<char>, std::allocator<char> >, std::allocator<std::__cxx11::basic_string<char, std::char_traits<char>, std::allocator<char> > > > const&) + 0x30e (0x7f3b64fab18e in /opt/conda/lib/python3.11/site-packages/torch/lib/libtorch_cpu.so)
frame #5: c10d::ProcessGroupNCCL::HeartbeatMonitor::runLoop() + 0x398 (0x7f3b24490b18 in /opt/conda/lib/python3.11/site-packages/torch/lib/libtorch_cuda.so)
frame #6: <unknown function> + 0xd8198 (0x7f3b07e7e198 in /opt/conda/bin/../lib/libstdc++.so.6)
frame #7: <unknown function> + 0x94ac3 (0x7f3b827cdac3 in /lib/x86_64-linux-gnu/libc.so.6)
frame #8: <unknown function> + 0x126850 (0x7f3b8285f850 in /lib/x86_64-linux-gnu/libc.so.6)

[rank7]:[W724 04:52:33.120300911 ProcessGroupNCCL.cpp:1783] [PG ID 0 PG GUID 0(default_pg) Rank 7] Failed to check the "should dump" flag on TCPStore, (maybe TCPStore server has shut down too early), with error: Broken pipe
[rank5]:[W724 04:52:34.810602470 TCPStore.cpp:106] [c10d] sendBytes failed on SocketImpl(fd=36, addr=[localhost]:37284, remote=[localhost]:29600): Broken pipe
Exception raised from sendBytes at /pytorch/torch/csrc/distributed/c10d/Utils.hpp:653 (most recent call first):
frame #0: c10::Error::Error(c10::SourceLocation, std::__cxx11::basic_string<char, std::char_traits<char>, std::allocator<char> >) + 0x80 (0x7efdd22d9eb0 in /opt/conda/lib/python3.11/site-packages/torch/lib/libc10.so)
frame #1: <unknown function> + 0x5d694d1 (0x7efdb63ae4d1 in /opt/conda/lib/python3.11/site-packages/torch/lib/libtorch_cpu.so)
frame #2: <unknown function> + 0x5d69d62 (0x7efdb63aed62 in /opt/conda/lib/python3.11/site-packages/torch/lib/libtorch_cpu.so)
frame #3: <unknown function> + 0x5d6b86e (0x7efdb63b086e in /opt/conda/lib/python3.11/site-packages/torch/lib/libtorch_cpu.so)
frame #4: c10d::TCPStore::check(std::vector<std::__cxx11::basic_string<char, std::char_traits<char>, std::allocator<char> >, std::allocator<std::__cxx11::basic_string<char, std::char_traits<char>, std::allocator<char> > > > const&) + 0x30e (0x7efdb63ab18e in /opt/conda/lib/python3.11/site-packages/torch/lib/libtorch_cpu.so)
frame #5: c10d::ProcessGroupNCCL::HeartbeatMonitor::runLoop() + 0x398 (0x7efd75890b18 in /opt/conda/lib/python3.11/site-packages/torch/lib/libtorch_cuda.so)
frame #6: <unknown function> + 0xd8198 (0x7efd5927e198 in /opt/conda/bin/../lib/libstdc++.so.6)
frame #7: <unknown function> + 0x94ac3 (0x7efdd3ba0ac3 in /lib/x86_64-linux-gnu/libc.so.6)
frame #8: <unknown function> + 0x126850 (0x7efdd3c32850 in /lib/x86_64-linux-gnu/libc.so.6)

[rank5]:[W724 04:52:34.814043447 ProcessGroupNCCL.cpp:1783] [PG ID 0 PG GUID 0(default_pg) Rank 5] Failed to check the "should dump" flag on TCPStore, (maybe TCPStore server has shut down too early), with error: Broken pipe
[rank2]:[W724 04:52:34.097970646 TCPStore.cpp:106] [c10d] sendBytes failed on SocketImpl(fd=73, addr=[localhost]:37294, remote=[localhost]:29600): Broken pipe
Exception raised from sendBytes at /pytorch/torch/csrc/distributed/c10d/Utils.hpp:653 (most recent call first):
frame #0: c10::Error::Error(c10::SourceLocation, std::__cxx11::basic_string<char, std::char_traits<char>, std::allocator<char> >) + 0x80 (0x7fe66977eeb0 in /opt/conda/lib/python3.11/site-packages/torch/lib/libc10.so)
frame #1: <unknown function> + 0x5d694d1 (0x7fe64d7ae4d1 in /opt/conda/lib/python3.11/site-packages/torch/lib/libtorch_cpu.so)
frame #2: <unknown function> + 0x5d69d62 (0x7fe64d7aed62 in /opt/conda/lib/python3.11/site-packages/torch/lib/libtorch_cpu.so)
frame #3: <unknown function> + 0x5d6b86e (0x7fe64d7b086e in /opt/conda/lib/python3.11/site-packages/torch/lib/libtorch_cpu.so)
frame #4: c10d::TCPStore::check(std::vector<std::__cxx11::basic_string<char, std::char_traits<char>, std::allocator<char> >, std::allocator<std::__cxx11::basic_string<char, std::char_traits<char>, std::allocator<char> > > > const&) + 0x30e (0x7fe64d7ab18e in /opt/conda/lib/python3.11/site-packages/torch/lib/libtorch_cpu.so)
frame #5: c10d::ProcessGroupNCCL::HeartbeatMonitor::runLoop() + 0x398 (0x7fe60cc90b18 in /opt/conda/lib/python3.11/site-packages/torch/lib/libtorch_cuda.so)
frame #6: <unknown function> + 0xd8198 (0x7fe5f067e198 in /opt/conda/bin/../lib/libstdc++.so.6)
frame #7: <unknown function> + 0x94ac3 (0x7fe66b020ac3 in /lib/x86_64-linux-gnu/libc.so.6)
frame #8: <unknown function> + 0x126850 (0x7fe66b0b2850 in /lib/x86_64-linux-gnu/libc.so.6)

[rank2]:[W724 04:52:34.102702225 ProcessGroupNCCL.cpp:1783] [PG ID 0 PG GUID 0(default_pg) Rank 2] Failed to check the "should dump" flag on TCPStore, (maybe TCPStore server has shut down too early), with error: Broken pipe
[rank7]:[W724 04:52:34.120919121 TCPStore.cpp:106] [c10d] sendBytes failed on SocketImpl(fd=73, addr=[localhost]:40292, remote=[localhost]:29600): Broken pipe
Exception raised from sendBytes at /pytorch/torch/csrc/distributed/c10d/Utils.hpp:653 (most recent call first):
frame #0: c10::Error::Error(c10::SourceLocation, std::__cxx11::basic_string<char, std::char_traits<char>, std::allocator<char> >) + 0x80 (0x7f3b80f7eeb0 in /opt/conda/lib/python3.11/site-packages/torch/lib/libc10.so)
frame #1: <unknown function> + 0x5d694d1 (0x7f3b64fae4d1 in /opt/conda/lib/python3.11/site-packages/torch/lib/libtorch_cpu.so)
frame #2: <unknown function> + 0x5d69d62 (0x7f3b64faed62 in /opt/conda/lib/python3.11/site-packages/torch/lib/libtorch_cpu.so)
frame #3: <unknown function> + 0x5d6b86e (0x7f3b64fb086e in /opt/conda/lib/python3.11/site-packages/torch/lib/libtorch_cpu.so)
frame #4: c10d::TCPStore::check(std::vector<std::__cxx11::basic_string<char, std::char_traits<char>, std::allocator<char> >, std::allocator<std::__cxx11::basic_string<char, std::char_traits<char>, std::allocator<char> > > > const&) + 0x30e (0x7f3b64fab18e in /opt/conda/lib/python3.11/site-packages/torch/lib/libtorch_cpu.so)
frame #5: c10d::ProcessGroupNCCL::HeartbeatMonitor::runLoop() + 0x398 (0x7f3b24490b18 in /opt/conda/lib/python3.11/site-packages/torch/lib/libtorch_cuda.so)
frame #6: <unknown function> + 0xd8198 (0x7f3b07e7e198 in /opt/conda/bin/../lib/libstdc++.so.6)
frame #7: <unknown function> + 0x94ac3 (0x7f3b827cdac3 in /lib/x86_64-linux-gnu/libc.so.6)
frame #8: <unknown function> + 0x126850 (0x7f3b8285f850 in /lib/x86_64-linux-gnu/libc.so.6)

[rank7]:[W724 04:52:34.125095729 ProcessGroupNCCL.cpp:1783] [PG ID 0 PG GUID 0(default_pg) Rank 7] Failed to check the "should dump" flag on TCPStore, (maybe TCPStore server has shut down too early), with error: Broken pipe
[rank5]:[W724 04:52:35.814728827 TCPStore.cpp:106] [c10d] sendBytes failed on SocketImpl(fd=36, addr=[localhost]:37284, remote=[localhost]:29600): Broken pipe
Exception raised from sendBytes at /pytorch/torch/csrc/distributed/c10d/Utils.hpp:653 (most recent call first):
frame #0: c10::Error::Error(c10::SourceLocation, std::__cxx11::basic_string<char, std::char_traits<char>, std::allocator<char> >) + 0x80 (0x7efdd22d9eb0 in /opt/conda/lib/python3.11/site-packages/torch/lib/libc10.so)
frame #1: <unknown function> + 0x5d694d1 (0x7efdb63ae4d1 in /opt/conda/lib/python3.11/site-packages/torch/lib/libtorch_cpu.so)
frame #2: <unknown function> + 0x5d69d62 (0x7efdb63aed62 in /opt/conda/lib/python3.11/site-packages/torch/lib/libtorch_cpu.so)
frame #3: <unknown function> + 0x5d6b86e (0x7efdb63b086e in /opt/conda/lib/python3.11/site-packages/torch/lib/libtorch_cpu.so)
frame #4: c10d::TCPStore::check(std::vector<std::__cxx11::basic_string<char, std::char_traits<char>, std::allocator<char> >, std::allocator<std::__cxx11::basic_string<char, std::char_traits<char>, std::allocator<char> > > > const&) + 0x30e (0x7efdb63ab18e in /opt/conda/lib/python3.11/site-packages/torch/lib/libtorch_cpu.so)
frame #5: c10d::ProcessGroupNCCL::HeartbeatMonitor::runLoop() + 0x398 (0x7efd75890b18 in /opt/conda/lib/python3.11/site-packages/torch/lib/libtorch_cuda.so)
frame #6: <unknown function> + 0xd8198 (0x7efd5927e198 in /opt/conda/bin/../lib/libstdc++.so.6)
frame #7: <unknown function> + 0x94ac3 (0x7efdd3ba0ac3 in /lib/x86_64-linux-gnu/libc.so.6)
frame #8: <unknown function> + 0x126850 (0x7efdd3c32850 in /lib/x86_64-linux-gnu/libc.so.6)

[rank5]:[W724 04:52:35.819085386 ProcessGroupNCCL.cpp:1783] [PG ID 0 PG GUID 0(default_pg) Rank 5] Failed to check the "should dump" flag on TCPStore, (maybe TCPStore server has shut down too early), with error: Broken pipe
[rank2]:[W724 04:52:35.103237965 TCPStore.cpp:106] [c10d] sendBytes failed on SocketImpl(fd=73, addr=[localhost]:37294, remote=[localhost]:29600): Broken pipe
Exception raised from sendBytes at /pytorch/torch/csrc/distributed/c10d/Utils.hpp:653 (most recent call first):
frame #0: c10::Error::Error(c10::SourceLocation, std::__cxx11::basic_string<char, std::char_traits<char>, std::allocator<char> >) + 0x80 (0x7fe66977eeb0 in /opt/conda/lib/python3.11/site-packages/torch/lib/libc10.so)
frame #1: <unknown function> + 0x5d694d1 (0x7fe64d7ae4d1 in /opt/conda/lib/python3.11/site-packages/torch/lib/libtorch_cpu.so)
frame #2: <unknown function> + 0x5d69d62 (0x7fe64d7aed62 in /opt/conda/lib/python3.11/site-packages/torch/lib/libtorch_cpu.so)
frame #3: <unknown function> + 0x5d6b86e (0x7fe64d7b086e in /opt/conda/lib/python3.11/site-packages/torch/lib/libtorch_cpu.so)
frame #4: c10d::TCPStore::check(std::vector<std::__cxx11::basic_string<char, std::char_traits<char>, std::allocator<char> >, std::allocator<std::__cxx11::basic_string<char, std::char_traits<char>, std::allocator<char> > > > const&) + 0x30e (0x7fe64d7ab18e in /opt/conda/lib/python3.11/site-packages/torch/lib/libtorch_cpu.so)
frame #5: c10d::ProcessGroupNCCL::HeartbeatMonitor::runLoop() + 0x398 (0x7fe60cc90b18 in /opt/conda/lib/python3.11/site-packages/torch/lib/libtorch_cuda.so)
frame #6: <unknown function> + 0xd8198 (0x7fe5f067e198 in /opt/conda/bin/../lib/libstdc++.so.6)
frame #7: <unknown function> + 0x94ac3 (0x7fe66b020ac3 in /lib/x86_64-linux-gnu/libc.so.6)
frame #8: <unknown function> + 0x126850 (0x7fe66b0b2850 in /lib/x86_64-linux-gnu/libc.so.6)

[rank2]:[W724 04:52:35.107686954 ProcessGroupNCCL.cpp:1783] [PG ID 0 PG GUID 0(default_pg) Rank 2] Failed to check the "should dump" flag on TCPStore, (maybe TCPStore server has shut down too early), with error: Broken pipe
[rank7]:[W724 04:52:35.125721119 TCPStore.cpp:106] [c10d] sendBytes failed on SocketImpl(fd=73, addr=[localhost]:40292, remote=[localhost]:29600): Broken pipe
Exception raised from sendBytes at /pytorch/torch/csrc/distributed/c10d/Utils.hpp:653 (most recent call first):
frame #0: c10::Error::Error(c10::SourceLocation, std::__cxx11::basic_string<char, std::char_traits<char>, std::allocator<char> >) + 0x80 (0x7f3b80f7eeb0 in /opt/conda/lib/python3.11/site-packages/torch/lib/libc10.so)
frame #1: <unknown function> + 0x5d694d1 (0x7f3b64fae4d1 in /opt/conda/lib/python3.11/site-packages/torch/lib/libtorch_cpu.so)
frame #2: <unknown function> + 0x5d69d62 (0x7f3b64faed62 in /opt/conda/lib/python3.11/site-packages/torch/lib/libtorch_cpu.so)
frame #3: <unknown function> + 0x5d6b86e (0x7f3b64fb086e in /opt/conda/lib/python3.11/site-packages/torch/lib/libtorch_cpu.so)
frame #4: c10d::TCPStore::check(std::vector<std::__cxx11::basic_string<char, std::char_traits<char>, std::allocator<char> >, std::allocator<std::__cxx11::basic_string<char, std::char_traits<char>, std::allocator<char> > > > const&) + 0x30e (0x7f3b64fab18e in /opt/conda/lib/python3.11/site-packages/torch/lib/libtorch_cpu.so)
frame #5: c10d::ProcessGroupNCCL::HeartbeatMonitor::runLoop() + 0x398 (0x7f3b24490b18 in /opt/conda/lib/python3.11/site-packages/torch/lib/libtorch_cuda.so)
frame #6: <unknown function> + 0xd8198 (0x7f3b07e7e198 in /opt/conda/bin/../lib/libstdc++.so.6)
frame #7: <unknown function> + 0x94ac3 (0x7f3b827cdac3 in /lib/x86_64-linux-gnu/libc.so.6)
frame #8: <unknown function> + 0x126850 (0x7f3b8285f850 in /lib/x86_64-linux-gnu/libc.so.6)

[rank7]:[W724 04:52:35.129695737 ProcessGroupNCCL.cpp:1783] [PG ID 0 PG GUID 0(default_pg) Rank 7] Failed to check the "should dump" flag on TCPStore, (maybe TCPStore server has shut down too early), with error: Broken pipe
[rank5]:[W724 04:52:36.819730606 TCPStore.cpp:106] [c10d] sendBytes failed on SocketImpl(fd=36, addr=[localhost]:37284, remote=[localhost]:29600): Broken pipe
Exception raised from sendBytes at /pytorch/torch/csrc/distributed/c10d/Utils.hpp:653 (most recent call first):
frame #0: c10::Error::Error(c10::SourceLocation, std::__cxx11::basic_string<char, std::char_traits<char>, std::allocator<char> >) + 0x80 (0x7efdd22d9eb0 in /opt/conda/lib/python3.11/site-packages/torch/lib/libc10.so)
frame #1: <unknown function> + 0x5d694d1 (0x7efdb63ae4d1 in /opt/conda/lib/python3.11/site-packages/torch/lib/libtorch_cpu.so)
frame #2: <unknown function> + 0x5d69d62 (0x7efdb63aed62 in /opt/conda/lib/python3.11/site-packages/torch/lib/libtorch_cpu.so)
frame #3: <unknown function> + 0x5d6b86e (0x7efdb63b086e in /opt/conda/lib/python3.11/site-packages/torch/lib/libtorch_cpu.so)
frame #4: c10d::TCPStore::check(std::vector<std::__cxx11::basic_string<char, std::char_traits<char>, std::allocator<char> >, std::allocator<std::__cxx11::basic_string<char, std::char_traits<char>, std::allocator<char> > > > const&) + 0x30e (0x7efdb63ab18e in /opt/conda/lib/python3.11/site-packages/torch/lib/libtorch_cpu.so)
frame #5: c10d::ProcessGroupNCCL::HeartbeatMonitor::runLoop() + 0x398 (0x7efd75890b18 in /opt/conda/lib/python3.11/site-packages/torch/lib/libtorch_cuda.so)
frame #6: <unknown function> + 0xd8198 (0x7efd5927e198 in /opt/conda/bin/../lib/libstdc++.so.6)
frame #7: <unknown function> + 0x94ac3 (0x7efdd3ba0ac3 in /lib/x86_64-linux-gnu/libc.so.6)
frame #8: <unknown function> + 0x126850 (0x7efdd3c32850 in /lib/x86_64-linux-gnu/libc.so.6)

[rank5]:[W724 04:52:36.823698524 ProcessGroupNCCL.cpp:1783] [PG ID 0 PG GUID 0(default_pg) Rank 5] Failed to check the "should dump" flag on TCPStore, (maybe TCPStore server has shut down too early), with error: Broken pipe
[rank2]:[W724 04:52:36.108210214 TCPStore.cpp:106] [c10d] sendBytes failed on SocketImpl(fd=73, addr=[localhost]:37294, remote=[localhost]:29600): Broken pipe
Exception raised from sendBytes at /pytorch/torch/csrc/distributed/c10d/Utils.hpp:653 (most recent call first):
frame #0: c10::Error::Error(c10::SourceLocation, std::__cxx11::basic_string<char, std::char_traits<char>, std::allocator<char> >) + 0x80 (0x7fe66977eeb0 in /opt/conda/lib/python3.11/site-packages/torch/lib/libc10.so)
frame #1: <unknown function> + 0x5d694d1 (0x7fe64d7ae4d1 in /opt/conda/lib/python3.11/site-packages/torch/lib/libtorch_cpu.so)
frame #2: <unknown function> + 0x5d69d62 (0x7fe64d7aed62 in /opt/conda/lib/python3.11/site-packages/torch/lib/libtorch_cpu.so)
frame #3: <unknown function> + 0x5d6b86e (0x7fe64d7b086e in /opt/conda/lib/python3.11/site-packages/torch/lib/libtorch_cpu.so)
frame #4: c10d::TCPStore::check(std::vector<std::__cxx11::basic_string<char, std::char_traits<char>, std::allocator<char> >, std::allocator<std::__cxx11::basic_string<char, std::char_traits<char>, std::allocator<char> > > > const&) + 0x30e (0x7fe64d7ab18e in /opt/conda/lib/python3.11/site-packages/torch/lib/libtorch_cpu.so)
frame #5: c10d::ProcessGroupNCCL::HeartbeatMonitor::runLoop() + 0x398 (0x7fe60cc90b18 in /opt/conda/lib/python3.11/site-packages/torch/lib/libtorch_cuda.so)
frame #6: <unknown function> + 0xd8198 (0x7fe5f067e198 in /opt/conda/bin/../lib/libstdc++.so.6)
frame #7: <unknown function> + 0x94ac3 (0x7fe66b020ac3 in /lib/x86_64-linux-gnu/libc.so.6)
frame #8: <unknown function> + 0x126850 (0x7fe66b0b2850 in /lib/x86_64-linux-gnu/libc.so.6)

[rank2]:[W724 04:52:36.113211804 ProcessGroupNCCL.cpp:1783] [PG ID 0 PG GUID 0(default_pg) Rank 2] Failed to check the "should dump" flag on TCPStore, (maybe TCPStore server has shut down too early), with error: Broken pipe
[rank7]:[W724 04:52:36.130016727 TCPStore.cpp:106] [c10d] sendBytes failed on SocketImpl(fd=73, addr=[localhost]:40292, remote=[localhost]:29600): Broken pipe
Exception raised from sendBytes at /pytorch/torch/csrc/distributed/c10d/Utils.hpp:653 (most recent call first):
frame #0: c10::Error::Error(c10::SourceLocation, std::__cxx11::basic_string<char, std::char_traits<char>, std::allocator<char> >) + 0x80 (0x7f3b80f7eeb0 in /opt/conda/lib/python3.11/site-packages/torch/lib/libc10.so)
frame #1: <unknown function> + 0x5d694d1 (0x7f3b64fae4d1 in /opt/conda/lib/python3.11/site-packages/torch/lib/libtorch_cpu.so)
frame #2: <unknown function> + 0x5d69d62 (0x7f3b64faed62 in /opt/conda/lib/python3.11/site-packages/torch/lib/libtorch_cpu.so)
frame #3: <unknown function> + 0x5d6b86e (0x7f3b64fb086e in /opt/conda/lib/python3.11/site-packages/torch/lib/libtorch_cpu.so)
frame #4: c10d::TCPStore::check(std::vector<std::__cxx11::basic_string<char, std::char_traits<char>, std::allocator<char> >, std::allocator<std::__cxx11::basic_string<char, std::char_traits<char>, std::allocator<char> > > > const&) + 0x30e (0x7f3b64fab18e in /opt/conda/lib/python3.11/site-packages/torch/lib/libtorch_cpu.so)
frame #5: c10d::ProcessGroupNCCL::HeartbeatMonitor::runLoop() + 0x398 (0x7f3b24490b18 in /opt/conda/lib/python3.11/site-packages/torch/lib/libtorch_cuda.so)
frame #6: <unknown function> + 0xd8198 (0x7f3b07e7e198 in /opt/conda/bin/../lib/libstdc++.so.6)
frame #7: <unknown function> + 0x94ac3 (0x7f3b827cdac3 in /lib/x86_64-linux-gnu/libc.so.6)
frame #8: <unknown function> + 0x126850 (0x7f3b8285f850 in /lib/x86_64-linux-gnu/libc.so.6)

[rank7]:[W724 04:52:36.133550574 ProcessGroupNCCL.cpp:1783] [PG ID 0 PG GUID 0(default_pg) Rank 7] Failed to check the "should dump" flag on TCPStore, (maybe TCPStore server has shut down too early), with error: Broken pipe
[rank5]:[W724 04:52:37.824142074 TCPStore.cpp:106] [c10d] sendBytes failed on SocketImpl(fd=36, addr=[localhost]:37284, remote=[localhost]:29600): Broken pipe
Exception raised from sendBytes at /pytorch/torch/csrc/distributed/c10d/Utils.hpp:653 (most recent call first):
frame #0: c10::Error::Error(c10::SourceLocation, std::__cxx11::basic_string<char, std::char_traits<char>, std::allocator<char> >) + 0x80 (0x7efdd22d9eb0 in /opt/conda/lib/python3.11/site-packages/torch/lib/libc10.so)
frame #1: <unknown function> + 0x5d694d1 (0x7efdb63ae4d1 in /opt/conda/lib/python3.11/site-packages/torch/lib/libtorch_cpu.so)
frame #2: <unknown function> + 0x5d69d62 (0x7efdb63aed62 in /opt/conda/lib/python3.11/site-packages/torch/lib/libtorch_cpu.so)
frame #3: <unknown function> + 0x5d6b86e (0x7efdb63b086e in /opt/conda/lib/python3.11/site-packages/torch/lib/libtorch_cpu.so)
frame #4: c10d::TCPStore::check(std::vector<std::__cxx11::basic_string<char, std::char_traits<char>, std::allocator<char> >, std::allocator<std::__cxx11::basic_string<char, std::char_traits<char>, std::allocator<char> > > > const&) + 0x30e (0x7efdb63ab18e in /opt/conda/lib/python3.11/site-packages/torch/lib/libtorch_cpu.so)
frame #5: c10d::ProcessGroupNCCL::HeartbeatMonitor::runLoop() + 0x398 (0x7efd75890b18 in /opt/conda/lib/python3.11/site-packages/torch/lib/libtorch_cuda.so)
frame #6: <unknown function> + 0xd8198 (0x7efd5927e198 in /opt/conda/bin/../lib/libstdc++.so.6)
frame #7: <unknown function> + 0x94ac3 (0x7efdd3ba0ac3 in /lib/x86_64-linux-gnu/libc.so.6)
frame #8: <unknown function> + 0x126850 (0x7efdd3c32850 in /lib/x86_64-linux-gnu/libc.so.6)

[rank5]:[W724 04:52:37.827724501 ProcessGroupNCCL.cpp:1783] [PG ID 0 PG GUID 0(default_pg) Rank 5] Failed to check the "should dump" flag on TCPStore, (maybe TCPStore server has shut down too early), with error: Broken pipe
[rank2]:[W724 04:52:37.113582194 TCPStore.cpp:106] [c10d] sendBytes failed on SocketImpl(fd=73, addr=[localhost]:37294, remote=[localhost]:29600): Broken pipe
Exception raised from sendBytes at /pytorch/torch/csrc/distributed/c10d/Utils.hpp:653 (most recent call first):
frame #0: c10::Error::Error(c10::SourceLocation, std::__cxx11::basic_string<char, std::char_traits<char>, std::allocator<char> >) + 0x80 (0x7fe66977eeb0 in /opt/conda/lib/python3.11/site-packages/torch/lib/libc10.so)
frame #1: <unknown function> + 0x5d694d1 (0x7fe64d7ae4d1 in /opt/conda/lib/python3.11/site-packages/torch/lib/libtorch_cpu.so)
frame #2: <unknown function> + 0x5d69d62 (0x7fe64d7aed62 in /opt/conda/lib/python3.11/site-packages/torch/lib/libtorch_cpu.so)
frame #3: <unknown function> + 0x5d6b86e (0x7fe64d7b086e in /opt/conda/lib/python3.11/site-packages/torch/lib/libtorch_cpu.so)
frame #4: c10d::TCPStore::check(std::vector<std::__cxx11::basic_string<char, std::char_traits<char>, std::allocator<char> >, std::allocator<std::__cxx11::basic_string<char, std::char_traits<char>, std::allocator<char> > > > const&) + 0x30e (0x7fe64d7ab18e in /opt/conda/lib/python3.11/site-packages/torch/lib/libtorch_cpu.so)
frame #5: c10d::ProcessGroupNCCL::HeartbeatMonitor::runLoop() + 0x398 (0x7fe60cc90b18 in /opt/conda/lib/python3.11/site-packages/torch/lib/libtorch_cuda.so)
frame #6: <unknown function> + 0xd8198 (0x7fe5f067e198 in /opt/conda/bin/../lib/libstdc++.so.6)
frame #7: <unknown function> + 0x94ac3 (0x7fe66b020ac3 in /lib/x86_64-linux-gnu/libc.so.6)
frame #8: <unknown function> + 0x126850 (0x7fe66b0b2850 in /lib/x86_64-linux-gnu/libc.so.6)

[rank2]:[W724 04:52:37.119420565 ProcessGroupNCCL.cpp:1783] [PG ID 0 PG GUID 0(default_pg) Rank 2] Failed to check the "should dump" flag on TCPStore, (maybe TCPStore server has shut down too early), with error: Broken pipe
[rank7]:[W724 04:52:37.133908174 TCPStore.cpp:106] [c10d] sendBytes failed on SocketImpl(fd=73, addr=[localhost]:40292, remote=[localhost]:29600): Broken pipe
Exception raised from sendBytes at /pytorch/torch/csrc/distributed/c10d/Utils.hpp:653 (most recent call first):
frame #0: c10::Error::Error(c10::SourceLocation, std::__cxx11::basic_string<char, std::char_traits<char>, std::allocator<char> >) + 0x80 (0x7f3b80f7eeb0 in /opt/conda/lib/python3.11/site-packages/torch/lib/libc10.so)
frame #1: <unknown function> + 0x5d694d1 (0x7f3b64fae4d1 in /opt/conda/lib/python3.11/site-packages/torch/lib/libtorch_cpu.so)
frame #2: <unknown function> + 0x5d69d62 (0x7f3b64faed62 in /opt/conda/lib/python3.11/site-packages/torch/lib/libtorch_cpu.so)
frame #3: <unknown function> + 0x5d6b86e (0x7f3b64fb086e in /opt/conda/lib/python3.11/site-packages/torch/lib/libtorch_cpu.so)
frame #4: c10d::TCPStore::check(std::vector<std::__cxx11::basic_string<char, std::char_traits<char>, std::allocator<char> >, std::allocator<std::__cxx11::basic_string<char, std::char_traits<char>, std::allocator<char> > > > const&) + 0x30e (0x7f3b64fab18e in /opt/conda/lib/python3.11/site-packages/torch/lib/libtorch_cpu.so)
frame #5: c10d::ProcessGroupNCCL::HeartbeatMonitor::runLoop() + 0x398 (0x7f3b24490b18 in /opt/conda/lib/python3.11/site-packages/torch/lib/libtorch_cuda.so)
frame #6: <unknown function> + 0xd8198 (0x7f3b07e7e198 in /opt/conda/bin/../lib/libstdc++.so.6)
frame #7: <unknown function> + 0x94ac3 (0x7f3b827cdac3 in /lib/x86_64-linux-gnu/libc.so.6)
frame #8: <unknown function> + 0x126850 (0x7f3b8285f850 in /lib/x86_64-linux-gnu/libc.so.6)

[rank7]:[W724 04:52:37.137886751 ProcessGroupNCCL.cpp:1783] [PG ID 0 PG GUID 0(default_pg) Rank 7] Failed to check the "should dump" flag on TCPStore, (maybe TCPStore server has shut down too early), with error: Broken pipe
[rank5]:[W724 04:52:38.828182821 TCPStore.cpp:106] [c10d] sendBytes failed on SocketImpl(fd=36, addr=[localhost]:37284, remote=[localhost]:29600): Broken pipe
Exception raised from sendBytes at /pytorch/torch/csrc/distributed/c10d/Utils.hpp:653 (most recent call first):
frame #0: c10::Error::Error(c10::SourceLocation, std::__cxx11::basic_string<char, std::char_traits<char>, std::allocator<char> >) + 0x80 (0x7efdd22d9eb0 in /opt/conda/lib/python3.11/site-packages/torch/lib/libc10.so)
frame #1: <unknown function> + 0x5d694d1 (0x7efdb63ae4d1 in /opt/conda/lib/python3.11/site-packages/torch/lib/libtorch_cpu.so)
frame #2: <unknown function> + 0x5d69d62 (0x7efdb63aed62 in /opt/conda/lib/python3.11/site-packages/torch/lib/libtorch_cpu.so)
frame #3: <unknown function> + 0x5d6b86e (0x7efdb63b086e in /opt/conda/lib/python3.11/site-packages/torch/lib/libtorch_cpu.so)
frame #4: c10d::TCPStore::check(std::vector<std::__cxx11::basic_string<char, std::char_traits<char>, std::allocator<char> >, std::allocator<std::__cxx11::basic_string<char, std::char_traits<char>, std::allocator<char> > > > const&) + 0x30e (0x7efdb63ab18e in /opt/conda/lib/python3.11/site-packages/torch/lib/libtorch_cpu.so)
frame #5: c10d::ProcessGroupNCCL::HeartbeatMonitor::runLoop() + 0x398 (0x7efd75890b18 in /opt/conda/lib/python3.11/site-packages/torch/lib/libtorch_cuda.so)
frame #6: <unknown function> + 0xd8198 (0x7efd5927e198 in /opt/conda/bin/../lib/libstdc++.so.6)
frame #7: <unknown function> + 0x94ac3 (0x7efdd3ba0ac3 in /lib/x86_64-linux-gnu/libc.so.6)
frame #8: <unknown function> + 0x126850 (0x7efdd3c32850 in /lib/x86_64-linux-gnu/libc.so.6)

[rank5]:[W724 04:52:38.831744738 ProcessGroupNCCL.cpp:1783] [PG ID 0 PG GUID 0(default_pg) Rank 5] Failed to check the "should dump" flag on TCPStore, (maybe TCPStore server has shut down too early), with error: Broken pipe
[rank2]:[W724 04:52:38.119994505 TCPStore.cpp:106] [c10d] sendBytes failed on SocketImpl(fd=73, addr=[localhost]:37294, remote=[localhost]:29600): Broken pipe
Exception raised from sendBytes at /pytorch/torch/csrc/distributed/c10d/Utils.hpp:653 (most recent call first):
frame #0: c10::Error::Error(c10::SourceLocation, std::__cxx11::basic_string<char, std::char_traits<char>, std::allocator<char> >) + 0x80 (0x7fe66977eeb0 in /opt/conda/lib/python3.11/site-packages/torch/lib/libc10.so)
frame #1: <unknown function> + 0x5d694d1 (0x7fe64d7ae4d1 in /opt/conda/lib/python3.11/site-packages/torch/lib/libtorch_cpu.so)
frame #2: <unknown function> + 0x5d69d62 (0x7fe64d7aed62 in /opt/conda/lib/python3.11/site-packages/torch/lib/libtorch_cpu.so)
frame #3: <unknown function> + 0x5d6b86e (0x7fe64d7b086e in /opt/conda/lib/python3.11/site-packages/torch/lib/libtorch_cpu.so)
frame #4: c10d::TCPStore::check(std::vector<std::__cxx11::basic_string<char, std::char_traits<char>, std::allocator<char> >, std::allocator<std::__cxx11::basic_string<char, std::char_traits<char>, std::allocator<char> > > > const&) + 0x30e (0x7fe64d7ab18e in /opt/conda/lib/python3.11/site-packages/torch/lib/libtorch_cpu.so)
frame #5: c10d::ProcessGroupNCCL::HeartbeatMonitor::runLoop() + 0x398 (0x7fe60cc90b18 in /opt/conda/lib/python3.11/site-packages/torch/lib/libtorch_cuda.so)
frame #6: <unknown function> + 0xd8198 (0x7fe5f067e198 in /opt/conda/bin/../lib/libstdc++.so.6)
frame #7: <unknown function> + 0x94ac3 (0x7fe66b020ac3 in /lib/x86_64-linux-gnu/libc.so.6)
frame #8: <unknown function> + 0x126850 (0x7fe66b0b2850 in /lib/x86_64-linux-gnu/libc.so.6)

[rank2]:[W724 04:52:38.125054275 ProcessGroupNCCL.cpp:1783] [PG ID 0 PG GUID 0(default_pg) Rank 2] Failed to check the "should dump" flag on TCPStore, (maybe TCPStore server has shut down too early), with error: Broken pipe
[rank7]:[W724 04:52:38.138424252 TCPStore.cpp:106] [c10d] sendBytes failed on SocketImpl(fd=73, addr=[localhost]:40292, remote=[localhost]:29600): Broken pipe
Exception raised from sendBytes at /pytorch/torch/csrc/distributed/c10d/Utils.hpp:653 (most recent call first):
frame #0: c10::Error::Error(c10::SourceLocation, std::__cxx11::basic_string<char, std::char_traits<char>, std::allocator<char> >) + 0x80 (0x7f3b80f7eeb0 in /opt/conda/lib/python3.11/site-packages/torch/lib/libc10.so)
frame #1: <unknown function> + 0x5d694d1 (0x7f3b64fae4d1 in /opt/conda/lib/python3.11/site-packages/torch/lib/libtorch_cpu.so)
frame #2: <unknown function> + 0x5d69d62 (0x7f3b64faed62 in /opt/conda/lib/python3.11/site-packages/torch/lib/libtorch_cpu.so)
frame #3: <unknown function> + 0x5d6b86e (0x7f3b64fb086e in /opt/conda/lib/python3.11/site-packages/torch/lib/libtorch_cpu.so)
frame #4: c10d::TCPStore::check(std::vector<std::__cxx11::basic_string<char, std::char_traits<char>, std::allocator<char> >, std::allocator<std::__cxx11::basic_string<char, std::char_traits<char>, std::allocator<char> > > > const&) + 0x30e (0x7f3b64fab18e in /opt/conda/lib/python3.11/site-packages/torch/lib/libtorch_cpu.so)
frame #5: c10d::ProcessGroupNCCL::HeartbeatMonitor::runLoop() + 0x398 (0x7f3b24490b18 in /opt/conda/lib/python3.11/site-packages/torch/lib/libtorch_cuda.so)
frame #6: <unknown function> + 0xd8198 (0x7f3b07e7e198 in /opt/conda/bin/../lib/libstdc++.so.6)
frame #7: <unknown function> + 0x94ac3 (0x7f3b827cdac3 in /lib/x86_64-linux-gnu/libc.so.6)
frame #8: <unknown function> + 0x126850 (0x7f3b8285f850 in /lib/x86_64-linux-gnu/libc.so.6)

[rank7]:[W724 04:52:38.141854008 ProcessGroupNCCL.cpp:1783] [PG ID 0 PG GUID 0(default_pg) Rank 7] Failed to check the "should dump" flag on TCPStore, (maybe TCPStore server has shut down too early), with error: Broken pipe
[rank5]:[W724 04:52:39.832241198 TCPStore.cpp:106] [c10d] sendBytes failed on SocketImpl(fd=36, addr=[localhost]:37284, remote=[localhost]:29600): Broken pipe
Exception raised from sendBytes at /pytorch/torch/csrc/distributed/c10d/Utils.hpp:653 (most recent call first):
frame #0: c10::Error::Error(c10::SourceLocation, std::__cxx11::basic_string<char, std::char_traits<char>, std::allocator<char> >) + 0x80 (0x7efdd22d9eb0 in /opt/conda/lib/python3.11/site-packages/torch/lib/libc10.so)
frame #1: <unknown function> + 0x5d694d1 (0x7efdb63ae4d1 in /opt/conda/lib/python3.11/site-packages/torch/lib/libtorch_cpu.so)
frame #2: <unknown function> + 0x5d69d62 (0x7efdb63aed62 in /opt/conda/lib/python3.11/site-packages/torch/lib/libtorch_cpu.so)
frame #3: <unknown function> + 0x5d6b86e (0x7efdb63b086e in /opt/conda/lib/python3.11/site-packages/torch/lib/libtorch_cpu.so)
frame #4: c10d::TCPStore::check(std::vector<std::__cxx11::basic_string<char, std::char_traits<char>, std::allocator<char> >, std::allocator<std::__cxx11::basic_string<char, std::char_traits<char>, std::allocator<char> > > > const&) + 0x30e (0x7efdb63ab18e in /opt/conda/lib/python3.11/site-packages/torch/lib/libtorch_cpu.so)
frame #5: c10d::ProcessGroupNCCL::HeartbeatMonitor::runLoop() + 0x398 (0x7efd75890b18 in /opt/conda/lib/python3.11/site-packages/torch/lib/libtorch_cuda.so)
frame #6: <unknown function> + 0xd8198 (0x7efd5927e198 in /opt/conda/bin/../lib/libstdc++.so.6)
frame #7: <unknown function> + 0x94ac3 (0x7efdd3ba0ac3 in /lib/x86_64-linux-gnu/libc.so.6)
frame #8: <unknown function> + 0x126850 (0x7efdd3c32850 in /lib/x86_64-linux-gnu/libc.so.6)

[rank5]:[W724 04:52:39.836016435 ProcessGroupNCCL.cpp:1783] [PG ID 0 PG GUID 0(default_pg) Rank 5] Failed to check the "should dump" flag on TCPStore, (maybe TCPStore server has shut down too early), with error: Broken pipe
[rank2]:[W724 04:52:39.126014196 TCPStore.cpp:106] [c10d] sendBytes failed on SocketImpl(fd=73, addr=[localhost]:37294, remote=[localhost]:29600): Broken pipe
Exception raised from sendBytes at /pytorch/torch/csrc/distributed/c10d/Utils.hpp:653 (most recent call first):
frame #0: c10::Error::Error(c10::SourceLocation, std::__cxx11::basic_string<char, std::char_traits<char>, std::allocator<char> >) + 0x80 (0x7fe66977eeb0 in /opt/conda/lib/python3.11/site-packages/torch/lib/libc10.so)
frame #1: <unknown function> + 0x5d694d1 (0x7fe64d7ae4d1 in /opt/conda/lib/python3.11/site-packages/torch/lib/libtorch_cpu.so)
frame #2: <unknown function> + 0x5d69d62 (0x7fe64d7aed62 in /opt/conda/lib/python3.11/site-packages/torch/lib/libtorch_cpu.so)
frame #3: <unknown function> + 0x5d6b86e (0x7fe64d7b086e in /opt/conda/lib/python3.11/site-packages/torch/lib/libtorch_cpu.so)
frame #4: c10d::TCPStore::check(std::vector<std::__cxx11::basic_string<char, std::char_traits<char>, std::allocator<char> >, std::allocator<std::__cxx11::basic_string<char, std::char_traits<char>, std::allocator<char> > > > const&) + 0x30e (0x7fe64d7ab18e in /opt/conda/lib/python3.11/site-packages/torch/lib/libtorch_cpu.so)
frame #5: c10d::ProcessGroupNCCL::HeartbeatMonitor::runLoop() + 0x398 (0x7fe60cc90b18 in /opt/conda/lib/python3.11/site-packages/torch/lib/libtorch_cuda.so)
frame #6: <unknown function> + 0xd8198 (0x7fe5f067e198 in /opt/conda/bin/../lib/libstdc++.so.6)
frame #7: <unknown function> + 0x94ac3 (0x7fe66b020ac3 in /lib/x86_64-linux-gnu/libc.so.6)
frame #8: <unknown function> + 0x126850 (0x7fe66b0b2850 in /lib/x86_64-linux-gnu/libc.so.6)

[rank2]:[W724 04:52:39.134686973 ProcessGroupNCCL.cpp:1783] [PG ID 0 PG GUID 0(default_pg) Rank 2] Failed to check the "should dump" flag on TCPStore, (maybe TCPStore server has shut down too early), with error: Broken pipe
[rank7]:[W724 04:52:39.142388968 TCPStore.cpp:106] [c10d] sendBytes failed on SocketImpl(fd=73, addr=[localhost]:40292, remote=[localhost]:29600): Broken pipe
Exception raised from sendBytes at /pytorch/torch/csrc/distributed/c10d/Utils.hpp:653 (most recent call first):
frame #0: c10::Error::Error(c10::SourceLocation, std::__cxx11::basic_string<char, std::char_traits<char>, std::allocator<char> >) + 0x80 (0x7f3b80f7eeb0 in /opt/conda/lib/python3.11/site-packages/torch/lib/libc10.so)
frame #1: <unknown function> + 0x5d694d1 (0x7f3b64fae4d1 in /opt/conda/lib/python3.11/site-packages/torch/lib/libtorch_cpu.so)
frame #2: <unknown function> + 0x5d69d62 (0x7f3b64faed62 in /opt/conda/lib/python3.11/site-packages/torch/lib/libtorch_cpu.so)
frame #3: <unknown function> + 0x5d6b86e (0x7f3b64fb086e in /opt/conda/lib/python3.11/site-packages/torch/lib/libtorch_cpu.so)
frame #4: c10d::TCPStore::check(std::vector<std::__cxx11::basic_string<char, std::char_traits<char>, std::allocator<char> >, std::allocator<std::__cxx11::basic_string<char, std::char_traits<char>, std::allocator<char> > > > const&) + 0x30e (0x7f3b64fab18e in /opt/conda/lib/python3.11/site-packages/torch/lib/libtorch_cpu.so)
frame #5: c10d::ProcessGroupNCCL::HeartbeatMonitor::runLoop() + 0x398 (0x7f3b24490b18 in /opt/conda/lib/python3.11/site-packages/torch/lib/libtorch_cuda.so)
frame #6: <unknown function> + 0xd8198 (0x7f3b07e7e198 in /opt/conda/bin/../lib/libstdc++.so.6)
frame #7: <unknown function> + 0x94ac3 (0x7f3b827cdac3 in /lib/x86_64-linux-gnu/libc.so.6)
frame #8: <unknown function> + 0x126850 (0x7f3b8285f850 in /lib/x86_64-linux-gnu/libc.so.6)

[rank7]:[W724 04:52:39.146089596 ProcessGroupNCCL.cpp:1783] [PG ID 0 PG GUID 0(default_pg) Rank 7] Failed to check the "should dump" flag on TCPStore, (maybe TCPStore server has shut down too early), with error: Broken pipe
[rank5]:[W724 04:52:40.836468525 TCPStore.cpp:106] [c10d] sendBytes failed on SocketImpl(fd=36, addr=[localhost]:37284, remote=[localhost]:29600): Broken pipe
Exception raised from sendBytes at /pytorch/torch/csrc/distributed/c10d/Utils.hpp:653 (most recent call first):
frame #0: c10::Error::Error(c10::SourceLocation, std::__cxx11::basic_string<char, std::char_traits<char>, std::allocator<char> >) + 0x80 (0x7efdd22d9eb0 in /opt/conda/lib/python3.11/site-packages/torch/lib/libc10.so)
frame #1: <unknown function> + 0x5d694d1 (0x7efdb63ae4d1 in /opt/conda/lib/python3.11/site-packages/torch/lib/libtorch_cpu.so)
frame #2: <unknown function> + 0x5d69d62 (0x7efdb63aed62 in /opt/conda/lib/python3.11/site-packages/torch/lib/libtorch_cpu.so)
frame #3: <unknown function> + 0x5d6b86e (0x7efdb63b086e in /opt/conda/lib/python3.11/site-packages/torch/lib/libtorch_cpu.so)
frame #4: c10d::TCPStore::check(std::vector<std::__cxx11::basic_string<char, std::char_traits<char>, std::allocator<char> >, std::allocator<std::__cxx11::basic_string<char, std::char_traits<char>, std::allocator<char> > > > const&) + 0x30e (0x7efdb63ab18e in /opt/conda/lib/python3.11/site-packages/torch/lib/libtorch_cpu.so)
frame #5: c10d::ProcessGroupNCCL::HeartbeatMonitor::runLoop() + 0x398 (0x7efd75890b18 in /opt/conda/lib/python3.11/site-packages/torch/lib/libtorch_cuda.so)
frame #6: <unknown function> + 0xd8198 (0x7efd5927e198 in /opt/conda/bin/../lib/libstdc++.so.6)
frame #7: <unknown function> + 0x94ac3 (0x7efdd3ba0ac3 in /lib/x86_64-linux-gnu/libc.so.6)
frame #8: <unknown function> + 0x126850 (0x7efdd3c32850 in /lib/x86_64-linux-gnu/libc.so.6)

[rank5]:[W724 04:52:40.840340813 ProcessGroupNCCL.cpp:1783] [PG ID 0 PG GUID 0(default_pg) Rank 5] Failed to check the "should dump" flag on TCPStore, (maybe TCPStore server has shut down too early), with error: Broken pipe
[rank2]:[W724 04:52:40.135016233 TCPStore.cpp:106] [c10d] sendBytes failed on SocketImpl(fd=73, addr=[localhost]:37294, remote=[localhost]:29600): Broken pipe
Exception raised from sendBytes at /pytorch/torch/csrc/distributed/c10d/Utils.hpp:653 (most recent call first):
frame #0: c10::Error::Error(c10::SourceLocation, std::__cxx11::basic_string<char, std::char_traits<char>, std::allocator<char> >) + 0x80 (0x7fe66977eeb0 in /opt/conda/lib/python3.11/site-packages/torch/lib/libc10.so)
frame #1: <unknown function> + 0x5d694d1 (0x7fe64d7ae4d1 in /opt/conda/lib/python3.11/site-packages/torch/lib/libtorch_cpu.so)
frame #2: <unknown function> + 0x5d69d62 (0x7fe64d7aed62 in /opt/conda/lib/python3.11/site-packages/torch/lib/libtorch_cpu.so)
frame #3: <unknown function> + 0x5d6b86e (0x7fe64d7b086e in /opt/conda/lib/python3.11/site-packages/torch/lib/libtorch_cpu.so)
frame #4: c10d::TCPStore::check(std::vector<std::__cxx11::basic_string<char, std::char_traits<char>, std::allocator<char> >, std::allocator<std::__cxx11::basic_string<char, std::char_traits<char>, std::allocator<char> > > > const&) + 0x30e (0x7fe64d7ab18e in /opt/conda/lib/python3.11/site-packages/torch/lib/libtorch_cpu.so)
frame #5: c10d::ProcessGroupNCCL::HeartbeatMonitor::runLoop() + 0x398 (0x7fe60cc90b18 in /opt/conda/lib/python3.11/site-packages/torch/lib/libtorch_cuda.so)
frame #6: <unknown function> + 0xd8198 (0x7fe5f067e198 in /opt/conda/bin/../lib/libstdc++.so.6)
frame #7: <unknown function> + 0x94ac3 (0x7fe66b020ac3 in /lib/x86_64-linux-gnu/libc.so.6)
frame #8: <unknown function> + 0x126850 (0x7fe66b0b2850 in /lib/x86_64-linux-gnu/libc.so.6)

[rank2]:[W724 04:52:40.139400901 ProcessGroupNCCL.cpp:1783] [PG ID 0 PG GUID 0(default_pg) Rank 2] Failed to check the "should dump" flag on TCPStore, (maybe TCPStore server has shut down too early), with error: Broken pipe
[rank7]:[W724 04:52:40.146584806 TCPStore.cpp:106] [c10d] sendBytes failed on SocketImpl(fd=73, addr=[localhost]:40292, remote=[localhost]:29600): Broken pipe
Exception raised from sendBytes at /pytorch/torch/csrc/distributed/c10d/Utils.hpp:653 (most recent call first):
frame #0: c10::Error::Error(c10::SourceLocation, std::__cxx11::basic_string<char, std::char_traits<char>, std::allocator<char> >) + 0x80 (0x7f3b80f7eeb0 in /opt/conda/lib/python3.11/site-packages/torch/lib/libc10.so)
frame #1: <unknown function> + 0x5d694d1 (0x7f3b64fae4d1 in /opt/conda/lib/python3.11/site-packages/torch/lib/libtorch_cpu.so)
frame #2: <unknown function> + 0x5d69d62 (0x7f3b64faed62 in /opt/conda/lib/python3.11/site-packages/torch/lib/libtorch_cpu.so)
frame #3: <unknown function> + 0x5d6b86e (0x7f3b64fb086e in /opt/conda/lib/python3.11/site-packages/torch/lib/libtorch_cpu.so)
frame #4: c10d::TCPStore::check(std::vector<std::__cxx11::basic_string<char, std::char_traits<char>, std::allocator<char> >, std::allocator<std::__cxx11::basic_string<char, std::char_traits<char>, std::allocator<char> > > > const&) + 0x30e (0x7f3b64fab18e in /opt/conda/lib/python3.11/site-packages/torch/lib/libtorch_cpu.so)
frame #5: c10d::ProcessGroupNCCL::HeartbeatMonitor::runLoop() + 0x398 (0x7f3b24490b18 in /opt/conda/lib/python3.11/site-packages/torch/lib/libtorch_cuda.so)
frame #6: <unknown function> + 0xd8198 (0x7f3b07e7e198 in /opt/conda/bin/../lib/libstdc++.so.6)
frame #7: <unknown function> + 0x94ac3 (0x7f3b827cdac3 in /lib/x86_64-linux-gnu/libc.so.6)
frame #8: <unknown function> + 0x126850 (0x7f3b8285f850 in /lib/x86_64-linux-gnu/libc.so.6)

[rank7]:[W724 04:52:40.150597064 ProcessGroupNCCL.cpp:1783] [PG ID 0 PG GUID 0(default_pg) Rank 7] Failed to check the "should dump" flag on TCPStore, (maybe TCPStore server has shut down too early), with error: Broken pipe
[rank5]:[W724 04:52:41.841211543 TCPStore.cpp:106] [c10d] sendBytes failed on SocketImpl(fd=36, addr=[localhost]:37284, remote=[localhost]:29600): Broken pipe
Exception raised from sendBytes at /pytorch/torch/csrc/distributed/c10d/Utils.hpp:653 (most recent call first):
frame #0: c10::Error::Error(c10::SourceLocation, std::__cxx11::basic_string<char, std::char_traits<char>, std::allocator<char> >) + 0x80 (0x7efdd22d9eb0 in /opt/conda/lib/python3.11/site-packages/torch/lib/libc10.so)
frame #1: <unknown function> + 0x5d694d1 (0x7efdb63ae4d1 in /opt/conda/lib/python3.11/site-packages/torch/lib/libtorch_cpu.so)
frame #2: <unknown function> + 0x5d69d62 (0x7efdb63aed62 in /opt/conda/lib/python3.11/site-packages/torch/lib/libtorch_cpu.so)
frame #3: <unknown function> + 0x5d6b86e (0x7efdb63b086e in /opt/conda/lib/python3.11/site-packages/torch/lib/libtorch_cpu.so)
frame #4: c10d::TCPStore::check(std::vector<std::__cxx11::basic_string<char, std::char_traits<char>, std::allocator<char> >, std::allocator<std::__cxx11::basic_string<char, std::char_traits<char>, std::allocator<char> > > > const&) + 0x30e (0x7efdb63ab18e in /opt/conda/lib/python3.11/site-packages/torch/lib/libtorch_cpu.so)
frame #5: c10d::ProcessGroupNCCL::HeartbeatMonitor::runLoop() + 0x398 (0x7efd75890b18 in /opt/conda/lib/python3.11/site-packages/torch/lib/libtorch_cuda.so)
frame #6: <unknown function> + 0xd8198 (0x7efd5927e198 in /opt/conda/bin/../lib/libstdc++.so.6)
frame #7: <unknown function> + 0x94ac3 (0x7efdd3ba0ac3 in /lib/x86_64-linux-gnu/libc.so.6)
frame #8: <unknown function> + 0x126850 (0x7efdd3c32850 in /lib/x86_64-linux-gnu/libc.so.6)

[rank5]:[W724 04:52:41.845102841 ProcessGroupNCCL.cpp:1783] [PG ID 0 PG GUID 0(default_pg) Rank 5] Failed to check the "should dump" flag on TCPStore, (maybe TCPStore server has shut down too early), with error: Broken pipe
[rank2]:[W724 04:52:41.139860851 TCPStore.cpp:106] [c10d] sendBytes failed on SocketImpl(fd=73, addr=[localhost]:37294, remote=[localhost]:29600): Broken pipe
Exception raised from sendBytes at /pytorch/torch/csrc/distributed/c10d/Utils.hpp:653 (most recent call first):
frame #0: c10::Error::Error(c10::SourceLocation, std::__cxx11::basic_string<char, std::char_traits<char>, std::allocator<char> >) + 0x80 (0x7fe66977eeb0 in /opt/conda/lib/python3.11/site-packages/torch/lib/libc10.so)
frame #1: <unknown function> + 0x5d694d1 (0x7fe64d7ae4d1 in /opt/conda/lib/python3.11/site-packages/torch/lib/libtorch_cpu.so)
frame #2: <unknown function> + 0x5d69d62 (0x7fe64d7aed62 in /opt/conda/lib/python3.11/site-packages/torch/lib/libtorch_cpu.so)
frame #3: <unknown function> + 0x5d6b86e (0x7fe64d7b086e in /opt/conda/lib/python3.11/site-packages/torch/lib/libtorch_cpu.so)
frame #4: c10d::TCPStore::check(std::vector<std::__cxx11::basic_string<char, std::char_traits<char>, std::allocator<char> >, std::allocator<std::__cxx11::basic_string<char, std::char_traits<char>, std::allocator<char> > > > const&) + 0x30e (0x7fe64d7ab18e in /opt/conda/lib/python3.11/site-packages/torch/lib/libtorch_cpu.so)
frame #5: c10d::ProcessGroupNCCL::HeartbeatMonitor::runLoop() + 0x398 (0x7fe60cc90b18 in /opt/conda/lib/python3.11/site-packages/torch/lib/libtorch_cuda.so)
frame #6: <unknown function> + 0xd8198 (0x7fe5f067e198 in /opt/conda/bin/../lib/libstdc++.so.6)
frame #7: <unknown function> + 0x94ac3 (0x7fe66b020ac3 in /lib/x86_64-linux-gnu/libc.so.6)
frame #8: <unknown function> + 0x126850 (0x7fe66b0b2850 in /lib/x86_64-linux-gnu/libc.so.6)

[rank2]:[W724 04:52:41.144069490 ProcessGroupNCCL.cpp:1783] [PG ID 0 PG GUID 0(default_pg) Rank 2] Failed to check the "should dump" flag on TCPStore, (maybe TCPStore server has shut down too early), with error: Broken pipe
[rank7]:[W724 04:52:41.150972523 TCPStore.cpp:106] [c10d] sendBytes failed on SocketImpl(fd=73, addr=[localhost]:40292, remote=[localhost]:29600): Broken pipe
Exception raised from sendBytes at /pytorch/torch/csrc/distributed/c10d/Utils.hpp:653 (most recent call first):
frame #0: c10::Error::Error(c10::SourceLocation, std::__cxx11::basic_string<char, std::char_traits<char>, std::allocator<char> >) + 0x80 (0x7f3b80f7eeb0 in /opt/conda/lib/python3.11/site-packages/torch/lib/libc10.so)
frame #1: <unknown function> + 0x5d694d1 (0x7f3b64fae4d1 in /opt/conda/lib/python3.11/site-packages/torch/lib/libtorch_cpu.so)
frame #2: <unknown function> + 0x5d69d62 (0x7f3b64faed62 in /opt/conda/lib/python3.11/site-packages/torch/lib/libtorch_cpu.so)
frame #3: <unknown function> + 0x5d6b86e (0x7f3b64fb086e in /opt/conda/lib/python3.11/site-packages/torch/lib/libtorch_cpu.so)
frame #4: c10d::TCPStore::check(std::vector<std::__cxx11::basic_string<char, std::char_traits<char>, std::allocator<char> >, std::allocator<std::__cxx11::basic_string<char, std::char_traits<char>, std::allocator<char> > > > const&) + 0x30e (0x7f3b64fab18e in /opt/conda/lib/python3.11/site-packages/torch/lib/libtorch_cpu.so)
frame #5: c10d::ProcessGroupNCCL::HeartbeatMonitor::runLoop() + 0x398 (0x7f3b24490b18 in /opt/conda/lib/python3.11/site-packages/torch/lib/libtorch_cuda.so)
frame #6: <unknown function> + 0xd8198 (0x7f3b07e7e198 in /opt/conda/bin/../lib/libstdc++.so.6)
frame #7: <unknown function> + 0x94ac3 (0x7f3b827cdac3 in /lib/x86_64-linux-gnu/libc.so.6)
frame #8: <unknown function> + 0x126850 (0x7f3b8285f850 in /lib/x86_64-linux-gnu/libc.so.6)

[rank7]:[W724 04:52:41.154781121 ProcessGroupNCCL.cpp:1783] [PG ID 0 PG GUID 0(default_pg) Rank 7] Failed to check the "should dump" flag on TCPStore, (maybe TCPStore server has shut down too early), with error: Broken pipe
[rank5]:[W724 04:52:42.845478361 TCPStore.cpp:106] [c10d] sendBytes failed on SocketImpl(fd=36, addr=[localhost]:37284, remote=[localhost]:29600): Broken pipe
Exception raised from sendBytes at /pytorch/torch/csrc/distributed/c10d/Utils.hpp:653 (most recent call first):
frame #0: c10::Error::Error(c10::SourceLocation, std::__cxx11::basic_string<char, std::char_traits<char>, std::allocator<char> >) + 0x80 (0x7efdd22d9eb0 in /opt/conda/lib/python3.11/site-packages/torch/lib/libc10.so)
frame #1: <unknown function> + 0x5d694d1 (0x7efdb63ae4d1 in /opt/conda/lib/python3.11/site-packages/torch/lib/libtorch_cpu.so)
frame #2: <unknown function> + 0x5d69d62 (0x7efdb63aed62 in /opt/conda/lib/python3.11/site-packages/torch/lib/libtorch_cpu.so)
frame #3: <unknown function> + 0x5d6b86e (0x7efdb63b086e in /opt/conda/lib/python3.11/site-packages/torch/lib/libtorch_cpu.so)
frame #4: c10d::TCPStore::check(std::vector<std::__cxx11::basic_string<char, std::char_traits<char>, std::allocator<char> >, std::allocator<std::__cxx11::basic_string<char, std::char_traits<char>, std::allocator<char> > > > const&) + 0x30e (0x7efdb63ab18e in /opt/conda/lib/python3.11/site-packages/torch/lib/libtorch_cpu.so)
frame #5: c10d::ProcessGroupNCCL::HeartbeatMonitor::runLoop() + 0x398 (0x7efd75890b18 in /opt/conda/lib/python3.11/site-packages/torch/lib/libtorch_cuda.so)
frame #6: <unknown function> + 0xd8198 (0x7efd5927e198 in /opt/conda/bin/../lib/libstdc++.so.6)
frame #7: <unknown function> + 0x94ac3 (0x7efdd3ba0ac3 in /lib/x86_64-linux-gnu/libc.so.6)
frame #8: <unknown function> + 0x126850 (0x7efdd3c32850 in /lib/x86_64-linux-gnu/libc.so.6)

[rank5]:[W724 04:52:42.850468691 ProcessGroupNCCL.cpp:1783] [PG ID 0 PG GUID 0(default_pg) Rank 5] Failed to check the "should dump" flag on TCPStore, (maybe TCPStore server has shut down too early), with error: Broken pipe
[rank2]:[W724 04:52:42.144682160 TCPStore.cpp:106] [c10d] sendBytes failed on SocketImpl(fd=73, addr=[localhost]:37294, remote=[localhost]:29600): Broken pipe
Exception raised from sendBytes at /pytorch/torch/csrc/distributed/c10d/Utils.hpp:653 (most recent call first):
frame #0: c10::Error::Error(c10::SourceLocation, std::__cxx11::basic_string<char, std::char_traits<char>, std::allocator<char> >) + 0x80 (0x7fe66977eeb0 in /opt/conda/lib/python3.11/site-packages/torch/lib/libc10.so)
frame #1: <unknown function> + 0x5d694d1 (0x7fe64d7ae4d1 in /opt/conda/lib/python3.11/site-packages/torch/lib/libtorch_cpu.so)
frame #2: <unknown function> + 0x5d69d62 (0x7fe64d7aed62 in /opt/conda/lib/python3.11/site-packages/torch/lib/libtorch_cpu.so)
frame #3: <unknown function> + 0x5d6b86e (0x7fe64d7b086e in /opt/conda/lib/python3.11/site-packages/torch/lib/libtorch_cpu.so)
frame #4: c10d::TCPStore::check(std::vector<std::__cxx11::basic_string<char, std::char_traits<char>, std::allocator<char> >, std::allocator<std::__cxx11::basic_string<char, std::char_traits<char>, std::allocator<char> > > > const&) + 0x30e (0x7fe64d7ab18e in /opt/conda/lib/python3.11/site-packages/torch/lib/libtorch_cpu.so)
frame #5: c10d::ProcessGroupNCCL::HeartbeatMonitor::runLoop() + 0x398 (0x7fe60cc90b18 in /opt/conda/lib/python3.11/site-packages/torch/lib/libtorch_cuda.so)
frame #6: <unknown function> + 0xd8198 (0x7fe5f067e198 in /opt/conda/bin/../lib/libstdc++.so.6)
frame #7: <unknown function> + 0x94ac3 (0x7fe66b020ac3 in /lib/x86_64-linux-gnu/libc.so.6)
frame #8: <unknown function> + 0x126850 (0x7fe66b0b2850 in /lib/x86_64-linux-gnu/libc.so.6)

[rank2]:[W724 04:52:42.150884972 ProcessGroupNCCL.cpp:1783] [PG ID 0 PG GUID 0(default_pg) Rank 2] Failed to check the "should dump" flag on TCPStore, (maybe TCPStore server has shut down too early), with error: Broken pipe
[rank7]:[W724 04:52:42.155541811 TCPStore.cpp:106] [c10d] sendBytes failed on SocketImpl(fd=73, addr=[localhost]:40292, remote=[localhost]:29600): Broken pipe
Exception raised from sendBytes at /pytorch/torch/csrc/distributed/c10d/Utils.hpp:653 (most recent call first):
frame #0: c10::Error::Error(c10::SourceLocation, std::__cxx11::basic_string<char, std::char_traits<char>, std::allocator<char> >) + 0x80 (0x7f3b80f7eeb0 in /opt/conda/lib/python3.11/site-packages/torch/lib/libc10.so)
frame #1: <unknown function> + 0x5d694d1 (0x7f3b64fae4d1 in /opt/conda/lib/python3.11/site-packages/torch/lib/libtorch_cpu.so)
frame #2: <unknown function> + 0x5d69d62 (0x7f3b64faed62 in /opt/conda/lib/python3.11/site-packages/torch/lib/libtorch_cpu.so)
frame #3: <unknown function> + 0x5d6b86e (0x7f3b64fb086e in /opt/conda/lib/python3.11/site-packages/torch/lib/libtorch_cpu.so)
frame #4: c10d::TCPStore::check(std::vector<std::__cxx11::basic_string<char, std::char_traits<char>, std::allocator<char> >, std::allocator<std::__cxx11::basic_string<char, std::char_traits<char>, std::allocator<char> > > > const&) + 0x30e (0x7f3b64fab18e in /opt/conda/lib/python3.11/site-packages/torch/lib/libtorch_cpu.so)
frame #5: c10d::ProcessGroupNCCL::HeartbeatMonitor::runLoop() + 0x398 (0x7f3b24490b18 in /opt/conda/lib/python3.11/site-packages/torch/lib/libtorch_cuda.so)
frame #6: <unknown function> + 0xd8198 (0x7f3b07e7e198 in /opt/conda/bin/../lib/libstdc++.so.6)
frame #7: <unknown function> + 0x94ac3 (0x7f3b827cdac3 in /lib/x86_64-linux-gnu/libc.so.6)
frame #8: <unknown function> + 0x126850 (0x7f3b8285f850 in /lib/x86_64-linux-gnu/libc.so.6)

[rank7]:[W724 04:52:42.159440899 ProcessGroupNCCL.cpp:1783] [PG ID 0 PG GUID 0(default_pg) Rank 7] Failed to check the "should dump" flag on TCPStore, (maybe TCPStore server has shut down too early), with error: Broken pipe
[rank5]:[W724 04:52:43.850781940 TCPStore.cpp:106] [c10d] sendBytes failed on SocketImpl(fd=36, addr=[localhost]:37284, remote=[localhost]:29600): Broken pipe
Exception raised from sendBytes at /pytorch/torch/csrc/distributed/c10d/Utils.hpp:653 (most recent call first):
frame #0: c10::Error::Error(c10::SourceLocation, std::__cxx11::basic_string<char, std::char_traits<char>, std::allocator<char> >) + 0x80 (0x7efdd22d9eb0 in /opt/conda/lib/python3.11/site-packages/torch/lib/libc10.so)
frame #1: <unknown function> + 0x5d694d1 (0x7efdb63ae4d1 in /opt/conda/lib/python3.11/site-packages/torch/lib/libtorch_cpu.so)
frame #2: <unknown function> + 0x5d69d62 (0x7efdb63aed62 in /opt/conda/lib/python3.11/site-packages/torch/lib/libtorch_cpu.so)
frame #3: <unknown function> + 0x5d6b86e (0x7efdb63b086e in /opt/conda/lib/python3.11/site-packages/torch/lib/libtorch_cpu.so)
frame #4: c10d::TCPStore::check(std::vector<std::__cxx11::basic_string<char, std::char_traits<char>, std::allocator<char> >, std::allocator<std::__cxx11::basic_string<char, std::char_traits<char>, std::allocator<char> > > > const&) + 0x30e (0x7efdb63ab18e in /opt/conda/lib/python3.11/site-packages/torch/lib/libtorch_cpu.so)
frame #5: c10d::ProcessGroupNCCL::HeartbeatMonitor::runLoop() + 0x398 (0x7efd75890b18 in /opt/conda/lib/python3.11/site-packages/torch/lib/libtorch_cuda.so)
frame #6: <unknown function> + 0xd8198 (0x7efd5927e198 in /opt/conda/bin/../lib/libstdc++.so.6)
frame #7: <unknown function> + 0x94ac3 (0x7efdd3ba0ac3 in /lib/x86_64-linux-gnu/libc.so.6)
frame #8: <unknown function> + 0x126850 (0x7efdd3c32850 in /lib/x86_64-linux-gnu/libc.so.6)

[rank5]:[W724 04:52:43.853852346 ProcessGroupNCCL.cpp:1783] [PG ID 0 PG GUID 0(default_pg) Rank 5] Failed to check the "should dump" flag on TCPStore, (maybe TCPStore server has shut down too early), with error: Broken pipe
[rank2]:[W724 04:52:43.151236982 TCPStore.cpp:106] [c10d] sendBytes failed on SocketImpl(fd=73, addr=[localhost]:37294, remote=[localhost]:29600): Broken pipe
Exception raised from sendBytes at /pytorch/torch/csrc/distributed/c10d/Utils.hpp:653 (most recent call first):
frame #0: c10::Error::Error(c10::SourceLocation, std::__cxx11::basic_string<char, std::char_traits<char>, std::allocator<char> >) + 0x80 (0x7fe66977eeb0 in /opt/conda/lib/python3.11/site-packages/torch/lib/libc10.so)
frame #1: <unknown function> + 0x5d694d1 (0x7fe64d7ae4d1 in /opt/conda/lib/python3.11/site-packages/torch/lib/libtorch_cpu.so)
frame #2: <unknown function> + 0x5d69d62 (0x7fe64d7aed62 in /opt/conda/lib/python3.11/site-packages/torch/lib/libtorch_cpu.so)
frame #3: <unknown function> + 0x5d6b86e (0x7fe64d7b086e in /opt/conda/lib/python3.11/site-packages/torch/lib/libtorch_cpu.so)
frame #4: c10d::TCPStore::check(std::vector<std::__cxx11::basic_string<char, std::char_traits<char>, std::allocator<char> >, std::allocator<std::__cxx11::basic_string<char, std::char_traits<char>, std::allocator<char> > > > const&) + 0x30e (0x7fe64d7ab18e in /opt/conda/lib/python3.11/site-packages/torch/lib/libtorch_cpu.so)
frame #5: c10d::ProcessGroupNCCL::HeartbeatMonitor::runLoop() + 0x398 (0x7fe60cc90b18 in /opt/conda/lib/python3.11/site-packages/torch/lib/libtorch_cuda.so)
frame #6: <unknown function> + 0xd8198 (0x7fe5f067e198 in /opt/conda/bin/../lib/libstdc++.so.6)
frame #7: <unknown function> + 0x94ac3 (0x7fe66b020ac3 in /lib/x86_64-linux-gnu/libc.so.6)
frame #8: <unknown function> + 0x126850 (0x7fe66b0b2850 in /lib/x86_64-linux-gnu/libc.so.6)

[rank2]:[W724 04:52:43.155767891 ProcessGroupNCCL.cpp:1783] [PG ID 0 PG GUID 0(default_pg) Rank 2] Failed to check the "should dump" flag on TCPStore, (maybe TCPStore server has shut down too early), with error: Broken pipe
[rank7]:[W724 04:52:43.159859279 TCPStore.cpp:106] [c10d] sendBytes failed on SocketImpl(fd=73, addr=[localhost]:40292, remote=[localhost]:29600): Broken pipe
Exception raised from sendBytes at /pytorch/torch/csrc/distributed/c10d/Utils.hpp:653 (most recent call first):
frame #0: c10::Error::Error(c10::SourceLocation, std::__cxx11::basic_string<char, std::char_traits<char>, std::allocator<char> >) + 0x80 (0x7f3b80f7eeb0 in /opt/conda/lib/python3.11/site-packages/torch/lib/libc10.so)
frame #1: <unknown function> + 0x5d694d1 (0x7f3b64fae4d1 in /opt/conda/lib/python3.11/site-packages/torch/lib/libtorch_cpu.so)
frame #2: <unknown function> + 0x5d69d62 (0x7f3b64faed62 in /opt/conda/lib/python3.11/site-packages/torch/lib/libtorch_cpu.so)
frame #3: <unknown function> + 0x5d6b86e (0x7f3b64fb086e in /opt/conda/lib/python3.11/site-packages/torch/lib/libtorch_cpu.so)
frame #4: c10d::TCPStore::check(std::vector<std::__cxx11::basic_string<char, std::char_traits<char>, std::allocator<char> >, std::allocator<std::__cxx11::basic_string<char, std::char_traits<char>, std::allocator<char> > > > const&) + 0x30e (0x7f3b64fab18e in /opt/conda/lib/python3.11/site-packages/torch/lib/libtorch_cpu.so)
frame #5: c10d::ProcessGroupNCCL::HeartbeatMonitor::runLoop() + 0x398 (0x7f3b24490b18 in /opt/conda/lib/python3.11/site-packages/torch/lib/libtorch_cuda.so)
frame #6: <unknown function> + 0xd8198 (0x7f3b07e7e198 in /opt/conda/bin/../lib/libstdc++.so.6)
frame #7: <unknown function> + 0x94ac3 (0x7f3b827cdac3 in /lib/x86_64-linux-gnu/libc.so.6)
frame #8: <unknown function> + 0x126850 (0x7f3b8285f850 in /lib/x86_64-linux-gnu/libc.so.6)

[rank7]:[W724 04:52:43.163580436 ProcessGroupNCCL.cpp:1783] [PG ID 0 PG GUID 0(default_pg) Rank 7] Failed to check the "should dump" flag on TCPStore, (maybe TCPStore server has shut down too early), with error: Broken pipe
[rank5]:[W724 04:52:44.854353016 TCPStore.cpp:106] [c10d] sendBytes failed on SocketImpl(fd=36, addr=[localhost]:37284, remote=[localhost]:29600): Broken pipe
Exception raised from sendBytes at /pytorch/torch/csrc/distributed/c10d/Utils.hpp:653 (most recent call first):
frame #0: c10::Error::Error(c10::SourceLocation, std::__cxx11::basic_string<char, std::char_traits<char>, std::allocator<char> >) + 0x80 (0x7efdd22d9eb0 in /opt/conda/lib/python3.11/site-packages/torch/lib/libc10.so)
frame #1: <unknown function> + 0x5d694d1 (0x7efdb63ae4d1 in /opt/conda/lib/python3.11/site-packages/torch/lib/libtorch_cpu.so)
frame #2: <unknown function> + 0x5d69d62 (0x7efdb63aed62 in /opt/conda/lib/python3.11/site-packages/torch/lib/libtorch_cpu.so)
frame #3: <unknown function> + 0x5d6b86e (0x7efdb63b086e in /opt/conda/lib/python3.11/site-packages/torch/lib/libtorch_cpu.so)
frame #4: c10d::TCPStore::check(std::vector<std::__cxx11::basic_string<char, std::char_traits<char>, std::allocator<char> >, std::allocator<std::__cxx11::basic_string<char, std::char_traits<char>, std::allocator<char> > > > const&) + 0x30e (0x7efdb63ab18e in /opt/conda/lib/python3.11/site-packages/torch/lib/libtorch_cpu.so)
frame #5: c10d::ProcessGroupNCCL::HeartbeatMonitor::runLoop() + 0x398 (0x7efd75890b18 in /opt/conda/lib/python3.11/site-packages/torch/lib/libtorch_cuda.so)
frame #6: <unknown function> + 0xd8198 (0x7efd5927e198 in /opt/conda/bin/../lib/libstdc++.so.6)
frame #7: <unknown function> + 0x94ac3 (0x7efdd3ba0ac3 in /lib/x86_64-linux-gnu/libc.so.6)
frame #8: <unknown function> + 0x126850 (0x7efdd3c32850 in /lib/x86_64-linux-gnu/libc.so.6)

[rank5]:[W724 04:52:44.859307516 ProcessGroupNCCL.cpp:1783] [PG ID 0 PG GUID 0(default_pg) Rank 5] Failed to check the "should dump" flag on TCPStore, (maybe TCPStore server has shut down too early), with error: Broken pipe
[rank2]:[W724 04:52:44.156529611 TCPStore.cpp:106] [c10d] sendBytes failed on SocketImpl(fd=73, addr=[localhost]:37294, remote=[localhost]:29600): Broken pipe
Exception raised from sendBytes at /pytorch/torch/csrc/distributed/c10d/Utils.hpp:653 (most recent call first):
frame #0: c10::Error::Error(c10::SourceLocation, std::__cxx11::basic_string<char, std::char_traits<char>, std::allocator<char> >) + 0x80 (0x7fe66977eeb0 in /opt/conda/lib/python3.11/site-packages/torch/lib/libc10.so)
frame #1: <unknown function> + 0x5d694d1 (0x7fe64d7ae4d1 in /opt/conda/lib/python3.11/site-packages/torch/lib/libtorch_cpu.so)
frame #2: <unknown function> + 0x5d69d62 (0x7fe64d7aed62 in /opt/conda/lib/python3.11/site-packages/torch/lib/libtorch_cpu.so)
frame #3: <unknown function> + 0x5d6b86e (0x7fe64d7b086e in /opt/conda/lib/python3.11/site-packages/torch/lib/libtorch_cpu.so)
frame #4: c10d::TCPStore::check(std::vector<std::__cxx11::basic_string<char, std::char_traits<char>, std::allocator<char> >, std::allocator<std::__cxx11::basic_string<char, std::char_traits<char>, std::allocator<char> > > > const&) + 0x30e (0x7fe64d7ab18e in /opt/conda/lib/python3.11/site-packages/torch/lib/libtorch_cpu.so)
frame #5: c10d::ProcessGroupNCCL::HeartbeatMonitor::runLoop() + 0x398 (0x7fe60cc90b18 in /opt/conda/lib/python3.11/site-packages/torch/lib/libtorch_cuda.so)
frame #6: <unknown function> + 0xd8198 (0x7fe5f067e198 in /opt/conda/bin/../lib/libstdc++.so.6)
frame #7: <unknown function> + 0x94ac3 (0x7fe66b020ac3 in /lib/x86_64-linux-gnu/libc.so.6)
frame #8: <unknown function> + 0x126850 (0x7fe66b0b2850 in /lib/x86_64-linux-gnu/libc.so.6)

[rank2]:[W724 04:52:44.163625275 ProcessGroupNCCL.cpp:1783] [PG ID 0 PG GUID 0(default_pg) Rank 2] Failed to check the "should dump" flag on TCPStore, (maybe TCPStore server has shut down too early), with error: Broken pipe
[rank7]:[W724 04:52:44.163986706 TCPStore.cpp:106] [c10d] sendBytes failed on SocketImpl(fd=73, addr=[localhost]:40292, remote=[localhost]:29600): Broken pipe
Exception raised from sendBytes at /pytorch/torch/csrc/distributed/c10d/Utils.hpp:653 (most recent call first):
frame #0: c10::Error::Error(c10::SourceLocation, std::__cxx11::basic_string<char, std::char_traits<char>, std::allocator<char> >) + 0x80 (0x7f3b80f7eeb0 in /opt/conda/lib/python3.11/site-packages/torch/lib/libc10.so)
frame #1: <unknown function> + 0x5d694d1 (0x7f3b64fae4d1 in /opt/conda/lib/python3.11/site-packages/torch/lib/libtorch_cpu.so)
frame #2: <unknown function> + 0x5d69d62 (0x7f3b64faed62 in /opt/conda/lib/python3.11/site-packages/torch/lib/libtorch_cpu.so)
frame #3: <unknown function> + 0x5d6b86e (0x7f3b64fb086e in /opt/conda/lib/python3.11/site-packages/torch/lib/libtorch_cpu.so)
frame #4: c10d::TCPStore::check(std::vector<std::__cxx11::basic_string<char, std::char_traits<char>, std::allocator<char> >, std::allocator<std::__cxx11::basic_string<char, std::char_traits<char>, std::allocator<char> > > > const&) + 0x30e (0x7f3b64fab18e in /opt/conda/lib/python3.11/site-packages/torch/lib/libtorch_cpu.so)
frame #5: c10d::ProcessGroupNCCL::HeartbeatMonitor::runLoop() + 0x398 (0x7f3b24490b18 in /opt/conda/lib/python3.11/site-packages/torch/lib/libtorch_cuda.so)
frame #6: <unknown function> + 0xd8198 (0x7f3b07e7e198 in /opt/conda/bin/../lib/libstdc++.so.6)
frame #7: <unknown function> + 0x94ac3 (0x7f3b827cdac3 in /lib/x86_64-linux-gnu/libc.so.6)
frame #8: <unknown function> + 0x126850 (0x7f3b8285f850 in /lib/x86_64-linux-gnu/libc.so.6)

[rank7]:[W724 04:52:44.167931444 ProcessGroupNCCL.cpp:1783] [PG ID 0 PG GUID 0(default_pg) Rank 7] Failed to check the "should dump" flag on TCPStore, (maybe TCPStore server has shut down too early), with error: Broken pipe
[rank5]:[W724 04:52:45.859679736 TCPStore.cpp:106] [c10d] sendBytes failed on SocketImpl(fd=36, addr=[localhost]:37284, remote=[localhost]:29600): Broken pipe
Exception raised from sendBytes at /pytorch/torch/csrc/distributed/c10d/Utils.hpp:653 (most recent call first):
frame #0: c10::Error::Error(c10::SourceLocation, std::__cxx11::basic_string<char, std::char_traits<char>, std::allocator<char> >) + 0x80 (0x7efdd22d9eb0 in /opt/conda/lib/python3.11/site-packages/torch/lib/libc10.so)
frame #1: <unknown function> + 0x5d694d1 (0x7efdb63ae4d1 in /opt/conda/lib/python3.11/site-packages/torch/lib/libtorch_cpu.so)
frame #2: <unknown function> + 0x5d69d62 (0x7efdb63aed62 in /opt/conda/lib/python3.11/site-packages/torch/lib/libtorch_cpu.so)
frame #3: <unknown function> + 0x5d6b86e (0x7efdb63b086e in /opt/conda/lib/python3.11/site-packages/torch/lib/libtorch_cpu.so)
frame #4: c10d::TCPStore::check(std::vector<std::__cxx11::basic_string<char, std::char_traits<char>, std::allocator<char> >, std::allocator<std::__cxx11::basic_string<char, std::char_traits<char>, std::allocator<char> > > > const&) + 0x30e (0x7efdb63ab18e in /opt/conda/lib/python3.11/site-packages/torch/lib/libtorch_cpu.so)
frame #5: c10d::ProcessGroupNCCL::HeartbeatMonitor::runLoop() + 0x398 (0x7efd75890b18 in /opt/conda/lib/python3.11/site-packages/torch/lib/libtorch_cuda.so)
frame #6: <unknown function> + 0xd8198 (0x7efd5927e198 in /opt/conda/bin/../lib/libstdc++.so.6)
frame #7: <unknown function> + 0x94ac3 (0x7efdd3ba0ac3 in /lib/x86_64-linux-gnu/libc.so.6)
frame #8: <unknown function> + 0x126850 (0x7efdd3c32850 in /lib/x86_64-linux-gnu/libc.so.6)

[rank5]:[W724 04:52:45.863296023 ProcessGroupNCCL.cpp:1783] [PG ID 0 PG GUID 0(default_pg) Rank 5] Failed to check the "should dump" flag on TCPStore, (maybe TCPStore server has shut down too early), with error: Broken pipe
[rank2]:[W724 04:52:45.164154005 TCPStore.cpp:106] [c10d] sendBytes failed on SocketImpl(fd=73, addr=[localhost]:37294, remote=[localhost]:29600): Broken pipe
Exception raised from sendBytes at /pytorch/torch/csrc/distributed/c10d/Utils.hpp:653 (most recent call first):
frame #0: c10::Error::Error(c10::SourceLocation, std::__cxx11::basic_string<char, std::char_traits<char>, std::allocator<char> >) + 0x80 (0x7fe66977eeb0 in /opt/conda/lib/python3.11/site-packages/torch/lib/libc10.so)
frame #1: <unknown function> + 0x5d694d1 (0x7fe64d7ae4d1 in /opt/conda/lib/python3.11/site-packages/torch/lib/libtorch_cpu.so)
frame #2: <unknown function> + 0x5d69d62 (0x7fe64d7aed62 in /opt/conda/lib/python3.11/site-packages/torch/lib/libtorch_cpu.so)
frame #3: <unknown function> + 0x5d6b86e (0x7fe64d7b086e in /opt/conda/lib/python3.11/site-packages/torch/lib/libtorch_cpu.so)
frame #4: c10d::TCPStore::check(std::vector<std::__cxx11::basic_string<char, std::char_traits<char>, std::allocator<char> >, std::allocator<std::__cxx11::basic_string<char, std::char_traits<char>, std::allocator<char> > > > const&) + 0x30e (0x7fe64d7ab18e in /opt/conda/lib/python3.11/site-packages/torch/lib/libtorch_cpu.so)
frame #5: c10d::ProcessGroupNCCL::HeartbeatMonitor::runLoop() + 0x398 (0x7fe60cc90b18 in /opt/conda/lib/python3.11/site-packages/torch/lib/libtorch_cuda.so)
frame #6: <unknown function> + 0xd8198 (0x7fe5f067e198 in /opt/conda/bin/../lib/libstdc++.so.6)
frame #7: <unknown function> + 0x94ac3 (0x7fe66b020ac3 in /lib/x86_64-linux-gnu/libc.so.6)
frame #8: <unknown function> + 0x126850 (0x7fe66b0b2850 in /lib/x86_64-linux-gnu/libc.so.6)

[rank2]:[W724 04:52:45.170954369 ProcessGroupNCCL.cpp:1783] [PG ID 0 PG GUID 0(default_pg) Rank 2] Failed to check the "should dump" flag on TCPStore, (maybe TCPStore server has shut down too early), with error: Broken pipe
[rank7]:[W724 04:52:45.168406314 TCPStore.cpp:106] [c10d] sendBytes failed on SocketImpl(fd=73, addr=[localhost]:40292, remote=[localhost]:29600): Broken pipe
Exception raised from sendBytes at /pytorch/torch/csrc/distributed/c10d/Utils.hpp:653 (most recent call first):
frame #0: c10::Error::Error(c10::SourceLocation, std::__cxx11::basic_string<char, std::char_traits<char>, std::allocator<char> >) + 0x80 (0x7f3b80f7eeb0 in /opt/conda/lib/python3.11/site-packages/torch/lib/libc10.so)
frame #1: <unknown function> + 0x5d694d1 (0x7f3b64fae4d1 in /opt/conda/lib/python3.11/site-packages/torch/lib/libtorch_cpu.so)
frame #2: <unknown function> + 0x5d69d62 (0x7f3b64faed62 in /opt/conda/lib/python3.11/site-packages/torch/lib/libtorch_cpu.so)
frame #3: <unknown function> + 0x5d6b86e (0x7f3b64fb086e in /opt/conda/lib/python3.11/site-packages/torch/lib/libtorch_cpu.so)
frame #4: c10d::TCPStore::check(std::vector<std::__cxx11::basic_string<char, std::char_traits<char>, std::allocator<char> >, std::allocator<std::__cxx11::basic_string<char, std::char_traits<char>, std::allocator<char> > > > const&) + 0x30e (0x7f3b64fab18e in /opt/conda/lib/python3.11/site-packages/torch/lib/libtorch_cpu.so)
frame #5: c10d::ProcessGroupNCCL::HeartbeatMonitor::runLoop() + 0x398 (0x7f3b24490b18 in /opt/conda/lib/python3.11/site-packages/torch/lib/libtorch_cuda.so)
frame #6: <unknown function> + 0xd8198 (0x7f3b07e7e198 in /opt/conda/bin/../lib/libstdc++.so.6)
frame #7: <unknown function> + 0x94ac3 (0x7f3b827cdac3 in /lib/x86_64-linux-gnu/libc.so.6)
frame #8: <unknown function> + 0x126850 (0x7f3b8285f850 in /lib/x86_64-linux-gnu/libc.so.6)

[rank7]:[W724 04:52:45.171869670 ProcessGroupNCCL.cpp:1783] [PG ID 0 PG GUID 0(default_pg) Rank 7] Failed to check the "should dump" flag on TCPStore, (maybe TCPStore server has shut down too early), with error: Broken pipe
[rank5]:[W724 04:52:46.863634783 TCPStore.cpp:106] [c10d] sendBytes failed on SocketImpl(fd=36, addr=[localhost]:37284, remote=[localhost]:29600): Broken pipe
Exception raised from sendBytes at /pytorch/torch/csrc/distributed/c10d/Utils.hpp:653 (most recent call first):
frame #0: c10::Error::Error(c10::SourceLocation, std::__cxx11::basic_string<char, std::char_traits<char>, std::allocator<char> >) + 0x80 (0x7efdd22d9eb0 in /opt/conda/lib/python3.11/site-packages/torch/lib/libc10.so)
frame #1: <unknown function> + 0x5d694d1 (0x7efdb63ae4d1 in /opt/conda/lib/python3.11/site-packages/torch/lib/libtorch_cpu.so)
frame #2: <unknown function> + 0x5d69d62 (0x7efdb63aed62 in /opt/conda/lib/python3.11/site-packages/torch/lib/libtorch_cpu.so)
frame #3: <unknown function> + 0x5d6b86e (0x7efdb63b086e in /opt/conda/lib/python3.11/site-packages/torch/lib/libtorch_cpu.so)
frame #4: c10d::TCPStore::check(std::vector<std::__cxx11::basic_string<char, std::char_traits<char>, std::allocator<char> >, std::allocator<std::__cxx11::basic_string<char, std::char_traits<char>, std::allocator<char> > > > const&) + 0x30e (0x7efdb63ab18e in /opt/conda/lib/python3.11/site-packages/torch/lib/libtorch_cpu.so)
frame #5: c10d::ProcessGroupNCCL::HeartbeatMonitor::runLoop() + 0x398 (0x7efd75890b18 in /opt/conda/lib/python3.11/site-packages/torch/lib/libtorch_cuda.so)
frame #6: <unknown function> + 0xd8198 (0x7efd5927e198 in /opt/conda/bin/../lib/libstdc++.so.6)
frame #7: <unknown function> + 0x94ac3 (0x7efdd3ba0ac3 in /lib/x86_64-linux-gnu/libc.so.6)
frame #8: <unknown function> + 0x126850 (0x7efdd3c32850 in /lib/x86_64-linux-gnu/libc.so.6)

[rank5]:[W724 04:52:46.868558482 ProcessGroupNCCL.cpp:1783] [PG ID 0 PG GUID 0(default_pg) Rank 5] Failed to check the "should dump" flag on TCPStore, (maybe TCPStore server has shut down too early), with error: Broken pipe
[rank2]:[W724 04:52:46.171271968 TCPStore.cpp:106] [c10d] sendBytes failed on SocketImpl(fd=73, addr=[localhost]:37294, remote=[localhost]:29600): Broken pipe
Exception raised from sendBytes at /pytorch/torch/csrc/distributed/c10d/Utils.hpp:653 (most recent call first):
frame #0: c10::Error::Error(c10::SourceLocation, std::__cxx11::basic_string<char, std::char_traits<char>, std::allocator<char> >) + 0x80 (0x7fe66977eeb0 in /opt/conda/lib/python3.11/site-packages/torch/lib/libc10.so)
frame #1: <unknown function> + 0x5d694d1 (0x7fe64d7ae4d1 in /opt/conda/lib/python3.11/site-packages/torch/lib/libtorch_cpu.so)
frame #2: <unknown function> + 0x5d69d62 (0x7fe64d7aed62 in /opt/conda/lib/python3.11/site-packages/torch/lib/libtorch_cpu.so)
frame #3: <unknown function> + 0x5d6b86e (0x7fe64d7b086e in /opt/conda/lib/python3.11/site-packages/torch/lib/libtorch_cpu.so)
frame #4: c10d::TCPStore::check(std::vector<std::__cxx11::basic_string<char, std::char_traits<char>, std::allocator<char> >, std::allocator<std::__cxx11::basic_string<char, std::char_traits<char>, std::allocator<char> > > > const&) + 0x30e (0x7fe64d7ab18e in /opt/conda/lib/python3.11/site-packages/torch/lib/libtorch_cpu.so)
frame #5: c10d::ProcessGroupNCCL::HeartbeatMonitor::runLoop() + 0x398 (0x7fe60cc90b18 in /opt/conda/lib/python3.11/site-packages/torch/lib/libtorch_cuda.so)
frame #6: <unknown function> + 0xd8198 (0x7fe5f067e198 in /opt/conda/bin/../lib/libstdc++.so.6)
frame #7: <unknown function> + 0x94ac3 (0x7fe66b020ac3 in /lib/x86_64-linux-gnu/libc.so.6)
frame #8: <unknown function> + 0x126850 (0x7fe66b0b2850 in /lib/x86_64-linux-gnu/libc.so.6)

[rank7]:[W724 04:52:46.172228960 TCPStore.cpp:106] [c10d] sendBytes failed on SocketImpl(fd=73, addr=[localhost]:40292, remote=[localhost]:29600): Broken pipe
Exception raised from sendBytes at /pytorch/torch/csrc/distributed/c10d/Utils.hpp:653 (most recent call first):
frame #0: c10::Error::Error(c10::SourceLocation, std::__cxx11::basic_string<char, std::char_traits<char>, std::allocator<char> >) + 0x80 (0x7f3b80f7eeb0 in /opt/conda/lib/python3.11/site-packages/torch/lib/libc10.so)
frame #1: <unknown function> + 0x5d694d1 (0x7f3b64fae4d1 in /opt/conda/lib/python3.11/site-packages/torch/lib/libtorch_cpu.so)
frame #2: <unknown function> + 0x5d69d62 (0x7f3b64faed62 in /opt/conda/lib/python3.11/site-packages/torch/lib/libtorch_cpu.so)
frame #3: <unknown function> + 0x5d6b86e (0x7f3b64fb086e in /opt/conda/lib/python3.11/site-packages/torch/lib/libtorch_cpu.so)
frame #4: c10d::TCPStore::check(std::vector<std::__cxx11::basic_string<char, std::char_traits<char>, std::allocator<char> >, std::allocator<std::__cxx11::basic_string<char, std::char_traits<char>, std::allocator<char> > > > const&) + 0x30e (0x7f3b64fab18e in /opt/conda/lib/python3.11/site-packages/torch/lib/libtorch_cpu.so)
frame #5: c10d::ProcessGroupNCCL::HeartbeatMonitor::runLoop() + 0x398 (0x7f3b24490b18 in /opt/conda/lib/python3.11/site-packages/torch/lib/libtorch_cuda.so)
frame #6: <unknown function> + 0xd8198 (0x7f3b07e7e198 in /opt/conda/bin/../lib/libstdc++.so.6)
frame #7: <unknown function> + 0x94ac3 (0x7f3b827cdac3 in /lib/x86_64-linux-gnu/libc.so.6)
frame #8: <unknown function> + 0x126850 (0x7f3b8285f850 in /lib/x86_64-linux-gnu/libc.so.6)

[rank2]:[W724 04:52:46.176085938 ProcessGroupNCCL.cpp:1783] [PG ID 0 PG GUID 0(default_pg) Rank 2] Failed to check the "should dump" flag on TCPStore, (maybe TCPStore server has shut down too early), with error: Broken pipe
[rank7]:[W724 04:52:46.176249568 ProcessGroupNCCL.cpp:1783] [PG ID 0 PG GUID 0(default_pg) Rank 7] Failed to check the "should dump" flag on TCPStore, (maybe TCPStore server has shut down too early), with error: Broken pipe
[rank5]:[W724 04:52:47.869341353 TCPStore.cpp:106] [c10d] sendBytes failed on SocketImpl(fd=36, addr=[localhost]:37284, remote=[localhost]:29600): Broken pipe
Exception raised from sendBytes at /pytorch/torch/csrc/distributed/c10d/Utils.hpp:653 (most recent call first):
frame #0: c10::Error::Error(c10::SourceLocation, std::__cxx11::basic_string<char, std::char_traits<char>, std::allocator<char> >) + 0x80 (0x7efdd22d9eb0 in /opt/conda/lib/python3.11/site-packages/torch/lib/libc10.so)
frame #1: <unknown function> + 0x5d694d1 (0x7efdb63ae4d1 in /opt/conda/lib/python3.11/site-packages/torch/lib/libtorch_cpu.so)
frame #2: <unknown function> + 0x5d69d62 (0x7efdb63aed62 in /opt/conda/lib/python3.11/site-packages/torch/lib/libtorch_cpu.so)
frame #3: <unknown function> + 0x5d6b86e (0x7efdb63b086e in /opt/conda/lib/python3.11/site-packages/torch/lib/libtorch_cpu.so)
frame #4: c10d::TCPStore::check(std::vector<std::__cxx11::basic_string<char, std::char_traits<char>, std::allocator<char> >, std::allocator<std::__cxx11::basic_string<char, std::char_traits<char>, std::allocator<char> > > > const&) + 0x30e (0x7efdb63ab18e in /opt/conda/lib/python3.11/site-packages/torch/lib/libtorch_cpu.so)
frame #5: c10d::ProcessGroupNCCL::HeartbeatMonitor::runLoop() + 0x398 (0x7efd75890b18 in /opt/conda/lib/python3.11/site-packages/torch/lib/libtorch_cuda.so)
frame #6: <unknown function> + 0xd8198 (0x7efd5927e198 in /opt/conda/bin/../lib/libstdc++.so.6)
frame #7: <unknown function> + 0x94ac3 (0x7efdd3ba0ac3 in /lib/x86_64-linux-gnu/libc.so.6)
frame #8: <unknown function> + 0x126850 (0x7efdd3c32850 in /lib/x86_64-linux-gnu/libc.so.6)

[rank5]:[W724 04:52:47.875051754 ProcessGroupNCCL.cpp:1783] [PG ID 0 PG GUID 0(default_pg) Rank 5] Failed to check the "should dump" flag on TCPStore, (maybe TCPStore server has shut down too early), with error: Broken pipe
[rank2]:[W724 04:52:47.176663158 TCPStore.cpp:106] [c10d] sendBytes failed on SocketImpl(fd=73, addr=[localhost]:37294, remote=[localhost]:29600): Broken pipe
Exception raised from sendBytes at /pytorch/torch/csrc/distributed/c10d/Utils.hpp:653 (most recent call first):
frame #0: c10::Error::Error(c10::SourceLocation, std::__cxx11::basic_string<char, std::char_traits<char>, std::allocator<char> >) + 0x80 (0x7fe66977eeb0 in /opt/conda/lib/python3.11/site-packages/torch/lib/libc10.so)
frame #1: <unknown function> + 0x5d694d1 (0x7fe64d7ae4d1 in /opt/conda/lib/python3.11/site-packages/torch/lib/libtorch_cpu.so)
frame #2: <unknown function> + 0x5d69d62 (0x7fe64d7aed62 in /opt/conda/lib/python3.11/site-packages/torch/lib/libtorch_cpu.so)
frame #3: <unknown function> + 0x5d6b86e (0x7fe64d7b086e in /opt/conda/lib/python3.11/site-packages/torch/lib/libtorch_cpu.so)
frame #4: c10d::TCPStore::check(std::vector<std::__cxx11::basic_string<char, std::char_traits<char>, std::allocator<char> >, std::allocator<std::__cxx11::basic_string<char, std::char_traits<char>, std::allocator<char> > > > const&) + 0x30e (0x7fe64d7ab18e in /opt/conda/lib/python3.11/site-packages/torch/lib/libtorch_cpu.so)
frame #5: c10d::ProcessGroupNCCL::HeartbeatMonitor::runLoop() + 0x398 (0x7fe60cc90b18 in /opt/conda/lib/python3.11/site-packages/torch/lib/libtorch_cuda.so)
frame #6: <unknown function> + 0xd8198 (0x7fe5f067e198 in /opt/conda/bin/../lib/libstdc++.so.6)
frame #7: <unknown function> + 0x94ac3 (0x7fe66b020ac3 in /lib/x86_64-linux-gnu/libc.so.6)
frame #8: <unknown function> + 0x126850 (0x7fe66b0b2850 in /lib/x86_64-linux-gnu/libc.so.6)

[rank7]:[W724 04:52:47.176692018 TCPStore.cpp:106] [c10d] sendBytes failed on SocketImpl(fd=73, addr=[localhost]:40292, remote=[localhost]:29600): Broken pipe
Exception raised from sendBytes at /pytorch/torch/csrc/distributed/c10d/Utils.hpp:653 (most recent call first):
frame #0: c10::Error::Error(c10::SourceLocation, std::__cxx11::basic_string<char, std::char_traits<char>, std::allocator<char> >) + 0x80 (0x7f3b80f7eeb0 in /opt/conda/lib/python3.11/site-packages/torch/lib/libc10.so)
frame #1: <unknown function> + 0x5d694d1 (0x7f3b64fae4d1 in /opt/conda/lib/python3.11/site-packages/torch/lib/libtorch_cpu.so)
frame #2: <unknown function> + 0x5d69d62 (0x7f3b64faed62 in /opt/conda/lib/python3.11/site-packages/torch/lib/libtorch_cpu.so)
frame #3: <unknown function> + 0x5d6b86e (0x7f3b64fb086e in /opt/conda/lib/python3.11/site-packages/torch/lib/libtorch_cpu.so)
frame #4: c10d::TCPStore::check(std::vector<std::__cxx11::basic_string<char, std::char_traits<char>, std::allocator<char> >, std::allocator<std::__cxx11::basic_string<char, std::char_traits<char>, std::allocator<char> > > > const&) + 0x30e (0x7f3b64fab18e in /opt/conda/lib/python3.11/site-packages/torch/lib/libtorch_cpu.so)
frame #5: c10d::ProcessGroupNCCL::HeartbeatMonitor::runLoop() + 0x398 (0x7f3b24490b18 in /opt/conda/lib/python3.11/site-packages/torch/lib/libtorch_cuda.so)
frame #6: <unknown function> + 0xd8198 (0x7f3b07e7e198 in /opt/conda/bin/../lib/libstdc++.so.6)
frame #7: <unknown function> + 0x94ac3 (0x7f3b827cdac3 in /lib/x86_64-linux-gnu/libc.so.6)
frame #8: <unknown function> + 0x126850 (0x7f3b8285f850 in /lib/x86_64-linux-gnu/libc.so.6)

[rank2]:[W724 04:52:47.181491067 ProcessGroupNCCL.cpp:1783] [PG ID 0 PG GUID 0(default_pg) Rank 2] Failed to check the "should dump" flag on TCPStore, (maybe TCPStore server has shut down too early), with error: Broken pipe
[rank7]:[W724 04:52:47.181871488 ProcessGroupNCCL.cpp:1783] [PG ID 0 PG GUID 0(default_pg) Rank 7] Failed to check the "should dump" flag on TCPStore, (maybe TCPStore server has shut down too early), with error: Broken pipe
[rank5]:[W724 04:52:48.875406744 TCPStore.cpp:106] [c10d] sendBytes failed on SocketImpl(fd=36, addr=[localhost]:37284, remote=[localhost]:29600): Broken pipe
Exception raised from sendBytes at /pytorch/torch/csrc/distributed/c10d/Utils.hpp:653 (most recent call first):
frame #0: c10::Error::Error(c10::SourceLocation, std::__cxx11::basic_string<char, std::char_traits<char>, std::allocator<char> >) + 0x80 (0x7efdd22d9eb0 in /opt/conda/lib/python3.11/site-packages/torch/lib/libc10.so)
frame #1: <unknown function> + 0x5d694d1 (0x7efdb63ae4d1 in /opt/conda/lib/python3.11/site-packages/torch/lib/libtorch_cpu.so)
frame #2: <unknown function> + 0x5d69d62 (0x7efdb63aed62 in /opt/conda/lib/python3.11/site-packages/torch/lib/libtorch_cpu.so)
frame #3: <unknown function> + 0x5d6b86e (0x7efdb63b086e in /opt/conda/lib/python3.11/site-packages/torch/lib/libtorch_cpu.so)
frame #4: c10d::TCPStore::check(std::vector<std::__cxx11::basic_string<char, std::char_traits<char>, std::allocator<char> >, std::allocator<std::__cxx11::basic_string<char, std::char_traits<char>, std::allocator<char> > > > const&) + 0x30e (0x7efdb63ab18e in /opt/conda/lib/python3.11/site-packages/torch/lib/libtorch_cpu.so)
frame #5: c10d::ProcessGroupNCCL::HeartbeatMonitor::runLoop() + 0x398 (0x7efd75890b18 in /opt/conda/lib/python3.11/site-packages/torch/lib/libtorch_cuda.so)
frame #6: <unknown function> + 0xd8198 (0x7efd5927e198 in /opt/conda/bin/../lib/libstdc++.so.6)
frame #7: <unknown function> + 0x94ac3 (0x7efdd3ba0ac3 in /lib/x86_64-linux-gnu/libc.so.6)
frame #8: <unknown function> + 0x126850 (0x7efdd3c32850 in /lib/x86_64-linux-gnu/libc.so.6)

[rank5]:[W724 04:52:48.879742382 ProcessGroupNCCL.cpp:1783] [PG ID 0 PG GUID 0(default_pg) Rank 5] Failed to check the "should dump" flag on TCPStore, (maybe TCPStore server has shut down too early), with error: Broken pipe
[rank7]:[W724 04:52:48.182423288 TCPStore.cpp:106] [c10d] sendBytes failed on SocketImpl(fd=73, addr=[localhost]:40292, remote=[localhost]:29600): Broken pipe
Exception raised from sendBytes at /pytorch/torch/csrc/distributed/c10d/Utils.hpp:653 (most recent call first):
frame #0: c10::Error::Error(c10::SourceLocation, std::__cxx11::basic_string<char, std::char_traits<char>, std::allocator<char> >) + 0x80 (0x7f3b80f7eeb0 in /opt/conda/lib/python3.11/site-packages/torch/lib/libc10.so)
frame #1: <unknown function> + 0x5d694d1 (0x7f3b64fae4d1 in /opt/conda/lib/python3.11/site-packages/torch/lib/libtorch_cpu.so)
frame #2: <unknown function> + 0x5d69d62 (0x7f3b64faed62 in /opt/conda/lib/python3.11/site-packages/torch/lib/libtorch_cpu.so)
frame #3: <unknown function> + 0x5d6b86e (0x7f3b64fb086e in /opt/conda/lib/python3.11/site-packages/torch/lib/libtorch_cpu.so)
frame #4: c10d::TCPStore::check(std::vector<std::__cxx11::basic_string<char, std::char_traits<char>, std::allocator<char> >, std::allocator<std::__cxx11::basic_string<char, std::char_traits<char>, std::allocator<char> > > > const&) + 0x30e (0x7f3b64fab18e in /opt/conda/lib/python3.11/site-packages/torch/lib/libtorch_cpu.so)
frame #5: c10d::ProcessGroupNCCL::HeartbeatMonitor::runLoop() + 0x398 (0x7f3b24490b18 in /opt/conda/lib/python3.11/site-packages/torch/lib/libtorch_cuda.so)
frame #6: <unknown function> + 0xd8198 (0x7f3b07e7e198 in /opt/conda/bin/../lib/libstdc++.so.6)
frame #7: <unknown function> + 0x94ac3 (0x7f3b827cdac3 in /lib/x86_64-linux-gnu/libc.so.6)
frame #8: <unknown function> + 0x126850 (0x7f3b8285f850 in /lib/x86_64-linux-gnu/libc.so.6)

[rank7]:[W724 04:52:48.186517916 ProcessGroupNCCL.cpp:1783] [PG ID 0 PG GUID 0(default_pg) Rank 7] Failed to check the "should dump" flag on TCPStore, (maybe TCPStore server has shut down too early), with error: Broken pipe
[rank2]:[W724 04:52:48.182241088 TCPStore.cpp:106] [c10d] sendBytes failed on SocketImpl(fd=73, addr=[localhost]:37294, remote=[localhost]:29600): Broken pipe
Exception raised from sendBytes at /pytorch/torch/csrc/distributed/c10d/Utils.hpp:653 (most recent call first):
frame #0: c10::Error::Error(c10::SourceLocation, std::__cxx11::basic_string<char, std::char_traits<char>, std::allocator<char> >) + 0x80 (0x7fe66977eeb0 in /opt/conda/lib/python3.11/site-packages/torch/lib/libc10.so)
frame #1: <unknown function> + 0x5d694d1 (0x7fe64d7ae4d1 in /opt/conda/lib/python3.11/site-packages/torch/lib/libtorch_cpu.so)
frame #2: <unknown function> + 0x5d69d62 (0x7fe64d7aed62 in /opt/conda/lib/python3.11/site-packages/torch/lib/libtorch_cpu.so)
frame #3: <unknown function> + 0x5d6b86e (0x7fe64d7b086e in /opt/conda/lib/python3.11/site-packages/torch/lib/libtorch_cpu.so)
frame #4: c10d::TCPStore::check(std::vector<std::__cxx11::basic_string<char, std::char_traits<char>, std::allocator<char> >, std::allocator<std::__cxx11::basic_string<char, std::char_traits<char>, std::allocator<char> > > > const&) + 0x30e (0x7fe64d7ab18e in /opt/conda/lib/python3.11/site-packages/torch/lib/libtorch_cpu.so)
frame #5: c10d::ProcessGroupNCCL::HeartbeatMonitor::runLoop() + 0x398 (0x7fe60cc90b18 in /opt/conda/lib/python3.11/site-packages/torch/lib/libtorch_cuda.so)
frame #6: <unknown function> + 0xd8198 (0x7fe5f067e198 in /opt/conda/bin/../lib/libstdc++.so.6)
frame #7: <unknown function> + 0x94ac3 (0x7fe66b020ac3 in /lib/x86_64-linux-gnu/libc.so.6)
frame #8: <unknown function> + 0x126850 (0x7fe66b0b2850 in /lib/x86_64-linux-gnu/libc.so.6)

[rank2]:[W724 04:52:48.187091968 ProcessGroupNCCL.cpp:1783] [PG ID 0 PG GUID 0(default_pg) Rank 2] Failed to check the "should dump" flag on TCPStore, (maybe TCPStore server has shut down too early), with error: Broken pipe
[rank5]:[W724 04:52:49.880418193 TCPStore.cpp:106] [c10d] sendBytes failed on SocketImpl(fd=36, addr=[localhost]:37284, remote=[localhost]:29600): Broken pipe
Exception raised from sendBytes at /pytorch/torch/csrc/distributed/c10d/Utils.hpp:653 (most recent call first):
frame #0: c10::Error::Error(c10::SourceLocation, std::__cxx11::basic_string<char, std::char_traits<char>, std::allocator<char> >) + 0x80 (0x7efdd22d9eb0 in /opt/conda/lib/python3.11/site-packages/torch/lib/libc10.so)
frame #1: <unknown function> + 0x5d694d1 (0x7efdb63ae4d1 in /opt/conda/lib/python3.11/site-packages/torch/lib/libtorch_cpu.so)
frame #2: <unknown function> + 0x5d69d62 (0x7efdb63aed62 in /opt/conda/lib/python3.11/site-packages/torch/lib/libtorch_cpu.so)
frame #3: <unknown function> + 0x5d6b86e (0x7efdb63b086e in /opt/conda/lib/python3.11/site-packages/torch/lib/libtorch_cpu.so)
frame #4: c10d::TCPStore::check(std::vector<std::__cxx11::basic_string<char, std::char_traits<char>, std::allocator<char> >, std::allocator<std::__cxx11::basic_string<char, std::char_traits<char>, std::allocator<char> > > > const&) + 0x30e (0x7efdb63ab18e in /opt/conda/lib/python3.11/site-packages/torch/lib/libtorch_cpu.so)
frame #5: c10d::ProcessGroupNCCL::HeartbeatMonitor::runLoop() + 0x398 (0x7efd75890b18 in /opt/conda/lib/python3.11/site-packages/torch/lib/libtorch_cuda.so)
frame #6: <unknown function> + 0xd8198 (0x7efd5927e198 in /opt/conda/bin/../lib/libstdc++.so.6)
frame #7: <unknown function> + 0x94ac3 (0x7efdd3ba0ac3 in /lib/x86_64-linux-gnu/libc.so.6)
frame #8: <unknown function> + 0x126850 (0x7efdd3c32850 in /lib/x86_64-linux-gnu/libc.so.6)

[rank5]:[W724 04:52:49.886584465 ProcessGroupNCCL.cpp:1783] [PG ID 0 PG GUID 0(default_pg) Rank 5] Failed to check the "should dump" flag on TCPStore, (maybe TCPStore server has shut down too early), with error: Broken pipe
[rank7]:[W724 04:52:49.187019926 TCPStore.cpp:106] [c10d] sendBytes failed on SocketImpl(fd=73, addr=[localhost]:40292, remote=[localhost]:29600): Broken pipe
Exception raised from sendBytes at /pytorch/torch/csrc/distributed/c10d/Utils.hpp:653 (most recent call first):
frame #0: c10::Error::Error(c10::SourceLocation, std::__cxx11::basic_string<char, std::char_traits<char>, std::allocator<char> >) + 0x80 (0x7f3b80f7eeb0 in /opt/conda/lib/python3.11/site-packages/torch/lib/libc10.so)
frame #1: <unknown function> + 0x5d694d1 (0x7f3b64fae4d1 in /opt/conda/lib/python3.11/site-packages/torch/lib/libtorch_cpu.so)
frame #2: <unknown function> + 0x5d69d62 (0x7f3b64faed62 in /opt/conda/lib/python3.11/site-packages/torch/lib/libtorch_cpu.so)
frame #3: <unknown function> + 0x5d6b86e (0x7f3b64fb086e in /opt/conda/lib/python3.11/site-packages/torch/lib/libtorch_cpu.so)
frame #4: c10d::TCPStore::check(std::vector<std::__cxx11::basic_string<char, std::char_traits<char>, std::allocator<char> >, std::allocator<std::__cxx11::basic_string<char, std::char_traits<char>, std::allocator<char> > > > const&) + 0x30e (0x7f3b64fab18e in /opt/conda/lib/python3.11/site-packages/torch/lib/libtorch_cpu.so)
frame #5: c10d::ProcessGroupNCCL::HeartbeatMonitor::runLoop() + 0x398 (0x7f3b24490b18 in /opt/conda/lib/python3.11/site-packages/torch/lib/libtorch_cuda.so)
frame #6: <unknown function> + 0xd8198 (0x7f3b07e7e198 in /opt/conda/bin/../lib/libstdc++.so.6)
frame #7: <unknown function> + 0x94ac3 (0x7f3b827cdac3 in /lib/x86_64-linux-gnu/libc.so.6)
frame #8: <unknown function> + 0x126850 (0x7f3b8285f850 in /lib/x86_64-linux-gnu/libc.so.6)

[rank7]:[W724 04:52:49.190695924 ProcessGroupNCCL.cpp:1783] [PG ID 0 PG GUID 0(default_pg) Rank 7] Failed to check the "should dump" flag on TCPStore, (maybe TCPStore server has shut down too early), with error: Broken pipe
[rank2]:[W724 04:52:49.187418077 TCPStore.cpp:106] [c10d] sendBytes failed on SocketImpl(fd=73, addr=[localhost]:37294, remote=[localhost]:29600): Broken pipe
Exception raised from sendBytes at /pytorch/torch/csrc/distributed/c10d/Utils.hpp:653 (most recent call first):
frame #0: c10::Error::Error(c10::SourceLocation, std::__cxx11::basic_string<char, std::char_traits<char>, std::allocator<char> >) + 0x80 (0x7fe66977eeb0 in /opt/conda/lib/python3.11/site-packages/torch/lib/libc10.so)
frame #1: <unknown function> + 0x5d694d1 (0x7fe64d7ae4d1 in /opt/conda/lib/python3.11/site-packages/torch/lib/libtorch_cpu.so)
frame #2: <unknown function> + 0x5d69d62 (0x7fe64d7aed62 in /opt/conda/lib/python3.11/site-packages/torch/lib/libtorch_cpu.so)
frame #3: <unknown function> + 0x5d6b86e (0x7fe64d7b086e in /opt/conda/lib/python3.11/site-packages/torch/lib/libtorch_cpu.so)
frame #4: c10d::TCPStore::check(std::vector<std::__cxx11::basic_string<char, std::char_traits<char>, std::allocator<char> >, std::allocator<std::__cxx11::basic_string<char, std::char_traits<char>, std::allocator<char> > > > const&) + 0x30e (0x7fe64d7ab18e in /opt/conda/lib/python3.11/site-packages/torch/lib/libtorch_cpu.so)
frame #5: c10d::ProcessGroupNCCL::HeartbeatMonitor::runLoop() + 0x398 (0x7fe60cc90b18 in /opt/conda/lib/python3.11/site-packages/torch/lib/libtorch_cuda.so)
frame #6: <unknown function> + 0xd8198 (0x7fe5f067e198 in /opt/conda/bin/../lib/libstdc++.so.6)
frame #7: <unknown function> + 0x94ac3 (0x7fe66b020ac3 in /lib/x86_64-linux-gnu/libc.so.6)
frame #8: <unknown function> + 0x126850 (0x7fe66b0b2850 in /lib/x86_64-linux-gnu/libc.so.6)

[rank2]:[W724 04:52:49.191699826 ProcessGroupNCCL.cpp:1783] [PG ID 0 PG GUID 0(default_pg) Rank 2] Failed to check the "should dump" flag on TCPStore, (maybe TCPStore server has shut down too early), with error: Broken pipe
[rank5]:[W724 04:52:50.887067545 TCPStore.cpp:106] [c10d] sendBytes failed on SocketImpl(fd=36, addr=[localhost]:37284, remote=[localhost]:29600): Broken pipe
Exception raised from sendBytes at /pytorch/torch/csrc/distributed/c10d/Utils.hpp:653 (most recent call first):
frame #0: c10::Error::Error(c10::SourceLocation, std::__cxx11::basic_string<char, std::char_traits<char>, std::allocator<char> >) + 0x80 (0x7efdd22d9eb0 in /opt/conda/lib/python3.11/site-packages/torch/lib/libc10.so)
frame #1: <unknown function> + 0x5d694d1 (0x7efdb63ae4d1 in /opt/conda/lib/python3.11/site-packages/torch/lib/libtorch_cpu.so)
frame #2: <unknown function> + 0x5d69d62 (0x7efdb63aed62 in /opt/conda/lib/python3.11/site-packages/torch/lib/libtorch_cpu.so)
frame #3: <unknown function> + 0x5d6b86e (0x7efdb63b086e in /opt/conda/lib/python3.11/site-packages/torch/lib/libtorch_cpu.so)
frame #4: c10d::TCPStore::check(std::vector<std::__cxx11::basic_string<char, std::char_traits<char>, std::allocator<char> >, std::allocator<std::__cxx11::basic_string<char, std::char_traits<char>, std::allocator<char> > > > const&) + 0x30e (0x7efdb63ab18e in /opt/conda/lib/python3.11/site-packages/torch/lib/libtorch_cpu.so)
frame #5: c10d::ProcessGroupNCCL::HeartbeatMonitor::runLoop() + 0x398 (0x7efd75890b18 in /opt/conda/lib/python3.11/site-packages/torch/lib/libtorch_cuda.so)
frame #6: <unknown function> + 0xd8198 (0x7efd5927e198 in /opt/conda/bin/../lib/libstdc++.so.6)
frame #7: <unknown function> + 0x94ac3 (0x7efdd3ba0ac3 in /lib/x86_64-linux-gnu/libc.so.6)
frame #8: <unknown function> + 0x126850 (0x7efdd3c32850 in /lib/x86_64-linux-gnu/libc.so.6)

[rank5]:[W724 04:52:50.892397605 ProcessGroupNCCL.cpp:1783] [PG ID 0 PG GUID 0(default_pg) Rank 5] Failed to check the "should dump" flag on TCPStore, (maybe TCPStore server has shut down too early), with error: Broken pipe
[rank7]:[W724 04:52:50.191025243 TCPStore.cpp:106] [c10d] sendBytes failed on SocketImpl(fd=73, addr=[localhost]:40292, remote=[localhost]:29600): Broken pipe
Exception raised from sendBytes at /pytorch/torch/csrc/distributed/c10d/Utils.hpp:653 (most recent call first):
frame #0: c10::Error::Error(c10::SourceLocation, std::__cxx11::basic_string<char, std::char_traits<char>, std::allocator<char> >) + 0x80 (0x7f3b80f7eeb0 in /opt/conda/lib/python3.11/site-packages/torch/lib/libc10.so)
frame #1: <unknown function> + 0x5d694d1 (0x7f3b64fae4d1 in /opt/conda/lib/python3.11/site-packages/torch/lib/libtorch_cpu.so)
frame #2: <unknown function> + 0x5d69d62 (0x7f3b64faed62 in /opt/conda/lib/python3.11/site-packages/torch/lib/libtorch_cpu.so)
frame #3: <unknown function> + 0x5d6b86e (0x7f3b64fb086e in /opt/conda/lib/python3.11/site-packages/torch/lib/libtorch_cpu.so)
frame #4: c10d::TCPStore::check(std::vector<std::__cxx11::basic_string<char, std::char_traits<char>, std::allocator<char> >, std::allocator<std::__cxx11::basic_string<char, std::char_traits<char>, std::allocator<char> > > > const&) + 0x30e (0x7f3b64fab18e in /opt/conda/lib/python3.11/site-packages/torch/lib/libtorch_cpu.so)
frame #5: c10d::ProcessGroupNCCL::HeartbeatMonitor::runLoop() + 0x398 (0x7f3b24490b18 in /opt/conda/lib/python3.11/site-packages/torch/lib/libtorch_cuda.so)
frame #6: <unknown function> + 0xd8198 (0x7f3b07e7e198 in /opt/conda/bin/../lib/libstdc++.so.6)
frame #7: <unknown function> + 0x94ac3 (0x7f3b827cdac3 in /lib/x86_64-linux-gnu/libc.so.6)
frame #8: <unknown function> + 0x126850 (0x7f3b8285f850 in /lib/x86_64-linux-gnu/libc.so.6)

[rank7]:[W724 04:52:50.194265600 ProcessGroupNCCL.cpp:1783] [PG ID 0 PG GUID 0(default_pg) Rank 7] Failed to check the "should dump" flag on TCPStore, (maybe TCPStore server has shut down too early), with error: Broken pipe
[rank2]:[W724 04:52:50.192289186 TCPStore.cpp:106] [c10d] sendBytes failed on SocketImpl(fd=73, addr=[localhost]:37294, remote=[localhost]:29600): Broken pipe
Exception raised from sendBytes at /pytorch/torch/csrc/distributed/c10d/Utils.hpp:653 (most recent call first):
frame #0: c10::Error::Error(c10::SourceLocation, std::__cxx11::basic_string<char, std::char_traits<char>, std::allocator<char> >) + 0x80 (0x7fe66977eeb0 in /opt/conda/lib/python3.11/site-packages/torch/lib/libc10.so)
frame #1: <unknown function> + 0x5d694d1 (0x7fe64d7ae4d1 in /opt/conda/lib/python3.11/site-packages/torch/lib/libtorch_cpu.so)
frame #2: <unknown function> + 0x5d69d62 (0x7fe64d7aed62 in /opt/conda/lib/python3.11/site-packages/torch/lib/libtorch_cpu.so)
frame #3: <unknown function> + 0x5d6b86e (0x7fe64d7b086e in /opt/conda/lib/python3.11/site-packages/torch/lib/libtorch_cpu.so)
frame #4: c10d::TCPStore::check(std::vector<std::__cxx11::basic_string<char, std::char_traits<char>, std::allocator<char> >, std::allocator<std::__cxx11::basic_string<char, std::char_traits<char>, std::allocator<char> > > > const&) + 0x30e (0x7fe64d7ab18e in /opt/conda/lib/python3.11/site-packages/torch/lib/libtorch_cpu.so)
frame #5: c10d::ProcessGroupNCCL::HeartbeatMonitor::runLoop() + 0x398 (0x7fe60cc90b18 in /opt/conda/lib/python3.11/site-packages/torch/lib/libtorch_cuda.so)
frame #6: <unknown function> + 0xd8198 (0x7fe5f067e198 in /opt/conda/bin/../lib/libstdc++.so.6)
frame #7: <unknown function> + 0x94ac3 (0x7fe66b020ac3 in /lib/x86_64-linux-gnu/libc.so.6)
frame #8: <unknown function> + 0x126850 (0x7fe66b0b2850 in /lib/x86_64-linux-gnu/libc.so.6)

[rank2]:[W724 04:52:50.199170929 ProcessGroupNCCL.cpp:1783] [PG ID 0 PG GUID 0(default_pg) Rank 2] Failed to check the "should dump" flag on TCPStore, (maybe TCPStore server has shut down too early), with error: Broken pipe
[rank5]:[W724 04:52:51.892737135 TCPStore.cpp:106] [c10d] sendBytes failed on SocketImpl(fd=36, addr=[localhost]:37284, remote=[localhost]:29600): Broken pipe
Exception raised from sendBytes at /pytorch/torch/csrc/distributed/c10d/Utils.hpp:653 (most recent call first):
frame #0: c10::Error::Error(c10::SourceLocation, std::__cxx11::basic_string<char, std::char_traits<char>, std::allocator<char> >) + 0x80 (0x7efdd22d9eb0 in /opt/conda/lib/python3.11/site-packages/torch/lib/libc10.so)
frame #1: <unknown function> + 0x5d694d1 (0x7efdb63ae4d1 in /opt/conda/lib/python3.11/site-packages/torch/lib/libtorch_cpu.so)
frame #2: <unknown function> + 0x5d69d62 (0x7efdb63aed62 in /opt/conda/lib/python3.11/site-packages/torch/lib/libtorch_cpu.so)
frame #3: <unknown function> + 0x5d6b86e (0x7efdb63b086e in /opt/conda/lib/python3.11/site-packages/torch/lib/libtorch_cpu.so)
frame #4: c10d::TCPStore::check(std::vector<std::__cxx11::basic_string<char, std::char_traits<char>, std::allocator<char> >, std::allocator<std::__cxx11::basic_string<char, std::char_traits<char>, std::allocator<char> > > > const&) + 0x30e (0x7efdb63ab18e in /opt/conda/lib/python3.11/site-packages/torch/lib/libtorch_cpu.so)
frame #5: c10d::ProcessGroupNCCL::HeartbeatMonitor::runLoop() + 0x398 (0x7efd75890b18 in /opt/conda/lib/python3.11/site-packages/torch/lib/libtorch_cuda.so)
frame #6: <unknown function> + 0xd8198 (0x7efd5927e198 in /opt/conda/bin/../lib/libstdc++.so.6)
frame #7: <unknown function> + 0x94ac3 (0x7efdd3ba0ac3 in /lib/x86_64-linux-gnu/libc.so.6)
frame #8: <unknown function> + 0x126850 (0x7efdd3c32850 in /lib/x86_64-linux-gnu/libc.so.6)

[rank5]:[W724 04:52:51.897158184 ProcessGroupNCCL.cpp:1783] [PG ID 0 PG GUID 0(default_pg) Rank 5] Failed to check the "should dump" flag on TCPStore, (maybe TCPStore server has shut down too early), with error: Broken pipe
[rank7]:[W724 04:52:51.194685259 TCPStore.cpp:106] [c10d] sendBytes failed on SocketImpl(fd=73, addr=[localhost]:40292, remote=[localhost]:29600): Broken pipe
Exception raised from sendBytes at /pytorch/torch/csrc/distributed/c10d/Utils.hpp:653 (most recent call first):
frame #0: c10::Error::Error(c10::SourceLocation, std::__cxx11::basic_string<char, std::char_traits<char>, std::allocator<char> >) + 0x80 (0x7f3b80f7eeb0 in /opt/conda/lib/python3.11/site-packages/torch/lib/libc10.so)
frame #1: <unknown function> + 0x5d694d1 (0x7f3b64fae4d1 in /opt/conda/lib/python3.11/site-packages/torch/lib/libtorch_cpu.so)
frame #2: <unknown function> + 0x5d69d62 (0x7f3b64faed62 in /opt/conda/lib/python3.11/site-packages/torch/lib/libtorch_cpu.so)
frame #3: <unknown function> + 0x5d6b86e (0x7f3b64fb086e in /opt/conda/lib/python3.11/site-packages/torch/lib/libtorch_cpu.so)
frame #4: c10d::TCPStore::check(std::vector<std::__cxx11::basic_string<char, std::char_traits<char>, std::allocator<char> >, std::allocator<std::__cxx11::basic_string<char, std::char_traits<char>, std::allocator<char> > > > const&) + 0x30e (0x7f3b64fab18e in /opt/conda/lib/python3.11/site-packages/torch/lib/libtorch_cpu.so)
frame #5: c10d::ProcessGroupNCCL::HeartbeatMonitor::runLoop() + 0x398 (0x7f3b24490b18 in /opt/conda/lib/python3.11/site-packages/torch/lib/libtorch_cuda.so)
frame #6: <unknown function> + 0xd8198 (0x7f3b07e7e198 in /opt/conda/bin/../lib/libstdc++.so.6)
frame #7: <unknown function> + 0x94ac3 (0x7f3b827cdac3 in /lib/x86_64-linux-gnu/libc.so.6)
frame #8: <unknown function> + 0x126850 (0x7f3b8285f850 in /lib/x86_64-linux-gnu/libc.so.6)

[rank7]:[W724 04:52:51.198999558 ProcessGroupNCCL.cpp:1783] [PG ID 0 PG GUID 0(default_pg) Rank 7] Failed to check the "should dump" flag on TCPStore, (maybe TCPStore server has shut down too early), with error: Broken pipe
[rank2]:[W724 04:52:51.199652879 TCPStore.cpp:106] [c10d] sendBytes failed on SocketImpl(fd=73, addr=[localhost]:37294, remote=[localhost]:29600): Broken pipe
Exception raised from sendBytes at /pytorch/torch/csrc/distributed/c10d/Utils.hpp:653 (most recent call first):
frame #0: c10::Error::Error(c10::SourceLocation, std::__cxx11::basic_string<char, std::char_traits<char>, std::allocator<char> >) + 0x80 (0x7fe66977eeb0 in /opt/conda/lib/python3.11/site-packages/torch/lib/libc10.so)
frame #1: <unknown function> + 0x5d694d1 (0x7fe64d7ae4d1 in /opt/conda/lib/python3.11/site-packages/torch/lib/libtorch_cpu.so)
frame #2: <unknown function> + 0x5d69d62 (0x7fe64d7aed62 in /opt/conda/lib/python3.11/site-packages/torch/lib/libtorch_cpu.so)
frame #3: <unknown function> + 0x5d6b86e (0x7fe64d7b086e in /opt/conda/lib/python3.11/site-packages/torch/lib/libtorch_cpu.so)
frame #4: c10d::TCPStore::check(std::vector<std::__cxx11::basic_string<char, std::char_traits<char>, std::allocator<char> >, std::allocator<std::__cxx11::basic_string<char, std::char_traits<char>, std::allocator<char> > > > const&) + 0x30e (0x7fe64d7ab18e in /opt/conda/lib/python3.11/site-packages/torch/lib/libtorch_cpu.so)
frame #5: c10d::ProcessGroupNCCL::HeartbeatMonitor::runLoop() + 0x398 (0x7fe60cc90b18 in /opt/conda/lib/python3.11/site-packages/torch/lib/libtorch_cuda.so)
frame #6: <unknown function> + 0xd8198 (0x7fe5f067e198 in /opt/conda/bin/../lib/libstdc++.so.6)
frame #7: <unknown function> + 0x94ac3 (0x7fe66b020ac3 in /lib/x86_64-linux-gnu/libc.so.6)
frame #8: <unknown function> + 0x126850 (0x7fe66b0b2850 in /lib/x86_64-linux-gnu/libc.so.6)

[rank2]:[W724 04:52:51.205767351 ProcessGroupNCCL.cpp:1783] [PG ID 0 PG GUID 0(default_pg) Rank 2] Failed to check the "should dump" flag on TCPStore, (maybe TCPStore server has shut down too early), with error: Broken pipe
[rank5]:[W724 04:52:52.897859844 TCPStore.cpp:106] [c10d] sendBytes failed on SocketImpl(fd=36, addr=[localhost]:37284, remote=[localhost]:29600): Broken pipe
Exception raised from sendBytes at /pytorch/torch/csrc/distributed/c10d/Utils.hpp:653 (most recent call first):
frame #0: c10::Error::Error(c10::SourceLocation, std::__cxx11::basic_string<char, std::char_traits<char>, std::allocator<char> >) + 0x80 (0x7efdd22d9eb0 in /opt/conda/lib/python3.11/site-packages/torch/lib/libc10.so)
frame #1: <unknown function> + 0x5d694d1 (0x7efdb63ae4d1 in /opt/conda/lib/python3.11/site-packages/torch/lib/libtorch_cpu.so)
frame #2: <unknown function> + 0x5d69d62 (0x7efdb63aed62 in /opt/conda/lib/python3.11/site-packages/torch/lib/libtorch_cpu.so)
frame #3: <unknown function> + 0x5d6b86e (0x7efdb63b086e in /opt/conda/lib/python3.11/site-packages/torch/lib/libtorch_cpu.so)
frame #4: c10d::TCPStore::check(std::vector<std::__cxx11::basic_string<char, std::char_traits<char>, std::allocator<char> >, std::allocator<std::__cxx11::basic_string<char, std::char_traits<char>, std::allocator<char> > > > const&) + 0x30e (0x7efdb63ab18e in /opt/conda/lib/python3.11/site-packages/torch/lib/libtorch_cpu.so)
frame #5: c10d::ProcessGroupNCCL::HeartbeatMonitor::runLoop() + 0x398 (0x7efd75890b18 in /opt/conda/lib/python3.11/site-packages/torch/lib/libtorch_cuda.so)
frame #6: <unknown function> + 0xd8198 (0x7efd5927e198 in /opt/conda/bin/../lib/libstdc++.so.6)
frame #7: <unknown function> + 0x94ac3 (0x7efdd3ba0ac3 in /lib/x86_64-linux-gnu/libc.so.6)
frame #8: <unknown function> + 0x126850 (0x7efdd3c32850 in /lib/x86_64-linux-gnu/libc.so.6)

[rank5]:[W724 04:52:52.902633793 ProcessGroupNCCL.cpp:1783] [PG ID 0 PG GUID 0(default_pg) Rank 5] Failed to check the "should dump" flag on TCPStore, (maybe TCPStore server has shut down too early), with error: Broken pipe
[rank7]:[W724 04:52:52.199444268 TCPStore.cpp:106] [c10d] sendBytes failed on SocketImpl(fd=73, addr=[localhost]:40292, remote=[localhost]:29600): Broken pipe
Exception raised from sendBytes at /pytorch/torch/csrc/distributed/c10d/Utils.hpp:653 (most recent call first):
frame #0: c10::Error::Error(c10::SourceLocation, std::__cxx11::basic_string<char, std::char_traits<char>, std::allocator<char> >) + 0x80 (0x7f3b80f7eeb0 in /opt/conda/lib/python3.11/site-packages/torch/lib/libc10.so)
frame #1: <unknown function> + 0x5d694d1 (0x7f3b64fae4d1 in /opt/conda/lib/python3.11/site-packages/torch/lib/libtorch_cpu.so)
frame #2: <unknown function> + 0x5d69d62 (0x7f3b64faed62 in /opt/conda/lib/python3.11/site-packages/torch/lib/libtorch_cpu.so)
frame #3: <unknown function> + 0x5d6b86e (0x7f3b64fb086e in /opt/conda/lib/python3.11/site-packages/torch/lib/libtorch_cpu.so)
frame #4: c10d::TCPStore::check(std::vector<std::__cxx11::basic_string<char, std::char_traits<char>, std::allocator<char> >, std::allocator<std::__cxx11::basic_string<char, std::char_traits<char>, std::allocator<char> > > > const&) + 0x30e (0x7f3b64fab18e in /opt/conda/lib/python3.11/site-packages/torch/lib/libtorch_cpu.so)
frame #5: c10d::ProcessGroupNCCL::HeartbeatMonitor::runLoop() + 0x398 (0x7f3b24490b18 in /opt/conda/lib/python3.11/site-packages/torch/lib/libtorch_cuda.so)
frame #6: <unknown function> + 0xd8198 (0x7f3b07e7e198 in /opt/conda/bin/../lib/libstdc++.so.6)
frame #7: <unknown function> + 0x94ac3 (0x7f3b827cdac3 in /lib/x86_64-linux-gnu/libc.so.6)
frame #8: <unknown function> + 0x126850 (0x7f3b8285f850 in /lib/x86_64-linux-gnu/libc.so.6)

[rank7]:[W724 04:52:52.203774126 ProcessGroupNCCL.cpp:1783] [PG ID 0 PG GUID 0(default_pg) Rank 7] Failed to check the "should dump" flag on TCPStore, (maybe TCPStore server has shut down too early), with error: Broken pipe
[rank2]:[W724 04:52:52.206164481 TCPStore.cpp:106] [c10d] sendBytes failed on SocketImpl(fd=73, addr=[localhost]:37294, remote=[localhost]:29600): Broken pipe
Exception raised from sendBytes at /pytorch/torch/csrc/distributed/c10d/Utils.hpp:653 (most recent call first):
frame #0: c10::Error::Error(c10::SourceLocation, std::__cxx11::basic_string<char, std::char_traits<char>, std::allocator<char> >) + 0x80 (0x7fe66977eeb0 in /opt/conda/lib/python3.11/site-packages/torch/lib/libc10.so)
frame #1: <unknown function> + 0x5d694d1 (0x7fe64d7ae4d1 in /opt/conda/lib/python3.11/site-packages/torch/lib/libtorch_cpu.so)
frame #2: <unknown function> + 0x5d69d62 (0x7fe64d7aed62 in /opt/conda/lib/python3.11/site-packages/torch/lib/libtorch_cpu.so)
frame #3: <unknown function> + 0x5d6b86e (0x7fe64d7b086e in /opt/conda/lib/python3.11/site-packages/torch/lib/libtorch_cpu.so)
frame #4: c10d::TCPStore::check(std::vector<std::__cxx11::basic_string<char, std::char_traits<char>, std::allocator<char> >, std::allocator<std::__cxx11::basic_string<char, std::char_traits<char>, std::allocator<char> > > > const&) + 0x30e (0x7fe64d7ab18e in /opt/conda/lib/python3.11/site-packages/torch/lib/libtorch_cpu.so)
frame #5: c10d::ProcessGroupNCCL::HeartbeatMonitor::runLoop() + 0x398 (0x7fe60cc90b18 in /opt/conda/lib/python3.11/site-packages/torch/lib/libtorch_cuda.so)
frame #6: <unknown function> + 0xd8198 (0x7fe5f067e198 in /opt/conda/bin/../lib/libstdc++.so.6)
frame #7: <unknown function> + 0x94ac3 (0x7fe66b020ac3 in /lib/x86_64-linux-gnu/libc.so.6)
frame #8: <unknown function> + 0x126850 (0x7fe66b0b2850 in /lib/x86_64-linux-gnu/libc.so.6)

[rank2]:[W724 04:52:52.211396391 ProcessGroupNCCL.cpp:1783] [PG ID 0 PG GUID 0(default_pg) Rank 2] Failed to check the "should dump" flag on TCPStore, (maybe TCPStore server has shut down too early), with error: Broken pipe
[rank5]:[W724 04:52:53.903075403 TCPStore.cpp:106] [c10d] sendBytes failed on SocketImpl(fd=36, addr=[localhost]:37284, remote=[localhost]:29600): Broken pipe
Exception raised from sendBytes at /pytorch/torch/csrc/distributed/c10d/Utils.hpp:653 (most recent call first):
frame #0: c10::Error::Error(c10::SourceLocation, std::__cxx11::basic_string<char, std::char_traits<char>, std::allocator<char> >) + 0x80 (0x7efdd22d9eb0 in /opt/conda/lib/python3.11/site-packages/torch/lib/libc10.so)
frame #1: <unknown function> + 0x5d694d1 (0x7efdb63ae4d1 in /opt/conda/lib/python3.11/site-packages/torch/lib/libtorch_cpu.so)
frame #2: <unknown function> + 0x5d69d62 (0x7efdb63aed62 in /opt/conda/lib/python3.11/site-packages/torch/lib/libtorch_cpu.so)
frame #3: <unknown function> + 0x5d6b86e (0x7efdb63b086e in /opt/conda/lib/python3.11/site-packages/torch/lib/libtorch_cpu.so)
frame #4: c10d::TCPStore::check(std::vector<std::__cxx11::basic_string<char, std::char_traits<char>, std::allocator<char> >, std::allocator<std::__cxx11::basic_string<char, std::char_traits<char>, std::allocator<char> > > > const&) + 0x30e (0x7efdb63ab18e in /opt/conda/lib/python3.11/site-packages/torch/lib/libtorch_cpu.so)
frame #5: c10d::ProcessGroupNCCL::HeartbeatMonitor::runLoop() + 0x398 (0x7efd75890b18 in /opt/conda/lib/python3.11/site-packages/torch/lib/libtorch_cuda.so)
frame #6: <unknown function> + 0xd8198 (0x7efd5927e198 in /opt/conda/bin/../lib/libstdc++.so.6)
frame #7: <unknown function> + 0x94ac3 (0x7efdd3ba0ac3 in /lib/x86_64-linux-gnu/libc.so.6)
frame #8: <unknown function> + 0x126850 (0x7efdd3c32850 in /lib/x86_64-linux-gnu/libc.so.6)

[rank5]:[W724 04:52:53.907005121 ProcessGroupNCCL.cpp:1783] [PG ID 0 PG GUID 0(default_pg) Rank 5] Failed to check the "should dump" flag on TCPStore, (maybe TCPStore server has shut down too early), with error: Broken pipe
[rank7]:[W724 04:52:53.204089686 TCPStore.cpp:106] [c10d] sendBytes failed on SocketImpl(fd=73, addr=[localhost]:40292, remote=[localhost]:29600): Broken pipe
Exception raised from sendBytes at /pytorch/torch/csrc/distributed/c10d/Utils.hpp:653 (most recent call first):
frame #0: c10::Error::Error(c10::SourceLocation, std::__cxx11::basic_string<char, std::char_traits<char>, std::allocator<char> >) + 0x80 (0x7f3b80f7eeb0 in /opt/conda/lib/python3.11/site-packages/torch/lib/libc10.so)
frame #1: <unknown function> + 0x5d694d1 (0x7f3b64fae4d1 in /opt/conda/lib/python3.11/site-packages/torch/lib/libtorch_cpu.so)
frame #2: <unknown function> + 0x5d69d62 (0x7f3b64faed62 in /opt/conda/lib/python3.11/site-packages/torch/lib/libtorch_cpu.so)
frame #3: <unknown function> + 0x5d6b86e (0x7f3b64fb086e in /opt/conda/lib/python3.11/site-packages/torch/lib/libtorch_cpu.so)
frame #4: c10d::TCPStore::check(std::vector<std::__cxx11::basic_string<char, std::char_traits<char>, std::allocator<char> >, std::allocator<std::__cxx11::basic_string<char, std::char_traits<char>, std::allocator<char> > > > const&) + 0x30e (0x7f3b64fab18e in /opt/conda/lib/python3.11/site-packages/torch/lib/libtorch_cpu.so)
frame #5: c10d::ProcessGroupNCCL::HeartbeatMonitor::runLoop() + 0x398 (0x7f3b24490b18 in /opt/conda/lib/python3.11/site-packages/torch/lib/libtorch_cuda.so)
frame #6: <unknown function> + 0xd8198 (0x7f3b07e7e198 in /opt/conda/bin/../lib/libstdc++.so.6)
frame #7: <unknown function> + 0x94ac3 (0x7f3b827cdac3 in /lib/x86_64-linux-gnu/libc.so.6)
frame #8: <unknown function> + 0x126850 (0x7f3b8285f850 in /lib/x86_64-linux-gnu/libc.so.6)

[rank7]:[W724 04:52:53.208869435 ProcessGroupNCCL.cpp:1783] [PG ID 0 PG GUID 0(default_pg) Rank 7] Failed to check the "should dump" flag on TCPStore, (maybe TCPStore server has shut down too early), with error: Broken pipe
[rank2]:[W724 04:52:53.211941231 TCPStore.cpp:106] [c10d] sendBytes failed on SocketImpl(fd=73, addr=[localhost]:37294, remote=[localhost]:29600): Broken pipe
Exception raised from sendBytes at /pytorch/torch/csrc/distributed/c10d/Utils.hpp:653 (most recent call first):
frame #0: c10::Error::Error(c10::SourceLocation, std::__cxx11::basic_string<char, std::char_traits<char>, std::allocator<char> >) + 0x80 (0x7fe66977eeb0 in /opt/conda/lib/python3.11/site-packages/torch/lib/libc10.so)
frame #1: <unknown function> + 0x5d694d1 (0x7fe64d7ae4d1 in /opt/conda/lib/python3.11/site-packages/torch/lib/libtorch_cpu.so)
frame #2: <unknown function> + 0x5d69d62 (0x7fe64d7aed62 in /opt/conda/lib/python3.11/site-packages/torch/lib/libtorch_cpu.so)
frame #3: <unknown function> + 0x5d6b86e (0x7fe64d7b086e in /opt/conda/lib/python3.11/site-packages/torch/lib/libtorch_cpu.so)
frame #4: c10d::TCPStore::check(std::vector<std::__cxx11::basic_string<char, std::char_traits<char>, std::allocator<char> >, std::allocator<std::__cxx11::basic_string<char, std::char_traits<char>, std::allocator<char> > > > const&) + 0x30e (0x7fe64d7ab18e in /opt/conda/lib/python3.11/site-packages/torch/lib/libtorch_cpu.so)
frame #5: c10d::ProcessGroupNCCL::HeartbeatMonitor::runLoop() + 0x398 (0x7fe60cc90b18 in /opt/conda/lib/python3.11/site-packages/torch/lib/libtorch_cuda.so)
frame #6: <unknown function> + 0xd8198 (0x7fe5f067e198 in /opt/conda/bin/../lib/libstdc++.so.6)
frame #7: <unknown function> + 0x94ac3 (0x7fe66b020ac3 in /lib/x86_64-linux-gnu/libc.so.6)
frame #8: <unknown function> + 0x126850 (0x7fe66b0b2850 in /lib/x86_64-linux-gnu/libc.so.6)

[rank2]:[W724 04:52:53.225416838 ProcessGroupNCCL.cpp:1783] [PG ID 0 PG GUID 0(default_pg) Rank 2] Failed to check the "should dump" flag on TCPStore, (maybe TCPStore server has shut down too early), with error: Broken pipe
[rank5]:[W724 04:52:54.907329651 TCPStore.cpp:106] [c10d] sendBytes failed on SocketImpl(fd=36, addr=[localhost]:37284, remote=[localhost]:29600): Broken pipe
Exception raised from sendBytes at /pytorch/torch/csrc/distributed/c10d/Utils.hpp:653 (most recent call first):
frame #0: c10::Error::Error(c10::SourceLocation, std::__cxx11::basic_string<char, std::char_traits<char>, std::allocator<char> >) + 0x80 (0x7efdd22d9eb0 in /opt/conda/lib/python3.11/site-packages/torch/lib/libc10.so)
frame #1: <unknown function> + 0x5d694d1 (0x7efdb63ae4d1 in /opt/conda/lib/python3.11/site-packages/torch/lib/libtorch_cpu.so)
frame #2: <unknown function> + 0x5d69d62 (0x7efdb63aed62 in /opt/conda/lib/python3.11/site-packages/torch/lib/libtorch_cpu.so)
frame #3: <unknown function> + 0x5d6b86e (0x7efdb63b086e in /opt/conda/lib/python3.11/site-packages/torch/lib/libtorch_cpu.so)
frame #4: c10d::TCPStore::check(std::vector<std::__cxx11::basic_string<char, std::char_traits<char>, std::allocator<char> >, std::allocator<std::__cxx11::basic_string<char, std::char_traits<char>, std::allocator<char> > > > const&) + 0x30e (0x7efdb63ab18e in /opt/conda/lib/python3.11/site-packages/torch/lib/libtorch_cpu.so)
frame #5: c10d::ProcessGroupNCCL::HeartbeatMonitor::runLoop() + 0x398 (0x7efd75890b18 in /opt/conda/lib/python3.11/site-packages/torch/lib/libtorch_cuda.so)
frame #6: <unknown function> + 0xd8198 (0x7efd5927e198 in /opt/conda/bin/../lib/libstdc++.so.6)
frame #7: <unknown function> + 0x94ac3 (0x7efdd3ba0ac3 in /lib/x86_64-linux-gnu/libc.so.6)
frame #8: <unknown function> + 0x126850 (0x7efdd3c32850 in /lib/x86_64-linux-gnu/libc.so.6)

[rank5]:[W724 04:52:54.911121728 ProcessGroupNCCL.cpp:1783] [PG ID 0 PG GUID 0(default_pg) Rank 5] Failed to check the "should dump" flag on TCPStore, (maybe TCPStore server has shut down too early), with error: Broken pipe
[rank7]:[W724 04:52:54.209248345 TCPStore.cpp:106] [c10d] sendBytes failed on SocketImpl(fd=73, addr=[localhost]:40292, remote=[localhost]:29600): Broken pipe
Exception raised from sendBytes at /pytorch/torch/csrc/distributed/c10d/Utils.hpp:653 (most recent call first):
frame #0: c10::Error::Error(c10::SourceLocation, std::__cxx11::basic_string<char, std::char_traits<char>, std::allocator<char> >) + 0x80 (0x7f3b80f7eeb0 in /opt/conda/lib/python3.11/site-packages/torch/lib/libc10.so)
frame #1: <unknown function> + 0x5d694d1 (0x7f3b64fae4d1 in /opt/conda/lib/python3.11/site-packages/torch/lib/libtorch_cpu.so)
frame #2: <unknown function> + 0x5d69d62 (0x7f3b64faed62 in /opt/conda/lib/python3.11/site-packages/torch/lib/libtorch_cpu.so)
frame #3: <unknown function> + 0x5d6b86e (0x7f3b64fb086e in /opt/conda/lib/python3.11/site-packages/torch/lib/libtorch_cpu.so)
frame #4: c10d::TCPStore::check(std::vector<std::__cxx11::basic_string<char, std::char_traits<char>, std::allocator<char> >, std::allocator<std::__cxx11::basic_string<char, std::char_traits<char>, std::allocator<char> > > > const&) + 0x30e (0x7f3b64fab18e in /opt/conda/lib/python3.11/site-packages/torch/lib/libtorch_cpu.so)
frame #5: c10d::ProcessGroupNCCL::HeartbeatMonitor::runLoop() + 0x398 (0x7f3b24490b18 in /opt/conda/lib/python3.11/site-packages/torch/lib/libtorch_cuda.so)
frame #6: <unknown function> + 0xd8198 (0x7f3b07e7e198 in /opt/conda/bin/../lib/libstdc++.so.6)
frame #7: <unknown function> + 0x94ac3 (0x7f3b827cdac3 in /lib/x86_64-linux-gnu/libc.so.6)
frame #8: <unknown function> + 0x126850 (0x7f3b8285f850 in /lib/x86_64-linux-gnu/libc.so.6)

[rank7]:[W724 04:52:54.214229005 ProcessGroupNCCL.cpp:1783] [PG ID 0 PG GUID 0(default_pg) Rank 7] Failed to check the "should dump" flag on TCPStore, (maybe TCPStore server has shut down too early), with error: Broken pipe
[rank2]:[W724 04:52:54.225927468 TCPStore.cpp:106] [c10d] sendBytes failed on SocketImpl(fd=73, addr=[localhost]:37294, remote=[localhost]:29600): Broken pipe
Exception raised from sendBytes at /pytorch/torch/csrc/distributed/c10d/Utils.hpp:653 (most recent call first):
frame #0: c10::Error::Error(c10::SourceLocation, std::__cxx11::basic_string<char, std::char_traits<char>, std::allocator<char> >) + 0x80 (0x7fe66977eeb0 in /opt/conda/lib/python3.11/site-packages/torch/lib/libc10.so)
frame #1: <unknown function> + 0x5d694d1 (0x7fe64d7ae4d1 in /opt/conda/lib/python3.11/site-packages/torch/lib/libtorch_cpu.so)
frame #2: <unknown function> + 0x5d69d62 (0x7fe64d7aed62 in /opt/conda/lib/python3.11/site-packages/torch/lib/libtorch_cpu.so)
frame #3: <unknown function> + 0x5d6b86e (0x7fe64d7b086e in /opt/conda/lib/python3.11/site-packages/torch/lib/libtorch_cpu.so)
frame #4: c10d::TCPStore::check(std::vector<std::__cxx11::basic_string<char, std::char_traits<char>, std::allocator<char> >, std::allocator<std::__cxx11::basic_string<char, std::char_traits<char>, std::allocator<char> > > > const&) + 0x30e (0x7fe64d7ab18e in /opt/conda/lib/python3.11/site-packages/torch/lib/libtorch_cpu.so)
frame #5: c10d::ProcessGroupNCCL::HeartbeatMonitor::runLoop() + 0x398 (0x7fe60cc90b18 in /opt/conda/lib/python3.11/site-packages/torch/lib/libtorch_cuda.so)
frame #6: <unknown function> + 0xd8198 (0x7fe5f067e198 in /opt/conda/bin/../lib/libstdc++.so.6)
frame #7: <unknown function> + 0x94ac3 (0x7fe66b020ac3 in /lib/x86_64-linux-gnu/libc.so.6)
frame #8: <unknown function> + 0x126850 (0x7fe66b0b2850 in /lib/x86_64-linux-gnu/libc.so.6)

[rank2]:[W724 04:52:54.232616501 ProcessGroupNCCL.cpp:1783] [PG ID 0 PG GUID 0(default_pg) Rank 2] Failed to check the "should dump" flag on TCPStore, (maybe TCPStore server has shut down too early), with error: Broken pipe
[rank5]:[W724 04:52:55.911423088 TCPStore.cpp:106] [c10d] sendBytes failed on SocketImpl(fd=36, addr=[localhost]:37284, remote=[localhost]:29600): Broken pipe
Exception raised from sendBytes at /pytorch/torch/csrc/distributed/c10d/Utils.hpp:653 (most recent call first):
frame #0: c10::Error::Error(c10::SourceLocation, std::__cxx11::basic_string<char, std::char_traits<char>, std::allocator<char> >) + 0x80 (0x7efdd22d9eb0 in /opt/conda/lib/python3.11/site-packages/torch/lib/libc10.so)
frame #1: <unknown function> + 0x5d694d1 (0x7efdb63ae4d1 in /opt/conda/lib/python3.11/site-packages/torch/lib/libtorch_cpu.so)
frame #2: <unknown function> + 0x5d69d62 (0x7efdb63aed62 in /opt/conda/lib/python3.11/site-packages/torch/lib/libtorch_cpu.so)
frame #3: <unknown function> + 0x5d6b86e (0x7efdb63b086e in /opt/conda/lib/python3.11/site-packages/torch/lib/libtorch_cpu.so)
frame #4: c10d::TCPStore::check(std::vector<std::__cxx11::basic_string<char, std::char_traits<char>, std::allocator<char> >, std::allocator<std::__cxx11::basic_string<char, std::char_traits<char>, std::allocator<char> > > > const&) + 0x30e (0x7efdb63ab18e in /opt/conda/lib/python3.11/site-packages/torch/lib/libtorch_cpu.so)
frame #5: c10d::ProcessGroupNCCL::HeartbeatMonitor::runLoop() + 0x398 (0x7efd75890b18 in /opt/conda/lib/python3.11/site-packages/torch/lib/libtorch_cuda.so)
frame #6: <unknown function> + 0xd8198 (0x7efd5927e198 in /opt/conda/bin/../lib/libstdc++.so.6)
frame #7: <unknown function> + 0x94ac3 (0x7efdd3ba0ac3 in /lib/x86_64-linux-gnu/libc.so.6)
frame #8: <unknown function> + 0x126850 (0x7efdd3c32850 in /lib/x86_64-linux-gnu/libc.so.6)

[rank5]:[W724 04:52:55.915469636 ProcessGroupNCCL.cpp:1783] [PG ID 0 PG GUID 0(default_pg) Rank 5] Failed to check the "should dump" flag on TCPStore, (maybe TCPStore server has shut down too early), with error: Broken pipe
[rank7]:[W724 04:52:55.214846975 TCPStore.cpp:106] [c10d] sendBytes failed on SocketImpl(fd=73, addr=[localhost]:40292, remote=[localhost]:29600): Broken pipe
Exception raised from sendBytes at /pytorch/torch/csrc/distributed/c10d/Utils.hpp:653 (most recent call first):
frame #0: c10::Error::Error(c10::SourceLocation, std::__cxx11::basic_string<char, std::char_traits<char>, std::allocator<char> >) + 0x80 (0x7f3b80f7eeb0 in /opt/conda/lib/python3.11/site-packages/torch/lib/libc10.so)
frame #1: <unknown function> + 0x5d694d1 (0x7f3b64fae4d1 in /opt/conda/lib/python3.11/site-packages/torch/lib/libtorch_cpu.so)
frame #2: <unknown function> + 0x5d69d62 (0x7f3b64faed62 in /opt/conda/lib/python3.11/site-packages/torch/lib/libtorch_cpu.so)
frame #3: <unknown function> + 0x5d6b86e (0x7f3b64fb086e in /opt/conda/lib/python3.11/site-packages/torch/lib/libtorch_cpu.so)
frame #4: c10d::TCPStore::check(std::vector<std::__cxx11::basic_string<char, std::char_traits<char>, std::allocator<char> >, std::allocator<std::__cxx11::basic_string<char, std::char_traits<char>, std::allocator<char> > > > const&) + 0x30e (0x7f3b64fab18e in /opt/conda/lib/python3.11/site-packages/torch/lib/libtorch_cpu.so)
frame #5: c10d::ProcessGroupNCCL::HeartbeatMonitor::runLoop() + 0x398 (0x7f3b24490b18 in /opt/conda/lib/python3.11/site-packages/torch/lib/libtorch_cuda.so)
frame #6: <unknown function> + 0xd8198 (0x7f3b07e7e198 in /opt/conda/bin/../lib/libstdc++.so.6)
frame #7: <unknown function> + 0x94ac3 (0x7f3b827cdac3 in /lib/x86_64-linux-gnu/libc.so.6)
frame #8: <unknown function> + 0x126850 (0x7f3b8285f850 in /lib/x86_64-linux-gnu/libc.so.6)

[rank7]:[W724 04:52:55.219033213 ProcessGroupNCCL.cpp:1783] [PG ID 0 PG GUID 0(default_pg) Rank 7] Failed to check the "should dump" flag on TCPStore, (maybe TCPStore server has shut down too early), with error: Broken pipe
[rank2]:[W724 04:52:55.232979281 TCPStore.cpp:106] [c10d] sendBytes failed on SocketImpl(fd=73, addr=[localhost]:37294, remote=[localhost]:29600): Broken pipe
Exception raised from sendBytes at /pytorch/torch/csrc/distributed/c10d/Utils.hpp:653 (most recent call first):
frame #0: c10::Error::Error(c10::SourceLocation, std::__cxx11::basic_string<char, std::char_traits<char>, std::allocator<char> >) + 0x80 (0x7fe66977eeb0 in /opt/conda/lib/python3.11/site-packages/torch/lib/libc10.so)
frame #1: <unknown function> + 0x5d694d1 (0x7fe64d7ae4d1 in /opt/conda/lib/python3.11/site-packages/torch/lib/libtorch_cpu.so)
frame #2: <unknown function> + 0x5d69d62 (0x7fe64d7aed62 in /opt/conda/lib/python3.11/site-packages/torch/lib/libtorch_cpu.so)
frame #3: <unknown function> + 0x5d6b86e (0x7fe64d7b086e in /opt/conda/lib/python3.11/site-packages/torch/lib/libtorch_cpu.so)
frame #4: c10d::TCPStore::check(std::vector<std::__cxx11::basic_string<char, std::char_traits<char>, std::allocator<char> >, std::allocator<std::__cxx11::basic_string<char, std::char_traits<char>, std::allocator<char> > > > const&) + 0x30e (0x7fe64d7ab18e in /opt/conda/lib/python3.11/site-packages/torch/lib/libtorch_cpu.so)
frame #5: c10d::ProcessGroupNCCL::HeartbeatMonitor::runLoop() + 0x398 (0x7fe60cc90b18 in /opt/conda/lib/python3.11/site-packages/torch/lib/libtorch_cuda.so)
frame #6: <unknown function> + 0xd8198 (0x7fe5f067e198 in /opt/conda/bin/../lib/libstdc++.so.6)
frame #7: <unknown function> + 0x94ac3 (0x7fe66b020ac3 in /lib/x86_64-linux-gnu/libc.so.6)
frame #8: <unknown function> + 0x126850 (0x7fe66b0b2850 in /lib/x86_64-linux-gnu/libc.so.6)

[rank2]:[W724 04:52:55.236496918 ProcessGroupNCCL.cpp:1783] [PG ID 0 PG GUID 0(default_pg) Rank 2] Failed to check the "should dump" flag on TCPStore, (maybe TCPStore server has shut down too early), with error: Broken pipe
[rank5]:[W724 04:52:56.915816505 TCPStore.cpp:106] [c10d] sendBytes failed on SocketImpl(fd=36, addr=[localhost]:37284, remote=[localhost]:29600): Broken pipe
Exception raised from sendBytes at /pytorch/torch/csrc/distributed/c10d/Utils.hpp:653 (most recent call first):
frame #0: c10::Error::Error(c10::SourceLocation, std::__cxx11::basic_string<char, std::char_traits<char>, std::allocator<char> >) + 0x80 (0x7efdd22d9eb0 in /opt/conda/lib/python3.11/site-packages/torch/lib/libc10.so)
frame #1: <unknown function> + 0x5d694d1 (0x7efdb63ae4d1 in /opt/conda/lib/python3.11/site-packages/torch/lib/libtorch_cpu.so)
frame #2: <unknown function> + 0x5d69d62 (0x7efdb63aed62 in /opt/conda/lib/python3.11/site-packages/torch/lib/libtorch_cpu.so)
frame #3: <unknown function> + 0x5d6b86e (0x7efdb63b086e in /opt/conda/lib/python3.11/site-packages/torch/lib/libtorch_cpu.so)
frame #4: c10d::TCPStore::check(std::vector<std::__cxx11::basic_string<char, std::char_traits<char>, std::allocator<char> >, std::allocator<std::__cxx11::basic_string<char, std::char_traits<char>, std::allocator<char> > > > const&) + 0x30e (0x7efdb63ab18e in /opt/conda/lib/python3.11/site-packages/torch/lib/libtorch_cpu.so)
frame #5: c10d::ProcessGroupNCCL::HeartbeatMonitor::runLoop() + 0x398 (0x7efd75890b18 in /opt/conda/lib/python3.11/site-packages/torch/lib/libtorch_cuda.so)
frame #6: <unknown function> + 0xd8198 (0x7efd5927e198 in /opt/conda/bin/../lib/libstdc++.so.6)
frame #7: <unknown function> + 0x94ac3 (0x7efdd3ba0ac3 in /lib/x86_64-linux-gnu/libc.so.6)
frame #8: <unknown function> + 0x126850 (0x7efdd3c32850 in /lib/x86_64-linux-gnu/libc.so.6)

[rank5]:[W724 04:52:56.919402003 ProcessGroupNCCL.cpp:1783] [PG ID 0 PG GUID 0(default_pg) Rank 5] Failed to check the "should dump" flag on TCPStore, (maybe TCPStore server has shut down too early), with error: Broken pipe
[rank7]:[W724 04:52:56.219492113 TCPStore.cpp:106] [c10d] sendBytes failed on SocketImpl(fd=73, addr=[localhost]:40292, remote=[localhost]:29600): Broken pipe
Exception raised from sendBytes at /pytorch/torch/csrc/distributed/c10d/Utils.hpp:653 (most recent call first):
frame #0: c10::Error::Error(c10::SourceLocation, std::__cxx11::basic_string<char, std::char_traits<char>, std::allocator<char> >) + 0x80 (0x7f3b80f7eeb0 in /opt/conda/lib/python3.11/site-packages/torch/lib/libc10.so)
frame #1: <unknown function> + 0x5d694d1 (0x7f3b64fae4d1 in /opt/conda/lib/python3.11/site-packages/torch/lib/libtorch_cpu.so)
frame #2: <unknown function> + 0x5d69d62 (0x7f3b64faed62 in /opt/conda/lib/python3.11/site-packages/torch/lib/libtorch_cpu.so)
frame #3: <unknown function> + 0x5d6b86e (0x7f3b64fb086e in /opt/conda/lib/python3.11/site-packages/torch/lib/libtorch_cpu.so)
frame #4: c10d::TCPStore::check(std::vector<std::__cxx11::basic_string<char, std::char_traits<char>, std::allocator<char> >, std::allocator<std::__cxx11::basic_string<char, std::char_traits<char>, std::allocator<char> > > > const&) + 0x30e (0x7f3b64fab18e in /opt/conda/lib/python3.11/site-packages/torch/lib/libtorch_cpu.so)
frame #5: c10d::ProcessGroupNCCL::HeartbeatMonitor::runLoop() + 0x398 (0x7f3b24490b18 in /opt/conda/lib/python3.11/site-packages/torch/lib/libtorch_cuda.so)
frame #6: <unknown function> + 0xd8198 (0x7f3b07e7e198 in /opt/conda/bin/../lib/libstdc++.so.6)
frame #7: <unknown function> + 0x94ac3 (0x7f3b827cdac3 in /lib/x86_64-linux-gnu/libc.so.6)
frame #8: <unknown function> + 0x126850 (0x7f3b8285f850 in /lib/x86_64-linux-gnu/libc.so.6)

[rank7]:[W724 04:52:56.222627070 ProcessGroupNCCL.cpp:1783] [PG ID 0 PG GUID 0(default_pg) Rank 7] Failed to check the "should dump" flag on TCPStore, (maybe TCPStore server has shut down too early), with error: Broken pipe
[rank2]:[W724 04:52:56.237100138 TCPStore.cpp:106] [c10d] sendBytes failed on SocketImpl(fd=73, addr=[localhost]:37294, remote=[localhost]:29600): Broken pipe
Exception raised from sendBytes at /pytorch/torch/csrc/distributed/c10d/Utils.hpp:653 (most recent call first):
frame #0: c10::Error::Error(c10::SourceLocation, std::__cxx11::basic_string<char, std::char_traits<char>, std::allocator<char> >) + 0x80 (0x7fe66977eeb0 in /opt/conda/lib/python3.11/site-packages/torch/lib/libc10.so)
frame #1: <unknown function> + 0x5d694d1 (0x7fe64d7ae4d1 in /opt/conda/lib/python3.11/site-packages/torch/lib/libtorch_cpu.so)
frame #2: <unknown function> + 0x5d69d62 (0x7fe64d7aed62 in /opt/conda/lib/python3.11/site-packages/torch/lib/libtorch_cpu.so)
frame #3: <unknown function> + 0x5d6b86e (0x7fe64d7b086e in /opt/conda/lib/python3.11/site-packages/torch/lib/libtorch_cpu.so)
frame #4: c10d::TCPStore::check(std::vector<std::__cxx11::basic_string<char, std::char_traits<char>, std::allocator<char> >, std::allocator<std::__cxx11::basic_string<char, std::char_traits<char>, std::allocator<char> > > > const&) + 0x30e (0x7fe64d7ab18e in /opt/conda/lib/python3.11/site-packages/torch/lib/libtorch_cpu.so)
frame #5: c10d::ProcessGroupNCCL::HeartbeatMonitor::runLoop() + 0x398 (0x7fe60cc90b18 in /opt/conda/lib/python3.11/site-packages/torch/lib/libtorch_cuda.so)
frame #6: <unknown function> + 0xd8198 (0x7fe5f067e198 in /opt/conda/bin/../lib/libstdc++.so.6)
frame #7: <unknown function> + 0x94ac3 (0x7fe66b020ac3 in /lib/x86_64-linux-gnu/libc.so.6)
frame #8: <unknown function> + 0x126850 (0x7fe66b0b2850 in /lib/x86_64-linux-gnu/libc.so.6)

[rank2]:[W724 04:52:56.241083636 ProcessGroupNCCL.cpp:1783] [PG ID 0 PG GUID 0(default_pg) Rank 2] Failed to check the "should dump" flag on TCPStore, (maybe TCPStore server has shut down too early), with error: Broken pipe
[rank5]:[W724 04:52:57.919735742 TCPStore.cpp:106] [c10d] sendBytes failed on SocketImpl(fd=36, addr=[localhost]:37284, remote=[localhost]:29600): Broken pipe
Exception raised from sendBytes at /pytorch/torch/csrc/distributed/c10d/Utils.hpp:653 (most recent call first):
frame #0: c10::Error::Error(c10::SourceLocation, std::__cxx11::basic_string<char, std::char_traits<char>, std::allocator<char> >) + 0x80 (0x7efdd22d9eb0 in /opt/conda/lib/python3.11/site-packages/torch/lib/libc10.so)
frame #1: <unknown function> + 0x5d694d1 (0x7efdb63ae4d1 in /opt/conda/lib/python3.11/site-packages/torch/lib/libtorch_cpu.so)
frame #2: <unknown function> + 0x5d69d62 (0x7efdb63aed62 in /opt/conda/lib/python3.11/site-packages/torch/lib/libtorch_cpu.so)
frame #3: <unknown function> + 0x5d6b86e (0x7efdb63b086e in /opt/conda/lib/python3.11/site-packages/torch/lib/libtorch_cpu.so)
frame #4: c10d::TCPStore::check(std::vector<std::__cxx11::basic_string<char, std::char_traits<char>, std::allocator<char> >, std::allocator<std::__cxx11::basic_string<char, std::char_traits<char>, std::allocator<char> > > > const&) + 0x30e (0x7efdb63ab18e in /opt/conda/lib/python3.11/site-packages/torch/lib/libtorch_cpu.so)
frame #5: c10d::ProcessGroupNCCL::HeartbeatMonitor::runLoop() + 0x398 (0x7efd75890b18 in /opt/conda/lib/python3.11/site-packages/torch/lib/libtorch_cuda.so)
frame #6: <unknown function> + 0xd8198 (0x7efd5927e198 in /opt/conda/bin/../lib/libstdc++.so.6)
frame #7: <unknown function> + 0x94ac3 (0x7efdd3ba0ac3 in /lib/x86_64-linux-gnu/libc.so.6)
frame #8: <unknown function> + 0x126850 (0x7efdd3c32850 in /lib/x86_64-linux-gnu/libc.so.6)

[rank5]:[W724 04:52:57.924355631 ProcessGroupNCCL.cpp:1783] [PG ID 0 PG GUID 0(default_pg) Rank 5] Failed to check the "should dump" flag on TCPStore, (maybe TCPStore server has shut down too early), with error: Broken pipe
[rank7]:[W724 04:52:57.223226140 TCPStore.cpp:106] [c10d] sendBytes failed on SocketImpl(fd=73, addr=[localhost]:40292, remote=[localhost]:29600): Broken pipe
Exception raised from sendBytes at /pytorch/torch/csrc/distributed/c10d/Utils.hpp:653 (most recent call first):
frame #0: c10::Error::Error(c10::SourceLocation, std::__cxx11::basic_string<char, std::char_traits<char>, std::allocator<char> >) + 0x80 (0x7f3b80f7eeb0 in /opt/conda/lib/python3.11/site-packages/torch/lib/libc10.so)
frame #1: <unknown function> + 0x5d694d1 (0x7f3b64fae4d1 in /opt/conda/lib/python3.11/site-packages/torch/lib/libtorch_cpu.so)
frame #2: <unknown function> + 0x5d69d62 (0x7f3b64faed62 in /opt/conda/lib/python3.11/site-packages/torch/lib/libtorch_cpu.so)
frame #3: <unknown function> + 0x5d6b86e (0x7f3b64fb086e in /opt/conda/lib/python3.11/site-packages/torch/lib/libtorch_cpu.so)
frame #4: c10d::TCPStore::check(std::vector<std::__cxx11::basic_string<char, std::char_traits<char>, std::allocator<char> >, std::allocator<std::__cxx11::basic_string<char, std::char_traits<char>, std::allocator<char> > > > const&) + 0x30e (0x7f3b64fab18e in /opt/conda/lib/python3.11/site-packages/torch/lib/libtorch_cpu.so)
frame #5: c10d::ProcessGroupNCCL::HeartbeatMonitor::runLoop() + 0x398 (0x7f3b24490b18 in /opt/conda/lib/python3.11/site-packages/torch/lib/libtorch_cuda.so)
frame #6: <unknown function> + 0xd8198 (0x7f3b07e7e198 in /opt/conda/bin/../lib/libstdc++.so.6)
frame #7: <unknown function> + 0x94ac3 (0x7f3b827cdac3 in /lib/x86_64-linux-gnu/libc.so.6)
frame #8: <unknown function> + 0x126850 (0x7f3b8285f850 in /lib/x86_64-linux-gnu/libc.so.6)

[rank7]:[W724 04:52:57.228204550 ProcessGroupNCCL.cpp:1783] [PG ID 0 PG GUID 0(default_pg) Rank 7] Failed to check the "should dump" flag on TCPStore, (maybe TCPStore server has shut down too early), with error: Broken pipe
[rank2]:[W724 04:52:57.241381395 TCPStore.cpp:106] [c10d] sendBytes failed on SocketImpl(fd=73, addr=[localhost]:37294, remote=[localhost]:29600): Broken pipe
Exception raised from sendBytes at /pytorch/torch/csrc/distributed/c10d/Utils.hpp:653 (most recent call first):
frame #0: c10::Error::Error(c10::SourceLocation, std::__cxx11::basic_string<char, std::char_traits<char>, std::allocator<char> >) + 0x80 (0x7fe66977eeb0 in /opt/conda/lib/python3.11/site-packages/torch/lib/libc10.so)
frame #1: <unknown function> + 0x5d694d1 (0x7fe64d7ae4d1 in /opt/conda/lib/python3.11/site-packages/torch/lib/libtorch_cpu.so)
frame #2: <unknown function> + 0x5d69d62 (0x7fe64d7aed62 in /opt/conda/lib/python3.11/site-packages/torch/lib/libtorch_cpu.so)
frame #3: <unknown function> + 0x5d6b86e (0x7fe64d7b086e in /opt/conda/lib/python3.11/site-packages/torch/lib/libtorch_cpu.so)
frame #4: c10d::TCPStore::check(std::vector<std::__cxx11::basic_string<char, std::char_traits<char>, std::allocator<char> >, std::allocator<std::__cxx11::basic_string<char, std::char_traits<char>, std::allocator<char> > > > const&) + 0x30e (0x7fe64d7ab18e in /opt/conda/lib/python3.11/site-packages/torch/lib/libtorch_cpu.so)
frame #5: c10d::ProcessGroupNCCL::HeartbeatMonitor::runLoop() + 0x398 (0x7fe60cc90b18 in /opt/conda/lib/python3.11/site-packages/torch/lib/libtorch_cuda.so)
frame #6: <unknown function> + 0xd8198 (0x7fe5f067e198 in /opt/conda/bin/../lib/libstdc++.so.6)
frame #7: <unknown function> + 0x94ac3 (0x7fe66b020ac3 in /lib/x86_64-linux-gnu/libc.so.6)
frame #8: <unknown function> + 0x126850 (0x7fe66b0b2850 in /lib/x86_64-linux-gnu/libc.so.6)

[rank2]:[W724 04:52:57.246598076 ProcessGroupNCCL.cpp:1783] [PG ID 0 PG GUID 0(default_pg) Rank 2] Failed to check the "should dump" flag on TCPStore, (maybe TCPStore server has shut down too early), with error: Broken pipe
[rank5]:[W724 04:52:58.925014732 TCPStore.cpp:106] [c10d] sendBytes failed on SocketImpl(fd=36, addr=[localhost]:37284, remote=[localhost]:29600): Broken pipe
Exception raised from sendBytes at /pytorch/torch/csrc/distributed/c10d/Utils.hpp:653 (most recent call first):
frame #0: c10::Error::Error(c10::SourceLocation, std::__cxx11::basic_string<char, std::char_traits<char>, std::allocator<char> >) + 0x80 (0x7efdd22d9eb0 in /opt/conda/lib/python3.11/site-packages/torch/lib/libc10.so)
frame #1: <unknown function> + 0x5d694d1 (0x7efdb63ae4d1 in /opt/conda/lib/python3.11/site-packages/torch/lib/libtorch_cpu.so)
frame #2: <unknown function> + 0x5d69d62 (0x7efdb63aed62 in /opt/conda/lib/python3.11/site-packages/torch/lib/libtorch_cpu.so)
frame #3: <unknown function> + 0x5d6b86e (0x7efdb63b086e in /opt/conda/lib/python3.11/site-packages/torch/lib/libtorch_cpu.so)
frame #4: c10d::TCPStore::check(std::vector<std::__cxx11::basic_string<char, std::char_traits<char>, std::allocator<char> >, std::allocator<std::__cxx11::basic_string<char, std::char_traits<char>, std::allocator<char> > > > const&) + 0x30e (0x7efdb63ab18e in /opt/conda/lib/python3.11/site-packages/torch/lib/libtorch_cpu.so)
frame #5: c10d::ProcessGroupNCCL::HeartbeatMonitor::runLoop() + 0x398 (0x7efd75890b18 in /opt/conda/lib/python3.11/site-packages/torch/lib/libtorch_cuda.so)
frame #6: <unknown function> + 0xd8198 (0x7efd5927e198 in /opt/conda/bin/../lib/libstdc++.so.6)
frame #7: <unknown function> + 0x94ac3 (0x7efdd3ba0ac3 in /lib/x86_64-linux-gnu/libc.so.6)
frame #8: <unknown function> + 0x126850 (0x7efdd3c32850 in /lib/x86_64-linux-gnu/libc.so.6)

[rank5]:[W724 04:52:58.928363808 ProcessGroupNCCL.cpp:1783] [PG ID 0 PG GUID 0(default_pg) Rank 5] Failed to check the "should dump" flag on TCPStore, (maybe TCPStore server has shut down too early), with error: Broken pipe
[rank7]:[W724 04:52:58.228639249 TCPStore.cpp:106] [c10d] sendBytes failed on SocketImpl(fd=73, addr=[localhost]:40292, remote=[localhost]:29600): Broken pipe
Exception raised from sendBytes at /pytorch/torch/csrc/distributed/c10d/Utils.hpp:653 (most recent call first):
frame #0: c10::Error::Error(c10::SourceLocation, std::__cxx11::basic_string<char, std::char_traits<char>, std::allocator<char> >) + 0x80 (0x7f3b80f7eeb0 in /opt/conda/lib/python3.11/site-packages/torch/lib/libc10.so)
frame #1: <unknown function> + 0x5d694d1 (0x7f3b64fae4d1 in /opt/conda/lib/python3.11/site-packages/torch/lib/libtorch_cpu.so)
frame #2: <unknown function> + 0x5d69d62 (0x7f3b64faed62 in /opt/conda/lib/python3.11/site-packages/torch/lib/libtorch_cpu.so)
frame #3: <unknown function> + 0x5d6b86e (0x7f3b64fb086e in /opt/conda/lib/python3.11/site-packages/torch/lib/libtorch_cpu.so)
frame #4: c10d::TCPStore::check(std::vector<std::__cxx11::basic_string<char, std::char_traits<char>, std::allocator<char> >, std::allocator<std::__cxx11::basic_string<char, std::char_traits<char>, std::allocator<char> > > > const&) + 0x30e (0x7f3b64fab18e in /opt/conda/lib/python3.11/site-packages/torch/lib/libtorch_cpu.so)
frame #5: c10d::ProcessGroupNCCL::HeartbeatMonitor::runLoop() + 0x398 (0x7f3b24490b18 in /opt/conda/lib/python3.11/site-packages/torch/lib/libtorch_cuda.so)
frame #6: <unknown function> + 0xd8198 (0x7f3b07e7e198 in /opt/conda/bin/../lib/libstdc++.so.6)
frame #7: <unknown function> + 0x94ac3 (0x7f3b827cdac3 in /lib/x86_64-linux-gnu/libc.so.6)
frame #8: <unknown function> + 0x126850 (0x7f3b8285f850 in /lib/x86_64-linux-gnu/libc.so.6)

[rank7]:[W724 04:52:58.232895238 ProcessGroupNCCL.cpp:1783] [PG ID 0 PG GUID 0(default_pg) Rank 7] Failed to check the "should dump" flag on TCPStore, (maybe TCPStore server has shut down too early), with error: Broken pipe
[rank2]:[W724 04:52:58.246996845 TCPStore.cpp:106] [c10d] sendBytes failed on SocketImpl(fd=73, addr=[localhost]:37294, remote=[localhost]:29600): Broken pipe
Exception raised from sendBytes at /pytorch/torch/csrc/distributed/c10d/Utils.hpp:653 (most recent call first):
frame #0: c10::Error::Error(c10::SourceLocation, std::__cxx11::basic_string<char, std::char_traits<char>, std::allocator<char> >) + 0x80 (0x7fe66977eeb0 in /opt/conda/lib/python3.11/site-packages/torch/lib/libc10.so)
frame #1: <unknown function> + 0x5d694d1 (0x7fe64d7ae4d1 in /opt/conda/lib/python3.11/site-packages/torch/lib/libtorch_cpu.so)
frame #2: <unknown function> + 0x5d69d62 (0x7fe64d7aed62 in /opt/conda/lib/python3.11/site-packages/torch/lib/libtorch_cpu.so)
frame #3: <unknown function> + 0x5d6b86e (0x7fe64d7b086e in /opt/conda/lib/python3.11/site-packages/torch/lib/libtorch_cpu.so)
frame #4: c10d::TCPStore::check(std::vector<std::__cxx11::basic_string<char, std::char_traits<char>, std::allocator<char> >, std::allocator<std::__cxx11::basic_string<char, std::char_traits<char>, std::allocator<char> > > > const&) + 0x30e (0x7fe64d7ab18e in /opt/conda/lib/python3.11/site-packages/torch/lib/libtorch_cpu.so)
frame #5: c10d::ProcessGroupNCCL::HeartbeatMonitor::runLoop() + 0x398 (0x7fe60cc90b18 in /opt/conda/lib/python3.11/site-packages/torch/lib/libtorch_cuda.so)
frame #6: <unknown function> + 0xd8198 (0x7fe5f067e198 in /opt/conda/bin/../lib/libstdc++.so.6)
frame #7: <unknown function> + 0x94ac3 (0x7fe66b020ac3 in /lib/x86_64-linux-gnu/libc.so.6)
frame #8: <unknown function> + 0x126850 (0x7fe66b0b2850 in /lib/x86_64-linux-gnu/libc.so.6)

[rank2]:[W724 04:52:58.251648075 ProcessGroupNCCL.cpp:1783] [PG ID 0 PG GUID 0(default_pg) Rank 2] Failed to check the "should dump" flag on TCPStore, (maybe TCPStore server has shut down too early), with error: Broken pipe
[rank5]:[W724 04:52:59.928729728 TCPStore.cpp:106] [c10d] sendBytes failed on SocketImpl(fd=36, addr=[localhost]:37284, remote=[localhost]:29600): Broken pipe
Exception raised from sendBytes at /pytorch/torch/csrc/distributed/c10d/Utils.hpp:653 (most recent call first):
frame #0: c10::Error::Error(c10::SourceLocation, std::__cxx11::basic_string<char, std::char_traits<char>, std::allocator<char> >) + 0x80 (0x7efdd22d9eb0 in /opt/conda/lib/python3.11/site-packages/torch/lib/libc10.so)
frame #1: <unknown function> + 0x5d694d1 (0x7efdb63ae4d1 in /opt/conda/lib/python3.11/site-packages/torch/lib/libtorch_cpu.so)
frame #2: <unknown function> + 0x5d69d62 (0x7efdb63aed62 in /opt/conda/lib/python3.11/site-packages/torch/lib/libtorch_cpu.so)
frame #3: <unknown function> + 0x5d6b86e (0x7efdb63b086e in /opt/conda/lib/python3.11/site-packages/torch/lib/libtorch_cpu.so)
frame #4: c10d::TCPStore::check(std::vector<std::__cxx11::basic_string<char, std::char_traits<char>, std::allocator<char> >, std::allocator<std::__cxx11::basic_string<char, std::char_traits<char>, std::allocator<char> > > > const&) + 0x30e (0x7efdb63ab18e in /opt/conda/lib/python3.11/site-packages/torch/lib/libtorch_cpu.so)
frame #5: c10d::ProcessGroupNCCL::HeartbeatMonitor::runLoop() + 0x398 (0x7efd75890b18 in /opt/conda/lib/python3.11/site-packages/torch/lib/libtorch_cuda.so)
frame #6: <unknown function> + 0xd8198 (0x7efd5927e198 in /opt/conda/bin/../lib/libstdc++.so.6)
frame #7: <unknown function> + 0x94ac3 (0x7efdd3ba0ac3 in /lib/x86_64-linux-gnu/libc.so.6)
frame #8: <unknown function> + 0x126850 (0x7efdd3c32850 in /lib/x86_64-linux-gnu/libc.so.6)

[rank5]:[W724 04:52:59.932361555 ProcessGroupNCCL.cpp:1783] [PG ID 0 PG GUID 0(default_pg) Rank 5] Failed to check the "should dump" flag on TCPStore, (maybe TCPStore server has shut down too early), with error: Broken pipe
[rank7]:[W724 04:52:59.233213277 TCPStore.cpp:106] [c10d] sendBytes failed on SocketImpl(fd=73, addr=[localhost]:40292, remote=[localhost]:29600): Broken pipe
Exception raised from sendBytes at /pytorch/torch/csrc/distributed/c10d/Utils.hpp:653 (most recent call first):
frame #0: c10::Error::Error(c10::SourceLocation, std::__cxx11::basic_string<char, std::char_traits<char>, std::allocator<char> >) + 0x80 (0x7f3b80f7eeb0 in /opt/conda/lib/python3.11/site-packages/torch/lib/libc10.so)
frame #1: <unknown function> + 0x5d694d1 (0x7f3b64fae4d1 in /opt/conda/lib/python3.11/site-packages/torch/lib/libtorch_cpu.so)
frame #2: <unknown function> + 0x5d69d62 (0x7f3b64faed62 in /opt/conda/lib/python3.11/site-packages/torch/lib/libtorch_cpu.so)
frame #3: <unknown function> + 0x5d6b86e (0x7f3b64fb086e in /opt/conda/lib/python3.11/site-packages/torch/lib/libtorch_cpu.so)
frame #4: c10d::TCPStore::check(std::vector<std::__cxx11::basic_string<char, std::char_traits<char>, std::allocator<char> >, std::allocator<std::__cxx11::basic_string<char, std::char_traits<char>, std::allocator<char> > > > const&) + 0x30e (0x7f3b64fab18e in /opt/conda/lib/python3.11/site-packages/torch/lib/libtorch_cpu.so)
frame #5: c10d::ProcessGroupNCCL::HeartbeatMonitor::runLoop() + 0x398 (0x7f3b24490b18 in /opt/conda/lib/python3.11/site-packages/torch/lib/libtorch_cuda.so)
frame #6: <unknown function> + 0xd8198 (0x7f3b07e7e198 in /opt/conda/bin/../lib/libstdc++.so.6)
frame #7: <unknown function> + 0x94ac3 (0x7f3b827cdac3 in /lib/x86_64-linux-gnu/libc.so.6)
frame #8: <unknown function> + 0x126850 (0x7f3b8285f850 in /lib/x86_64-linux-gnu/libc.so.6)

[rank7]:[W724 04:52:59.236791604 ProcessGroupNCCL.cpp:1783] [PG ID 0 PG GUID 0(default_pg) Rank 7] Failed to check the "should dump" flag on TCPStore, (maybe TCPStore server has shut down too early), with error: Broken pipe
[rank2]:[W724 04:52:59.252263765 TCPStore.cpp:106] [c10d] sendBytes failed on SocketImpl(fd=73, addr=[localhost]:37294, remote=[localhost]:29600): Broken pipe
Exception raised from sendBytes at /pytorch/torch/csrc/distributed/c10d/Utils.hpp:653 (most recent call first):
frame #0: c10::Error::Error(c10::SourceLocation, std::__cxx11::basic_string<char, std::char_traits<char>, std::allocator<char> >) + 0x80 (0x7fe66977eeb0 in /opt/conda/lib/python3.11/site-packages/torch/lib/libc10.so)
frame #1: <unknown function> + 0x5d694d1 (0x7fe64d7ae4d1 in /opt/conda/lib/python3.11/site-packages/torch/lib/libtorch_cpu.so)
frame #2: <unknown function> + 0x5d69d62 (0x7fe64d7aed62 in /opt/conda/lib/python3.11/site-packages/torch/lib/libtorch_cpu.so)
frame #3: <unknown function> + 0x5d6b86e (0x7fe64d7b086e in /opt/conda/lib/python3.11/site-packages/torch/lib/libtorch_cpu.so)
frame #4: c10d::TCPStore::check(std::vector<std::__cxx11::basic_string<char, std::char_traits<char>, std::allocator<char> >, std::allocator<std::__cxx11::basic_string<char, std::char_traits<char>, std::allocator<char> > > > const&) + 0x30e (0x7fe64d7ab18e in /opt/conda/lib/python3.11/site-packages/torch/lib/libtorch_cpu.so)
frame #5: c10d::ProcessGroupNCCL::HeartbeatMonitor::runLoop() + 0x398 (0x7fe60cc90b18 in /opt/conda/lib/python3.11/site-packages/torch/lib/libtorch_cuda.so)
frame #6: <unknown function> + 0xd8198 (0x7fe5f067e198 in /opt/conda/bin/../lib/libstdc++.so.6)
frame #7: <unknown function> + 0x94ac3 (0x7fe66b020ac3 in /lib/x86_64-linux-gnu/libc.so.6)
frame #8: <unknown function> + 0x126850 (0x7fe66b0b2850 in /lib/x86_64-linux-gnu/libc.so.6)

[rank2]:[W724 04:52:59.256725924 ProcessGroupNCCL.cpp:1783] [PG ID 0 PG GUID 0(default_pg) Rank 2] Failed to check the "should dump" flag on TCPStore, (maybe TCPStore server has shut down too early), with error: Broken pipe
[rank5]:[W724 04:53:00.932689325 TCPStore.cpp:106] [c10d] sendBytes failed on SocketImpl(fd=36, addr=[localhost]:37284, remote=[localhost]:29600): Broken pipe
Exception raised from sendBytes at /pytorch/torch/csrc/distributed/c10d/Utils.hpp:653 (most recent call first):
frame #0: c10::Error::Error(c10::SourceLocation, std::__cxx11::basic_string<char, std::char_traits<char>, std::allocator<char> >) + 0x80 (0x7efdd22d9eb0 in /opt/conda/lib/python3.11/site-packages/torch/lib/libc10.so)
frame #1: <unknown function> + 0x5d694d1 (0x7efdb63ae4d1 in /opt/conda/lib/python3.11/site-packages/torch/lib/libtorch_cpu.so)
frame #2: <unknown function> + 0x5d69d62 (0x7efdb63aed62 in /opt/conda/lib/python3.11/site-packages/torch/lib/libtorch_cpu.so)
frame #3: <unknown function> + 0x5d6b86e (0x7efdb63b086e in /opt/conda/lib/python3.11/site-packages/torch/lib/libtorch_cpu.so)
frame #4: c10d::TCPStore::check(std::vector<std::__cxx11::basic_string<char, std::char_traits<char>, std::allocator<char> >, std::allocator<std::__cxx11::basic_string<char, std::char_traits<char>, std::allocator<char> > > > const&) + 0x30e (0x7efdb63ab18e in /opt/conda/lib/python3.11/site-packages/torch/lib/libtorch_cpu.so)
frame #5: c10d::ProcessGroupNCCL::HeartbeatMonitor::runLoop() + 0x398 (0x7efd75890b18 in /opt/conda/lib/python3.11/site-packages/torch/lib/libtorch_cuda.so)
frame #6: <unknown function> + 0xd8198 (0x7efd5927e198 in /opt/conda/bin/../lib/libstdc++.so.6)
frame #7: <unknown function> + 0x94ac3 (0x7efdd3ba0ac3 in /lib/x86_64-linux-gnu/libc.so.6)
frame #8: <unknown function> + 0x126850 (0x7efdd3c32850 in /lib/x86_64-linux-gnu/libc.so.6)

[rank5]:[W724 04:53:00.936861303 ProcessGroupNCCL.cpp:1783] [PG ID 0 PG GUID 0(default_pg) Rank 5] Failed to check the "should dump" flag on TCPStore, (maybe TCPStore server has shut down too early), with error: Broken pipe
[rank7]:[W724 04:53:00.237148894 TCPStore.cpp:106] [c10d] sendBytes failed on SocketImpl(fd=73, addr=[localhost]:40292, remote=[localhost]:29600): Broken pipe
Exception raised from sendBytes at /pytorch/torch/csrc/distributed/c10d/Utils.hpp:653 (most recent call first):
frame #0: c10::Error::Error(c10::SourceLocation, std::__cxx11::basic_string<char, std::char_traits<char>, std::allocator<char> >) + 0x80 (0x7f3b80f7eeb0 in /opt/conda/lib/python3.11/site-packages/torch/lib/libc10.so)
frame #1: <unknown function> + 0x5d694d1 (0x7f3b64fae4d1 in /opt/conda/lib/python3.11/site-packages/torch/lib/libtorch_cpu.so)
frame #2: <unknown function> + 0x5d69d62 (0x7f3b64faed62 in /opt/conda/lib/python3.11/site-packages/torch/lib/libtorch_cpu.so)
frame #3: <unknown function> + 0x5d6b86e (0x7f3b64fb086e in /opt/conda/lib/python3.11/site-packages/torch/lib/libtorch_cpu.so)
frame #4: c10d::TCPStore::check(std::vector<std::__cxx11::basic_string<char, std::char_traits<char>, std::allocator<char> >, std::allocator<std::__cxx11::basic_string<char, std::char_traits<char>, std::allocator<char> > > > const&) + 0x30e (0x7f3b64fab18e in /opt/conda/lib/python3.11/site-packages/torch/lib/libtorch_cpu.so)
frame #5: c10d::ProcessGroupNCCL::HeartbeatMonitor::runLoop() + 0x398 (0x7f3b24490b18 in /opt/conda/lib/python3.11/site-packages/torch/lib/libtorch_cuda.so)
frame #6: <unknown function> + 0xd8198 (0x7f3b07e7e198 in /opt/conda/bin/../lib/libstdc++.so.6)
frame #7: <unknown function> + 0x94ac3 (0x7f3b827cdac3 in /lib/x86_64-linux-gnu/libc.so.6)
frame #8: <unknown function> + 0x126850 (0x7f3b8285f850 in /lib/x86_64-linux-gnu/libc.so.6)

[rank7]:[W724 04:53:00.242080564 ProcessGroupNCCL.cpp:1783] [PG ID 0 PG GUID 0(default_pg) Rank 7] Failed to check the "should dump" flag on TCPStore, (maybe TCPStore server has shut down too early), with error: Broken pipe
[rank2]:[W724 04:53:00.257004513 TCPStore.cpp:106] [c10d] sendBytes failed on SocketImpl(fd=73, addr=[localhost]:37294, remote=[localhost]:29600): Broken pipe
Exception raised from sendBytes at /pytorch/torch/csrc/distributed/c10d/Utils.hpp:653 (most recent call first):
frame #0: c10::Error::Error(c10::SourceLocation, std::__cxx11::basic_string<char, std::char_traits<char>, std::allocator<char> >) + 0x80 (0x7fe66977eeb0 in /opt/conda/lib/python3.11/site-packages/torch/lib/libc10.so)
frame #1: <unknown function> + 0x5d694d1 (0x7fe64d7ae4d1 in /opt/conda/lib/python3.11/site-packages/torch/lib/libtorch_cpu.so)
frame #2: <unknown function> + 0x5d69d62 (0x7fe64d7aed62 in /opt/conda/lib/python3.11/site-packages/torch/lib/libtorch_cpu.so)
frame #3: <unknown function> + 0x5d6b86e (0x7fe64d7b086e in /opt/conda/lib/python3.11/site-packages/torch/lib/libtorch_cpu.so)
frame #4: c10d::TCPStore::check(std::vector<std::__cxx11::basic_string<char, std::char_traits<char>, std::allocator<char> >, std::allocator<std::__cxx11::basic_string<char, std::char_traits<char>, std::allocator<char> > > > const&) + 0x30e (0x7fe64d7ab18e in /opt/conda/lib/python3.11/site-packages/torch/lib/libtorch_cpu.so)
frame #5: c10d::ProcessGroupNCCL::HeartbeatMonitor::runLoop() + 0x398 (0x7fe60cc90b18 in /opt/conda/lib/python3.11/site-packages/torch/lib/libtorch_cuda.so)
frame #6: <unknown function> + 0xd8198 (0x7fe5f067e198 in /opt/conda/bin/../lib/libstdc++.so.6)
frame #7: <unknown function> + 0x94ac3 (0x7fe66b020ac3 in /lib/x86_64-linux-gnu/libc.so.6)
frame #8: <unknown function> + 0x126850 (0x7fe66b0b2850 in /lib/x86_64-linux-gnu/libc.so.6)

[rank2]:[W724 04:53:00.261111851 ProcessGroupNCCL.cpp:1783] [PG ID 0 PG GUID 0(default_pg) Rank 2] Failed to check the "should dump" flag on TCPStore, (maybe TCPStore server has shut down too early), with error: Broken pipe
[rank5]:[W724 04:53:01.937544703 TCPStore.cpp:106] [c10d] sendBytes failed on SocketImpl(fd=36, addr=[localhost]:37284, remote=[localhost]:29600): Broken pipe
Exception raised from sendBytes at /pytorch/torch/csrc/distributed/c10d/Utils.hpp:653 (most recent call first):
frame #0: c10::Error::Error(c10::SourceLocation, std::__cxx11::basic_string<char, std::char_traits<char>, std::allocator<char> >) + 0x80 (0x7efdd22d9eb0 in /opt/conda/lib/python3.11/site-packages/torch/lib/libc10.so)
frame #1: <unknown function> + 0x5d694d1 (0x7efdb63ae4d1 in /opt/conda/lib/python3.11/site-packages/torch/lib/libtorch_cpu.so)
frame #2: <unknown function> + 0x5d69d62 (0x7efdb63aed62 in /opt/conda/lib/python3.11/site-packages/torch/lib/libtorch_cpu.so)
frame #3: <unknown function> + 0x5d6b86e (0x7efdb63b086e in /opt/conda/lib/python3.11/site-packages/torch/lib/libtorch_cpu.so)
frame #4: c10d::TCPStore::check(std::vector<std::__cxx11::basic_string<char, std::char_traits<char>, std::allocator<char> >, std::allocator<std::__cxx11::basic_string<char, std::char_traits<char>, std::allocator<char> > > > const&) + 0x30e (0x7efdb63ab18e in /opt/conda/lib/python3.11/site-packages/torch/lib/libtorch_cpu.so)
frame #5: c10d::ProcessGroupNCCL::HeartbeatMonitor::runLoop() + 0x398 (0x7efd75890b18 in /opt/conda/lib/python3.11/site-packages/torch/lib/libtorch_cuda.so)
frame #6: <unknown function> + 0xd8198 (0x7efd5927e198 in /opt/conda/bin/../lib/libstdc++.so.6)
frame #7: <unknown function> + 0x94ac3 (0x7efdd3ba0ac3 in /lib/x86_64-linux-gnu/libc.so.6)
frame #8: <unknown function> + 0x126850 (0x7efdd3c32850 in /lib/x86_64-linux-gnu/libc.so.6)

[rank5]:[W724 04:53:01.941587191 ProcessGroupNCCL.cpp:1783] [PG ID 0 PG GUID 0(default_pg) Rank 5] Failed to check the "should dump" flag on TCPStore, (maybe TCPStore server has shut down too early), with error: Broken pipe
[rank7]:[W724 04:53:01.242532664 TCPStore.cpp:106] [c10d] sendBytes failed on SocketImpl(fd=73, addr=[localhost]:40292, remote=[localhost]:29600): Broken pipe
Exception raised from sendBytes at /pytorch/torch/csrc/distributed/c10d/Utils.hpp:653 (most recent call first):
frame #0: c10::Error::Error(c10::SourceLocation, std::__cxx11::basic_string<char, std::char_traits<char>, std::allocator<char> >) + 0x80 (0x7f3b80f7eeb0 in /opt/conda/lib/python3.11/site-packages/torch/lib/libc10.so)
frame #1: <unknown function> + 0x5d694d1 (0x7f3b64fae4d1 in /opt/conda/lib/python3.11/site-packages/torch/lib/libtorch_cpu.so)
frame #2: <unknown function> + 0x5d69d62 (0x7f3b64faed62 in /opt/conda/lib/python3.11/site-packages/torch/lib/libtorch_cpu.so)
frame #3: <unknown function> + 0x5d6b86e (0x7f3b64fb086e in /opt/conda/lib/python3.11/site-packages/torch/lib/libtorch_cpu.so)
frame #4: c10d::TCPStore::check(std::vector<std::__cxx11::basic_string<char, std::char_traits<char>, std::allocator<char> >, std::allocator<std::__cxx11::basic_string<char, std::char_traits<char>, std::allocator<char> > > > const&) + 0x30e (0x7f3b64fab18e in /opt/conda/lib/python3.11/site-packages/torch/lib/libtorch_cpu.so)
frame #5: c10d::ProcessGroupNCCL::HeartbeatMonitor::runLoop() + 0x398 (0x7f3b24490b18 in /opt/conda/lib/python3.11/site-packages/torch/lib/libtorch_cuda.so)
frame #6: <unknown function> + 0xd8198 (0x7f3b07e7e198 in /opt/conda/bin/../lib/libstdc++.so.6)
frame #7: <unknown function> + 0x94ac3 (0x7f3b827cdac3 in /lib/x86_64-linux-gnu/libc.so.6)
frame #8: <unknown function> + 0x126850 (0x7f3b8285f850 in /lib/x86_64-linux-gnu/libc.so.6)

[rank7]:[W724 04:53:01.246195171 ProcessGroupNCCL.cpp:1783] [PG ID 0 PG GUID 0(default_pg) Rank 7] Failed to check the "should dump" flag on TCPStore, (maybe TCPStore server has shut down too early), with error: Broken pipe
[rank2]:[W724 04:53:01.261539031 TCPStore.cpp:106] [c10d] sendBytes failed on SocketImpl(fd=73, addr=[localhost]:37294, remote=[localhost]:29600): Broken pipe
Exception raised from sendBytes at /pytorch/torch/csrc/distributed/c10d/Utils.hpp:653 (most recent call first):
frame #0: c10::Error::Error(c10::SourceLocation, std::__cxx11::basic_string<char, std::char_traits<char>, std::allocator<char> >) + 0x80 (0x7fe66977eeb0 in /opt/conda/lib/python3.11/site-packages/torch/lib/libc10.so)
frame #1: <unknown function> + 0x5d694d1 (0x7fe64d7ae4d1 in /opt/conda/lib/python3.11/site-packages/torch/lib/libtorch_cpu.so)
frame #2: <unknown function> + 0x5d69d62 (0x7fe64d7aed62 in /opt/conda/lib/python3.11/site-packages/torch/lib/libtorch_cpu.so)
frame #3: <unknown function> + 0x5d6b86e (0x7fe64d7b086e in /opt/conda/lib/python3.11/site-packages/torch/lib/libtorch_cpu.so)
frame #4: c10d::TCPStore::check(std::vector<std::__cxx11::basic_string<char, std::char_traits<char>, std::allocator<char> >, std::allocator<std::__cxx11::basic_string<char, std::char_traits<char>, std::allocator<char> > > > const&) + 0x30e (0x7fe64d7ab18e in /opt/conda/lib/python3.11/site-packages/torch/lib/libtorch_cpu.so)
frame #5: c10d::ProcessGroupNCCL::HeartbeatMonitor::runLoop() + 0x398 (0x7fe60cc90b18 in /opt/conda/lib/python3.11/site-packages/torch/lib/libtorch_cuda.so)
frame #6: <unknown function> + 0xd8198 (0x7fe5f067e198 in /opt/conda/bin/../lib/libstdc++.so.6)
frame #7: <unknown function> + 0x94ac3 (0x7fe66b020ac3 in /lib/x86_64-linux-gnu/libc.so.6)
frame #8: <unknown function> + 0x126850 (0x7fe66b0b2850 in /lib/x86_64-linux-gnu/libc.so.6)

[rank2]:[W724 04:53:01.268369505 ProcessGroupNCCL.cpp:1783] [PG ID 0 PG GUID 0(default_pg) Rank 2] Failed to check the "should dump" flag on TCPStore, (maybe TCPStore server has shut down too early), with error: Broken pipe
[rank5]:[W724 04:53:02.941906921 TCPStore.cpp:106] [c10d] sendBytes failed on SocketImpl(fd=36, addr=[localhost]:37284, remote=[localhost]:29600): Broken pipe
Exception raised from sendBytes at /pytorch/torch/csrc/distributed/c10d/Utils.hpp:653 (most recent call first):
frame #0: c10::Error::Error(c10::SourceLocation, std::__cxx11::basic_string<char, std::char_traits<char>, std::allocator<char> >) + 0x80 (0x7efdd22d9eb0 in /opt/conda/lib/python3.11/site-packages/torch/lib/libc10.so)
frame #1: <unknown function> + 0x5d694d1 (0x7efdb63ae4d1 in /opt/conda/lib/python3.11/site-packages/torch/lib/libtorch_cpu.so)
frame #2: <unknown function> + 0x5d69d62 (0x7efdb63aed62 in /opt/conda/lib/python3.11/site-packages/torch/lib/libtorch_cpu.so)
frame #3: <unknown function> + 0x5d6b86e (0x7efdb63b086e in /opt/conda/lib/python3.11/site-packages/torch/lib/libtorch_cpu.so)
frame #4: c10d::TCPStore::check(std::vector<std::__cxx11::basic_string<char, std::char_traits<char>, std::allocator<char> >, std::allocator<std::__cxx11::basic_string<char, std::char_traits<char>, std::allocator<char> > > > const&) + 0x30e (0x7efdb63ab18e in /opt/conda/lib/python3.11/site-packages/torch/lib/libtorch_cpu.so)
frame #5: c10d::ProcessGroupNCCL::HeartbeatMonitor::runLoop() + 0x398 (0x7efd75890b18 in /opt/conda/lib/python3.11/site-packages/torch/lib/libtorch_cuda.so)
frame #6: <unknown function> + 0xd8198 (0x7efd5927e198 in /opt/conda/bin/../lib/libstdc++.so.6)
frame #7: <unknown function> + 0x94ac3 (0x7efdd3ba0ac3 in /lib/x86_64-linux-gnu/libc.so.6)
frame #8: <unknown function> + 0x126850 (0x7efdd3c32850 in /lib/x86_64-linux-gnu/libc.so.6)

[rank5]:[W724 04:53:02.945902629 ProcessGroupNCCL.cpp:1783] [PG ID 0 PG GUID 0(default_pg) Rank 5] Failed to check the "should dump" flag on TCPStore, (maybe TCPStore server has shut down too early), with error: Broken pipe
[rank7]:[W724 04:53:02.246701751 TCPStore.cpp:106] [c10d] sendBytes failed on SocketImpl(fd=73, addr=[localhost]:40292, remote=[localhost]:29600): Broken pipe
Exception raised from sendBytes at /pytorch/torch/csrc/distributed/c10d/Utils.hpp:653 (most recent call first):
frame #0: c10::Error::Error(c10::SourceLocation, std::__cxx11::basic_string<char, std::char_traits<char>, std::allocator<char> >) + 0x80 (0x7f3b80f7eeb0 in /opt/conda/lib/python3.11/site-packages/torch/lib/libc10.so)
frame #1: <unknown function> + 0x5d694d1 (0x7f3b64fae4d1 in /opt/conda/lib/python3.11/site-packages/torch/lib/libtorch_cpu.so)
frame #2: <unknown function> + 0x5d69d62 (0x7f3b64faed62 in /opt/conda/lib/python3.11/site-packages/torch/lib/libtorch_cpu.so)
frame #3: <unknown function> + 0x5d6b86e (0x7f3b64fb086e in /opt/conda/lib/python3.11/site-packages/torch/lib/libtorch_cpu.so)
frame #4: c10d::TCPStore::check(std::vector<std::__cxx11::basic_string<char, std::char_traits<char>, std::allocator<char> >, std::allocator<std::__cxx11::basic_string<char, std::char_traits<char>, std::allocator<char> > > > const&) + 0x30e (0x7f3b64fab18e in /opt/conda/lib/python3.11/site-packages/torch/lib/libtorch_cpu.so)
frame #5: c10d::ProcessGroupNCCL::HeartbeatMonitor::runLoop() + 0x398 (0x7f3b24490b18 in /opt/conda/lib/python3.11/site-packages/torch/lib/libtorch_cuda.so)
frame #6: <unknown function> + 0xd8198 (0x7f3b07e7e198 in /opt/conda/bin/../lib/libstdc++.so.6)
frame #7: <unknown function> + 0x94ac3 (0x7f3b827cdac3 in /lib/x86_64-linux-gnu/libc.so.6)
frame #8: <unknown function> + 0x126850 (0x7f3b8285f850 in /lib/x86_64-linux-gnu/libc.so.6)

[rank7]:[W724 04:53:02.252679703 ProcessGroupNCCL.cpp:1783] [PG ID 0 PG GUID 0(default_pg) Rank 7] Failed to check the "should dump" flag on TCPStore, (maybe TCPStore server has shut down too early), with error: Broken pipe
[rank2]:[W724 04:53:02.268998715 TCPStore.cpp:106] [c10d] sendBytes failed on SocketImpl(fd=73, addr=[localhost]:37294, remote=[localhost]:29600): Broken pipe
Exception raised from sendBytes at /pytorch/torch/csrc/distributed/c10d/Utils.hpp:653 (most recent call first):
frame #0: c10::Error::Error(c10::SourceLocation, std::__cxx11::basic_string<char, std::char_traits<char>, std::allocator<char> >) + 0x80 (0x7fe66977eeb0 in /opt/conda/lib/python3.11/site-packages/torch/lib/libc10.so)
frame #1: <unknown function> + 0x5d694d1 (0x7fe64d7ae4d1 in /opt/conda/lib/python3.11/site-packages/torch/lib/libtorch_cpu.so)
frame #2: <unknown function> + 0x5d69d62 (0x7fe64d7aed62 in /opt/conda/lib/python3.11/site-packages/torch/lib/libtorch_cpu.so)
frame #3: <unknown function> + 0x5d6b86e (0x7fe64d7b086e in /opt/conda/lib/python3.11/site-packages/torch/lib/libtorch_cpu.so)
frame #4: c10d::TCPStore::check(std::vector<std::__cxx11::basic_string<char, std::char_traits<char>, std::allocator<char> >, std::allocator<std::__cxx11::basic_string<char, std::char_traits<char>, std::allocator<char> > > > const&) + 0x30e (0x7fe64d7ab18e in /opt/conda/lib/python3.11/site-packages/torch/lib/libtorch_cpu.so)
frame #5: c10d::ProcessGroupNCCL::HeartbeatMonitor::runLoop() + 0x398 (0x7fe60cc90b18 in /opt/conda/lib/python3.11/site-packages/torch/lib/libtorch_cuda.so)
frame #6: <unknown function> + 0xd8198 (0x7fe5f067e198 in /opt/conda/bin/../lib/libstdc++.so.6)
frame #7: <unknown function> + 0x94ac3 (0x7fe66b020ac3 in /lib/x86_64-linux-gnu/libc.so.6)
frame #8: <unknown function> + 0x126850 (0x7fe66b0b2850 in /lib/x86_64-linux-gnu/libc.so.6)

[rank2]:[W724 04:53:02.273771604 ProcessGroupNCCL.cpp:1783] [PG ID 0 PG GUID 0(default_pg) Rank 2] Failed to check the "should dump" flag on TCPStore, (maybe TCPStore server has shut down too early), with error: Broken pipe
[rank5]:[W724 04:53:03.946296819 TCPStore.cpp:106] [c10d] sendBytes failed on SocketImpl(fd=36, addr=[localhost]:37284, remote=[localhost]:29600): Broken pipe
Exception raised from sendBytes at /pytorch/torch/csrc/distributed/c10d/Utils.hpp:653 (most recent call first):
frame #0: c10::Error::Error(c10::SourceLocation, std::__cxx11::basic_string<char, std::char_traits<char>, std::allocator<char> >) + 0x80 (0x7efdd22d9eb0 in /opt/conda/lib/python3.11/site-packages/torch/lib/libc10.so)
frame #1: <unknown function> + 0x5d694d1 (0x7efdb63ae4d1 in /opt/conda/lib/python3.11/site-packages/torch/lib/libtorch_cpu.so)
frame #2: <unknown function> + 0x5d69d62 (0x7efdb63aed62 in /opt/conda/lib/python3.11/site-packages/torch/lib/libtorch_cpu.so)
frame #3: <unknown function> + 0x5d6b86e (0x7efdb63b086e in /opt/conda/lib/python3.11/site-packages/torch/lib/libtorch_cpu.so)
frame #4: c10d::TCPStore::check(std::vector<std::__cxx11::basic_string<char, std::char_traits<char>, std::allocator<char> >, std::allocator<std::__cxx11::basic_string<char, std::char_traits<char>, std::allocator<char> > > > const&) + 0x30e (0x7efdb63ab18e in /opt/conda/lib/python3.11/site-packages/torch/lib/libtorch_cpu.so)
frame #5: c10d::ProcessGroupNCCL::HeartbeatMonitor::runLoop() + 0x398 (0x7efd75890b18 in /opt/conda/lib/python3.11/site-packages/torch/lib/libtorch_cuda.so)
frame #6: <unknown function> + 0xd8198 (0x7efd5927e198 in /opt/conda/bin/../lib/libstdc++.so.6)
frame #7: <unknown function> + 0x94ac3 (0x7efdd3ba0ac3 in /lib/x86_64-linux-gnu/libc.so.6)
frame #8: <unknown function> + 0x126850 (0x7efdd3c32850 in /lib/x86_64-linux-gnu/libc.so.6)

[rank5]:[W724 04:53:03.951100888 ProcessGroupNCCL.cpp:1783] [PG ID 0 PG GUID 0(default_pg) Rank 5] Failed to check the "should dump" flag on TCPStore, (maybe TCPStore server has shut down too early), with error: Broken pipe
[rank7]:[W724 04:53:03.253082593 TCPStore.cpp:106] [c10d] sendBytes failed on SocketImpl(fd=73, addr=[localhost]:40292, remote=[localhost]:29600): Broken pipe
Exception raised from sendBytes at /pytorch/torch/csrc/distributed/c10d/Utils.hpp:653 (most recent call first):
frame #0: c10::Error::Error(c10::SourceLocation, std::__cxx11::basic_string<char, std::char_traits<char>, std::allocator<char> >) + 0x80 (0x7f3b80f7eeb0 in /opt/conda/lib/python3.11/site-packages/torch/lib/libc10.so)
frame #1: <unknown function> + 0x5d694d1 (0x7f3b64fae4d1 in /opt/conda/lib/python3.11/site-packages/torch/lib/libtorch_cpu.so)
frame #2: <unknown function> + 0x5d69d62 (0x7f3b64faed62 in /opt/conda/lib/python3.11/site-packages/torch/lib/libtorch_cpu.so)
frame #3: <unknown function> + 0x5d6b86e (0x7f3b64fb086e in /opt/conda/lib/python3.11/site-packages/torch/lib/libtorch_cpu.so)
frame #4: c10d::TCPStore::check(std::vector<std::__cxx11::basic_string<char, std::char_traits<char>, std::allocator<char> >, std::allocator<std::__cxx11::basic_string<char, std::char_traits<char>, std::allocator<char> > > > const&) + 0x30e (0x7f3b64fab18e in /opt/conda/lib/python3.11/site-packages/torch/lib/libtorch_cpu.so)
frame #5: c10d::ProcessGroupNCCL::HeartbeatMonitor::runLoop() + 0x398 (0x7f3b24490b18 in /opt/conda/lib/python3.11/site-packages/torch/lib/libtorch_cuda.so)
frame #6: <unknown function> + 0xd8198 (0x7f3b07e7e198 in /opt/conda/bin/../lib/libstdc++.so.6)
frame #7: <unknown function> + 0x94ac3 (0x7f3b827cdac3 in /lib/x86_64-linux-gnu/libc.so.6)
frame #8: <unknown function> + 0x126850 (0x7f3b8285f850 in /lib/x86_64-linux-gnu/libc.so.6)

[rank7]:[W724 04:53:03.257447191 ProcessGroupNCCL.cpp:1783] [PG ID 0 PG GUID 0(default_pg) Rank 7] Failed to check the "should dump" flag on TCPStore, (maybe TCPStore server has shut down too early), with error: Broken pipe
[rank2]:[W724 04:53:03.274234994 TCPStore.cpp:106] [c10d] sendBytes failed on SocketImpl(fd=73, addr=[localhost]:37294, remote=[localhost]:29600): Broken pipe
Exception raised from sendBytes at /pytorch/torch/csrc/distributed/c10d/Utils.hpp:653 (most recent call first):
frame #0: c10::Error::Error(c10::SourceLocation, std::__cxx11::basic_string<char, std::char_traits<char>, std::allocator<char> >) + 0x80 (0x7fe66977eeb0 in /opt/conda/lib/python3.11/site-packages/torch/lib/libc10.so)
frame #1: <unknown function> + 0x5d694d1 (0x7fe64d7ae4d1 in /opt/conda/lib/python3.11/site-packages/torch/lib/libtorch_cpu.so)
frame #2: <unknown function> + 0x5d69d62 (0x7fe64d7aed62 in /opt/conda/lib/python3.11/site-packages/torch/lib/libtorch_cpu.so)
frame #3: <unknown function> + 0x5d6b86e (0x7fe64d7b086e in /opt/conda/lib/python3.11/site-packages/torch/lib/libtorch_cpu.so)
frame #4: c10d::TCPStore::check(std::vector<std::__cxx11::basic_string<char, std::char_traits<char>, std::allocator<char> >, std::allocator<std::__cxx11::basic_string<char, std::char_traits<char>, std::allocator<char> > > > const&) + 0x30e (0x7fe64d7ab18e in /opt/conda/lib/python3.11/site-packages/torch/lib/libtorch_cpu.so)
frame #5: c10d::ProcessGroupNCCL::HeartbeatMonitor::runLoop() + 0x398 (0x7fe60cc90b18 in /opt/conda/lib/python3.11/site-packages/torch/lib/libtorch_cuda.so)
frame #6: <unknown function> + 0xd8198 (0x7fe5f067e198 in /opt/conda/bin/../lib/libstdc++.so.6)
frame #7: <unknown function> + 0x94ac3 (0x7fe66b020ac3 in /lib/x86_64-linux-gnu/libc.so.6)
frame #8: <unknown function> + 0x126850 (0x7fe66b0b2850 in /lib/x86_64-linux-gnu/libc.so.6)

[rank2]:[W724 04:53:03.277863141 ProcessGroupNCCL.cpp:1783] [PG ID 0 PG GUID 0(default_pg) Rank 2] Failed to check the "should dump" flag on TCPStore, (maybe TCPStore server has shut down too early), with error: Broken pipe
[rank5]:[W724 04:53:04.951674718 TCPStore.cpp:106] [c10d] sendBytes failed on SocketImpl(fd=36, addr=[localhost]:37284, remote=[localhost]:29600): Broken pipe
Exception raised from sendBytes at /pytorch/torch/csrc/distributed/c10d/Utils.hpp:653 (most recent call first):
frame #0: c10::Error::Error(c10::SourceLocation, std::__cxx11::basic_string<char, std::char_traits<char>, std::allocator<char> >) + 0x80 (0x7efdd22d9eb0 in /opt/conda/lib/python3.11/site-packages/torch/lib/libc10.so)
frame #1: <unknown function> + 0x5d694d1 (0x7efdb63ae4d1 in /opt/conda/lib/python3.11/site-packages/torch/lib/libtorch_cpu.so)
frame #2: <unknown function> + 0x5d69d62 (0x7efdb63aed62 in /opt/conda/lib/python3.11/site-packages/torch/lib/libtorch_cpu.so)
frame #3: <unknown function> + 0x5d6b86e (0x7efdb63b086e in /opt/conda/lib/python3.11/site-packages/torch/lib/libtorch_cpu.so)
frame #4: c10d::TCPStore::check(std::vector<std::__cxx11::basic_string<char, std::char_traits<char>, std::allocator<char> >, std::allocator<std::__cxx11::basic_string<char, std::char_traits<char>, std::allocator<char> > > > const&) + 0x30e (0x7efdb63ab18e in /opt/conda/lib/python3.11/site-packages/torch/lib/libtorch_cpu.so)
frame #5: c10d::ProcessGroupNCCL::HeartbeatMonitor::runLoop() + 0x398 (0x7efd75890b18 in /opt/conda/lib/python3.11/site-packages/torch/lib/libtorch_cuda.so)
frame #6: <unknown function> + 0xd8198 (0x7efd5927e198 in /opt/conda/bin/../lib/libstdc++.so.6)
frame #7: <unknown function> + 0x94ac3 (0x7efdd3ba0ac3 in /lib/x86_64-linux-gnu/libc.so.6)
frame #8: <unknown function> + 0x126850 (0x7efdd3c32850 in /lib/x86_64-linux-gnu/libc.so.6)

[rank5]:[W724 04:53:04.956433288 ProcessGroupNCCL.cpp:1783] [PG ID 0 PG GUID 0(default_pg) Rank 5] Failed to check the "should dump" flag on TCPStore, (maybe TCPStore server has shut down too early), with error: Broken pipe
[rank7]:[W724 04:53:04.257986251 TCPStore.cpp:106] [c10d] sendBytes failed on SocketImpl(fd=73, addr=[localhost]:40292, remote=[localhost]:29600): Broken pipe
Exception raised from sendBytes at /pytorch/torch/csrc/distributed/c10d/Utils.hpp:653 (most recent call first):
frame #0: c10::Error::Error(c10::SourceLocation, std::__cxx11::basic_string<char, std::char_traits<char>, std::allocator<char> >) + 0x80 (0x7f3b80f7eeb0 in /opt/conda/lib/python3.11/site-packages/torch/lib/libc10.so)
frame #1: <unknown function> + 0x5d694d1 (0x7f3b64fae4d1 in /opt/conda/lib/python3.11/site-packages/torch/lib/libtorch_cpu.so)
frame #2: <unknown function> + 0x5d69d62 (0x7f3b64faed62 in /opt/conda/lib/python3.11/site-packages/torch/lib/libtorch_cpu.so)
frame #3: <unknown function> + 0x5d6b86e (0x7f3b64fb086e in /opt/conda/lib/python3.11/site-packages/torch/lib/libtorch_cpu.so)
frame #4: c10d::TCPStore::check(std::vector<std::__cxx11::basic_string<char, std::char_traits<char>, std::allocator<char> >, std::allocator<std::__cxx11::basic_string<char, std::char_traits<char>, std::allocator<char> > > > const&) + 0x30e (0x7f3b64fab18e in /opt/conda/lib/python3.11/site-packages/torch/lib/libtorch_cpu.so)
frame #5: c10d::ProcessGroupNCCL::HeartbeatMonitor::runLoop() + 0x398 (0x7f3b24490b18 in /opt/conda/lib/python3.11/site-packages/torch/lib/libtorch_cuda.so)
frame #6: <unknown function> + 0xd8198 (0x7f3b07e7e198 in /opt/conda/bin/../lib/libstdc++.so.6)
frame #7: <unknown function> + 0x94ac3 (0x7f3b827cdac3 in /lib/x86_64-linux-gnu/libc.so.6)
frame #8: <unknown function> + 0x126850 (0x7f3b8285f850 in /lib/x86_64-linux-gnu/libc.so.6)

[rank7]:[W724 04:53:04.262329690 ProcessGroupNCCL.cpp:1783] [PG ID 0 PG GUID 0(default_pg) Rank 7] Failed to check the "should dump" flag on TCPStore, (maybe TCPStore server has shut down too early), with error: Broken pipe
[rank2]:[W724 04:53:04.278313281 TCPStore.cpp:106] [c10d] sendBytes failed on SocketImpl(fd=73, addr=[localhost]:37294, remote=[localhost]:29600): Broken pipe
Exception raised from sendBytes at /pytorch/torch/csrc/distributed/c10d/Utils.hpp:653 (most recent call first):
frame #0: c10::Error::Error(c10::SourceLocation, std::__cxx11::basic_string<char, std::char_traits<char>, std::allocator<char> >) + 0x80 (0x7fe66977eeb0 in /opt/conda/lib/python3.11/site-packages/torch/lib/libc10.so)
frame #1: <unknown function> + 0x5d694d1 (0x7fe64d7ae4d1 in /opt/conda/lib/python3.11/site-packages/torch/lib/libtorch_cpu.so)
frame #2: <unknown function> + 0x5d69d62 (0x7fe64d7aed62 in /opt/conda/lib/python3.11/site-packages/torch/lib/libtorch_cpu.so)
frame #3: <unknown function> + 0x5d6b86e (0x7fe64d7b086e in /opt/conda/lib/python3.11/site-packages/torch/lib/libtorch_cpu.so)
frame #4: c10d::TCPStore::check(std::vector<std::__cxx11::basic_string<char, std::char_traits<char>, std::allocator<char> >, std::allocator<std::__cxx11::basic_string<char, std::char_traits<char>, std::allocator<char> > > > const&) + 0x30e (0x7fe64d7ab18e in /opt/conda/lib/python3.11/site-packages/torch/lib/libtorch_cpu.so)
frame #5: c10d::ProcessGroupNCCL::HeartbeatMonitor::runLoop() + 0x398 (0x7fe60cc90b18 in /opt/conda/lib/python3.11/site-packages/torch/lib/libtorch_cuda.so)
frame #6: <unknown function> + 0xd8198 (0x7fe5f067e198 in /opt/conda/bin/../lib/libstdc++.so.6)
frame #7: <unknown function> + 0x94ac3 (0x7fe66b020ac3 in /lib/x86_64-linux-gnu/libc.so.6)
frame #8: <unknown function> + 0x126850 (0x7fe66b0b2850 in /lib/x86_64-linux-gnu/libc.so.6)

[rank2]:[W724 04:53:04.283795632 ProcessGroupNCCL.cpp:1783] [PG ID 0 PG GUID 0(default_pg) Rank 2] Failed to check the "should dump" flag on TCPStore, (maybe TCPStore server has shut down too early), with error: Broken pipe
[rank5]:[W724 04:53:05.956881469 TCPStore.cpp:106] [c10d] sendBytes failed on SocketImpl(fd=36, addr=[localhost]:37284, remote=[localhost]:29600): Broken pipe
Exception raised from sendBytes at /pytorch/torch/csrc/distributed/c10d/Utils.hpp:653 (most recent call first):
frame #0: c10::Error::Error(c10::SourceLocation, std::__cxx11::basic_string<char, std::char_traits<char>, std::allocator<char> >) + 0x80 (0x7efdd22d9eb0 in /opt/conda/lib/python3.11/site-packages/torch/lib/libc10.so)
frame #1: <unknown function> + 0x5d694d1 (0x7efdb63ae4d1 in /opt/conda/lib/python3.11/site-packages/torch/lib/libtorch_cpu.so)
frame #2: <unknown function> + 0x5d69d62 (0x7efdb63aed62 in /opt/conda/lib/python3.11/site-packages/torch/lib/libtorch_cpu.so)
frame #3: <unknown function> + 0x5d6b86e (0x7efdb63b086e in /opt/conda/lib/python3.11/site-packages/torch/lib/libtorch_cpu.so)
frame #4: c10d::TCPStore::check(std::vector<std::__cxx11::basic_string<char, std::char_traits<char>, std::allocator<char> >, std::allocator<std::__cxx11::basic_string<char, std::char_traits<char>, std::allocator<char> > > > const&) + 0x30e (0x7efdb63ab18e in /opt/conda/lib/python3.11/site-packages/torch/lib/libtorch_cpu.so)
frame #5: c10d::ProcessGroupNCCL::HeartbeatMonitor::runLoop() + 0x398 (0x7efd75890b18 in /opt/conda/lib/python3.11/site-packages/torch/lib/libtorch_cuda.so)
frame #6: <unknown function> + 0xd8198 (0x7efd5927e198 in /opt/conda/bin/../lib/libstdc++.so.6)
frame #7: <unknown function> + 0x94ac3 (0x7efdd3ba0ac3 in /lib/x86_64-linux-gnu/libc.so.6)
frame #8: <unknown function> + 0x126850 (0x7efdd3c32850 in /lib/x86_64-linux-gnu/libc.so.6)

[rank5]:[W724 04:53:05.961155478 ProcessGroupNCCL.cpp:1783] [PG ID 0 PG GUID 0(default_pg) Rank 5] Failed to check the "should dump" flag on TCPStore, (maybe TCPStore server has shut down too early), with error: Broken pipe
[rank7]:[W724 04:53:05.262787310 TCPStore.cpp:106] [c10d] sendBytes failed on SocketImpl(fd=73, addr=[localhost]:40292, remote=[localhost]:29600): Broken pipe
Exception raised from sendBytes at /pytorch/torch/csrc/distributed/c10d/Utils.hpp:653 (most recent call first):
frame #0: c10::Error::Error(c10::SourceLocation, std::__cxx11::basic_string<char, std::char_traits<char>, std::allocator<char> >) + 0x80 (0x7f3b80f7eeb0 in /opt/conda/lib/python3.11/site-packages/torch/lib/libc10.so)
frame #1: <unknown function> + 0x5d694d1 (0x7f3b64fae4d1 in /opt/conda/lib/python3.11/site-packages/torch/lib/libtorch_cpu.so)
frame #2: <unknown function> + 0x5d69d62 (0x7f3b64faed62 in /opt/conda/lib/python3.11/site-packages/torch/lib/libtorch_cpu.so)
frame #3: <unknown function> + 0x5d6b86e (0x7f3b64fb086e in /opt/conda/lib/python3.11/site-packages/torch/lib/libtorch_cpu.so)
frame #4: c10d::TCPStore::check(std::vector<std::__cxx11::basic_string<char, std::char_traits<char>, std::allocator<char> >, std::allocator<std::__cxx11::basic_string<char, std::char_traits<char>, std::allocator<char> > > > const&) + 0x30e (0x7f3b64fab18e in /opt/conda/lib/python3.11/site-packages/torch/lib/libtorch_cpu.so)
frame #5: c10d::ProcessGroupNCCL::HeartbeatMonitor::runLoop() + 0x398 (0x7f3b24490b18 in /opt/conda/lib/python3.11/site-packages/torch/lib/libtorch_cuda.so)
frame #6: <unknown function> + 0xd8198 (0x7f3b07e7e198 in /opt/conda/bin/../lib/libstdc++.so.6)
frame #7: <unknown function> + 0x94ac3 (0x7f3b827cdac3 in /lib/x86_64-linux-gnu/libc.so.6)
frame #8: <unknown function> + 0x126850 (0x7f3b8285f850 in /lib/x86_64-linux-gnu/libc.so.6)

[rank7]:[W724 04:53:05.267629619 ProcessGroupNCCL.cpp:1783] [PG ID 0 PG GUID 0(default_pg) Rank 7] Failed to check the "should dump" flag on TCPStore, (maybe TCPStore server has shut down too early), with error: Broken pipe
[rank2]:[W724 04:53:05.284344573 TCPStore.cpp:106] [c10d] sendBytes failed on SocketImpl(fd=73, addr=[localhost]:37294, remote=[localhost]:29600): Broken pipe
Exception raised from sendBytes at /pytorch/torch/csrc/distributed/c10d/Utils.hpp:653 (most recent call first):
frame #0: c10::Error::Error(c10::SourceLocation, std::__cxx11::basic_string<char, std::char_traits<char>, std::allocator<char> >) + 0x80 (0x7fe66977eeb0 in /opt/conda/lib/python3.11/site-packages/torch/lib/libc10.so)
frame #1: <unknown function> + 0x5d694d1 (0x7fe64d7ae4d1 in /opt/conda/lib/python3.11/site-packages/torch/lib/libtorch_cpu.so)
frame #2: <unknown function> + 0x5d69d62 (0x7fe64d7aed62 in /opt/conda/lib/python3.11/site-packages/torch/lib/libtorch_cpu.so)
frame #3: <unknown function> + 0x5d6b86e (0x7fe64d7b086e in /opt/conda/lib/python3.11/site-packages/torch/lib/libtorch_cpu.so)
frame #4: c10d::TCPStore::check(std::vector<std::__cxx11::basic_string<char, std::char_traits<char>, std::allocator<char> >, std::allocator<std::__cxx11::basic_string<char, std::char_traits<char>, std::allocator<char> > > > const&) + 0x30e (0x7fe64d7ab18e in /opt/conda/lib/python3.11/site-packages/torch/lib/libtorch_cpu.so)
frame #5: c10d::ProcessGroupNCCL::HeartbeatMonitor::runLoop() + 0x398 (0x7fe60cc90b18 in /opt/conda/lib/python3.11/site-packages/torch/lib/libtorch_cuda.so)
frame #6: <unknown function> + 0xd8198 (0x7fe5f067e198 in /opt/conda/bin/../lib/libstdc++.so.6)
frame #7: <unknown function> + 0x94ac3 (0x7fe66b020ac3 in /lib/x86_64-linux-gnu/libc.so.6)
frame #8: <unknown function> + 0x126850 (0x7fe66b0b2850 in /lib/x86_64-linux-gnu/libc.so.6)

[rank2]:[W724 04:53:05.288991373 ProcessGroupNCCL.cpp:1783] [PG ID 0 PG GUID 0(default_pg) Rank 2] Failed to check the "should dump" flag on TCPStore, (maybe TCPStore server has shut down too early), with error: Broken pipe
[rank5]:[W724 04:53:06.961453566 TCPStore.cpp:106] [c10d] sendBytes failed on SocketImpl(fd=36, addr=[localhost]:37284, remote=[localhost]:29600): Broken pipe
Exception raised from sendBytes at /pytorch/torch/csrc/distributed/c10d/Utils.hpp:653 (most recent call first):
frame #0: c10::Error::Error(c10::SourceLocation, std::__cxx11::basic_string<char, std::char_traits<char>, std::allocator<char> >) + 0x80 (0x7efdd22d9eb0 in /opt/conda/lib/python3.11/site-packages/torch/lib/libc10.so)
frame #1: <unknown function> + 0x5d694d1 (0x7efdb63ae4d1 in /opt/conda/lib/python3.11/site-packages/torch/lib/libtorch_cpu.so)
frame #2: <unknown function> + 0x5d69d62 (0x7efdb63aed62 in /opt/conda/lib/python3.11/site-packages/torch/lib/libtorch_cpu.so)
frame #3: <unknown function> + 0x5d6b86e (0x7efdb63b086e in /opt/conda/lib/python3.11/site-packages/torch/lib/libtorch_cpu.so)
frame #4: c10d::TCPStore::check(std::vector<std::__cxx11::basic_string<char, std::char_traits<char>, std::allocator<char> >, std::allocator<std::__cxx11::basic_string<char, std::char_traits<char>, std::allocator<char> > > > const&) + 0x30e (0x7efdb63ab18e in /opt/conda/lib/python3.11/site-packages/torch/lib/libtorch_cpu.so)
frame #5: c10d::ProcessGroupNCCL::HeartbeatMonitor::runLoop() + 0x398 (0x7efd75890b18 in /opt/conda/lib/python3.11/site-packages/torch/lib/libtorch_cuda.so)
frame #6: <unknown function> + 0xd8198 (0x7efd5927e198 in /opt/conda/bin/../lib/libstdc++.so.6)
frame #7: <unknown function> + 0x94ac3 (0x7efdd3ba0ac3 in /lib/x86_64-linux-gnu/libc.so.6)
frame #8: <unknown function> + 0x126850 (0x7efdd3c32850 in /lib/x86_64-linux-gnu/libc.so.6)

[rank5]:[W724 04:53:06.965423365 ProcessGroupNCCL.cpp:1783] [PG ID 0 PG GUID 0(default_pg) Rank 5] Failed to check the "should dump" flag on TCPStore, (maybe TCPStore server has shut down too early), with error: Broken pipe
[rank7]:[W724 04:53:06.268024088 TCPStore.cpp:106] [c10d] sendBytes failed on SocketImpl(fd=73, addr=[localhost]:40292, remote=[localhost]:29600): Broken pipe
Exception raised from sendBytes at /pytorch/torch/csrc/distributed/c10d/Utils.hpp:653 (most recent call first):
frame #0: c10::Error::Error(c10::SourceLocation, std::__cxx11::basic_string<char, std::char_traits<char>, std::allocator<char> >) + 0x80 (0x7f3b80f7eeb0 in /opt/conda/lib/python3.11/site-packages/torch/lib/libc10.so)
frame #1: <unknown function> + 0x5d694d1 (0x7f3b64fae4d1 in /opt/conda/lib/python3.11/site-packages/torch/lib/libtorch_cpu.so)
frame #2: <unknown function> + 0x5d69d62 (0x7f3b64faed62 in /opt/conda/lib/python3.11/site-packages/torch/lib/libtorch_cpu.so)
frame #3: <unknown function> + 0x5d6b86e (0x7f3b64fb086e in /opt/conda/lib/python3.11/site-packages/torch/lib/libtorch_cpu.so)
frame #4: c10d::TCPStore::check(std::vector<std::__cxx11::basic_string<char, std::char_traits<char>, std::allocator<char> >, std::allocator<std::__cxx11::basic_string<char, std::char_traits<char>, std::allocator<char> > > > const&) + 0x30e (0x7f3b64fab18e in /opt/conda/lib/python3.11/site-packages/torch/lib/libtorch_cpu.so)
frame #5: c10d::ProcessGroupNCCL::HeartbeatMonitor::runLoop() + 0x398 (0x7f3b24490b18 in /opt/conda/lib/python3.11/site-packages/torch/lib/libtorch_cuda.so)
frame #6: <unknown function> + 0xd8198 (0x7f3b07e7e198 in /opt/conda/bin/../lib/libstdc++.so.6)
frame #7: <unknown function> + 0x94ac3 (0x7f3b827cdac3 in /lib/x86_64-linux-gnu/libc.so.6)
frame #8: <unknown function> + 0x126850 (0x7f3b8285f850 in /lib/x86_64-linux-gnu/libc.so.6)

[rank7]:[W724 04:53:06.272342507 ProcessGroupNCCL.cpp:1783] [PG ID 0 PG GUID 0(default_pg) Rank 7] Failed to check the "should dump" flag on TCPStore, (maybe TCPStore server has shut down too early), with error: Broken pipe
[rank2]:[W724 04:53:06.289355461 TCPStore.cpp:106] [c10d] sendBytes failed on SocketImpl(fd=73, addr=[localhost]:37294, remote=[localhost]:29600): Broken pipe
Exception raised from sendBytes at /pytorch/torch/csrc/distributed/c10d/Utils.hpp:653 (most recent call first):
frame #0: c10::Error::Error(c10::SourceLocation, std::__cxx11::basic_string<char, std::char_traits<char>, std::allocator<char> >) + 0x80 (0x7fe66977eeb0 in /opt/conda/lib/python3.11/site-packages/torch/lib/libc10.so)
frame #1: <unknown function> + 0x5d694d1 (0x7fe64d7ae4d1 in /opt/conda/lib/python3.11/site-packages/torch/lib/libtorch_cpu.so)
frame #2: <unknown function> + 0x5d69d62 (0x7fe64d7aed62 in /opt/conda/lib/python3.11/site-packages/torch/lib/libtorch_cpu.so)
frame #3: <unknown function> + 0x5d6b86e (0x7fe64d7b086e in /opt/conda/lib/python3.11/site-packages/torch/lib/libtorch_cpu.so)
frame #4: c10d::TCPStore::check(std::vector<std::__cxx11::basic_string<char, std::char_traits<char>, std::allocator<char> >, std::allocator<std::__cxx11::basic_string<char, std::char_traits<char>, std::allocator<char> > > > const&) + 0x30e (0x7fe64d7ab18e in /opt/conda/lib/python3.11/site-packages/torch/lib/libtorch_cpu.so)
frame #5: c10d::ProcessGroupNCCL::HeartbeatMonitor::runLoop() + 0x398 (0x7fe60cc90b18 in /opt/conda/lib/python3.11/site-packages/torch/lib/libtorch_cuda.so)
frame #6: <unknown function> + 0xd8198 (0x7fe5f067e198 in /opt/conda/bin/../lib/libstdc++.so.6)
frame #7: <unknown function> + 0x94ac3 (0x7fe66b020ac3 in /lib/x86_64-linux-gnu/libc.so.6)
frame #8: <unknown function> + 0x126850 (0x7fe66b0b2850 in /lib/x86_64-linux-gnu/libc.so.6)

[rank2]:[W724 04:53:06.292985359 ProcessGroupNCCL.cpp:1783] [PG ID 0 PG GUID 0(default_pg) Rank 2] Failed to check the "should dump" flag on TCPStore, (maybe TCPStore server has shut down too early), with error: Broken pipe
[rank5]:[W724 04:53:07.965984813 TCPStore.cpp:106] [c10d] sendBytes failed on SocketImpl(fd=36, addr=[localhost]:37284, remote=[localhost]:29600): Broken pipe
Exception raised from sendBytes at /pytorch/torch/csrc/distributed/c10d/Utils.hpp:653 (most recent call first):
frame #0: c10::Error::Error(c10::SourceLocation, std::__cxx11::basic_string<char, std::char_traits<char>, std::allocator<char> >) + 0x80 (0x7efdd22d9eb0 in /opt/conda/lib/python3.11/site-packages/torch/lib/libc10.so)
frame #1: <unknown function> + 0x5d694d1 (0x7efdb63ae4d1 in /opt/conda/lib/python3.11/site-packages/torch/lib/libtorch_cpu.so)
frame #2: <unknown function> + 0x5d69d62 (0x7efdb63aed62 in /opt/conda/lib/python3.11/site-packages/torch/lib/libtorch_cpu.so)
frame #3: <unknown function> + 0x5d6b86e (0x7efdb63b086e in /opt/conda/lib/python3.11/site-packages/torch/lib/libtorch_cpu.so)
frame #4: c10d::TCPStore::check(std::vector<std::__cxx11::basic_string<char, std::char_traits<char>, std::allocator<char> >, std::allocator<std::__cxx11::basic_string<char, std::char_traits<char>, std::allocator<char> > > > const&) + 0x30e (0x7efdb63ab18e in /opt/conda/lib/python3.11/site-packages/torch/lib/libtorch_cpu.so)
frame #5: c10d::ProcessGroupNCCL::HeartbeatMonitor::runLoop() + 0x398 (0x7efd75890b18 in /opt/conda/lib/python3.11/site-packages/torch/lib/libtorch_cuda.so)
frame #6: <unknown function> + 0xd8198 (0x7efd5927e198 in /opt/conda/bin/../lib/libstdc++.so.6)
frame #7: <unknown function> + 0x94ac3 (0x7efdd3ba0ac3 in /lib/x86_64-linux-gnu/libc.so.6)
frame #8: <unknown function> + 0x126850 (0x7efdd3c32850 in /lib/x86_64-linux-gnu/libc.so.6)

[rank5]:[W724 04:53:07.970581373 ProcessGroupNCCL.cpp:1783] [PG ID 0 PG GUID 0(default_pg) Rank 5] Failed to check the "should dump" flag on TCPStore, (maybe TCPStore server has shut down too early), with error: Broken pipe
[rank7]:[W724 04:53:07.272820596 TCPStore.cpp:106] [c10d] sendBytes failed on SocketImpl(fd=73, addr=[localhost]:40292, remote=[localhost]:29600): Broken pipe
Exception raised from sendBytes at /pytorch/torch/csrc/distributed/c10d/Utils.hpp:653 (most recent call first):
frame #0: c10::Error::Error(c10::SourceLocation, std::__cxx11::basic_string<char, std::char_traits<char>, std::allocator<char> >) + 0x80 (0x7f3b80f7eeb0 in /opt/conda/lib/python3.11/site-packages/torch/lib/libc10.so)
frame #1: <unknown function> + 0x5d694d1 (0x7f3b64fae4d1 in /opt/conda/lib/python3.11/site-packages/torch/lib/libtorch_cpu.so)
frame #2: <unknown function> + 0x5d69d62 (0x7f3b64faed62 in /opt/conda/lib/python3.11/site-packages/torch/lib/libtorch_cpu.so)
frame #3: <unknown function> + 0x5d6b86e (0x7f3b64fb086e in /opt/conda/lib/python3.11/site-packages/torch/lib/libtorch_cpu.so)
frame #4: c10d::TCPStore::check(std::vector<std::__cxx11::basic_string<char, std::char_traits<char>, std::allocator<char> >, std::allocator<std::__cxx11::basic_string<char, std::char_traits<char>, std::allocator<char> > > > const&) + 0x30e (0x7f3b64fab18e in /opt/conda/lib/python3.11/site-packages/torch/lib/libtorch_cpu.so)
frame #5: c10d::ProcessGroupNCCL::HeartbeatMonitor::runLoop() + 0x398 (0x7f3b24490b18 in /opt/conda/lib/python3.11/site-packages/torch/lib/libtorch_cuda.so)
frame #6: <unknown function> + 0xd8198 (0x7f3b07e7e198 in /opt/conda/bin/../lib/libstdc++.so.6)
frame #7: <unknown function> + 0x94ac3 (0x7f3b827cdac3 in /lib/x86_64-linux-gnu/libc.so.6)
frame #8: <unknown function> + 0x126850 (0x7f3b8285f850 in /lib/x86_64-linux-gnu/libc.so.6)

[rank7]:[W724 04:53:07.277922086 ProcessGroupNCCL.cpp:1783] [PG ID 0 PG GUID 0(default_pg) Rank 7] Failed to check the "should dump" flag on TCPStore, (maybe TCPStore server has shut down too early), with error: Broken pipe
[rank2]:[W724 04:53:07.293357967 TCPStore.cpp:106] [c10d] sendBytes failed on SocketImpl(fd=73, addr=[localhost]:37294, remote=[localhost]:29600): Broken pipe
Exception raised from sendBytes at /pytorch/torch/csrc/distributed/c10d/Utils.hpp:653 (most recent call first):
frame #0: c10::Error::Error(c10::SourceLocation, std::__cxx11::basic_string<char, std::char_traits<char>, std::allocator<char> >) + 0x80 (0x7fe66977eeb0 in /opt/conda/lib/python3.11/site-packages/torch/lib/libc10.so)
frame #1: <unknown function> + 0x5d694d1 (0x7fe64d7ae4d1 in /opt/conda/lib/python3.11/site-packages/torch/lib/libtorch_cpu.so)
frame #2: <unknown function> + 0x5d69d62 (0x7fe64d7aed62 in /opt/conda/lib/python3.11/site-packages/torch/lib/libtorch_cpu.so)
frame #3: <unknown function> + 0x5d6b86e (0x7fe64d7b086e in /opt/conda/lib/python3.11/site-packages/torch/lib/libtorch_cpu.so)
frame #4: c10d::TCPStore::check(std::vector<std::__cxx11::basic_string<char, std::char_traits<char>, std::allocator<char> >, std::allocator<std::__cxx11::basic_string<char, std::char_traits<char>, std::allocator<char> > > > const&) + 0x30e (0x7fe64d7ab18e in /opt/conda/lib/python3.11/site-packages/torch/lib/libtorch_cpu.so)
frame #5: c10d::ProcessGroupNCCL::HeartbeatMonitor::runLoop() + 0x398 (0x7fe60cc90b18 in /opt/conda/lib/python3.11/site-packages/torch/lib/libtorch_cuda.so)
frame #6: <unknown function> + 0xd8198 (0x7fe5f067e198 in /opt/conda/bin/../lib/libstdc++.so.6)
frame #7: <unknown function> + 0x94ac3 (0x7fe66b020ac3 in /lib/x86_64-linux-gnu/libc.so.6)
frame #8: <unknown function> + 0x126850 (0x7fe66b0b2850 in /lib/x86_64-linux-gnu/libc.so.6)

[rank2]:[W724 04:53:07.298324717 ProcessGroupNCCL.cpp:1783] [PG ID 0 PG GUID 0(default_pg) Rank 2] Failed to check the "should dump" flag on TCPStore, (maybe TCPStore server has shut down too early), with error: Broken pipe
[rank5]:[W724 04:53:08.971629353 TCPStore.cpp:106] [c10d] sendBytes failed on SocketImpl(fd=36, addr=[localhost]:37284, remote=[localhost]:29600): Broken pipe
Exception raised from sendBytes at /pytorch/torch/csrc/distributed/c10d/Utils.hpp:653 (most recent call first):
frame #0: c10::Error::Error(c10::SourceLocation, std::__cxx11::basic_string<char, std::char_traits<char>, std::allocator<char> >) + 0x80 (0x7efdd22d9eb0 in /opt/conda/lib/python3.11/site-packages/torch/lib/libc10.so)
frame #1: <unknown function> + 0x5d694d1 (0x7efdb63ae4d1 in /opt/conda/lib/python3.11/site-packages/torch/lib/libtorch_cpu.so)
frame #2: <unknown function> + 0x5d69d62 (0x7efdb63aed62 in /opt/conda/lib/python3.11/site-packages/torch/lib/libtorch_cpu.so)
frame #3: <unknown function> + 0x5d6b86e (0x7efdb63b086e in /opt/conda/lib/python3.11/site-packages/torch/lib/libtorch_cpu.so)
frame #4: c10d::TCPStore::check(std::vector<std::__cxx11::basic_string<char, std::char_traits<char>, std::allocator<char> >, std::allocator<std::__cxx11::basic_string<char, std::char_traits<char>, std::allocator<char> > > > const&) + 0x30e (0x7efdb63ab18e in /opt/conda/lib/python3.11/site-packages/torch/lib/libtorch_cpu.so)
frame #5: c10d::ProcessGroupNCCL::HeartbeatMonitor::runLoop() + 0x398 (0x7efd75890b18 in /opt/conda/lib/python3.11/site-packages/torch/lib/libtorch_cuda.so)
frame #6: <unknown function> + 0xd8198 (0x7efd5927e198 in /opt/conda/bin/../lib/libstdc++.so.6)
frame #7: <unknown function> + 0x94ac3 (0x7efdd3ba0ac3 in /lib/x86_64-linux-gnu/libc.so.6)
frame #8: <unknown function> + 0x126850 (0x7efdd3c32850 in /lib/x86_64-linux-gnu/libc.so.6)

[rank5]:[W724 04:53:08.975857271 ProcessGroupNCCL.cpp:1783] [PG ID 0 PG GUID 0(default_pg) Rank 5] Failed to check the "should dump" flag on TCPStore, (maybe TCPStore server has shut down too early), with error: Broken pipe
[rank7]:[W724 04:53:08.278365985 TCPStore.cpp:106] [c10d] sendBytes failed on SocketImpl(fd=73, addr=[localhost]:40292, remote=[localhost]:29600): Broken pipe
Exception raised from sendBytes at /pytorch/torch/csrc/distributed/c10d/Utils.hpp:653 (most recent call first):
frame #0: c10::Error::Error(c10::SourceLocation, std::__cxx11::basic_string<char, std::char_traits<char>, std::allocator<char> >) + 0x80 (0x7f3b80f7eeb0 in /opt/conda/lib/python3.11/site-packages/torch/lib/libc10.so)
frame #1: <unknown function> + 0x5d694d1 (0x7f3b64fae4d1 in /opt/conda/lib/python3.11/site-packages/torch/lib/libtorch_cpu.so)
frame #2: <unknown function> + 0x5d69d62 (0x7f3b64faed62 in /opt/conda/lib/python3.11/site-packages/torch/lib/libtorch_cpu.so)
frame #3: <unknown function> + 0x5d6b86e (0x7f3b64fb086e in /opt/conda/lib/python3.11/site-packages/torch/lib/libtorch_cpu.so)
frame #4: c10d::TCPStore::check(std::vector<std::__cxx11::basic_string<char, std::char_traits<char>, std::allocator<char> >, std::allocator<std::__cxx11::basic_string<char, std::char_traits<char>, std::allocator<char> > > > const&) + 0x30e (0x7f3b64fab18e in /opt/conda/lib/python3.11/site-packages/torch/lib/libtorch_cpu.so)
frame #5: c10d::ProcessGroupNCCL::HeartbeatMonitor::runLoop() + 0x398 (0x7f3b24490b18 in /opt/conda/lib/python3.11/site-packages/torch/lib/libtorch_cuda.so)
frame #6: <unknown function> + 0xd8198 (0x7f3b07e7e198 in /opt/conda/bin/../lib/libstdc++.so.6)
frame #7: <unknown function> + 0x94ac3 (0x7f3b827cdac3 in /lib/x86_64-linux-gnu/libc.so.6)
frame #8: <unknown function> + 0x126850 (0x7f3b8285f850 in /lib/x86_64-linux-gnu/libc.so.6)

[rank7]:[W724 04:53:08.283170805 ProcessGroupNCCL.cpp:1783] [PG ID 0 PG GUID 0(default_pg) Rank 7] Failed to check the "should dump" flag on TCPStore, (maybe TCPStore server has shut down too early), with error: Broken pipe
[rank2]:[W724 04:53:08.298860156 TCPStore.cpp:106] [c10d] sendBytes failed on SocketImpl(fd=73, addr=[localhost]:37294, remote=[localhost]:29600): Broken pipe
Exception raised from sendBytes at /pytorch/torch/csrc/distributed/c10d/Utils.hpp:653 (most recent call first):
frame #0: c10::Error::Error(c10::SourceLocation, std::__cxx11::basic_string<char, std::char_traits<char>, std::allocator<char> >) + 0x80 (0x7fe66977eeb0 in /opt/conda/lib/python3.11/site-packages/torch/lib/libc10.so)
frame #1: <unknown function> + 0x5d694d1 (0x7fe64d7ae4d1 in /opt/conda/lib/python3.11/site-packages/torch/lib/libtorch_cpu.so)
frame #2: <unknown function> + 0x5d69d62 (0x7fe64d7aed62 in /opt/conda/lib/python3.11/site-packages/torch/lib/libtorch_cpu.so)
frame #3: <unknown function> + 0x5d6b86e (0x7fe64d7b086e in /opt/conda/lib/python3.11/site-packages/torch/lib/libtorch_cpu.so)
frame #4: c10d::TCPStore::check(std::vector<std::__cxx11::basic_string<char, std::char_traits<char>, std::allocator<char> >, std::allocator<std::__cxx11::basic_string<char, std::char_traits<char>, std::allocator<char> > > > const&) + 0x30e (0x7fe64d7ab18e in /opt/conda/lib/python3.11/site-packages/torch/lib/libtorch_cpu.so)
frame #5: c10d::ProcessGroupNCCL::HeartbeatMonitor::runLoop() + 0x398 (0x7fe60cc90b18 in /opt/conda/lib/python3.11/site-packages/torch/lib/libtorch_cuda.so)
frame #6: <unknown function> + 0xd8198 (0x7fe5f067e198 in /opt/conda/bin/../lib/libstdc++.so.6)
frame #7: <unknown function> + 0x94ac3 (0x7fe66b020ac3 in /lib/x86_64-linux-gnu/libc.so.6)
frame #8: <unknown function> + 0x126850 (0x7fe66b0b2850 in /lib/x86_64-linux-gnu/libc.so.6)

[rank2]:[W724 04:53:08.302642074 ProcessGroupNCCL.cpp:1783] [PG ID 0 PG GUID 0(default_pg) Rank 2] Failed to check the "should dump" flag on TCPStore, (maybe TCPStore server has shut down too early), with error: Broken pipe
[rank5]:[W724 04:53:09.976339720 TCPStore.cpp:106] [c10d] sendBytes failed on SocketImpl(fd=36, addr=[localhost]:37284, remote=[localhost]:29600): Broken pipe
Exception raised from sendBytes at /pytorch/torch/csrc/distributed/c10d/Utils.hpp:653 (most recent call first):
frame #0: c10::Error::Error(c10::SourceLocation, std::__cxx11::basic_string<char, std::char_traits<char>, std::allocator<char> >) + 0x80 (0x7efdd22d9eb0 in /opt/conda/lib/python3.11/site-packages/torch/lib/libc10.so)
frame #1: <unknown function> + 0x5d694d1 (0x7efdb63ae4d1 in /opt/conda/lib/python3.11/site-packages/torch/lib/libtorch_cpu.so)
frame #2: <unknown function> + 0x5d69d62 (0x7efdb63aed62 in /opt/conda/lib/python3.11/site-packages/torch/lib/libtorch_cpu.so)
frame #3: <unknown function> + 0x5d6b86e (0x7efdb63b086e in /opt/conda/lib/python3.11/site-packages/torch/lib/libtorch_cpu.so)
frame #4: c10d::TCPStore::check(std::vector<std::__cxx11::basic_string<char, std::char_traits<char>, std::allocator<char> >, std::allocator<std::__cxx11::basic_string<char, std::char_traits<char>, std::allocator<char> > > > const&) + 0x30e (0x7efdb63ab18e in /opt/conda/lib/python3.11/site-packages/torch/lib/libtorch_cpu.so)
frame #5: c10d::ProcessGroupNCCL::HeartbeatMonitor::runLoop() + 0x398 (0x7efd75890b18 in /opt/conda/lib/python3.11/site-packages/torch/lib/libtorch_cuda.so)
frame #6: <unknown function> + 0xd8198 (0x7efd5927e198 in /opt/conda/bin/../lib/libstdc++.so.6)
frame #7: <unknown function> + 0x94ac3 (0x7efdd3ba0ac3 in /lib/x86_64-linux-gnu/libc.so.6)
frame #8: <unknown function> + 0x126850 (0x7efdd3c32850 in /lib/x86_64-linux-gnu/libc.so.6)

[rank5]:[W724 04:53:09.980884649 ProcessGroupNCCL.cpp:1783] [PG ID 0 PG GUID 0(default_pg) Rank 5] Failed to check the "should dump" flag on TCPStore, (maybe TCPStore server has shut down too early), with error: Broken pipe
[rank7]:[W724 04:53:09.283594663 TCPStore.cpp:106] [c10d] sendBytes failed on SocketImpl(fd=73, addr=[localhost]:40292, remote=[localhost]:29600): Broken pipe
Exception raised from sendBytes at /pytorch/torch/csrc/distributed/c10d/Utils.hpp:653 (most recent call first):
frame #0: c10::Error::Error(c10::SourceLocation, std::__cxx11::basic_string<char, std::char_traits<char>, std::allocator<char> >) + 0x80 (0x7f3b80f7eeb0 in /opt/conda/lib/python3.11/site-packages/torch/lib/libc10.so)
frame #1: <unknown function> + 0x5d694d1 (0x7f3b64fae4d1 in /opt/conda/lib/python3.11/site-packages/torch/lib/libtorch_cpu.so)
frame #2: <unknown function> + 0x5d69d62 (0x7f3b64faed62 in /opt/conda/lib/python3.11/site-packages/torch/lib/libtorch_cpu.so)
frame #3: <unknown function> + 0x5d6b86e (0x7f3b64fb086e in /opt/conda/lib/python3.11/site-packages/torch/lib/libtorch_cpu.so)
frame #4: c10d::TCPStore::check(std::vector<std::__cxx11::basic_string<char, std::char_traits<char>, std::allocator<char> >, std::allocator<std::__cxx11::basic_string<char, std::char_traits<char>, std::allocator<char> > > > const&) + 0x30e (0x7f3b64fab18e in /opt/conda/lib/python3.11/site-packages/torch/lib/libtorch_cpu.so)
frame #5: c10d::ProcessGroupNCCL::HeartbeatMonitor::runLoop() + 0x398 (0x7f3b24490b18 in /opt/conda/lib/python3.11/site-packages/torch/lib/libtorch_cuda.so)
frame #6: <unknown function> + 0xd8198 (0x7f3b07e7e198 in /opt/conda/bin/../lib/libstdc++.so.6)
frame #7: <unknown function> + 0x94ac3 (0x7f3b827cdac3 in /lib/x86_64-linux-gnu/libc.so.6)
frame #8: <unknown function> + 0x126850 (0x7f3b8285f850 in /lib/x86_64-linux-gnu/libc.so.6)

[rank7]:[W724 04:53:09.288285353 ProcessGroupNCCL.cpp:1783] [PG ID 0 PG GUID 0(default_pg) Rank 7] Failed to check the "should dump" flag on TCPStore, (maybe TCPStore server has shut down too early), with error: Broken pipe
[rank2]:[W724 04:53:09.303079083 TCPStore.cpp:106] [c10d] sendBytes failed on SocketImpl(fd=73, addr=[localhost]:37294, remote=[localhost]:29600): Broken pipe
Exception raised from sendBytes at /pytorch/torch/csrc/distributed/c10d/Utils.hpp:653 (most recent call first):
frame #0: c10::Error::Error(c10::SourceLocation, std::__cxx11::basic_string<char, std::char_traits<char>, std::allocator<char> >) + 0x80 (0x7fe66977eeb0 in /opt/conda/lib/python3.11/site-packages/torch/lib/libc10.so)
frame #1: <unknown function> + 0x5d694d1 (0x7fe64d7ae4d1 in /opt/conda/lib/python3.11/site-packages/torch/lib/libtorch_cpu.so)
frame #2: <unknown function> + 0x5d69d62 (0x7fe64d7aed62 in /opt/conda/lib/python3.11/site-packages/torch/lib/libtorch_cpu.so)
frame #3: <unknown function> + 0x5d6b86e (0x7fe64d7b086e in /opt/conda/lib/python3.11/site-packages/torch/lib/libtorch_cpu.so)
frame #4: c10d::TCPStore::check(std::vector<std::__cxx11::basic_string<char, std::char_traits<char>, std::allocator<char> >, std::allocator<std::__cxx11::basic_string<char, std::char_traits<char>, std::allocator<char> > > > const&) + 0x30e (0x7fe64d7ab18e in /opt/conda/lib/python3.11/site-packages/torch/lib/libtorch_cpu.so)
frame #5: c10d::ProcessGroupNCCL::HeartbeatMonitor::runLoop() + 0x398 (0x7fe60cc90b18 in /opt/conda/lib/python3.11/site-packages/torch/lib/libtorch_cuda.so)
frame #6: <unknown function> + 0xd8198 (0x7fe5f067e198 in /opt/conda/bin/../lib/libstdc++.so.6)
frame #7: <unknown function> + 0x94ac3 (0x7fe66b020ac3 in /lib/x86_64-linux-gnu/libc.so.6)
frame #8: <unknown function> + 0x126850 (0x7fe66b0b2850 in /lib/x86_64-linux-gnu/libc.so.6)

[rank2]:[W724 04:53:09.308051733 ProcessGroupNCCL.cpp:1783] [PG ID 0 PG GUID 0(default_pg) Rank 2] Failed to check the "should dump" flag on TCPStore, (maybe TCPStore server has shut down too early), with error: Broken pipe
[rank5]:[W724 04:53:10.981427888 TCPStore.cpp:106] [c10d] sendBytes failed on SocketImpl(fd=36, addr=[localhost]:37284, remote=[localhost]:29600): Broken pipe
Exception raised from sendBytes at /pytorch/torch/csrc/distributed/c10d/Utils.hpp:653 (most recent call first):
frame #0: c10::Error::Error(c10::SourceLocation, std::__cxx11::basic_string<char, std::char_traits<char>, std::allocator<char> >) + 0x80 (0x7efdd22d9eb0 in /opt/conda/lib/python3.11/site-packages/torch/lib/libc10.so)
frame #1: <unknown function> + 0x5d694d1 (0x7efdb63ae4d1 in /opt/conda/lib/python3.11/site-packages/torch/lib/libtorch_cpu.so)
frame #2: <unknown function> + 0x5d69d62 (0x7efdb63aed62 in /opt/conda/lib/python3.11/site-packages/torch/lib/libtorch_cpu.so)
frame #3: <unknown function> + 0x5d6b86e (0x7efdb63b086e in /opt/conda/lib/python3.11/site-packages/torch/lib/libtorch_cpu.so)
frame #4: c10d::TCPStore::check(std::vector<std::__cxx11::basic_string<char, std::char_traits<char>, std::allocator<char> >, std::allocator<std::__cxx11::basic_string<char, std::char_traits<char>, std::allocator<char> > > > const&) + 0x30e (0x7efdb63ab18e in /opt/conda/lib/python3.11/site-packages/torch/lib/libtorch_cpu.so)
frame #5: c10d::ProcessGroupNCCL::HeartbeatMonitor::runLoop() + 0x398 (0x7efd75890b18 in /opt/conda/lib/python3.11/site-packages/torch/lib/libtorch_cuda.so)
frame #6: <unknown function> + 0xd8198 (0x7efd5927e198 in /opt/conda/bin/../lib/libstdc++.so.6)
frame #7: <unknown function> + 0x94ac3 (0x7efdd3ba0ac3 in /lib/x86_64-linux-gnu/libc.so.6)
frame #8: <unknown function> + 0x126850 (0x7efdd3c32850 in /lib/x86_64-linux-gnu/libc.so.6)

[rank5]:[W724 04:53:10.986379798 ProcessGroupNCCL.cpp:1783] [PG ID 0 PG GUID 0(default_pg) Rank 5] Failed to check the "should dump" flag on TCPStore, (maybe TCPStore server has shut down too early), with error: Broken pipe
[rank7]:[W724 04:53:10.288696522 TCPStore.cpp:106] [c10d] sendBytes failed on SocketImpl(fd=73, addr=[localhost]:40292, remote=[localhost]:29600): Broken pipe
Exception raised from sendBytes at /pytorch/torch/csrc/distributed/c10d/Utils.hpp:653 (most recent call first):
frame #0: c10::Error::Error(c10::SourceLocation, std::__cxx11::basic_string<char, std::char_traits<char>, std::allocator<char> >) + 0x80 (0x7f3b80f7eeb0 in /opt/conda/lib/python3.11/site-packages/torch/lib/libc10.so)
frame #1: <unknown function> + 0x5d694d1 (0x7f3b64fae4d1 in /opt/conda/lib/python3.11/site-packages/torch/lib/libtorch_cpu.so)
frame #2: <unknown function> + 0x5d69d62 (0x7f3b64faed62 in /opt/conda/lib/python3.11/site-packages/torch/lib/libtorch_cpu.so)
frame #3: <unknown function> + 0x5d6b86e (0x7f3b64fb086e in /opt/conda/lib/python3.11/site-packages/torch/lib/libtorch_cpu.so)
frame #4: c10d::TCPStore::check(std::vector<std::__cxx11::basic_string<char, std::char_traits<char>, std::allocator<char> >, std::allocator<std::__cxx11::basic_string<char, std::char_traits<char>, std::allocator<char> > > > const&) + 0x30e (0x7f3b64fab18e in /opt/conda/lib/python3.11/site-packages/torch/lib/libtorch_cpu.so)
frame #5: c10d::ProcessGroupNCCL::HeartbeatMonitor::runLoop() + 0x398 (0x7f3b24490b18 in /opt/conda/lib/python3.11/site-packages/torch/lib/libtorch_cuda.so)
frame #6: <unknown function> + 0xd8198 (0x7f3b07e7e198 in /opt/conda/bin/../lib/libstdc++.so.6)
frame #7: <unknown function> + 0x94ac3 (0x7f3b827cdac3 in /lib/x86_64-linux-gnu/libc.so.6)
frame #8: <unknown function> + 0x126850 (0x7f3b8285f850 in /lib/x86_64-linux-gnu/libc.so.6)

[rank7]:[W724 04:53:10.293017020 ProcessGroupNCCL.cpp:1783] [PG ID 0 PG GUID 0(default_pg) Rank 7] Failed to check the "should dump" flag on TCPStore, (maybe TCPStore server has shut down too early), with error: Broken pipe
[rank2]:[W724 04:53:10.308506322 TCPStore.cpp:106] [c10d] sendBytes failed on SocketImpl(fd=73, addr=[localhost]:37294, remote=[localhost]:29600): Broken pipe
Exception raised from sendBytes at /pytorch/torch/csrc/distributed/c10d/Utils.hpp:653 (most recent call first):
frame #0: c10::Error::Error(c10::SourceLocation, std::__cxx11::basic_string<char, std::char_traits<char>, std::allocator<char> >) + 0x80 (0x7fe66977eeb0 in /opt/conda/lib/python3.11/site-packages/torch/lib/libc10.so)
frame #1: <unknown function> + 0x5d694d1 (0x7fe64d7ae4d1 in /opt/conda/lib/python3.11/site-packages/torch/lib/libtorch_cpu.so)
frame #2: <unknown function> + 0x5d69d62 (0x7fe64d7aed62 in /opt/conda/lib/python3.11/site-packages/torch/lib/libtorch_cpu.so)
frame #3: <unknown function> + 0x5d6b86e (0x7fe64d7b086e in /opt/conda/lib/python3.11/site-packages/torch/lib/libtorch_cpu.so)
frame #4: c10d::TCPStore::check(std::vector<std::__cxx11::basic_string<char, std::char_traits<char>, std::allocator<char> >, std::allocator<std::__cxx11::basic_string<char, std::char_traits<char>, std::allocator<char> > > > const&) + 0x30e (0x7fe64d7ab18e in /opt/conda/lib/python3.11/site-packages/torch/lib/libtorch_cpu.so)
frame #5: c10d::ProcessGroupNCCL::HeartbeatMonitor::runLoop() + 0x398 (0x7fe60cc90b18 in /opt/conda/lib/python3.11/site-packages/torch/lib/libtorch_cuda.so)
frame #6: <unknown function> + 0xd8198 (0x7fe5f067e198 in /opt/conda/bin/../lib/libstdc++.so.6)
frame #7: <unknown function> + 0x94ac3 (0x7fe66b020ac3 in /lib/x86_64-linux-gnu/libc.so.6)
frame #8: <unknown function> + 0x126850 (0x7fe66b0b2850 in /lib/x86_64-linux-gnu/libc.so.6)

[rank2]:[W724 04:53:10.313076601 ProcessGroupNCCL.cpp:1783] [PG ID 0 PG GUID 0(default_pg) Rank 2] Failed to check the "should dump" flag on TCPStore, (maybe TCPStore server has shut down too early), with error: Broken pipe
[rank5]:[W724 04:53:11.987016858 TCPStore.cpp:106] [c10d] sendBytes failed on SocketImpl(fd=36, addr=[localhost]:37284, remote=[localhost]:29600): Broken pipe
Exception raised from sendBytes at /pytorch/torch/csrc/distributed/c10d/Utils.hpp:653 (most recent call first):
frame #0: c10::Error::Error(c10::SourceLocation, std::__cxx11::basic_string<char, std::char_traits<char>, std::allocator<char> >) + 0x80 (0x7efdd22d9eb0 in /opt/conda/lib/python3.11/site-packages/torch/lib/libc10.so)
frame #1: <unknown function> + 0x5d694d1 (0x7efdb63ae4d1 in /opt/conda/lib/python3.11/site-packages/torch/lib/libtorch_cpu.so)
frame #2: <unknown function> + 0x5d69d62 (0x7efdb63aed62 in /opt/conda/lib/python3.11/site-packages/torch/lib/libtorch_cpu.so)
frame #3: <unknown function> + 0x5d6b86e (0x7efdb63b086e in /opt/conda/lib/python3.11/site-packages/torch/lib/libtorch_cpu.so)
frame #4: c10d::TCPStore::check(std::vector<std::__cxx11::basic_string<char, std::char_traits<char>, std::allocator<char> >, std::allocator<std::__cxx11::basic_string<char, std::char_traits<char>, std::allocator<char> > > > const&) + 0x30e (0x7efdb63ab18e in /opt/conda/lib/python3.11/site-packages/torch/lib/libtorch_cpu.so)
frame #5: c10d::ProcessGroupNCCL::HeartbeatMonitor::runLoop() + 0x398 (0x7efd75890b18 in /opt/conda/lib/python3.11/site-packages/torch/lib/libtorch_cuda.so)
frame #6: <unknown function> + 0xd8198 (0x7efd5927e198 in /opt/conda/bin/../lib/libstdc++.so.6)
frame #7: <unknown function> + 0x94ac3 (0x7efdd3ba0ac3 in /lib/x86_64-linux-gnu/libc.so.6)
frame #8: <unknown function> + 0x126850 (0x7efdd3c32850 in /lib/x86_64-linux-gnu/libc.so.6)

[rank5]:[W724 04:53:11.991219846 ProcessGroupNCCL.cpp:1783] [PG ID 0 PG GUID 0(default_pg) Rank 5] Failed to check the "should dump" flag on TCPStore, (maybe TCPStore server has shut down too early), with error: Broken pipe
[rank7]:[W724 04:53:11.293404319 TCPStore.cpp:106] [c10d] sendBytes failed on SocketImpl(fd=73, addr=[localhost]:40292, remote=[localhost]:29600): Broken pipe
Exception raised from sendBytes at /pytorch/torch/csrc/distributed/c10d/Utils.hpp:653 (most recent call first):
frame #0: c10::Error::Error(c10::SourceLocation, std::__cxx11::basic_string<char, std::char_traits<char>, std::allocator<char> >) + 0x80 (0x7f3b80f7eeb0 in /opt/conda/lib/python3.11/site-packages/torch/lib/libc10.so)
frame #1: <unknown function> + 0x5d694d1 (0x7f3b64fae4d1 in /opt/conda/lib/python3.11/site-packages/torch/lib/libtorch_cpu.so)
frame #2: <unknown function> + 0x5d69d62 (0x7f3b64faed62 in /opt/conda/lib/python3.11/site-packages/torch/lib/libtorch_cpu.so)
frame #3: <unknown function> + 0x5d6b86e (0x7f3b64fb086e in /opt/conda/lib/python3.11/site-packages/torch/lib/libtorch_cpu.so)
frame #4: c10d::TCPStore::check(std::vector<std::__cxx11::basic_string<char, std::char_traits<char>, std::allocator<char> >, std::allocator<std::__cxx11::basic_string<char, std::char_traits<char>, std::allocator<char> > > > const&) + 0x30e (0x7f3b64fab18e in /opt/conda/lib/python3.11/site-packages/torch/lib/libtorch_cpu.so)
frame #5: c10d::ProcessGroupNCCL::HeartbeatMonitor::runLoop() + 0x398 (0x7f3b24490b18 in /opt/conda/lib/python3.11/site-packages/torch/lib/libtorch_cuda.so)
frame #6: <unknown function> + 0xd8198 (0x7f3b07e7e198 in /opt/conda/bin/../lib/libstdc++.so.6)
frame #7: <unknown function> + 0x94ac3 (0x7f3b827cdac3 in /lib/x86_64-linux-gnu/libc.so.6)
frame #8: <unknown function> + 0x126850 (0x7f3b8285f850 in /lib/x86_64-linux-gnu/libc.so.6)

[rank7]:[W724 04:53:11.297745318 ProcessGroupNCCL.cpp:1783] [PG ID 0 PG GUID 0(default_pg) Rank 7] Failed to check the "should dump" flag on TCPStore, (maybe TCPStore server has shut down too early), with error: Broken pipe
[rank2]:[W724 04:53:11.313833740 TCPStore.cpp:106] [c10d] sendBytes failed on SocketImpl(fd=73, addr=[localhost]:37294, remote=[localhost]:29600): Broken pipe
Exception raised from sendBytes at /pytorch/torch/csrc/distributed/c10d/Utils.hpp:653 (most recent call first):
frame #0: c10::Error::Error(c10::SourceLocation, std::__cxx11::basic_string<char, std::char_traits<char>, std::allocator<char> >) + 0x80 (0x7fe66977eeb0 in /opt/conda/lib/python3.11/site-packages/torch/lib/libc10.so)
frame #1: <unknown function> + 0x5d694d1 (0x7fe64d7ae4d1 in /opt/conda/lib/python3.11/site-packages/torch/lib/libtorch_cpu.so)
frame #2: <unknown function> + 0x5d69d62 (0x7fe64d7aed62 in /opt/conda/lib/python3.11/site-packages/torch/lib/libtorch_cpu.so)
frame #3: <unknown function> + 0x5d6b86e (0x7fe64d7b086e in /opt/conda/lib/python3.11/site-packages/torch/lib/libtorch_cpu.so)
frame #4: c10d::TCPStore::check(std::vector<std::__cxx11::basic_string<char, std::char_traits<char>, std::allocator<char> >, std::allocator<std::__cxx11::basic_string<char, std::char_traits<char>, std::allocator<char> > > > const&) + 0x30e (0x7fe64d7ab18e in /opt/conda/lib/python3.11/site-packages/torch/lib/libtorch_cpu.so)
frame #5: c10d::ProcessGroupNCCL::HeartbeatMonitor::runLoop() + 0x398 (0x7fe60cc90b18 in /opt/conda/lib/python3.11/site-packages/torch/lib/libtorch_cuda.so)
frame #6: <unknown function> + 0xd8198 (0x7fe5f067e198 in /opt/conda/bin/../lib/libstdc++.so.6)
frame #7: <unknown function> + 0x94ac3 (0x7fe66b020ac3 in /lib/x86_64-linux-gnu/libc.so.6)
frame #8: <unknown function> + 0x126850 (0x7fe66b0b2850 in /lib/x86_64-linux-gnu/libc.so.6)

[rank2]:[W724 04:53:11.319566832 ProcessGroupNCCL.cpp:1783] [PG ID 0 PG GUID 0(default_pg) Rank 2] Failed to check the "should dump" flag on TCPStore, (maybe TCPStore server has shut down too early), with error: Broken pipe
[rank5]:[W724 04:53:12.991592805 TCPStore.cpp:106] [c10d] sendBytes failed on SocketImpl(fd=36, addr=[localhost]:37284, remote=[localhost]:29600): Broken pipe
Exception raised from sendBytes at /pytorch/torch/csrc/distributed/c10d/Utils.hpp:653 (most recent call first):
frame #0: c10::Error::Error(c10::SourceLocation, std::__cxx11::basic_string<char, std::char_traits<char>, std::allocator<char> >) + 0x80 (0x7efdd22d9eb0 in /opt/conda/lib/python3.11/site-packages/torch/lib/libc10.so)
frame #1: <unknown function> + 0x5d694d1 (0x7efdb63ae4d1 in /opt/conda/lib/python3.11/site-packages/torch/lib/libtorch_cpu.so)
frame #2: <unknown function> + 0x5d69d62 (0x7efdb63aed62 in /opt/conda/lib/python3.11/site-packages/torch/lib/libtorch_cpu.so)
frame #3: <unknown function> + 0x5d6b86e (0x7efdb63b086e in /opt/conda/lib/python3.11/site-packages/torch/lib/libtorch_cpu.so)
frame #4: c10d::TCPStore::check(std::vector<std::__cxx11::basic_string<char, std::char_traits<char>, std::allocator<char> >, std::allocator<std::__cxx11::basic_string<char, std::char_traits<char>, std::allocator<char> > > > const&) + 0x30e (0x7efdb63ab18e in /opt/conda/lib/python3.11/site-packages/torch/lib/libtorch_cpu.so)
frame #5: c10d::ProcessGroupNCCL::HeartbeatMonitor::runLoop() + 0x398 (0x7efd75890b18 in /opt/conda/lib/python3.11/site-packages/torch/lib/libtorch_cuda.so)
frame #6: <unknown function> + 0xd8198 (0x7efd5927e198 in /opt/conda/bin/../lib/libstdc++.so.6)
frame #7: <unknown function> + 0x94ac3 (0x7efdd3ba0ac3 in /lib/x86_64-linux-gnu/libc.so.6)
frame #8: <unknown function> + 0x126850 (0x7efdd3c32850 in /lib/x86_64-linux-gnu/libc.so.6)

[rank5]:[W724 04:53:12.996014114 ProcessGroupNCCL.cpp:1783] [PG ID 0 PG GUID 0(default_pg) Rank 5] Failed to check the "should dump" flag on TCPStore, (maybe TCPStore server has shut down too early), with error: Broken pipe
[rank7]:[W724 04:53:12.298215836 TCPStore.cpp:106] [c10d] sendBytes failed on SocketImpl(fd=73, addr=[localhost]:40292, remote=[localhost]:29600): Broken pipe
Exception raised from sendBytes at /pytorch/torch/csrc/distributed/c10d/Utils.hpp:653 (most recent call first):
frame #0: c10::Error::Error(c10::SourceLocation, std::__cxx11::basic_string<char, std::char_traits<char>, std::allocator<char> >) + 0x80 (0x7f3b80f7eeb0 in /opt/conda/lib/python3.11/site-packages/torch/lib/libc10.so)
frame #1: <unknown function> + 0x5d694d1 (0x7f3b64fae4d1 in /opt/conda/lib/python3.11/site-packages/torch/lib/libtorch_cpu.so)
frame #2: <unknown function> + 0x5d69d62 (0x7f3b64faed62 in /opt/conda/lib/python3.11/site-packages/torch/lib/libtorch_cpu.so)
frame #3: <unknown function> + 0x5d6b86e (0x7f3b64fb086e in /opt/conda/lib/python3.11/site-packages/torch/lib/libtorch_cpu.so)
frame #4: c10d::TCPStore::check(std::vector<std::__cxx11::basic_string<char, std::char_traits<char>, std::allocator<char> >, std::allocator<std::__cxx11::basic_string<char, std::char_traits<char>, std::allocator<char> > > > const&) + 0x30e (0x7f3b64fab18e in /opt/conda/lib/python3.11/site-packages/torch/lib/libtorch_cpu.so)
frame #5: c10d::ProcessGroupNCCL::HeartbeatMonitor::runLoop() + 0x398 (0x7f3b24490b18 in /opt/conda/lib/python3.11/site-packages/torch/lib/libtorch_cuda.so)
frame #6: <unknown function> + 0xd8198 (0x7f3b07e7e198 in /opt/conda/bin/../lib/libstdc++.so.6)
frame #7: <unknown function> + 0x94ac3 (0x7f3b827cdac3 in /lib/x86_64-linux-gnu/libc.so.6)
frame #8: <unknown function> + 0x126850 (0x7f3b8285f850 in /lib/x86_64-linux-gnu/libc.so.6)

[rank7]:[W724 04:53:12.303241527 ProcessGroupNCCL.cpp:1783] [PG ID 0 PG GUID 0(default_pg) Rank 7] Failed to check the "should dump" flag on TCPStore, (maybe TCPStore server has shut down too early), with error: Broken pipe
[rank2]:[W724 04:53:12.320049471 TCPStore.cpp:106] [c10d] sendBytes failed on SocketImpl(fd=73, addr=[localhost]:37294, remote=[localhost]:29600): Broken pipe
Exception raised from sendBytes at /pytorch/torch/csrc/distributed/c10d/Utils.hpp:653 (most recent call first):
frame #0: c10::Error::Error(c10::SourceLocation, std::__cxx11::basic_string<char, std::char_traits<char>, std::allocator<char> >) + 0x80 (0x7fe66977eeb0 in /opt/conda/lib/python3.11/site-packages/torch/lib/libc10.so)
frame #1: <unknown function> + 0x5d694d1 (0x7fe64d7ae4d1 in /opt/conda/lib/python3.11/site-packages/torch/lib/libtorch_cpu.so)
frame #2: <unknown function> + 0x5d69d62 (0x7fe64d7aed62 in /opt/conda/lib/python3.11/site-packages/torch/lib/libtorch_cpu.so)
frame #3: <unknown function> + 0x5d6b86e (0x7fe64d7b086e in /opt/conda/lib/python3.11/site-packages/torch/lib/libtorch_cpu.so)
frame #4: c10d::TCPStore::check(std::vector<std::__cxx11::basic_string<char, std::char_traits<char>, std::allocator<char> >, std::allocator<std::__cxx11::basic_string<char, std::char_traits<char>, std::allocator<char> > > > const&) + 0x30e (0x7fe64d7ab18e in /opt/conda/lib/python3.11/site-packages/torch/lib/libtorch_cpu.so)
frame #5: c10d::ProcessGroupNCCL::HeartbeatMonitor::runLoop() + 0x398 (0x7fe60cc90b18 in /opt/conda/lib/python3.11/site-packages/torch/lib/libtorch_cuda.so)
frame #6: <unknown function> + 0xd8198 (0x7fe5f067e198 in /opt/conda/bin/../lib/libstdc++.so.6)
frame #7: <unknown function> + 0x94ac3 (0x7fe66b020ac3 in /lib/x86_64-linux-gnu/libc.so.6)
frame #8: <unknown function> + 0x126850 (0x7fe66b0b2850 in /lib/x86_64-linux-gnu/libc.so.6)

[rank2]:[W724 04:53:12.324757430 ProcessGroupNCCL.cpp:1783] [PG ID 0 PG GUID 0(default_pg) Rank 2] Failed to check the "should dump" flag on TCPStore, (maybe TCPStore server has shut down too early), with error: Broken pipe
[rank5]:[W724 04:53:13.996486593 TCPStore.cpp:106] [c10d] sendBytes failed on SocketImpl(fd=36, addr=[localhost]:37284, remote=[localhost]:29600): Broken pipe
Exception raised from sendBytes at /pytorch/torch/csrc/distributed/c10d/Utils.hpp:653 (most recent call first):
frame #0: c10::Error::Error(c10::SourceLocation, std::__cxx11::basic_string<char, std::char_traits<char>, std::allocator<char> >) + 0x80 (0x7efdd22d9eb0 in /opt/conda/lib/python3.11/site-packages/torch/lib/libc10.so)
frame #1: <unknown function> + 0x5d694d1 (0x7efdb63ae4d1 in /opt/conda/lib/python3.11/site-packages/torch/lib/libtorch_cpu.so)
frame #2: <unknown function> + 0x5d69d62 (0x7efdb63aed62 in /opt/conda/lib/python3.11/site-packages/torch/lib/libtorch_cpu.so)
frame #3: <unknown function> + 0x5d6b86e (0x7efdb63b086e in /opt/conda/lib/python3.11/site-packages/torch/lib/libtorch_cpu.so)
frame #4: c10d::TCPStore::check(std::vector<std::__cxx11::basic_string<char, std::char_traits<char>, std::allocator<char> >, std::allocator<std::__cxx11::basic_string<char, std::char_traits<char>, std::allocator<char> > > > const&) + 0x30e (0x7efdb63ab18e in /opt/conda/lib/python3.11/site-packages/torch/lib/libtorch_cpu.so)
frame #5: c10d::ProcessGroupNCCL::HeartbeatMonitor::runLoop() + 0x398 (0x7efd75890b18 in /opt/conda/lib/python3.11/site-packages/torch/lib/libtorch_cuda.so)
frame #6: <unknown function> + 0xd8198 (0x7efd5927e198 in /opt/conda/bin/../lib/libstdc++.so.6)
frame #7: <unknown function> + 0x94ac3 (0x7efdd3ba0ac3 in /lib/x86_64-linux-gnu/libc.so.6)
frame #8: <unknown function> + 0x126850 (0x7efdd3c32850 in /lib/x86_64-linux-gnu/libc.so.6)

[rank5]:[W724 04:53:13.000385660 ProcessGroupNCCL.cpp:1783] [PG ID 0 PG GUID 0(default_pg) Rank 5] Failed to check the "should dump" flag on TCPStore, (maybe TCPStore server has shut down too early), with error: Broken pipe
[rank7]:[W724 04:53:13.303766706 TCPStore.cpp:106] [c10d] sendBytes failed on SocketImpl(fd=73, addr=[localhost]:40292, remote=[localhost]:29600): Broken pipe
Exception raised from sendBytes at /pytorch/torch/csrc/distributed/c10d/Utils.hpp:653 (most recent call first):
frame #0: c10::Error::Error(c10::SourceLocation, std::__cxx11::basic_string<char, std::char_traits<char>, std::allocator<char> >) + 0x80 (0x7f3b80f7eeb0 in /opt/conda/lib/python3.11/site-packages/torch/lib/libc10.so)
frame #1: <unknown function> + 0x5d694d1 (0x7f3b64fae4d1 in /opt/conda/lib/python3.11/site-packages/torch/lib/libtorch_cpu.so)
frame #2: <unknown function> + 0x5d69d62 (0x7f3b64faed62 in /opt/conda/lib/python3.11/site-packages/torch/lib/libtorch_cpu.so)
frame #3: <unknown function> + 0x5d6b86e (0x7f3b64fb086e in /opt/conda/lib/python3.11/site-packages/torch/lib/libtorch_cpu.so)
frame #4: c10d::TCPStore::check(std::vector<std::__cxx11::basic_string<char, std::char_traits<char>, std::allocator<char> >, std::allocator<std::__cxx11::basic_string<char, std::char_traits<char>, std::allocator<char> > > > const&) + 0x30e (0x7f3b64fab18e in /opt/conda/lib/python3.11/site-packages/torch/lib/libtorch_cpu.so)
frame #5: c10d::ProcessGroupNCCL::HeartbeatMonitor::runLoop() + 0x398 (0x7f3b24490b18 in /opt/conda/lib/python3.11/site-packages/torch/lib/libtorch_cuda.so)
frame #6: <unknown function> + 0xd8198 (0x7f3b07e7e198 in /opt/conda/bin/../lib/libstdc++.so.6)
frame #7: <unknown function> + 0x94ac3 (0x7f3b827cdac3 in /lib/x86_64-linux-gnu/libc.so.6)
frame #8: <unknown function> + 0x126850 (0x7f3b8285f850 in /lib/x86_64-linux-gnu/libc.so.6)

[rank7]:[W724 04:53:13.308003884 ProcessGroupNCCL.cpp:1783] [PG ID 0 PG GUID 0(default_pg) Rank 7] Failed to check the "should dump" flag on TCPStore, (maybe TCPStore server has shut down too early), with error: Broken pipe
[rank2]:[W724 04:53:13.325302949 TCPStore.cpp:106] [c10d] sendBytes failed on SocketImpl(fd=73, addr=[localhost]:37294, remote=[localhost]:29600): Broken pipe
Exception raised from sendBytes at /pytorch/torch/csrc/distributed/c10d/Utils.hpp:653 (most recent call first):
frame #0: c10::Error::Error(c10::SourceLocation, std::__cxx11::basic_string<char, std::char_traits<char>, std::allocator<char> >) + 0x80 (0x7fe66977eeb0 in /opt/conda/lib/python3.11/site-packages/torch/lib/libc10.so)
frame #1: <unknown function> + 0x5d694d1 (0x7fe64d7ae4d1 in /opt/conda/lib/python3.11/site-packages/torch/lib/libtorch_cpu.so)
frame #2: <unknown function> + 0x5d69d62 (0x7fe64d7aed62 in /opt/conda/lib/python3.11/site-packages/torch/lib/libtorch_cpu.so)
frame #3: <unknown function> + 0x5d6b86e (0x7fe64d7b086e in /opt/conda/lib/python3.11/site-packages/torch/lib/libtorch_cpu.so)
frame #4: c10d::TCPStore::check(std::vector<std::__cxx11::basic_string<char, std::char_traits<char>, std::allocator<char> >, std::allocator<std::__cxx11::basic_string<char, std::char_traits<char>, std::allocator<char> > > > const&) + 0x30e (0x7fe64d7ab18e in /opt/conda/lib/python3.11/site-packages/torch/lib/libtorch_cpu.so)
frame #5: c10d::ProcessGroupNCCL::HeartbeatMonitor::runLoop() + 0x398 (0x7fe60cc90b18 in /opt/conda/lib/python3.11/site-packages/torch/lib/libtorch_cuda.so)
frame #6: <unknown function> + 0xd8198 (0x7fe5f067e198 in /opt/conda/bin/../lib/libstdc++.so.6)
frame #7: <unknown function> + 0x94ac3 (0x7fe66b020ac3 in /lib/x86_64-linux-gnu/libc.so.6)
frame #8: <unknown function> + 0x126850 (0x7fe66b0b2850 in /lib/x86_64-linux-gnu/libc.so.6)

[rank2]:[W724 04:53:13.330439900 ProcessGroupNCCL.cpp:1783] [PG ID 0 PG GUID 0(default_pg) Rank 2] Failed to check the "should dump" flag on TCPStore, (maybe TCPStore server has shut down too early), with error: Broken pipe
[rank5]:[W724 04:53:14.000933609 TCPStore.cpp:106] [c10d] sendBytes failed on SocketImpl(fd=36, addr=[localhost]:37284, remote=[localhost]:29600): Broken pipe
Exception raised from sendBytes at /pytorch/torch/csrc/distributed/c10d/Utils.hpp:653 (most recent call first):
frame #0: c10::Error::Error(c10::SourceLocation, std::__cxx11::basic_string<char, std::char_traits<char>, std::allocator<char> >) + 0x80 (0x7efdd22d9eb0 in /opt/conda/lib/python3.11/site-packages/torch/lib/libc10.so)
frame #1: <unknown function> + 0x5d694d1 (0x7efdb63ae4d1 in /opt/conda/lib/python3.11/site-packages/torch/lib/libtorch_cpu.so)
frame #2: <unknown function> + 0x5d69d62 (0x7efdb63aed62 in /opt/conda/lib/python3.11/site-packages/torch/lib/libtorch_cpu.so)
frame #3: <unknown function> + 0x5d6b86e (0x7efdb63b086e in /opt/conda/lib/python3.11/site-packages/torch/lib/libtorch_cpu.so)
frame #4: c10d::TCPStore::check(std::vector<std::__cxx11::basic_string<char, std::char_traits<char>, std::allocator<char> >, std::allocator<std::__cxx11::basic_string<char, std::char_traits<char>, std::allocator<char> > > > const&) + 0x30e (0x7efdb63ab18e in /opt/conda/lib/python3.11/site-packages/torch/lib/libtorch_cpu.so)
frame #5: c10d::ProcessGroupNCCL::HeartbeatMonitor::runLoop() + 0x398 (0x7efd75890b18 in /opt/conda/lib/python3.11/site-packages/torch/lib/libtorch_cuda.so)
frame #6: <unknown function> + 0xd8198 (0x7efd5927e198 in /opt/conda/bin/../lib/libstdc++.so.6)
frame #7: <unknown function> + 0x94ac3 (0x7efdd3ba0ac3 in /lib/x86_64-linux-gnu/libc.so.6)
frame #8: <unknown function> + 0x126850 (0x7efdd3c32850 in /lib/x86_64-linux-gnu/libc.so.6)

[rank5]:[W724 04:53:14.005096428 ProcessGroupNCCL.cpp:1783] [PG ID 0 PG GUID 0(default_pg) Rank 5] Failed to check the "should dump" flag on TCPStore, (maybe TCPStore server has shut down too early), with error: Broken pipe
[rank7]:[W724 04:53:14.308568243 TCPStore.cpp:106] [c10d] sendBytes failed on SocketImpl(fd=73, addr=[localhost]:40292, remote=[localhost]:29600): Broken pipe
Exception raised from sendBytes at /pytorch/torch/csrc/distributed/c10d/Utils.hpp:653 (most recent call first):
frame #0: c10::Error::Error(c10::SourceLocation, std::__cxx11::basic_string<char, std::char_traits<char>, std::allocator<char> >) + 0x80 (0x7f3b80f7eeb0 in /opt/conda/lib/python3.11/site-packages/torch/lib/libc10.so)
frame #1: <unknown function> + 0x5d694d1 (0x7f3b64fae4d1 in /opt/conda/lib/python3.11/site-packages/torch/lib/libtorch_cpu.so)
frame #2: <unknown function> + 0x5d69d62 (0x7f3b64faed62 in /opt/conda/lib/python3.11/site-packages/torch/lib/libtorch_cpu.so)
frame #3: <unknown function> + 0x5d6b86e (0x7f3b64fb086e in /opt/conda/lib/python3.11/site-packages/torch/lib/libtorch_cpu.so)
frame #4: c10d::TCPStore::check(std::vector<std::__cxx11::basic_string<char, std::char_traits<char>, std::allocator<char> >, std::allocator<std::__cxx11::basic_string<char, std::char_traits<char>, std::allocator<char> > > > const&) + 0x30e (0x7f3b64fab18e in /opt/conda/lib/python3.11/site-packages/torch/lib/libtorch_cpu.so)
frame #5: c10d::ProcessGroupNCCL::HeartbeatMonitor::runLoop() + 0x398 (0x7f3b24490b18 in /opt/conda/lib/python3.11/site-packages/torch/lib/libtorch_cuda.so)
frame #6: <unknown function> + 0xd8198 (0x7f3b07e7e198 in /opt/conda/bin/../lib/libstdc++.so.6)
frame #7: <unknown function> + 0x94ac3 (0x7f3b827cdac3 in /lib/x86_64-linux-gnu/libc.so.6)
frame #8: <unknown function> + 0x126850 (0x7f3b8285f850 in /lib/x86_64-linux-gnu/libc.so.6)

[rank7]:[W724 04:53:14.316448039 ProcessGroupNCCL.cpp:1783] [PG ID 0 PG GUID 0(default_pg) Rank 7] Failed to check the "should dump" flag on TCPStore, (maybe TCPStore server has shut down too early), with error: Broken pipe
[rank2]:[W724 04:53:14.331034029 TCPStore.cpp:106] [c10d] sendBytes failed on SocketImpl(fd=73, addr=[localhost]:37294, remote=[localhost]:29600): Broken pipe
Exception raised from sendBytes at /pytorch/torch/csrc/distributed/c10d/Utils.hpp:653 (most recent call first):
frame #0: c10::Error::Error(c10::SourceLocation, std::__cxx11::basic_string<char, std::char_traits<char>, std::allocator<char> >) + 0x80 (0x7fe66977eeb0 in /opt/conda/lib/python3.11/site-packages/torch/lib/libc10.so)
frame #1: <unknown function> + 0x5d694d1 (0x7fe64d7ae4d1 in /opt/conda/lib/python3.11/site-packages/torch/lib/libtorch_cpu.so)
frame #2: <unknown function> + 0x5d69d62 (0x7fe64d7aed62 in /opt/conda/lib/python3.11/site-packages/torch/lib/libtorch_cpu.so)
frame #3: <unknown function> + 0x5d6b86e (0x7fe64d7b086e in /opt/conda/lib/python3.11/site-packages/torch/lib/libtorch_cpu.so)
frame #4: c10d::TCPStore::check(std::vector<std::__cxx11::basic_string<char, std::char_traits<char>, std::allocator<char> >, std::allocator<std::__cxx11::basic_string<char, std::char_traits<char>, std::allocator<char> > > > const&) + 0x30e (0x7fe64d7ab18e in /opt/conda/lib/python3.11/site-packages/torch/lib/libtorch_cpu.so)
frame #5: c10d::ProcessGroupNCCL::HeartbeatMonitor::runLoop() + 0x398 (0x7fe60cc90b18 in /opt/conda/lib/python3.11/site-packages/torch/lib/libtorch_cuda.so)
frame #6: <unknown function> + 0xd8198 (0x7fe5f067e198 in /opt/conda/bin/../lib/libstdc++.so.6)
frame #7: <unknown function> + 0x94ac3 (0x7fe66b020ac3 in /lib/x86_64-linux-gnu/libc.so.6)
frame #8: <unknown function> + 0x126850 (0x7fe66b0b2850 in /lib/x86_64-linux-gnu/libc.so.6)

[rank2]:[W724 04:53:14.336697860 ProcessGroupNCCL.cpp:1783] [PG ID 0 PG GUID 0(default_pg) Rank 2] Failed to check the "should dump" flag on TCPStore, (maybe TCPStore server has shut down too early), with error: Broken pipe
[rank5]:[W724 04:53:15.005896097 TCPStore.cpp:106] [c10d] sendBytes failed on SocketImpl(fd=36, addr=[localhost]:37284, remote=[localhost]:29600): Broken pipe
Exception raised from sendBytes at /pytorch/torch/csrc/distributed/c10d/Utils.hpp:653 (most recent call first):
frame #0: c10::Error::Error(c10::SourceLocation, std::__cxx11::basic_string<char, std::char_traits<char>, std::allocator<char> >) + 0x80 (0x7efdd22d9eb0 in /opt/conda/lib/python3.11/site-packages/torch/lib/libc10.so)
frame #1: <unknown function> + 0x5d694d1 (0x7efdb63ae4d1 in /opt/conda/lib/python3.11/site-packages/torch/lib/libtorch_cpu.so)
frame #2: <unknown function> + 0x5d69d62 (0x7efdb63aed62 in /opt/conda/lib/python3.11/site-packages/torch/lib/libtorch_cpu.so)
frame #3: <unknown function> + 0x5d6b86e (0x7efdb63b086e in /opt/conda/lib/python3.11/site-packages/torch/lib/libtorch_cpu.so)
frame #4: c10d::TCPStore::check(std::vector<std::__cxx11::basic_string<char, std::char_traits<char>, std::allocator<char> >, std::allocator<std::__cxx11::basic_string<char, std::char_traits<char>, std::allocator<char> > > > const&) + 0x30e (0x7efdb63ab18e in /opt/conda/lib/python3.11/site-packages/torch/lib/libtorch_cpu.so)
frame #5: c10d::ProcessGroupNCCL::HeartbeatMonitor::runLoop() + 0x398 (0x7efd75890b18 in /opt/conda/lib/python3.11/site-packages/torch/lib/libtorch_cuda.so)
frame #6: <unknown function> + 0xd8198 (0x7efd5927e198 in /opt/conda/bin/../lib/libstdc++.so.6)
frame #7: <unknown function> + 0x94ac3 (0x7efdd3ba0ac3 in /lib/x86_64-linux-gnu/libc.so.6)
frame #8: <unknown function> + 0x126850 (0x7efdd3c32850 in /lib/x86_64-linux-gnu/libc.so.6)

[rank5]:[W724 04:53:15.009980686 ProcessGroupNCCL.cpp:1783] [PG ID 0 PG GUID 0(default_pg) Rank 5] Failed to check the "should dump" flag on TCPStore, (maybe TCPStore server has shut down too early), with error: Broken pipe
[rank7]:[W724 04:53:15.317186289 TCPStore.cpp:106] [c10d] sendBytes failed on SocketImpl(fd=73, addr=[localhost]:40292, remote=[localhost]:29600): Broken pipe
Exception raised from sendBytes at /pytorch/torch/csrc/distributed/c10d/Utils.hpp:653 (most recent call first):
frame #0: c10::Error::Error(c10::SourceLocation, std::__cxx11::basic_string<char, std::char_traits<char>, std::allocator<char> >) + 0x80 (0x7f3b80f7eeb0 in /opt/conda/lib/python3.11/site-packages/torch/lib/libc10.so)
frame #1: <unknown function> + 0x5d694d1 (0x7f3b64fae4d1 in /opt/conda/lib/python3.11/site-packages/torch/lib/libtorch_cpu.so)
frame #2: <unknown function> + 0x5d69d62 (0x7f3b64faed62 in /opt/conda/lib/python3.11/site-packages/torch/lib/libtorch_cpu.so)
frame #3: <unknown function> + 0x5d6b86e (0x7f3b64fb086e in /opt/conda/lib/python3.11/site-packages/torch/lib/libtorch_cpu.so)
frame #4: c10d::TCPStore::check(std::vector<std::__cxx11::basic_string<char, std::char_traits<char>, std::allocator<char> >, std::allocator<std::__cxx11::basic_string<char, std::char_traits<char>, std::allocator<char> > > > const&) + 0x30e (0x7f3b64fab18e in /opt/conda/lib/python3.11/site-packages/torch/lib/libtorch_cpu.so)
frame #5: c10d::ProcessGroupNCCL::HeartbeatMonitor::runLoop() + 0x398 (0x7f3b24490b18 in /opt/conda/lib/python3.11/site-packages/torch/lib/libtorch_cuda.so)
frame #6: <unknown function> + 0xd8198 (0x7f3b07e7e198 in /opt/conda/bin/../lib/libstdc++.so.6)
frame #7: <unknown function> + 0x94ac3 (0x7f3b827cdac3 in /lib/x86_64-linux-gnu/libc.so.6)
frame #8: <unknown function> + 0x126850 (0x7f3b8285f850 in /lib/x86_64-linux-gnu/libc.so.6)

[rank7]:[W724 04:53:15.321453777 ProcessGroupNCCL.cpp:1783] [PG ID 0 PG GUID 0(default_pg) Rank 7] Failed to check the "should dump" flag on TCPStore, (maybe TCPStore server has shut down too early), with error: Broken pipe
[rank2]:[W724 04:53:15.337168669 TCPStore.cpp:106] [c10d] sendBytes failed on SocketImpl(fd=73, addr=[localhost]:37294, remote=[localhost]:29600): Broken pipe
Exception raised from sendBytes at /pytorch/torch/csrc/distributed/c10d/Utils.hpp:653 (most recent call first):
frame #0: c10::Error::Error(c10::SourceLocation, std::__cxx11::basic_string<char, std::char_traits<char>, std::allocator<char> >) + 0x80 (0x7fe66977eeb0 in /opt/conda/lib/python3.11/site-packages/torch/lib/libc10.so)
frame #1: <unknown function> + 0x5d694d1 (0x7fe64d7ae4d1 in /opt/conda/lib/python3.11/site-packages/torch/lib/libtorch_cpu.so)
frame #2: <unknown function> + 0x5d69d62 (0x7fe64d7aed62 in /opt/conda/lib/python3.11/site-packages/torch/lib/libtorch_cpu.so)
frame #3: <unknown function> + 0x5d6b86e (0x7fe64d7b086e in /opt/conda/lib/python3.11/site-packages/torch/lib/libtorch_cpu.so)
frame #4: c10d::TCPStore::check(std::vector<std::__cxx11::basic_string<char, std::char_traits<char>, std::allocator<char> >, std::allocator<std::__cxx11::basic_string<char, std::char_traits<char>, std::allocator<char> > > > const&) + 0x30e (0x7fe64d7ab18e in /opt/conda/lib/python3.11/site-packages/torch/lib/libtorch_cpu.so)
frame #5: c10d::ProcessGroupNCCL::HeartbeatMonitor::runLoop() + 0x398 (0x7fe60cc90b18 in /opt/conda/lib/python3.11/site-packages/torch/lib/libtorch_cuda.so)
frame #6: <unknown function> + 0xd8198 (0x7fe5f067e198 in /opt/conda/bin/../lib/libstdc++.so.6)
frame #7: <unknown function> + 0x94ac3 (0x7fe66b020ac3 in /lib/x86_64-linux-gnu/libc.so.6)
frame #8: <unknown function> + 0x126850 (0x7fe66b0b2850 in /lib/x86_64-linux-gnu/libc.so.6)

[rank2]:[W724 04:53:15.342091629 ProcessGroupNCCL.cpp:1783] [PG ID 0 PG GUID 0(default_pg) Rank 2] Failed to check the "should dump" flag on TCPStore, (maybe TCPStore server has shut down too early), with error: Broken pipe
[rank5]:[W724 04:53:16.010481305 TCPStore.cpp:106] [c10d] sendBytes failed on SocketImpl(fd=36, addr=[localhost]:37284, remote=[localhost]:29600): Broken pipe
Exception raised from sendBytes at /pytorch/torch/csrc/distributed/c10d/Utils.hpp:653 (most recent call first):
frame #0: c10::Error::Error(c10::SourceLocation, std::__cxx11::basic_string<char, std::char_traits<char>, std::allocator<char> >) + 0x80 (0x7efdd22d9eb0 in /opt/conda/lib/python3.11/site-packages/torch/lib/libc10.so)
frame #1: <unknown function> + 0x5d694d1 (0x7efdb63ae4d1 in /opt/conda/lib/python3.11/site-packages/torch/lib/libtorch_cpu.so)
frame #2: <unknown function> + 0x5d69d62 (0x7efdb63aed62 in /opt/conda/lib/python3.11/site-packages/torch/lib/libtorch_cpu.so)
frame #3: <unknown function> + 0x5d6b86e (0x7efdb63b086e in /opt/conda/lib/python3.11/site-packages/torch/lib/libtorch_cpu.so)
frame #4: c10d::TCPStore::check(std::vector<std::__cxx11::basic_string<char, std::char_traits<char>, std::allocator<char> >, std::allocator<std::__cxx11::basic_string<char, std::char_traits<char>, std::allocator<char> > > > const&) + 0x30e (0x7efdb63ab18e in /opt/conda/lib/python3.11/site-packages/torch/lib/libtorch_cpu.so)
frame #5: c10d::ProcessGroupNCCL::HeartbeatMonitor::runLoop() + 0x398 (0x7efd75890b18 in /opt/conda/lib/python3.11/site-packages/torch/lib/libtorch_cuda.so)
frame #6: <unknown function> + 0xd8198 (0x7efd5927e198 in /opt/conda/bin/../lib/libstdc++.so.6)
frame #7: <unknown function> + 0x94ac3 (0x7efdd3ba0ac3 in /lib/x86_64-linux-gnu/libc.so.6)
frame #8: <unknown function> + 0x126850 (0x7efdd3c32850 in /lib/x86_64-linux-gnu/libc.so.6)

[rank5]:[W724 04:53:16.014456213 ProcessGroupNCCL.cpp:1783] [PG ID 0 PG GUID 0(default_pg) Rank 5] Failed to check the "should dump" flag on TCPStore, (maybe TCPStore server has shut down too early), with error: Broken pipe
[rank7]:[W724 04:53:16.321871496 TCPStore.cpp:106] [c10d] sendBytes failed on SocketImpl(fd=73, addr=[localhost]:40292, remote=[localhost]:29600): Broken pipe
Exception raised from sendBytes at /pytorch/torch/csrc/distributed/c10d/Utils.hpp:653 (most recent call first):
frame #0: c10::Error::Error(c10::SourceLocation, std::__cxx11::basic_string<char, std::char_traits<char>, std::allocator<char> >) + 0x80 (0x7f3b80f7eeb0 in /opt/conda/lib/python3.11/site-packages/torch/lib/libc10.so)
frame #1: <unknown function> + 0x5d694d1 (0x7f3b64fae4d1 in /opt/conda/lib/python3.11/site-packages/torch/lib/libtorch_cpu.so)
frame #2: <unknown function> + 0x5d69d62 (0x7f3b64faed62 in /opt/conda/lib/python3.11/site-packages/torch/lib/libtorch_cpu.so)
frame #3: <unknown function> + 0x5d6b86e (0x7f3b64fb086e in /opt/conda/lib/python3.11/site-packages/torch/lib/libtorch_cpu.so)
frame #4: c10d::TCPStore::check(std::vector<std::__cxx11::basic_string<char, std::char_traits<char>, std::allocator<char> >, std::allocator<std::__cxx11::basic_string<char, std::char_traits<char>, std::allocator<char> > > > const&) + 0x30e (0x7f3b64fab18e in /opt/conda/lib/python3.11/site-packages/torch/lib/libtorch_cpu.so)
frame #5: c10d::ProcessGroupNCCL::HeartbeatMonitor::runLoop() + 0x398 (0x7f3b24490b18 in /opt/conda/lib/python3.11/site-packages/torch/lib/libtorch_cuda.so)
frame #6: <unknown function> + 0xd8198 (0x7f3b07e7e198 in /opt/conda/bin/../lib/libstdc++.so.6)
frame #7: <unknown function> + 0x94ac3 (0x7f3b827cdac3 in /lib/x86_64-linux-gnu/libc.so.6)
frame #8: <unknown function> + 0x126850 (0x7f3b8285f850 in /lib/x86_64-linux-gnu/libc.so.6)

[rank7]:[W724 04:53:16.326706126 ProcessGroupNCCL.cpp:1783] [PG ID 0 PG GUID 0(default_pg) Rank 7] Failed to check the "should dump" flag on TCPStore, (maybe TCPStore server has shut down too early), with error: Broken pipe
[rank2]:[W724 04:53:16.342416238 TCPStore.cpp:106] [c10d] sendBytes failed on SocketImpl(fd=73, addr=[localhost]:37294, remote=[localhost]:29600): Broken pipe
Exception raised from sendBytes at /pytorch/torch/csrc/distributed/c10d/Utils.hpp:653 (most recent call first):
frame #0: c10::Error::Error(c10::SourceLocation, std::__cxx11::basic_string<char, std::char_traits<char>, std::allocator<char> >) + 0x80 (0x7fe66977eeb0 in /opt/conda/lib/python3.11/site-packages/torch/lib/libc10.so)
frame #1: <unknown function> + 0x5d694d1 (0x7fe64d7ae4d1 in /opt/conda/lib/python3.11/site-packages/torch/lib/libtorch_cpu.so)
frame #2: <unknown function> + 0x5d69d62 (0x7fe64d7aed62 in /opt/conda/lib/python3.11/site-packages/torch/lib/libtorch_cpu.so)
frame #3: <unknown function> + 0x5d6b86e (0x7fe64d7b086e in /opt/conda/lib/python3.11/site-packages/torch/lib/libtorch_cpu.so)
frame #4: c10d::TCPStore::check(std::vector<std::__cxx11::basic_string<char, std::char_traits<char>, std::allocator<char> >, std::allocator<std::__cxx11::basic_string<char, std::char_traits<char>, std::allocator<char> > > > const&) + 0x30e (0x7fe64d7ab18e in /opt/conda/lib/python3.11/site-packages/torch/lib/libtorch_cpu.so)
frame #5: c10d::ProcessGroupNCCL::HeartbeatMonitor::runLoop() + 0x398 (0x7fe60cc90b18 in /opt/conda/lib/python3.11/site-packages/torch/lib/libtorch_cuda.so)
frame #6: <unknown function> + 0xd8198 (0x7fe5f067e198 in /opt/conda/bin/../lib/libstdc++.so.6)
frame #7: <unknown function> + 0x94ac3 (0x7fe66b020ac3 in /lib/x86_64-linux-gnu/libc.so.6)
frame #8: <unknown function> + 0x126850 (0x7fe66b0b2850 in /lib/x86_64-linux-gnu/libc.so.6)

[rank2]:[W724 04:53:16.345943235 ProcessGroupNCCL.cpp:1783] [PG ID 0 PG GUID 0(default_pg) Rank 2] Failed to check the "should dump" flag on TCPStore, (maybe TCPStore server has shut down too early), with error: Broken pipe
[rank5]:[W724 04:53:17.014907971 TCPStore.cpp:106] [c10d] sendBytes failed on SocketImpl(fd=36, addr=[localhost]:37284, remote=[localhost]:29600): Broken pipe
Exception raised from sendBytes at /pytorch/torch/csrc/distributed/c10d/Utils.hpp:653 (most recent call first):
frame #0: c10::Error::Error(c10::SourceLocation, std::__cxx11::basic_string<char, std::char_traits<char>, std::allocator<char> >) + 0x80 (0x7efdd22d9eb0 in /opt/conda/lib/python3.11/site-packages/torch/lib/libc10.so)
frame #1: <unknown function> + 0x5d694d1 (0x7efdb63ae4d1 in /opt/conda/lib/python3.11/site-packages/torch/lib/libtorch_cpu.so)
frame #2: <unknown function> + 0x5d69d62 (0x7efdb63aed62 in /opt/conda/lib/python3.11/site-packages/torch/lib/libtorch_cpu.so)
frame #3: <unknown function> + 0x5d6b86e (0x7efdb63b086e in /opt/conda/lib/python3.11/site-packages/torch/lib/libtorch_cpu.so)
frame #4: c10d::TCPStore::check(std::vector<std::__cxx11::basic_string<char, std::char_traits<char>, std::allocator<char> >, std::allocator<std::__cxx11::basic_string<char, std::char_traits<char>, std::allocator<char> > > > const&) + 0x30e (0x7efdb63ab18e in /opt/conda/lib/python3.11/site-packages/torch/lib/libtorch_cpu.so)
frame #5: c10d::ProcessGroupNCCL::HeartbeatMonitor::runLoop() + 0x398 (0x7efd75890b18 in /opt/conda/lib/python3.11/site-packages/torch/lib/libtorch_cuda.so)
frame #6: <unknown function> + 0xd8198 (0x7efd5927e198 in /opt/conda/bin/../lib/libstdc++.so.6)
frame #7: <unknown function> + 0x94ac3 (0x7efdd3ba0ac3 in /lib/x86_64-linux-gnu/libc.so.6)
frame #8: <unknown function> + 0x126850 (0x7efdd3c32850 in /lib/x86_64-linux-gnu/libc.so.6)

[rank5]:[W724 04:53:17.020038832 ProcessGroupNCCL.cpp:1783] [PG ID 0 PG GUID 0(default_pg) Rank 5] Failed to check the "should dump" flag on TCPStore, (maybe TCPStore server has shut down too early), with error: Broken pipe
[rank7]:[W724 04:53:17.327128145 TCPStore.cpp:106] [c10d] sendBytes failed on SocketImpl(fd=73, addr=[localhost]:40292, remote=[localhost]:29600): Broken pipe
Exception raised from sendBytes at /pytorch/torch/csrc/distributed/c10d/Utils.hpp:653 (most recent call first):
frame #0: c10::Error::Error(c10::SourceLocation, std::__cxx11::basic_string<char, std::char_traits<char>, std::allocator<char> >) + 0x80 (0x7f3b80f7eeb0 in /opt/conda/lib/python3.11/site-packages/torch/lib/libc10.so)
frame #1: <unknown function> + 0x5d694d1 (0x7f3b64fae4d1 in /opt/conda/lib/python3.11/site-packages/torch/lib/libtorch_cpu.so)
frame #2: <unknown function> + 0x5d69d62 (0x7f3b64faed62 in /opt/conda/lib/python3.11/site-packages/torch/lib/libtorch_cpu.so)
frame #3: <unknown function> + 0x5d6b86e (0x7f3b64fb086e in /opt/conda/lib/python3.11/site-packages/torch/lib/libtorch_cpu.so)
frame #4: c10d::TCPStore::check(std::vector<std::__cxx11::basic_string<char, std::char_traits<char>, std::allocator<char> >, std::allocator<std::__cxx11::basic_string<char, std::char_traits<char>, std::allocator<char> > > > const&) + 0x30e (0x7f3b64fab18e in /opt/conda/lib/python3.11/site-packages/torch/lib/libtorch_cpu.so)
frame #5: c10d::ProcessGroupNCCL::HeartbeatMonitor::runLoop() + 0x398 (0x7f3b24490b18 in /opt/conda/lib/python3.11/site-packages/torch/lib/libtorch_cuda.so)
frame #6: <unknown function> + 0xd8198 (0x7f3b07e7e198 in /opt/conda/bin/../lib/libstdc++.so.6)
frame #7: <unknown function> + 0x94ac3 (0x7f3b827cdac3 in /lib/x86_64-linux-gnu/libc.so.6)
frame #8: <unknown function> + 0x126850 (0x7f3b8285f850 in /lib/x86_64-linux-gnu/libc.so.6)

[rank7]:[W724 04:53:17.331934224 ProcessGroupNCCL.cpp:1783] [PG ID 0 PG GUID 0(default_pg) Rank 7] Failed to check the "should dump" flag on TCPStore, (maybe TCPStore server has shut down too early), with error: Broken pipe
[rank2]:[W724 04:53:17.346401324 TCPStore.cpp:106] [c10d] sendBytes failed on SocketImpl(fd=73, addr=[localhost]:37294, remote=[localhost]:29600): Broken pipe
Exception raised from sendBytes at /pytorch/torch/csrc/distributed/c10d/Utils.hpp:653 (most recent call first):
frame #0: c10::Error::Error(c10::SourceLocation, std::__cxx11::basic_string<char, std::char_traits<char>, std::allocator<char> >) + 0x80 (0x7fe66977eeb0 in /opt/conda/lib/python3.11/site-packages/torch/lib/libc10.so)
frame #1: <unknown function> + 0x5d694d1 (0x7fe64d7ae4d1 in /opt/conda/lib/python3.11/site-packages/torch/lib/libtorch_cpu.so)
frame #2: <unknown function> + 0x5d69d62 (0x7fe64d7aed62 in /opt/conda/lib/python3.11/site-packages/torch/lib/libtorch_cpu.so)
frame #3: <unknown function> + 0x5d6b86e (0x7fe64d7b086e in /opt/conda/lib/python3.11/site-packages/torch/lib/libtorch_cpu.so)
frame #4: c10d::TCPStore::check(std::vector<std::__cxx11::basic_string<char, std::char_traits<char>, std::allocator<char> >, std::allocator<std::__cxx11::basic_string<char, std::char_traits<char>, std::allocator<char> > > > const&) + 0x30e (0x7fe64d7ab18e in /opt/conda/lib/python3.11/site-packages/torch/lib/libtorch_cpu.so)
frame #5: c10d::ProcessGroupNCCL::HeartbeatMonitor::runLoop() + 0x398 (0x7fe60cc90b18 in /opt/conda/lib/python3.11/site-packages/torch/lib/libtorch_cuda.so)
frame #6: <unknown function> + 0xd8198 (0x7fe5f067e198 in /opt/conda/bin/../lib/libstdc++.so.6)
frame #7: <unknown function> + 0x94ac3 (0x7fe66b020ac3 in /lib/x86_64-linux-gnu/libc.so.6)
frame #8: <unknown function> + 0x126850 (0x7fe66b0b2850 in /lib/x86_64-linux-gnu/libc.so.6)

[rank2]:[W724 04:53:17.349883361 ProcessGroupNCCL.cpp:1783] [PG ID 0 PG GUID 0(default_pg) Rank 2] Failed to check the "should dump" flag on TCPStore, (maybe TCPStore server has shut down too early), with error: Broken pipe
[rank5]:[W724 04:53:18.020544701 TCPStore.cpp:106] [c10d] sendBytes failed on SocketImpl(fd=36, addr=[localhost]:37284, remote=[localhost]:29600): Broken pipe
Exception raised from sendBytes at /pytorch/torch/csrc/distributed/c10d/Utils.hpp:653 (most recent call first):
frame #0: c10::Error::Error(c10::SourceLocation, std::__cxx11::basic_string<char, std::char_traits<char>, std::allocator<char> >) + 0x80 (0x7efdd22d9eb0 in /opt/conda/lib/python3.11/site-packages/torch/lib/libc10.so)
frame #1: <unknown function> + 0x5d694d1 (0x7efdb63ae4d1 in /opt/conda/lib/python3.11/site-packages/torch/lib/libtorch_cpu.so)
frame #2: <unknown function> + 0x5d69d62 (0x7efdb63aed62 in /opt/conda/lib/python3.11/site-packages/torch/lib/libtorch_cpu.so)
frame #3: <unknown function> + 0x5d6b86e (0x7efdb63b086e in /opt/conda/lib/python3.11/site-packages/torch/lib/libtorch_cpu.so)
frame #4: c10d::TCPStore::check(std::vector<std::__cxx11::basic_string<char, std::char_traits<char>, std::allocator<char> >, std::allocator<std::__cxx11::basic_string<char, std::char_traits<char>, std::allocator<char> > > > const&) + 0x30e (0x7efdb63ab18e in /opt/conda/lib/python3.11/site-packages/torch/lib/libtorch_cpu.so)
frame #5: c10d::ProcessGroupNCCL::HeartbeatMonitor::runLoop() + 0x398 (0x7efd75890b18 in /opt/conda/lib/python3.11/site-packages/torch/lib/libtorch_cuda.so)
frame #6: <unknown function> + 0xd8198 (0x7efd5927e198 in /opt/conda/bin/../lib/libstdc++.so.6)
frame #7: <unknown function> + 0x94ac3 (0x7efdd3ba0ac3 in /lib/x86_64-linux-gnu/libc.so.6)
frame #8: <unknown function> + 0x126850 (0x7efdd3c32850 in /lib/x86_64-linux-gnu/libc.so.6)

[rank5]:[W724 04:53:18.024327798 ProcessGroupNCCL.cpp:1783] [PG ID 0 PG GUID 0(default_pg) Rank 5] Failed to check the "should dump" flag on TCPStore, (maybe TCPStore server has shut down too early), with error: Broken pipe
[rank7]:[W724 04:53:18.332432993 TCPStore.cpp:106] [c10d] sendBytes failed on SocketImpl(fd=73, addr=[localhost]:40292, remote=[localhost]:29600): Broken pipe
Exception raised from sendBytes at /pytorch/torch/csrc/distributed/c10d/Utils.hpp:653 (most recent call first):
frame #0: c10::Error::Error(c10::SourceLocation, std::__cxx11::basic_string<char, std::char_traits<char>, std::allocator<char> >) + 0x80 (0x7f3b80f7eeb0 in /opt/conda/lib/python3.11/site-packages/torch/lib/libc10.so)
frame #1: <unknown function> + 0x5d694d1 (0x7f3b64fae4d1 in /opt/conda/lib/python3.11/site-packages/torch/lib/libtorch_cpu.so)
frame #2: <unknown function> + 0x5d69d62 (0x7f3b64faed62 in /opt/conda/lib/python3.11/site-packages/torch/lib/libtorch_cpu.so)
frame #3: <unknown function> + 0x5d6b86e (0x7f3b64fb086e in /opt/conda/lib/python3.11/site-packages/torch/lib/libtorch_cpu.so)
frame #4: c10d::TCPStore::check(std::vector<std::__cxx11::basic_string<char, std::char_traits<char>, std::allocator<char> >, std::allocator<std::__cxx11::basic_string<char, std::char_traits<char>, std::allocator<char> > > > const&) + 0x30e (0x7f3b64fab18e in /opt/conda/lib/python3.11/site-packages/torch/lib/libtorch_cpu.so)
frame #5: c10d::ProcessGroupNCCL::HeartbeatMonitor::runLoop() + 0x398 (0x7f3b24490b18 in /opt/conda/lib/python3.11/site-packages/torch/lib/libtorch_cuda.so)
frame #6: <unknown function> + 0xd8198 (0x7f3b07e7e198 in /opt/conda/bin/../lib/libstdc++.so.6)
frame #7: <unknown function> + 0x94ac3 (0x7f3b827cdac3 in /lib/x86_64-linux-gnu/libc.so.6)
frame #8: <unknown function> + 0x126850 (0x7f3b8285f850 in /lib/x86_64-linux-gnu/libc.so.6)

[rank7]:[W724 04:53:18.336339031 ProcessGroupNCCL.cpp:1783] [PG ID 0 PG GUID 0(default_pg) Rank 7] Failed to check the "should dump" flag on TCPStore, (maybe TCPStore server has shut down too early), with error: Broken pipe
[rank2]:[W724 04:53:18.350339939 TCPStore.cpp:106] [c10d] sendBytes failed on SocketImpl(fd=73, addr=[localhost]:37294, remote=[localhost]:29600): Broken pipe
Exception raised from sendBytes at /pytorch/torch/csrc/distributed/c10d/Utils.hpp:653 (most recent call first):
frame #0: c10::Error::Error(c10::SourceLocation, std::__cxx11::basic_string<char, std::char_traits<char>, std::allocator<char> >) + 0x80 (0x7fe66977eeb0 in /opt/conda/lib/python3.11/site-packages/torch/lib/libc10.so)
frame #1: <unknown function> + 0x5d694d1 (0x7fe64d7ae4d1 in /opt/conda/lib/python3.11/site-packages/torch/lib/libtorch_cpu.so)
frame #2: <unknown function> + 0x5d69d62 (0x7fe64d7aed62 in /opt/conda/lib/python3.11/site-packages/torch/lib/libtorch_cpu.so)
frame #3: <unknown function> + 0x5d6b86e (0x7fe64d7b086e in /opt/conda/lib/python3.11/site-packages/torch/lib/libtorch_cpu.so)
frame #4: c10d::TCPStore::check(std::vector<std::__cxx11::basic_string<char, std::char_traits<char>, std::allocator<char> >, std::allocator<std::__cxx11::basic_string<char, std::char_traits<char>, std::allocator<char> > > > const&) + 0x30e (0x7fe64d7ab18e in /opt/conda/lib/python3.11/site-packages/torch/lib/libtorch_cpu.so)
frame #5: c10d::ProcessGroupNCCL::HeartbeatMonitor::runLoop() + 0x398 (0x7fe60cc90b18 in /opt/conda/lib/python3.11/site-packages/torch/lib/libtorch_cuda.so)
frame #6: <unknown function> + 0xd8198 (0x7fe5f067e198 in /opt/conda/bin/../lib/libstdc++.so.6)
frame #7: <unknown function> + 0x94ac3 (0x7fe66b020ac3 in /lib/x86_64-linux-gnu/libc.so.6)
frame #8: <unknown function> + 0x126850 (0x7fe66b0b2850 in /lib/x86_64-linux-gnu/libc.so.6)

[rank2]:[W724 04:53:18.353997917 ProcessGroupNCCL.cpp:1783] [PG ID 0 PG GUID 0(default_pg) Rank 2] Failed to check the "should dump" flag on TCPStore, (maybe TCPStore server has shut down too early), with error: Broken pipe
[rank5]:[W724 04:53:19.024928137 TCPStore.cpp:106] [c10d] sendBytes failed on SocketImpl(fd=36, addr=[localhost]:37284, remote=[localhost]:29600): Broken pipe
Exception raised from sendBytes at /pytorch/torch/csrc/distributed/c10d/Utils.hpp:653 (most recent call first):
frame #0: c10::Error::Error(c10::SourceLocation, std::__cxx11::basic_string<char, std::char_traits<char>, std::allocator<char> >) + 0x80 (0x7efdd22d9eb0 in /opt/conda/lib/python3.11/site-packages/torch/lib/libc10.so)
frame #1: <unknown function> + 0x5d694d1 (0x7efdb63ae4d1 in /opt/conda/lib/python3.11/site-packages/torch/lib/libtorch_cpu.so)
frame #2: <unknown function> + 0x5d69d62 (0x7efdb63aed62 in /opt/conda/lib/python3.11/site-packages/torch/lib/libtorch_cpu.so)
frame #3: <unknown function> + 0x5d6b86e (0x7efdb63b086e in /opt/conda/lib/python3.11/site-packages/torch/lib/libtorch_cpu.so)
frame #4: c10d::TCPStore::check(std::vector<std::__cxx11::basic_string<char, std::char_traits<char>, std::allocator<char> >, std::allocator<std::__cxx11::basic_string<char, std::char_traits<char>, std::allocator<char> > > > const&) + 0x30e (0x7efdb63ab18e in /opt/conda/lib/python3.11/site-packages/torch/lib/libtorch_cpu.so)
frame #5: c10d::ProcessGroupNCCL::HeartbeatMonitor::runLoop() + 0x398 (0x7efd75890b18 in /opt/conda/lib/python3.11/site-packages/torch/lib/libtorch_cuda.so)
frame #6: <unknown function> + 0xd8198 (0x7efd5927e198 in /opt/conda/bin/../lib/libstdc++.so.6)
frame #7: <unknown function> + 0x94ac3 (0x7efdd3ba0ac3 in /lib/x86_64-linux-gnu/libc.so.6)
frame #8: <unknown function> + 0x126850 (0x7efdd3c32850 in /lib/x86_64-linux-gnu/libc.so.6)

[rank5]:[W724 04:53:19.028363204 ProcessGroupNCCL.cpp:1783] [PG ID 0 PG GUID 0(default_pg) Rank 5] Failed to check the "should dump" flag on TCPStore, (maybe TCPStore server has shut down too early), with error: Broken pipe
[rank7]:[W724 04:53:19.336797420 TCPStore.cpp:106] [c10d] sendBytes failed on SocketImpl(fd=73, addr=[localhost]:40292, remote=[localhost]:29600): Broken pipe
Exception raised from sendBytes at /pytorch/torch/csrc/distributed/c10d/Utils.hpp:653 (most recent call first):
frame #0: c10::Error::Error(c10::SourceLocation, std::__cxx11::basic_string<char, std::char_traits<char>, std::allocator<char> >) + 0x80 (0x7f3b80f7eeb0 in /opt/conda/lib/python3.11/site-packages/torch/lib/libc10.so)
frame #1: <unknown function> + 0x5d694d1 (0x7f3b64fae4d1 in /opt/conda/lib/python3.11/site-packages/torch/lib/libtorch_cpu.so)
frame #2: <unknown function> + 0x5d69d62 (0x7f3b64faed62 in /opt/conda/lib/python3.11/site-packages/torch/lib/libtorch_cpu.so)
frame #3: <unknown function> + 0x5d6b86e (0x7f3b64fb086e in /opt/conda/lib/python3.11/site-packages/torch/lib/libtorch_cpu.so)
frame #4: c10d::TCPStore::check(std::vector<std::__cxx11::basic_string<char, std::char_traits<char>, std::allocator<char> >, std::allocator<std::__cxx11::basic_string<char, std::char_traits<char>, std::allocator<char> > > > const&) + 0x30e (0x7f3b64fab18e in /opt/conda/lib/python3.11/site-packages/torch/lib/libtorch_cpu.so)
frame #5: c10d::ProcessGroupNCCL::HeartbeatMonitor::runLoop() + 0x398 (0x7f3b24490b18 in /opt/conda/lib/python3.11/site-packages/torch/lib/libtorch_cuda.so)
frame #6: <unknown function> + 0xd8198 (0x7f3b07e7e198 in /opt/conda/bin/../lib/libstdc++.so.6)
frame #7: <unknown function> + 0x94ac3 (0x7f3b827cdac3 in /lib/x86_64-linux-gnu/libc.so.6)
frame #8: <unknown function> + 0x126850 (0x7f3b8285f850 in /lib/x86_64-linux-gnu/libc.so.6)

[rank7]:[W724 04:53:19.341527719 ProcessGroupNCCL.cpp:1783] [PG ID 0 PG GUID 0(default_pg) Rank 7] Failed to check the "should dump" flag on TCPStore, (maybe TCPStore server has shut down too early), with error: Broken pipe
[rank2]:[W724 04:53:19.354584086 TCPStore.cpp:106] [c10d] sendBytes failed on SocketImpl(fd=73, addr=[localhost]:37294, remote=[localhost]:29600): Broken pipe
Exception raised from sendBytes at /pytorch/torch/csrc/distributed/c10d/Utils.hpp:653 (most recent call first):
frame #0: c10::Error::Error(c10::SourceLocation, std::__cxx11::basic_string<char, std::char_traits<char>, std::allocator<char> >) + 0x80 (0x7fe66977eeb0 in /opt/conda/lib/python3.11/site-packages/torch/lib/libc10.so)
frame #1: <unknown function> + 0x5d694d1 (0x7fe64d7ae4d1 in /opt/conda/lib/python3.11/site-packages/torch/lib/libtorch_cpu.so)
frame #2: <unknown function> + 0x5d69d62 (0x7fe64d7aed62 in /opt/conda/lib/python3.11/site-packages/torch/lib/libtorch_cpu.so)
frame #3: <unknown function> + 0x5d6b86e (0x7fe64d7b086e in /opt/conda/lib/python3.11/site-packages/torch/lib/libtorch_cpu.so)
frame #4: c10d::TCPStore::check(std::vector<std::__cxx11::basic_string<char, std::char_traits<char>, std::allocator<char> >, std::allocator<std::__cxx11::basic_string<char, std::char_traits<char>, std::allocator<char> > > > const&) + 0x30e (0x7fe64d7ab18e in /opt/conda/lib/python3.11/site-packages/torch/lib/libtorch_cpu.so)
frame #5: c10d::ProcessGroupNCCL::HeartbeatMonitor::runLoop() + 0x398 (0x7fe60cc90b18 in /opt/conda/lib/python3.11/site-packages/torch/lib/libtorch_cuda.so)
frame #6: <unknown function> + 0xd8198 (0x7fe5f067e198 in /opt/conda/bin/../lib/libstdc++.so.6)
frame #7: <unknown function> + 0x94ac3 (0x7fe66b020ac3 in /lib/x86_64-linux-gnu/libc.so.6)
frame #8: <unknown function> + 0x126850 (0x7fe66b0b2850 in /lib/x86_64-linux-gnu/libc.so.6)

[rank2]:[W724 04:53:19.358065363 ProcessGroupNCCL.cpp:1783] [PG ID 0 PG GUID 0(default_pg) Rank 2] Failed to check the "should dump" flag on TCPStore, (maybe TCPStore server has shut down too early), with error: Broken pipe
[rank5]:[W724 04:53:20.028816483 TCPStore.cpp:106] [c10d] sendBytes failed on SocketImpl(fd=36, addr=[localhost]:37284, remote=[localhost]:29600): Broken pipe
Exception raised from sendBytes at /pytorch/torch/csrc/distributed/c10d/Utils.hpp:653 (most recent call first):
frame #0: c10::Error::Error(c10::SourceLocation, std::__cxx11::basic_string<char, std::char_traits<char>, std::allocator<char> >) + 0x80 (0x7efdd22d9eb0 in /opt/conda/lib/python3.11/site-packages/torch/lib/libc10.so)
frame #1: <unknown function> + 0x5d694d1 (0x7efdb63ae4d1 in /opt/conda/lib/python3.11/site-packages/torch/lib/libtorch_cpu.so)
frame #2: <unknown function> + 0x5d69d62 (0x7efdb63aed62 in /opt/conda/lib/python3.11/site-packages/torch/lib/libtorch_cpu.so)
frame #3: <unknown function> + 0x5d6b86e (0x7efdb63b086e in /opt/conda/lib/python3.11/site-packages/torch/lib/libtorch_cpu.so)
frame #4: c10d::TCPStore::check(std::vector<std::__cxx11::basic_string<char, std::char_traits<char>, std::allocator<char> >, std::allocator<std::__cxx11::basic_string<char, std::char_traits<char>, std::allocator<char> > > > const&) + 0x30e (0x7efdb63ab18e in /opt/conda/lib/python3.11/site-packages/torch/lib/libtorch_cpu.so)
frame #5: c10d::ProcessGroupNCCL::HeartbeatMonitor::runLoop() + 0x398 (0x7efd75890b18 in /opt/conda/lib/python3.11/site-packages/torch/lib/libtorch_cuda.so)
frame #6: <unknown function> + 0xd8198 (0x7efd5927e198 in /opt/conda/bin/../lib/libstdc++.so.6)
frame #7: <unknown function> + 0x94ac3 (0x7efdd3ba0ac3 in /lib/x86_64-linux-gnu/libc.so.6)
frame #8: <unknown function> + 0x126850 (0x7efdd3c32850 in /lib/x86_64-linux-gnu/libc.so.6)

[rank5]:[W724 04:53:20.033385942 ProcessGroupNCCL.cpp:1783] [PG ID 0 PG GUID 0(default_pg) Rank 5] Failed to check the "should dump" flag on TCPStore, (maybe TCPStore server has shut down too early), with error: Broken pipe
[rank7]:[W724 04:53:20.341957888 TCPStore.cpp:106] [c10d] sendBytes failed on SocketImpl(fd=73, addr=[localhost]:40292, remote=[localhost]:29600): Broken pipe
Exception raised from sendBytes at /pytorch/torch/csrc/distributed/c10d/Utils.hpp:653 (most recent call first):
frame #0: c10::Error::Error(c10::SourceLocation, std::__cxx11::basic_string<char, std::char_traits<char>, std::allocator<char> >) + 0x80 (0x7f3b80f7eeb0 in /opt/conda/lib/python3.11/site-packages/torch/lib/libc10.so)
frame #1: <unknown function> + 0x5d694d1 (0x7f3b64fae4d1 in /opt/conda/lib/python3.11/site-packages/torch/lib/libtorch_cpu.so)
frame #2: <unknown function> + 0x5d69d62 (0x7f3b64faed62 in /opt/conda/lib/python3.11/site-packages/torch/lib/libtorch_cpu.so)
frame #3: <unknown function> + 0x5d6b86e (0x7f3b64fb086e in /opt/conda/lib/python3.11/site-packages/torch/lib/libtorch_cpu.so)
frame #4: c10d::TCPStore::check(std::vector<std::__cxx11::basic_string<char, std::char_traits<char>, std::allocator<char> >, std::allocator<std::__cxx11::basic_string<char, std::char_traits<char>, std::allocator<char> > > > const&) + 0x30e (0x7f3b64fab18e in /opt/conda/lib/python3.11/site-packages/torch/lib/libtorch_cpu.so)
frame #5: c10d::ProcessGroupNCCL::HeartbeatMonitor::runLoop() + 0x398 (0x7f3b24490b18 in /opt/conda/lib/python3.11/site-packages/torch/lib/libtorch_cuda.so)
frame #6: <unknown function> + 0xd8198 (0x7f3b07e7e198 in /opt/conda/bin/../lib/libstdc++.so.6)
frame #7: <unknown function> + 0x94ac3 (0x7f3b827cdac3 in /lib/x86_64-linux-gnu/libc.so.6)
frame #8: <unknown function> + 0x126850 (0x7f3b8285f850 in /lib/x86_64-linux-gnu/libc.so.6)

[rank7]:[W724 04:53:20.345755946 ProcessGroupNCCL.cpp:1783] [PG ID 0 PG GUID 0(default_pg) Rank 7] Failed to check the "should dump" flag on TCPStore, (maybe TCPStore server has shut down too early), with error: Broken pipe
[rank2]:[W724 04:53:20.358463472 TCPStore.cpp:106] [c10d] sendBytes failed on SocketImpl(fd=73, addr=[localhost]:37294, remote=[localhost]:29600): Broken pipe
Exception raised from sendBytes at /pytorch/torch/csrc/distributed/c10d/Utils.hpp:653 (most recent call first):
frame #0: c10::Error::Error(c10::SourceLocation, std::__cxx11::basic_string<char, std::char_traits<char>, std::allocator<char> >) + 0x80 (0x7fe66977eeb0 in /opt/conda/lib/python3.11/site-packages/torch/lib/libc10.so)
frame #1: <unknown function> + 0x5d694d1 (0x7fe64d7ae4d1 in /opt/conda/lib/python3.11/site-packages/torch/lib/libtorch_cpu.so)
frame #2: <unknown function> + 0x5d69d62 (0x7fe64d7aed62 in /opt/conda/lib/python3.11/site-packages/torch/lib/libtorch_cpu.so)
frame #3: <unknown function> + 0x5d6b86e (0x7fe64d7b086e in /opt/conda/lib/python3.11/site-packages/torch/lib/libtorch_cpu.so)
frame #4: c10d::TCPStore::check(std::vector<std::__cxx11::basic_string<char, std::char_traits<char>, std::allocator<char> >, std::allocator<std::__cxx11::basic_string<char, std::char_traits<char>, std::allocator<char> > > > const&) + 0x30e (0x7fe64d7ab18e in /opt/conda/lib/python3.11/site-packages/torch/lib/libtorch_cpu.so)
frame #5: c10d::ProcessGroupNCCL::HeartbeatMonitor::runLoop() + 0x398 (0x7fe60cc90b18 in /opt/conda/lib/python3.11/site-packages/torch/lib/libtorch_cuda.so)
frame #6: <unknown function> + 0xd8198 (0x7fe5f067e198 in /opt/conda/bin/../lib/libstdc++.so.6)
frame #7: <unknown function> + 0x94ac3 (0x7fe66b020ac3 in /lib/x86_64-linux-gnu/libc.so.6)
frame #8: <unknown function> + 0x126850 (0x7fe66b0b2850 in /lib/x86_64-linux-gnu/libc.so.6)

[rank2]:[W724 04:53:20.362151779 ProcessGroupNCCL.cpp:1783] [PG ID 0 PG GUID 0(default_pg) Rank 2] Failed to check the "should dump" flag on TCPStore, (maybe TCPStore server has shut down too early), with error: Broken pipe
[rank5]:[W724 04:53:21.033957231 TCPStore.cpp:106] [c10d] sendBytes failed on SocketImpl(fd=36, addr=[localhost]:37284, remote=[localhost]:29600): Broken pipe
Exception raised from sendBytes at /pytorch/torch/csrc/distributed/c10d/Utils.hpp:653 (most recent call first):
frame #0: c10::Error::Error(c10::SourceLocation, std::__cxx11::basic_string<char, std::char_traits<char>, std::allocator<char> >) + 0x80 (0x7efdd22d9eb0 in /opt/conda/lib/python3.11/site-packages/torch/lib/libc10.so)
frame #1: <unknown function> + 0x5d694d1 (0x7efdb63ae4d1 in /opt/conda/lib/python3.11/site-packages/torch/lib/libtorch_cpu.so)
frame #2: <unknown function> + 0x5d69d62 (0x7efdb63aed62 in /opt/conda/lib/python3.11/site-packages/torch/lib/libtorch_cpu.so)
frame #3: <unknown function> + 0x5d6b86e (0x7efdb63b086e in /opt/conda/lib/python3.11/site-packages/torch/lib/libtorch_cpu.so)
frame #4: c10d::TCPStore::check(std::vector<std::__cxx11::basic_string<char, std::char_traits<char>, std::allocator<char> >, std::allocator<std::__cxx11::basic_string<char, std::char_traits<char>, std::allocator<char> > > > const&) + 0x30e (0x7efdb63ab18e in /opt/conda/lib/python3.11/site-packages/torch/lib/libtorch_cpu.so)
frame #5: c10d::ProcessGroupNCCL::HeartbeatMonitor::runLoop() + 0x398 (0x7efd75890b18 in /opt/conda/lib/python3.11/site-packages/torch/lib/libtorch_cuda.so)
frame #6: <unknown function> + 0xd8198 (0x7efd5927e198 in /opt/conda/bin/../lib/libstdc++.so.6)
frame #7: <unknown function> + 0x94ac3 (0x7efdd3ba0ac3 in /lib/x86_64-linux-gnu/libc.so.6)
frame #8: <unknown function> + 0x126850 (0x7efdd3c32850 in /lib/x86_64-linux-gnu/libc.so.6)

[rank5]:[W724 04:53:21.038055920 ProcessGroupNCCL.cpp:1783] [PG ID 0 PG GUID 0(default_pg) Rank 5] Failed to check the "should dump" flag on TCPStore, (maybe TCPStore server has shut down too early), with error: Broken pipe
[rank7]:[W724 04:53:21.346262455 TCPStore.cpp:106] [c10d] sendBytes failed on SocketImpl(fd=73, addr=[localhost]:40292, remote=[localhost]:29600): Broken pipe
Exception raised from sendBytes at /pytorch/torch/csrc/distributed/c10d/Utils.hpp:653 (most recent call first):
frame #0: c10::Error::Error(c10::SourceLocation, std::__cxx11::basic_string<char, std::char_traits<char>, std::allocator<char> >) + 0x80 (0x7f3b80f7eeb0 in /opt/conda/lib/python3.11/site-packages/torch/lib/libc10.so)
frame #1: <unknown function> + 0x5d694d1 (0x7f3b64fae4d1 in /opt/conda/lib/python3.11/site-packages/torch/lib/libtorch_cpu.so)
frame #2: <unknown function> + 0x5d69d62 (0x7f3b64faed62 in /opt/conda/lib/python3.11/site-packages/torch/lib/libtorch_cpu.so)
frame #3: <unknown function> + 0x5d6b86e (0x7f3b64fb086e in /opt/conda/lib/python3.11/site-packages/torch/lib/libtorch_cpu.so)
frame #4: c10d::TCPStore::check(std::vector<std::__cxx11::basic_string<char, std::char_traits<char>, std::allocator<char> >, std::allocator<std::__cxx11::basic_string<char, std::char_traits<char>, std::allocator<char> > > > const&) + 0x30e (0x7f3b64fab18e in /opt/conda/lib/python3.11/site-packages/torch/lib/libtorch_cpu.so)
frame #5: c10d::ProcessGroupNCCL::HeartbeatMonitor::runLoop() + 0x398 (0x7f3b24490b18 in /opt/conda/lib/python3.11/site-packages/torch/lib/libtorch_cuda.so)
frame #6: <unknown function> + 0xd8198 (0x7f3b07e7e198 in /opt/conda/bin/../lib/libstdc++.so.6)
frame #7: <unknown function> + 0x94ac3 (0x7f3b827cdac3 in /lib/x86_64-linux-gnu/libc.so.6)
frame #8: <unknown function> + 0x126850 (0x7f3b8285f850 in /lib/x86_64-linux-gnu/libc.so.6)

[rank7]:[W724 04:53:21.350856764 ProcessGroupNCCL.cpp:1783] [PG ID 0 PG GUID 0(default_pg) Rank 7] Failed to check the "should dump" flag on TCPStore, (maybe TCPStore server has shut down too early), with error: Broken pipe
[rank2]:[W724 04:53:21.362583438 TCPStore.cpp:106] [c10d] sendBytes failed on SocketImpl(fd=73, addr=[localhost]:37294, remote=[localhost]:29600): Broken pipe
Exception raised from sendBytes at /pytorch/torch/csrc/distributed/c10d/Utils.hpp:653 (most recent call first):
frame #0: c10::Error::Error(c10::SourceLocation, std::__cxx11::basic_string<char, std::char_traits<char>, std::allocator<char> >) + 0x80 (0x7fe66977eeb0 in /opt/conda/lib/python3.11/site-packages/torch/lib/libc10.so)
frame #1: <unknown function> + 0x5d694d1 (0x7fe64d7ae4d1 in /opt/conda/lib/python3.11/site-packages/torch/lib/libtorch_cpu.so)
frame #2: <unknown function> + 0x5d69d62 (0x7fe64d7aed62 in /opt/conda/lib/python3.11/site-packages/torch/lib/libtorch_cpu.so)
frame #3: <unknown function> + 0x5d6b86e (0x7fe64d7b086e in /opt/conda/lib/python3.11/site-packages/torch/lib/libtorch_cpu.so)
frame #4: c10d::TCPStore::check(std::vector<std::__cxx11::basic_string<char, std::char_traits<char>, std::allocator<char> >, std::allocator<std::__cxx11::basic_string<char, std::char_traits<char>, std::allocator<char> > > > const&) + 0x30e (0x7fe64d7ab18e in /opt/conda/lib/python3.11/site-packages/torch/lib/libtorch_cpu.so)
frame #5: c10d::ProcessGroupNCCL::HeartbeatMonitor::runLoop() + 0x398 (0x7fe60cc90b18 in /opt/conda/lib/python3.11/site-packages/torch/lib/libtorch_cuda.so)
frame #6: <unknown function> + 0xd8198 (0x7fe5f067e198 in /opt/conda/bin/../lib/libstdc++.so.6)
frame #7: <unknown function> + 0x94ac3 (0x7fe66b020ac3 in /lib/x86_64-linux-gnu/libc.so.6)
frame #8: <unknown function> + 0x126850 (0x7fe66b0b2850 in /lib/x86_64-linux-gnu/libc.so.6)

[rank2]:[W724 04:53:21.366040185 ProcessGroupNCCL.cpp:1783] [PG ID 0 PG GUID 0(default_pg) Rank 2] Failed to check the "should dump" flag on TCPStore, (maybe TCPStore server has shut down too early), with error: Broken pipe
[rank5]:[W724 04:53:22.038584039 TCPStore.cpp:106] [c10d] sendBytes failed on SocketImpl(fd=36, addr=[localhost]:37284, remote=[localhost]:29600): Broken pipe
Exception raised from sendBytes at /pytorch/torch/csrc/distributed/c10d/Utils.hpp:653 (most recent call first):
frame #0: c10::Error::Error(c10::SourceLocation, std::__cxx11::basic_string<char, std::char_traits<char>, std::allocator<char> >) + 0x80 (0x7efdd22d9eb0 in /opt/conda/lib/python3.11/site-packages/torch/lib/libc10.so)
frame #1: <unknown function> + 0x5d694d1 (0x7efdb63ae4d1 in /opt/conda/lib/python3.11/site-packages/torch/lib/libtorch_cpu.so)
frame #2: <unknown function> + 0x5d69d62 (0x7efdb63aed62 in /opt/conda/lib/python3.11/site-packages/torch/lib/libtorch_cpu.so)
frame #3: <unknown function> + 0x5d6b86e (0x7efdb63b086e in /opt/conda/lib/python3.11/site-packages/torch/lib/libtorch_cpu.so)
frame #4: c10d::TCPStore::check(std::vector<std::__cxx11::basic_string<char, std::char_traits<char>, std::allocator<char> >, std::allocator<std::__cxx11::basic_string<char, std::char_traits<char>, std::allocator<char> > > > const&) + 0x30e (0x7efdb63ab18e in /opt/conda/lib/python3.11/site-packages/torch/lib/libtorch_cpu.so)
frame #5: c10d::ProcessGroupNCCL::HeartbeatMonitor::runLoop() + 0x398 (0x7efd75890b18 in /opt/conda/lib/python3.11/site-packages/torch/lib/libtorch_cuda.so)
frame #6: <unknown function> + 0xd8198 (0x7efd5927e198 in /opt/conda/bin/../lib/libstdc++.so.6)
frame #7: <unknown function> + 0x94ac3 (0x7efdd3ba0ac3 in /lib/x86_64-linux-gnu/libc.so.6)
frame #8: <unknown function> + 0x126850 (0x7efdd3c32850 in /lib/x86_64-linux-gnu/libc.so.6)

[rank5]:[W724 04:53:22.043221158 ProcessGroupNCCL.cpp:1783] [PG ID 0 PG GUID 0(default_pg) Rank 5] Failed to check the "should dump" flag on TCPStore, (maybe TCPStore server has shut down too early), with error: Broken pipe
[rank7]:[W724 04:53:22.351463473 TCPStore.cpp:106] [c10d] sendBytes failed on SocketImpl(fd=73, addr=[localhost]:40292, remote=[localhost]:29600): Broken pipe
Exception raised from sendBytes at /pytorch/torch/csrc/distributed/c10d/Utils.hpp:653 (most recent call first):
frame #0: c10::Error::Error(c10::SourceLocation, std::__cxx11::basic_string<char, std::char_traits<char>, std::allocator<char> >) + 0x80 (0x7f3b80f7eeb0 in /opt/conda/lib/python3.11/site-packages/torch/lib/libc10.so)
frame #1: <unknown function> + 0x5d694d1 (0x7f3b64fae4d1 in /opt/conda/lib/python3.11/site-packages/torch/lib/libtorch_cpu.so)
frame #2: <unknown function> + 0x5d69d62 (0x7f3b64faed62 in /opt/conda/lib/python3.11/site-packages/torch/lib/libtorch_cpu.so)
frame #3: <unknown function> + 0x5d6b86e (0x7f3b64fb086e in /opt/conda/lib/python3.11/site-packages/torch/lib/libtorch_cpu.so)
frame #4: c10d::TCPStore::check(std::vector<std::__cxx11::basic_string<char, std::char_traits<char>, std::allocator<char> >, std::allocator<std::__cxx11::basic_string<char, std::char_traits<char>, std::allocator<char> > > > const&) + 0x30e (0x7f3b64fab18e in /opt/conda/lib/python3.11/site-packages/torch/lib/libtorch_cpu.so)
frame #5: c10d::ProcessGroupNCCL::HeartbeatMonitor::runLoop() + 0x398 (0x7f3b24490b18 in /opt/conda/lib/python3.11/site-packages/torch/lib/libtorch_cuda.so)
frame #6: <unknown function> + 0xd8198 (0x7f3b07e7e198 in /opt/conda/bin/../lib/libstdc++.so.6)
frame #7: <unknown function> + 0x94ac3 (0x7f3b827cdac3 in /lib/x86_64-linux-gnu/libc.so.6)
frame #8: <unknown function> + 0x126850 (0x7f3b8285f850 in /lib/x86_64-linux-gnu/libc.so.6)

[rank7]:[W724 04:53:22.355013010 ProcessGroupNCCL.cpp:1783] [PG ID 0 PG GUID 0(default_pg) Rank 7] Failed to check the "should dump" flag on TCPStore, (maybe TCPStore server has shut down too early), with error: Broken pipe
[rank2]:[W724 04:53:22.366545394 TCPStore.cpp:106] [c10d] sendBytes failed on SocketImpl(fd=73, addr=[localhost]:37294, remote=[localhost]:29600): Broken pipe
Exception raised from sendBytes at /pytorch/torch/csrc/distributed/c10d/Utils.hpp:653 (most recent call first):
frame #0: c10::Error::Error(c10::SourceLocation, std::__cxx11::basic_string<char, std::char_traits<char>, std::allocator<char> >) + 0x80 (0x7fe66977eeb0 in /opt/conda/lib/python3.11/site-packages/torch/lib/libc10.so)
frame #1: <unknown function> + 0x5d694d1 (0x7fe64d7ae4d1 in /opt/conda/lib/python3.11/site-packages/torch/lib/libtorch_cpu.so)
frame #2: <unknown function> + 0x5d69d62 (0x7fe64d7aed62 in /opt/conda/lib/python3.11/site-packages/torch/lib/libtorch_cpu.so)
frame #3: <unknown function> + 0x5d6b86e (0x7fe64d7b086e in /opt/conda/lib/python3.11/site-packages/torch/lib/libtorch_cpu.so)
frame #4: c10d::TCPStore::check(std::vector<std::__cxx11::basic_string<char, std::char_traits<char>, std::allocator<char> >, std::allocator<std::__cxx11::basic_string<char, std::char_traits<char>, std::allocator<char> > > > const&) + 0x30e (0x7fe64d7ab18e in /opt/conda/lib/python3.11/site-packages/torch/lib/libtorch_cpu.so)
frame #5: c10d::ProcessGroupNCCL::HeartbeatMonitor::runLoop() + 0x398 (0x7fe60cc90b18 in /opt/conda/lib/python3.11/site-packages/torch/lib/libtorch_cuda.so)
frame #6: <unknown function> + 0xd8198 (0x7fe5f067e198 in /opt/conda/bin/../lib/libstdc++.so.6)
frame #7: <unknown function> + 0x94ac3 (0x7fe66b020ac3 in /lib/x86_64-linux-gnu/libc.so.6)
frame #8: <unknown function> + 0x126850 (0x7fe66b0b2850 in /lib/x86_64-linux-gnu/libc.so.6)

[rank2]:[W724 04:53:22.370353452 ProcessGroupNCCL.cpp:1783] [PG ID 0 PG GUID 0(default_pg) Rank 2] Failed to check the "should dump" flag on TCPStore, (maybe TCPStore server has shut down too early), with error: Broken pipe
[rank5]:[W724 04:53:23.043678757 TCPStore.cpp:106] [c10d] sendBytes failed on SocketImpl(fd=36, addr=[localhost]:37284, remote=[localhost]:29600): Broken pipe
Exception raised from sendBytes at /pytorch/torch/csrc/distributed/c10d/Utils.hpp:653 (most recent call first):
frame #0: c10::Error::Error(c10::SourceLocation, std::__cxx11::basic_string<char, std::char_traits<char>, std::allocator<char> >) + 0x80 (0x7efdd22d9eb0 in /opt/conda/lib/python3.11/site-packages/torch/lib/libc10.so)
frame #1: <unknown function> + 0x5d694d1 (0x7efdb63ae4d1 in /opt/conda/lib/python3.11/site-packages/torch/lib/libtorch_cpu.so)
frame #2: <unknown function> + 0x5d69d62 (0x7efdb63aed62 in /opt/conda/lib/python3.11/site-packages/torch/lib/libtorch_cpu.so)
frame #3: <unknown function> + 0x5d6b86e (0x7efdb63b086e in /opt/conda/lib/python3.11/site-packages/torch/lib/libtorch_cpu.so)
frame #4: c10d::TCPStore::check(std::vector<std::__cxx11::basic_string<char, std::char_traits<char>, std::allocator<char> >, std::allocator<std::__cxx11::basic_string<char, std::char_traits<char>, std::allocator<char> > > > const&) + 0x30e (0x7efdb63ab18e in /opt/conda/lib/python3.11/site-packages/torch/lib/libtorch_cpu.so)
frame #5: c10d::ProcessGroupNCCL::HeartbeatMonitor::runLoop() + 0x398 (0x7efd75890b18 in /opt/conda/lib/python3.11/site-packages/torch/lib/libtorch_cuda.so)
frame #6: <unknown function> + 0xd8198 (0x7efd5927e198 in /opt/conda/bin/../lib/libstdc++.so.6)
frame #7: <unknown function> + 0x94ac3 (0x7efdd3ba0ac3 in /lib/x86_64-linux-gnu/libc.so.6)
frame #8: <unknown function> + 0x126850 (0x7efdd3c32850 in /lib/x86_64-linux-gnu/libc.so.6)

[rank5]:[W724 04:53:23.047468915 ProcessGroupNCCL.cpp:1783] [PG ID 0 PG GUID 0(default_pg) Rank 5] Failed to check the "should dump" flag on TCPStore, (maybe TCPStore server has shut down too early), with error: Broken pipe
[rank7]:[W724 04:53:23.355365119 TCPStore.cpp:106] [c10d] sendBytes failed on SocketImpl(fd=73, addr=[localhost]:40292, remote=[localhost]:29600): Broken pipe
Exception raised from sendBytes at /pytorch/torch/csrc/distributed/c10d/Utils.hpp:653 (most recent call first):
frame #0: c10::Error::Error(c10::SourceLocation, std::__cxx11::basic_string<char, std::char_traits<char>, std::allocator<char> >) + 0x80 (0x7f3b80f7eeb0 in /opt/conda/lib/python3.11/site-packages/torch/lib/libc10.so)
frame #1: <unknown function> + 0x5d694d1 (0x7f3b64fae4d1 in /opt/conda/lib/python3.11/site-packages/torch/lib/libtorch_cpu.so)
frame #2: <unknown function> + 0x5d69d62 (0x7f3b64faed62 in /opt/conda/lib/python3.11/site-packages/torch/lib/libtorch_cpu.so)
frame #3: <unknown function> + 0x5d6b86e (0x7f3b64fb086e in /opt/conda/lib/python3.11/site-packages/torch/lib/libtorch_cpu.so)
frame #4: c10d::TCPStore::check(std::vector<std::__cxx11::basic_string<char, std::char_traits<char>, std::allocator<char> >, std::allocator<std::__cxx11::basic_string<char, std::char_traits<char>, std::allocator<char> > > > const&) + 0x30e (0x7f3b64fab18e in /opt/conda/lib/python3.11/site-packages/torch/lib/libtorch_cpu.so)
frame #5: c10d::ProcessGroupNCCL::HeartbeatMonitor::runLoop() + 0x398 (0x7f3b24490b18 in /opt/conda/lib/python3.11/site-packages/torch/lib/libtorch_cuda.so)
frame #6: <unknown function> + 0xd8198 (0x7f3b07e7e198 in /opt/conda/bin/../lib/libstdc++.so.6)
frame #7: <unknown function> + 0x94ac3 (0x7f3b827cdac3 in /lib/x86_64-linux-gnu/libc.so.6)
frame #8: <unknown function> + 0x126850 (0x7f3b8285f850 in /lib/x86_64-linux-gnu/libc.so.6)

[rank7]:[W724 04:53:23.358685126 ProcessGroupNCCL.cpp:1783] [PG ID 0 PG GUID 0(default_pg) Rank 7] Failed to check the "should dump" flag on TCPStore, (maybe TCPStore server has shut down too early), with error: Broken pipe
[rank2]:[W724 04:53:23.370733650 TCPStore.cpp:106] [c10d] sendBytes failed on SocketImpl(fd=73, addr=[localhost]:37294, remote=[localhost]:29600): Broken pipe
Exception raised from sendBytes at /pytorch/torch/csrc/distributed/c10d/Utils.hpp:653 (most recent call first):
frame #0: c10::Error::Error(c10::SourceLocation, std::__cxx11::basic_string<char, std::char_traits<char>, std::allocator<char> >) + 0x80 (0x7fe66977eeb0 in /opt/conda/lib/python3.11/site-packages/torch/lib/libc10.so)
frame #1: <unknown function> + 0x5d694d1 (0x7fe64d7ae4d1 in /opt/conda/lib/python3.11/site-packages/torch/lib/libtorch_cpu.so)
frame #2: <unknown function> + 0x5d69d62 (0x7fe64d7aed62 in /opt/conda/lib/python3.11/site-packages/torch/lib/libtorch_cpu.so)
frame #3: <unknown function> + 0x5d6b86e (0x7fe64d7b086e in /opt/conda/lib/python3.11/site-packages/torch/lib/libtorch_cpu.so)
frame #4: c10d::TCPStore::check(std::vector<std::__cxx11::basic_string<char, std::char_traits<char>, std::allocator<char> >, std::allocator<std::__cxx11::basic_string<char, std::char_traits<char>, std::allocator<char> > > > const&) + 0x30e (0x7fe64d7ab18e in /opt/conda/lib/python3.11/site-packages/torch/lib/libtorch_cpu.so)
frame #5: c10d::ProcessGroupNCCL::HeartbeatMonitor::runLoop() + 0x398 (0x7fe60cc90b18 in /opt/conda/lib/python3.11/site-packages/torch/lib/libtorch_cuda.so)
frame #6: <unknown function> + 0xd8198 (0x7fe5f067e198 in /opt/conda/bin/../lib/libstdc++.so.6)
frame #7: <unknown function> + 0x94ac3 (0x7fe66b020ac3 in /lib/x86_64-linux-gnu/libc.so.6)
frame #8: <unknown function> + 0x126850 (0x7fe66b0b2850 in /lib/x86_64-linux-gnu/libc.so.6)

[rank2]:[W724 04:53:23.373938487 ProcessGroupNCCL.cpp:1783] [PG ID 0 PG GUID 0(default_pg) Rank 2] Failed to check the "should dump" flag on TCPStore, (maybe TCPStore server has shut down too early), with error: Broken pipe
[rank5]:[W724 04:53:24.047815373 TCPStore.cpp:106] [c10d] sendBytes failed on SocketImpl(fd=36, addr=[localhost]:37284, remote=[localhost]:29600): Broken pipe
Exception raised from sendBytes at /pytorch/torch/csrc/distributed/c10d/Utils.hpp:653 (most recent call first):
frame #0: c10::Error::Error(c10::SourceLocation, std::__cxx11::basic_string<char, std::char_traits<char>, std::allocator<char> >) + 0x80 (0x7efdd22d9eb0 in /opt/conda/lib/python3.11/site-packages/torch/lib/libc10.so)
frame #1: <unknown function> + 0x5d694d1 (0x7efdb63ae4d1 in /opt/conda/lib/python3.11/site-packages/torch/lib/libtorch_cpu.so)
frame #2: <unknown function> + 0x5d69d62 (0x7efdb63aed62 in /opt/conda/lib/python3.11/site-packages/torch/lib/libtorch_cpu.so)
frame #3: <unknown function> + 0x5d6b86e (0x7efdb63b086e in /opt/conda/lib/python3.11/site-packages/torch/lib/libtorch_cpu.so)
frame #4: c10d::TCPStore::check(std::vector<std::__cxx11::basic_string<char, std::char_traits<char>, std::allocator<char> >, std::allocator<std::__cxx11::basic_string<char, std::char_traits<char>, std::allocator<char> > > > const&) + 0x30e (0x7efdb63ab18e in /opt/conda/lib/python3.11/site-packages/torch/lib/libtorch_cpu.so)
frame #5: c10d::ProcessGroupNCCL::HeartbeatMonitor::runLoop() + 0x398 (0x7efd75890b18 in /opt/conda/lib/python3.11/site-packages/torch/lib/libtorch_cuda.so)
frame #6: <unknown function> + 0xd8198 (0x7efd5927e198 in /opt/conda/bin/../lib/libstdc++.so.6)
frame #7: <unknown function> + 0x94ac3 (0x7efdd3ba0ac3 in /lib/x86_64-linux-gnu/libc.so.6)
frame #8: <unknown function> + 0x126850 (0x7efdd3c32850 in /lib/x86_64-linux-gnu/libc.so.6)

[rank5]:[W724 04:53:24.051923062 ProcessGroupNCCL.cpp:1783] [PG ID 0 PG GUID 0(default_pg) Rank 5] Failed to check the "should dump" flag on TCPStore, (maybe TCPStore server has shut down too early), with error: Broken pipe
[rank7]:[W724 04:53:24.359091534 TCPStore.cpp:106] [c10d] sendBytes failed on SocketImpl(fd=73, addr=[localhost]:40292, remote=[localhost]:29600): Broken pipe
Exception raised from sendBytes at /pytorch/torch/csrc/distributed/c10d/Utils.hpp:653 (most recent call first):
frame #0: c10::Error::Error(c10::SourceLocation, std::__cxx11::basic_string<char, std::char_traits<char>, std::allocator<char> >) + 0x80 (0x7f3b80f7eeb0 in /opt/conda/lib/python3.11/site-packages/torch/lib/libc10.so)
frame #1: <unknown function> + 0x5d694d1 (0x7f3b64fae4d1 in /opt/conda/lib/python3.11/site-packages/torch/lib/libtorch_cpu.so)
frame #2: <unknown function> + 0x5d69d62 (0x7f3b64faed62 in /opt/conda/lib/python3.11/site-packages/torch/lib/libtorch_cpu.so)
frame #3: <unknown function> + 0x5d6b86e (0x7f3b64fb086e in /opt/conda/lib/python3.11/site-packages/torch/lib/libtorch_cpu.so)
frame #4: c10d::TCPStore::check(std::vector<std::__cxx11::basic_string<char, std::char_traits<char>, std::allocator<char> >, std::allocator<std::__cxx11::basic_string<char, std::char_traits<char>, std::allocator<char> > > > const&) + 0x30e (0x7f3b64fab18e in /opt/conda/lib/python3.11/site-packages/torch/lib/libtorch_cpu.so)
frame #5: c10d::ProcessGroupNCCL::HeartbeatMonitor::runLoop() + 0x398 (0x7f3b24490b18 in /opt/conda/lib/python3.11/site-packages/torch/lib/libtorch_cuda.so)
frame #6: <unknown function> + 0xd8198 (0x7f3b07e7e198 in /opt/conda/bin/../lib/libstdc++.so.6)
frame #7: <unknown function> + 0x94ac3 (0x7f3b827cdac3 in /lib/x86_64-linux-gnu/libc.so.6)
frame #8: <unknown function> + 0x126850 (0x7f3b8285f850 in /lib/x86_64-linux-gnu/libc.so.6)

[rank7]:[W724 04:53:24.363261993 ProcessGroupNCCL.cpp:1783] [PG ID 0 PG GUID 0(default_pg) Rank 7] Failed to check the "should dump" flag on TCPStore, (maybe TCPStore server has shut down too early), with error: Broken pipe
[rank2]:[W724 04:53:24.374432095 TCPStore.cpp:106] [c10d] sendBytes failed on SocketImpl(fd=73, addr=[localhost]:37294, remote=[localhost]:29600): Broken pipe
Exception raised from sendBytes at /pytorch/torch/csrc/distributed/c10d/Utils.hpp:653 (most recent call first):
frame #0: c10::Error::Error(c10::SourceLocation, std::__cxx11::basic_string<char, std::char_traits<char>, std::allocator<char> >) + 0x80 (0x7fe66977eeb0 in /opt/conda/lib/python3.11/site-packages/torch/lib/libc10.so)
frame #1: <unknown function> + 0x5d694d1 (0x7fe64d7ae4d1 in /opt/conda/lib/python3.11/site-packages/torch/lib/libtorch_cpu.so)
frame #2: <unknown function> + 0x5d69d62 (0x7fe64d7aed62 in /opt/conda/lib/python3.11/site-packages/torch/lib/libtorch_cpu.so)
frame #3: <unknown function> + 0x5d6b86e (0x7fe64d7b086e in /opt/conda/lib/python3.11/site-packages/torch/lib/libtorch_cpu.so)
frame #4: c10d::TCPStore::check(std::vector<std::__cxx11::basic_string<char, std::char_traits<char>, std::allocator<char> >, std::allocator<std::__cxx11::basic_string<char, std::char_traits<char>, std::allocator<char> > > > const&) + 0x30e (0x7fe64d7ab18e in /opt/conda/lib/python3.11/site-packages/torch/lib/libtorch_cpu.so)
frame #5: c10d::ProcessGroupNCCL::HeartbeatMonitor::runLoop() + 0x398 (0x7fe60cc90b18 in /opt/conda/lib/python3.11/site-packages/torch/lib/libtorch_cuda.so)
frame #6: <unknown function> + 0xd8198 (0x7fe5f067e198 in /opt/conda/bin/../lib/libstdc++.so.6)
frame #7: <unknown function> + 0x94ac3 (0x7fe66b020ac3 in /lib/x86_64-linux-gnu/libc.so.6)
frame #8: <unknown function> + 0x126850 (0x7fe66b0b2850 in /lib/x86_64-linux-gnu/libc.so.6)

[rank2]:[W724 04:53:24.377740052 ProcessGroupNCCL.cpp:1783] [PG ID 0 PG GUID 0(default_pg) Rank 2] Failed to check the "should dump" flag on TCPStore, (maybe TCPStore server has shut down too early), with error: Broken pipe
[rank5]:[W724 04:53:25.052498671 TCPStore.cpp:106] [c10d] sendBytes failed on SocketImpl(fd=36, addr=[localhost]:37284, remote=[localhost]:29600): Broken pipe
Exception raised from sendBytes at /pytorch/torch/csrc/distributed/c10d/Utils.hpp:653 (most recent call first):
frame #0: c10::Error::Error(c10::SourceLocation, std::__cxx11::basic_string<char, std::char_traits<char>, std::allocator<char> >) + 0x80 (0x7efdd22d9eb0 in /opt/conda/lib/python3.11/site-packages/torch/lib/libc10.so)
frame #1: <unknown function> + 0x5d694d1 (0x7efdb63ae4d1 in /opt/conda/lib/python3.11/site-packages/torch/lib/libtorch_cpu.so)
frame #2: <unknown function> + 0x5d69d62 (0x7efdb63aed62 in /opt/conda/lib/python3.11/site-packages/torch/lib/libtorch_cpu.so)
frame #3: <unknown function> + 0x5d6b86e (0x7efdb63b086e in /opt/conda/lib/python3.11/site-packages/torch/lib/libtorch_cpu.so)
frame #4: c10d::TCPStore::check(std::vector<std::__cxx11::basic_string<char, std::char_traits<char>, std::allocator<char> >, std::allocator<std::__cxx11::basic_string<char, std::char_traits<char>, std::allocator<char> > > > const&) + 0x30e (0x7efdb63ab18e in /opt/conda/lib/python3.11/site-packages/torch/lib/libtorch_cpu.so)
frame #5: c10d::ProcessGroupNCCL::HeartbeatMonitor::runLoop() + 0x398 (0x7efd75890b18 in /opt/conda/lib/python3.11/site-packages/torch/lib/libtorch_cuda.so)
frame #6: <unknown function> + 0xd8198 (0x7efd5927e198 in /opt/conda/bin/../lib/libstdc++.so.6)
frame #7: <unknown function> + 0x94ac3 (0x7efdd3ba0ac3 in /lib/x86_64-linux-gnu/libc.so.6)
frame #8: <unknown function> + 0x126850 (0x7efdd3c32850 in /lib/x86_64-linux-gnu/libc.so.6)

[rank5]:[W724 04:53:25.055860307 ProcessGroupNCCL.cpp:1783] [PG ID 0 PG GUID 0(default_pg) Rank 5] Failed to check the "should dump" flag on TCPStore, (maybe TCPStore server has shut down too early), with error: Broken pipe
[rank7]:[W724 04:53:25.363893652 TCPStore.cpp:106] [c10d] sendBytes failed on SocketImpl(fd=73, addr=[localhost]:40292, remote=[localhost]:29600): Broken pipe
Exception raised from sendBytes at /pytorch/torch/csrc/distributed/c10d/Utils.hpp:653 (most recent call first):
frame #0: c10::Error::Error(c10::SourceLocation, std::__cxx11::basic_string<char, std::char_traits<char>, std::allocator<char> >) + 0x80 (0x7f3b80f7eeb0 in /opt/conda/lib/python3.11/site-packages/torch/lib/libc10.so)
frame #1: <unknown function> + 0x5d694d1 (0x7f3b64fae4d1 in /opt/conda/lib/python3.11/site-packages/torch/lib/libtorch_cpu.so)
frame #2: <unknown function> + 0x5d69d62 (0x7f3b64faed62 in /opt/conda/lib/python3.11/site-packages/torch/lib/libtorch_cpu.so)
frame #3: <unknown function> + 0x5d6b86e (0x7f3b64fb086e in /opt/conda/lib/python3.11/site-packages/torch/lib/libtorch_cpu.so)
frame #4: c10d::TCPStore::check(std::vector<std::__cxx11::basic_string<char, std::char_traits<char>, std::allocator<char> >, std::allocator<std::__cxx11::basic_string<char, std::char_traits<char>, std::allocator<char> > > > const&) + 0x30e (0x7f3b64fab18e in /opt/conda/lib/python3.11/site-packages/torch/lib/libtorch_cpu.so)
frame #5: c10d::ProcessGroupNCCL::HeartbeatMonitor::runLoop() + 0x398 (0x7f3b24490b18 in /opt/conda/lib/python3.11/site-packages/torch/lib/libtorch_cuda.so)
frame #6: <unknown function> + 0xd8198 (0x7f3b07e7e198 in /opt/conda/bin/../lib/libstdc++.so.6)
frame #7: <unknown function> + 0x94ac3 (0x7f3b827cdac3 in /lib/x86_64-linux-gnu/libc.so.6)
frame #8: <unknown function> + 0x126850 (0x7f3b8285f850 in /lib/x86_64-linux-gnu/libc.so.6)

[rank7]:[W724 04:53:25.368457091 ProcessGroupNCCL.cpp:1783] [PG ID 0 PG GUID 0(default_pg) Rank 7] Failed to check the "should dump" flag on TCPStore, (maybe TCPStore server has shut down too early), with error: Broken pipe
[rank2]:[W724 04:53:25.378136011 TCPStore.cpp:106] [c10d] sendBytes failed on SocketImpl(fd=73, addr=[localhost]:37294, remote=[localhost]:29600): Broken pipe
Exception raised from sendBytes at /pytorch/torch/csrc/distributed/c10d/Utils.hpp:653 (most recent call first):
frame #0: c10::Error::Error(c10::SourceLocation, std::__cxx11::basic_string<char, std::char_traits<char>, std::allocator<char> >) + 0x80 (0x7fe66977eeb0 in /opt/conda/lib/python3.11/site-packages/torch/lib/libc10.so)
frame #1: <unknown function> + 0x5d694d1 (0x7fe64d7ae4d1 in /opt/conda/lib/python3.11/site-packages/torch/lib/libtorch_cpu.so)
frame #2: <unknown function> + 0x5d69d62 (0x7fe64d7aed62 in /opt/conda/lib/python3.11/site-packages/torch/lib/libtorch_cpu.so)
frame #3: <unknown function> + 0x5d6b86e (0x7fe64d7b086e in /opt/conda/lib/python3.11/site-packages/torch/lib/libtorch_cpu.so)
frame #4: c10d::TCPStore::check(std::vector<std::__cxx11::basic_string<char, std::char_traits<char>, std::allocator<char> >, std::allocator<std::__cxx11::basic_string<char, std::char_traits<char>, std::allocator<char> > > > const&) + 0x30e (0x7fe64d7ab18e in /opt/conda/lib/python3.11/site-packages/torch/lib/libtorch_cpu.so)
frame #5: c10d::ProcessGroupNCCL::HeartbeatMonitor::runLoop() + 0x398 (0x7fe60cc90b18 in /opt/conda/lib/python3.11/site-packages/torch/lib/libtorch_cuda.so)
frame #6: <unknown function> + 0xd8198 (0x7fe5f067e198 in /opt/conda/bin/../lib/libstdc++.so.6)
frame #7: <unknown function> + 0x94ac3 (0x7fe66b020ac3 in /lib/x86_64-linux-gnu/libc.so.6)
frame #8: <unknown function> + 0x126850 (0x7fe66b0b2850 in /lib/x86_64-linux-gnu/libc.so.6)

[rank2]:[W724 04:53:25.381982179 ProcessGroupNCCL.cpp:1783] [PG ID 0 PG GUID 0(default_pg) Rank 2] Failed to check the "should dump" flag on TCPStore, (maybe TCPStore server has shut down too early), with error: Broken pipe
Traceback (most recent call last):
  File "<frozen runpy>", line 198, in _run_module_as_main
  File "<frozen runpy>", line 88, in _run_code
  File "/data/fuhaiwen1/LightX2V/lightx2v/disagg/examples/run_controller.py", line 561, in <module>
    main()
  File "/data/fuhaiwen1/LightX2V/lightx2v/disagg/examples/run_controller.py", line 557, in main
    _controller_main(args)
  File "/data/fuhaiwen1/LightX2V/lightx2v/disagg/examples/run_controller.py", line 497, in _controller_main
    time.sleep(args.request_poll_sleep_s)
KeyboardInterrupt
Traceback (most recent call last):
  File "<frozen runpy>", line 198, in _run_module_as_main
Traceback (most recent call last):
  File "<frozen runpy>", line 198, in _run_module_as_main
  File "<frozen runpy>", line 88, in _run_code
  File "/data/fuhaiwen1/LightX2V/lightx2v/disagg/examples/run_controller.py", line 561, in <module>
Traceback (most recent call last):
Traceback (most recent call last):
Traceback (most recent call last):
Traceback (most recent call last):
Traceback (most recent call last):
Traceback (most recent call last):
  File "<frozen runpy>", line 88, in _run_code
    main()
  File "<frozen runpy>", line 198, in _run_module_as_main
  File "<frozen runpy>", line 198, in _run_module_as_main
  File "<frozen runpy>", line 88, in _run_code
  File "<frozen runpy>", line 198, in _run_module_as_main
  File "<frozen runpy>", line 198, in _run_module_as_main
  File "<frozen runpy>", line 198, in _run_module_as_main
  File "<frozen runpy>", line 198, in _run_module_as_main
  File "/data/fuhaiwen1/LightX2V/lightx2v/disagg/examples/run_controller.py", line 561, in <module>
  File "/data/fuhaiwen1/LightX2V/lightx2v/disagg/examples/run_controller.py", line 555, in main
  File "<frozen runpy>", line 88, in _run_code
  File "/data/fuhaiwen1/LightX2V/lightx2v/disagg/examples/run_controller.py", line 561, in <module>
  File "<frozen runpy>", line 88, in _run_code
  File "<frozen runpy>", line 88, in _run_code
  File "<frozen runpy>", line 88, in _run_code
  File "<frozen runpy>", line 88, in _run_code
  File "/data/fuhaiwen1/LightX2V/lightx2v/disagg/examples/run_controller.py", line 561, in <module>
  File "/data/fuhaiwen1/LightX2V/lightx2v/disagg/examples/run_controller.py", line 561, in <module>
  File "/data/fuhaiwen1/LightX2V/lightx2v/disagg/examples/run_controller.py", line 561, in <module>
  File "/data/fuhaiwen1/LightX2V/lightx2v/disagg/examples/run_controller.py", line 561, in <module>
  File "/data/fuhaiwen1/LightX2V/lightx2v/disagg/examples/run_controller.py", line 561, in <module>
    main()
    main()
    main()
    main()
    main()
    main()
    main()
    _worker_main(args)
  File "/data/fuhaiwen1/LightX2V/lightx2v/disagg/examples/run_controller.py", line 555, in main
  File "/data/fuhaiwen1/LightX2V/lightx2v/disagg/examples/run_controller.py", line 555, in main
  File "/data/fuhaiwen1/LightX2V/lightx2v/disagg/examples/run_controller.py", line 555, in main
  File "/data/fuhaiwen1/LightX2V/lightx2v/disagg/examples/run_controller.py", line 555, in main
  File "/data/fuhaiwen1/LightX2V/lightx2v/disagg/examples/run_controller.py", line 555, in main
  File "/data/fuhaiwen1/LightX2V/lightx2v/disagg/examples/run_controller.py", line 555, in main
  File "/data/fuhaiwen1/LightX2V/lightx2v/disagg/examples/run_controller.py", line 555, in main
  File "/data/fuhaiwen1/LightX2V/lightx2v/disagg/examples/run_controller.py", line 227, in _worker_main
    return_code, save_path = _run_infer_once(args, payload, args.worker_id)
    _worker_main(args)
    _worker_main(args)
    _worker_main(args)
    _worker_main(args)
    _worker_main(args)
    _worker_main(args)
    _worker_main(args)
                             ^^^^^^^^^^^^^^^^^^^^^^^^^^^^^^^^^^^^^^^^^^^^^^
  File "/data/fuhaiwen1/LightX2V/lightx2v/disagg/examples/run_controller.py", line 227, in _worker_main
  File "/data/fuhaiwen1/LightX2V/lightx2v/disagg/examples/run_controller.py", line 227, in _worker_main
  File "/data/fuhaiwen1/LightX2V/lightx2v/disagg/examples/run_controller.py", line 227, in _worker_main
  File "/data/fuhaiwen1/LightX2V/lightx2v/disagg/examples/run_controller.py", line 227, in _worker_main
  File "/data/fuhaiwen1/LightX2V/lightx2v/disagg/examples/run_controller.py", line 227, in _worker_main
  File "/data/fuhaiwen1/LightX2V/lightx2v/disagg/examples/run_controller.py", line 227, in _worker_main
  File "/data/fuhaiwen1/LightX2V/lightx2v/disagg/examples/run_controller.py", line 227, in _worker_main
  File "/data/fuhaiwen1/LightX2V/lightx2v/disagg/examples/run_controller.py", line 186, in _run_infer_once
    return_code, save_path = _run_infer_once(args, payload, args.worker_id)
    return_code, save_path = _run_infer_once(args, payload, args.worker_id)
    result = subprocess.run(cmd, env=env, check=False)
    return_code, save_path = _run_infer_once(args, payload, args.worker_id)
    return_code, save_path = _run_infer_once(args, payload, args.worker_id)
    return_code, save_path = _run_infer_once(args, payload, args.worker_id)
    return_code, save_path = _run_infer_once(args, payload, args.worker_id)
    return_code, save_path = _run_infer_once(args, payload, args.worker_id)
                             ^^^^^^^^^^^^^^^^^^^^^^^^^^^^^^^^^^^^^^^^^^^^^^
                             ^^^^^^^^^^^^^^^^^^^^^^^^^^^^^^^^^^^^^^^^^^^^^^
             ^^^^^^^^^^^^^^^^^^^^^^^^^^^^^^^^^^^^^^^^^
                             ^^^^^^^^^^^^^^^^^^^^^^^^^^^^^^^^^^^^^^^^^^^^^^
                             ^^^^^^^^^^^^^^^^^^^^^^^^^^^^^^^^^^^^^^^^^^^^^^
                             ^^^^^^^^^^^^^^^^^^^^^^^^^^^^^^^^^^^^^^^^^^^^^^
                             ^^^^^^^^^^^^^^^^^^^^^^^^^^^^^^^^^^^^^^^^^^^^^^
                             ^^^^^^^^^^^^^^^^^^^^^^^^^^^^^^^^^^^^^^^^^^^^^^
  File "/data/fuhaiwen1/LightX2V/lightx2v/disagg/examples/run_controller.py", line 186, in _run_infer_once
  File "/data/fuhaiwen1/LightX2V/lightx2v/disagg/examples/run_controller.py", line 186, in _run_infer_once
  File "/opt/conda/lib/python3.11/subprocess.py", line 550, in run
  File "/data/fuhaiwen1/LightX2V/lightx2v/disagg/examples/run_controller.py", line 186, in _run_infer_once
  File "/data/fuhaiwen1/LightX2V/lightx2v/disagg/examples/run_controller.py", line 186, in _run_infer_once
  File "/data/fuhaiwen1/LightX2V/lightx2v/disagg/examples/run_controller.py", line 186, in _run_infer_once
  File "/data/fuhaiwen1/LightX2V/lightx2v/disagg/examples/run_controller.py", line 186, in _run_infer_once
  File "/data/fuhaiwen1/LightX2V/lightx2v/disagg/examples/run_controller.py", line 186, in _run_infer_once
    stdout, stderr = process.communicate(input, timeout=timeout)
                     ^^^^^^^^^^^^^^^^^^^^^^^^^^^^^^^^^^^^^^^^^^^
  File "/opt/conda/lib/python3.11/subprocess.py", line 1201, in communicate
    self.wait()
  File "/opt/conda/lib/python3.11/subprocess.py", line 1264, in wait
    return self._wait(timeout=timeout)
           ^^^^^^^^^^^^^^^^^^^^^^^^^^^
    result = subprocess.run(cmd, env=env, check=False)
    result = subprocess.run(cmd, env=env, check=False)
    result = subprocess.run(cmd, env=env, check=False)
    result = subprocess.run(cmd, env=env, check=False)
    result = subprocess.run(cmd, env=env, check=False)
    result = subprocess.run(cmd, env=env, check=False)
    result = subprocess.run(cmd, env=env, check=False)
  File "/opt/conda/lib/python3.11/subprocess.py", line 2053, in _wait
             ^^^^^^^^^^^^^^^^^^^^^^^^^^^^^^^^^^^^^^^^^
             ^^^^^^^^^^^^^^^^^^^^^^^^^^^^^^^^^^^^^^^^^
  File "/opt/conda/lib/python3.11/subprocess.py", line 550, in run
             ^^^^^^^^^^^^^^^^^^^^^^^^^^^^^^^^^^^^^^^^^
             ^^^^^^^^^^^^^^^^^^^^^^^^^^^^^^^^^^^^^^^^^
             ^^^^^^^^^^^^^^^^^^^^^^^^^^^^^^^^^^^^^^^^^
             ^^^^^^^^^^^^^^^^^^^^^^^^^^^^^^^^^^^^^^^^^
             ^^^^^^^^^^^^^^^^^^^^^^^^^^^^^^^^^^^^^^^^^
  File "/opt/conda/lib/python3.11/subprocess.py", line 550, in run
    (pid, sts) = self._try_wait(0)
  File "/opt/conda/lib/python3.11/subprocess.py", line 550, in run
    stdout, stderr = process.communicate(input, timeout=timeout)
  File "/opt/conda/lib/python3.11/subprocess.py", line 550, in run
  File "/opt/conda/lib/python3.11/subprocess.py", line 550, in run
  File "/opt/conda/lib/python3.11/subprocess.py", line 550, in run
  File "/opt/conda/lib/python3.11/subprocess.py", line 550, in run
                 ^^^^^^^^^^^^^^^^^
    stdout, stderr = process.communicate(input, timeout=timeout)
    stdout, stderr = process.communicate(input, timeout=timeout)
                     ^^^^^^^^^^^^^^^^^^^^^^^^^^^^^^^^^^^^^^^^^^^
    stdout, stderr = process.communicate(input, timeout=timeout)
    stdout, stderr = process.communicate(input, timeout=timeout)
    stdout, stderr = process.communicate(input, timeout=timeout)
  File "/opt/conda/lib/python3.11/subprocess.py", line 2011, in _try_wait
    stdout, stderr = process.communicate(input, timeout=timeout)
                     ^^^^^^^^^^^^^^^^^^^^^^^^^^^^^^^^^^^^^^^^^^^
  File "/opt/conda/lib/python3.11/subprocess.py", line 1201, in communicate
                     ^^^^^^^^^^^^^^^^^^^^^^^^^^^^^^^^^^^^^^^^^^^
  File "/opt/conda/lib/python3.11/subprocess.py", line 1201, in communicate
                     ^^^^^^^^^^^^^^^^^^^^^^^^^^^^^^^^^^^^^^^^^^^
  File "/opt/conda/lib/python3.11/subprocess.py", line 1201, in communicate
                     ^^^^^^^^^^^^^^^^^^^^^^^^^^^^^^^^^^^^^^^^^^^
                     ^^^^^^^^^^^^^^^^^^^^^^^^^^^^^^^^^^^^^^^^^^^
                     ^^^^^^^^^^^^^^^^^^^^^^^^^^^^^^^^^^^^^^^^^^^
  File "/opt/conda/lib/python3.11/subprocess.py", line 1201, in communicate
    (pid, sts) = os.waitpid(self.pid, wait_flags)
  File "/opt/conda/lib/python3.11/subprocess.py", line 1201, in communicate
    self.wait()
    self.wait()
  File "/opt/conda/lib/python3.11/subprocess.py", line 1201, in communicate
    self.wait()
  File "/opt/conda/lib/python3.11/subprocess.py", line 1201, in communicate
                 ^^^^^^^^^^^^^^^^^^^^^^^^^^^^^^^^
    self.wait()
  File "/opt/conda/lib/python3.11/subprocess.py", line 1264, in wait
    self.wait()
  File "/opt/conda/lib/python3.11/subprocess.py", line 1264, in wait
  File "/opt/conda/lib/python3.11/subprocess.py", line 1264, in wait
    self.wait()
KeyboardInterrupt
    self.wait()
  File "/opt/conda/lib/python3.11/subprocess.py", line 1264, in wait
  File "/opt/conda/lib/python3.11/subprocess.py", line 1264, in wait
    return self._wait(timeout=timeout)
    return self._wait(timeout=timeout)
  File "/opt/conda/lib/python3.11/subprocess.py", line 1264, in wait
    return self._wait(timeout=timeout)
  File "/opt/conda/lib/python3.11/subprocess.py", line 1264, in wait
    return self._wait(timeout=timeout)
           ^^^^^^^^^^^^^^^^^^^^^^^^^^^
    return self._wait(timeout=timeout)
           ^^^^^^^^^^^^^^^^^^^^^^^^^^^
           ^^^^^^^^^^^^^^^^^^^^^^^^^^^
    return self._wait(timeout=timeout)
           ^^^^^^^^^^^^^^^^^^^^^^^^^^^
    return self._wait(timeout=timeout)
  File "/opt/conda/lib/python3.11/subprocess.py", line 2053, in _wait
           ^^^^^^^^^^^^^^^^^^^^^^^^^^^
  File "/opt/conda/lib/python3.11/subprocess.py", line 2053, in _wait
  File "/opt/conda/lib/python3.11/subprocess.py", line 2053, in _wait
           ^^^^^^^^^^^^^^^^^^^^^^^^^^^
  File "/opt/conda/lib/python3.11/subprocess.py", line 2053, in _wait
           ^^^^^^^^^^^^^^^^^^^^^^^^^^^
  File "/opt/conda/lib/python3.11/subprocess.py", line 2053, in _wait
    (pid, sts) = self._try_wait(0)
  File "/opt/conda/lib/python3.11/subprocess.py", line 2053, in _wait
    (pid, sts) = self._try_wait(0)
    (pid, sts) = self._try_wait(0)
  File "/opt/conda/lib/python3.11/subprocess.py", line 2053, in _wait
    (pid, sts) = self._try_wait(0)
                 ^^^^^^^^^^^^^^^^^
  File "/opt/conda/lib/python3.11/subprocess.py", line 2011, in _try_wait
    (pid, sts) = self._try_wait(0)
                 ^^^^^^^^^^^^^^^^^
  File "/opt/conda/lib/python3.11/subprocess.py", line 2011, in _try_wait
                 ^^^^^^^^^^^^^^^^^
  File "/opt/conda/lib/python3.11/subprocess.py", line 2011, in _try_wait
    (pid, sts) = self._try_wait(0)
                 ^^^^^^^^^^^^^^^^^
    (pid, sts) = self._try_wait(0)
                 ^^^^^^^^^^^^^^^^^
  File "/opt/conda/lib/python3.11/subprocess.py", line 2011, in _try_wait
    (pid, sts) = os.waitpid(self.pid, wait_flags)
    (pid, sts) = os.waitpid(self.pid, wait_flags)
    (pid, sts) = os.waitpid(self.pid, wait_flags)
                 ^^^^^^^^^^^^^^^^^
  File "/opt/conda/lib/python3.11/subprocess.py", line 2011, in _try_wait
  File "/opt/conda/lib/python3.11/subprocess.py", line 2011, in _try_wait
    (pid, sts) = os.waitpid(self.pid, wait_flags)
                 ^^^^^^^^^^^^^^^^^
                 ^^^^^^^^^^^^^^^^^^^^^^^^^^^^^^^^
                 ^^^^^^^^^^^^^^^^^^^^^^^^^^^^^^^^
                 ^^^^^^^^^^^^^^^^^^^^^^^^^^^^^^^^
    (pid, sts) = os.waitpid(self.pid, wait_flags)
                 ^^^^^^^^^^^^^^^^^^^^^^^^^^^^^^^^
    (pid, sts) = os.waitpid(self.pid, wait_flags)
  File "/opt/conda/lib/python3.11/subprocess.py", line 2011, in _try_wait
KeyboardInterrupt
KeyboardInterrupt
KeyboardInterrupt
                 ^^^^^^^^^^^^^^^^^^^^^^^^^^^^^^^^
KeyboardInterrupt
                 ^^^^^^^^^^^^^^^^^^^^^^^^^^^^^^^^
    (pid, sts) = os.waitpid(self.pid, wait_flags)
KeyboardInterrupt
KeyboardInterrupt
                 ^^^^^^^^^^^^^^^^^^^^^^^^^^^^^^^^
KeyboardInterrupt
Warning: Sage2++ NOT enabled
Warning: Sage2++ NOT enabled
Warning: Sage2++ NOT enabled
Warning: Sage2++ NOT enabled
Warning: Sage2++ NOT enabled
Warning: Sage2++ NOT enabled
Warning: Sage2++ NOT enabled
Warning: Sage2++ NOT enabled
Warning: Sage2++ NOT enabled
