2026-07-24 04:56:23.608 | INFO     | lightx2v_platform.base.base:init_ai_device:17 - Initialized AI_DEVICE: cuda
2026-07-24 04:56:24.137 | INFO     | lightx2v_platform.base.base:check_ai_device:34 - AI device for platform 'cuda' is available.
/app/MagiAttention/magi_attention/__init__.py:26: UserWarning: You are using magi_attention without installing it. This may cause some unexpected errors.
  warnings.warn(
2026-07-24 04:56:27.046 | INFO     | lightx2v.common.ops.attn.dynamic_sparse_attn:<module>:16 - flash_attn.cute not found, please install flashattention4 first
2026-07-24 04:56:27.047 | INFO     | lightx2v.common.ops.attn.dynamic_sparse_attn:<module>:22 - sageattn3_sparse not found, please install sageattn3_sparse first
2026-07-24 04:56:27.051 | INFO     | lightx2v.common.ops.attn.flash_attn:<module>:26 - flash_attn.cute not found, please install flashattention4 first
2026-07-24 04:56:27.316 | INFO     | lightx2v.common.ops.attn.sage_attn:<module>:23 - sageattn3_sparse not found, please install sageattn3_sparse first
2026-07-24 04:56:27.349 | INFO     | lightx2v.common.ops.attn.sage_attn:<module>:61 - sageattn3_sparse not found, please install sageattention sparse first
2026-07-24 04:56:27.367 | INFO     | lightx2v.common.ops.attn.sparse_operator:<module>:14 - flash_attn.cute not found, please install flashattention4 first
2026-07-24 04:56:27.367 | INFO     | lightx2v.common.ops.attn.sparse_operator:<module>:20 - sageattn3_sparse not found, please install sageattn3_sparse first
2026-07-24 04:56:31.686 | INFO     | __main__:_controller_main:424 - launched 8 workers
2026-07-24 04:56:31.691 | INFO     | __main__:_dispatch:487 - [dispatch] request_id=0 -> cooperative workers [0..7]
2026-07-24 04:56:31.692 | INFO     | __main__:_dispatch:487 - [dispatch] request_id=1 -> cooperative workers [0..7]
2026-07-24 04:56:31.692 | INFO     | __main__:_dispatch:487 - [dispatch] request_id=2 -> cooperative workers [0..7]
2026-07-24 04:56:31.693 | INFO     | __main__:_dispatch:487 - [dispatch] request_id=3 -> cooperative workers [0..7]
2026-07-24 04:56:31.693 | INFO     | __main__:_dispatch:487 - [dispatch] request_id=4 -> cooperative workers [0..7]
2026-07-24 04:56:31.693 | INFO     | __main__:_dispatch:487 - [dispatch] request_id=5 -> cooperative workers [0..7]
2026-07-24 04:56:32.923 | INFO     | lightx2v_platform.base.base:init_ai_device:17 - Initialized AI_DEVICE: cuda
2026-07-24 04:56:32.924 | INFO     | lightx2v_platform.base.base:init_ai_device:17 - Initialized AI_DEVICE: cuda
2026-07-24 04:56:32.926 | INFO     | lightx2v_platform.base.base:init_ai_device:17 - Initialized AI_DEVICE: cuda
2026-07-24 04:56:32.926 | INFO     | lightx2v_platform.base.base:init_ai_device:17 - Initialized AI_DEVICE: cuda
2026-07-24 04:56:32.929 | INFO     | lightx2v_platform.base.base:init_ai_device:17 - Initialized AI_DEVICE: cuda
2026-07-24 04:56:32.929 | INFO     | lightx2v_platform.base.base:init_ai_device:17 - Initialized AI_DEVICE: cuda
2026-07-24 04:56:32.929 | INFO     | lightx2v_platform.base.base:init_ai_device:17 - Initialized AI_DEVICE: cuda
2026-07-24 04:56:32.936 | INFO     | lightx2v_platform.base.base:init_ai_device:17 - Initialized AI_DEVICE: cuda
2026-07-24 04:56:33.016 | INFO     | lightx2v_platform.base.base:check_ai_device:34 - AI device for platform 'cuda' is available.
2026-07-24 04:56:33.022 | INFO     | lightx2v_platform.base.base:check_ai_device:34 - AI device for platform 'cuda' is available.
2026-07-24 04:56:33.024 | INFO     | lightx2v_platform.base.base:check_ai_device:34 - AI device for platform 'cuda' is available.
2026-07-24 04:56:33.025 | INFO     | lightx2v_platform.base.base:check_ai_device:34 - AI device for platform 'cuda' is available.
2026-07-24 04:56:33.027 | INFO     | lightx2v_platform.base.base:check_ai_device:34 - AI device for platform 'cuda' is available.
2026-07-24 04:56:33.029 | INFO     | lightx2v_platform.base.base:check_ai_device:34 - AI device for platform 'cuda' is available.
2026-07-24 04:56:33.032 | INFO     | lightx2v_platform.base.base:check_ai_device:34 - AI device for platform 'cuda' is available.
2026-07-24 04:56:33.034 | INFO     | lightx2v_platform.base.base:check_ai_device:34 - AI device for platform 'cuda' is available.
/app/MagiAttention/magi_attention/__init__.py:26: UserWarning: You are using magi_attention without installing it. This may cause some unexpected errors.
  warnings.warn(
/app/MagiAttention/magi_attention/__init__.py:26: UserWarning: You are using magi_attention without installing it. This may cause some unexpected errors.
  warnings.warn(
2026-07-24 04:56:35.922 | INFO     | lightx2v.common.ops.attn.dynamic_sparse_attn:<module>:16 - flash_attn.cute not found, please install flashattention4 first
2026-07-24 04:56:35.922 | INFO     | lightx2v.common.ops.attn.dynamic_sparse_attn:<module>:22 - sageattn3_sparse not found, please install sageattn3_sparse first
2026-07-24 04:56:35.926 | INFO     | lightx2v.common.ops.attn.flash_attn:<module>:26 - flash_attn.cute not found, please install flashattention4 first
/app/MagiAttention/magi_attention/__init__.py:26: UserWarning: You are using magi_attention without installing it. This may cause some unexpected errors.
  warnings.warn(
/app/MagiAttention/magi_attention/__init__.py:26: UserWarning: You are using magi_attention without installing it. This may cause some unexpected errors.
  warnings.warn(
/app/MagiAttention/magi_attention/__init__.py:26: UserWarning: You are using magi_attention without installing it. This may cause some unexpected errors.
  warnings.warn(
/app/MagiAttention/magi_attention/__init__.py:26: UserWarning: You are using magi_attention without installing it. This may cause some unexpected errors.
  warnings.warn(
/app/MagiAttention/magi_attention/__init__.py:26: UserWarning: You are using magi_attention without installing it. This may cause some unexpected errors.
  warnings.warn(
/app/MagiAttention/magi_attention/__init__.py:26: UserWarning: You are using magi_attention without installing it. This may cause some unexpected errors.
  warnings.warn(
2026-07-24 04:56:36.126 | INFO     | lightx2v.common.ops.attn.sage_attn:<module>:23 - sageattn3_sparse not found, please install sageattn3_sparse first
2026-07-24 04:56:36.160 | INFO     | lightx2v.common.ops.attn.sage_attn:<module>:61 - sageattn3_sparse not found, please install sageattention sparse first
2026-07-24 04:56:36.178 | INFO     | lightx2v.common.ops.attn.sparse_operator:<module>:14 - flash_attn.cute not found, please install flashattention4 first
2026-07-24 04:56:36.178 | INFO     | lightx2v.common.ops.attn.sparse_operator:<module>:20 - sageattn3_sparse not found, please install sageattn3_sparse first
2026-07-24 04:56:36.440 | INFO     | lightx2v.common.ops.attn.dynamic_sparse_attn:<module>:16 - flash_attn.cute not found, please install flashattention4 first
2026-07-24 04:56:36.441 | INFO     | lightx2v.common.ops.attn.dynamic_sparse_attn:<module>:22 - sageattn3_sparse not found, please install sageattn3_sparse first
2026-07-24 04:56:36.443 | INFO     | lightx2v.common.ops.attn.flash_attn:<module>:26 - flash_attn.cute not found, please install flashattention4 first
2026-07-24 04:56:36.562 | INFO     | lightx2v.common.ops.attn.dynamic_sparse_attn:<module>:16 - flash_attn.cute not found, please install flashattention4 first
2026-07-24 04:56:36.563 | INFO     | lightx2v.common.ops.attn.dynamic_sparse_attn:<module>:22 - sageattn3_sparse not found, please install sageattn3_sparse first
2026-07-24 04:56:36.566 | INFO     | lightx2v.common.ops.attn.flash_attn:<module>:26 - flash_attn.cute not found, please install flashattention4 first
2026-07-24 04:56:36.683 | INFO     | lightx2v.common.ops.attn.dynamic_sparse_attn:<module>:16 - flash_attn.cute not found, please install flashattention4 first
2026-07-24 04:56:36.684 | INFO     | lightx2v.common.ops.attn.dynamic_sparse_attn:<module>:22 - sageattn3_sparse not found, please install sageattn3_sparse first
2026-07-24 04:56:36.686 | INFO     | lightx2v.common.ops.attn.flash_attn:<module>:26 - flash_attn.cute not found, please install flashattention4 first
2026-07-24 04:56:36.744 | INFO     | lightx2v.common.ops.attn.sage_attn:<module>:23 - sageattn3_sparse not found, please install sageattn3_sparse first
2026-07-24 04:56:36.746 | INFO     | lightx2v.common.ops.attn.dynamic_sparse_attn:<module>:16 - flash_attn.cute not found, please install flashattention4 first
2026-07-24 04:56:36.747 | INFO     | lightx2v.common.ops.attn.dynamic_sparse_attn:<module>:22 - sageattn3_sparse not found, please install sageattn3_sparse first
2026-07-24 04:56:36.749 | INFO     | lightx2v.common.ops.attn.flash_attn:<module>:26 - flash_attn.cute not found, please install flashattention4 first
2026-07-24 04:56:36.753 | INFO     | lightx2v.common.ops.attn.dynamic_sparse_attn:<module>:16 - flash_attn.cute not found, please install flashattention4 first
2026-07-24 04:56:36.754 | INFO     | lightx2v.common.ops.attn.dynamic_sparse_attn:<module>:22 - sageattn3_sparse not found, please install sageattn3_sparse first
2026-07-24 04:56:36.756 | INFO     | lightx2v.common.ops.attn.flash_attn:<module>:26 - flash_attn.cute not found, please install flashattention4 first
2026-07-24 04:56:36.777 | INFO     | lightx2v.common.ops.attn.dynamic_sparse_attn:<module>:16 - flash_attn.cute not found, please install flashattention4 first
2026-07-24 04:56:36.778 | INFO     | lightx2v.common.ops.attn.dynamic_sparse_attn:<module>:22 - sageattn3_sparse not found, please install sageattn3_sparse first
2026-07-24 04:56:36.780 | INFO     | lightx2v.common.ops.attn.flash_attn:<module>:26 - flash_attn.cute not found, please install flashattention4 first
2026-07-24 04:56:36.781 | INFO     | lightx2v.common.ops.attn.sage_attn:<module>:61 - sageattn3_sparse not found, please install sageattention sparse first
2026-07-24 04:56:36.782 | INFO     | lightx2v.common.ops.attn.dynamic_sparse_attn:<module>:16 - flash_attn.cute not found, please install flashattention4 first
2026-07-24 04:56:36.783 | INFO     | lightx2v.common.ops.attn.dynamic_sparse_attn:<module>:22 - sageattn3_sparse not found, please install sageattn3_sparse first
2026-07-24 04:56:36.786 | INFO     | lightx2v.common.ops.attn.flash_attn:<module>:26 - flash_attn.cute not found, please install flashattention4 first
2026-07-24 04:56:36.795 | INFO     | lightx2v.common.ops.attn.sparse_operator:<module>:14 - flash_attn.cute not found, please install flashattention4 first
2026-07-24 04:56:36.795 | INFO     | lightx2v.common.ops.attn.sparse_operator:<module>:20 - sageattn3_sparse not found, please install sageattn3_sparse first
2026-07-24 04:56:36.843 | INFO     | lightx2v.common.ops.attn.sage_attn:<module>:23 - sageattn3_sparse not found, please install sageattn3_sparse first
2026-07-24 04:56:36.879 | INFO     | lightx2v.common.ops.attn.sage_attn:<module>:61 - sageattn3_sparse not found, please install sageattention sparse first
2026-07-24 04:56:36.894 | INFO     | lightx2v.common.ops.attn.sparse_operator:<module>:14 - flash_attn.cute not found, please install flashattention4 first
2026-07-24 04:56:36.894 | INFO     | lightx2v.common.ops.attn.sparse_operator:<module>:20 - sageattn3_sparse not found, please install sageattn3_sparse first
2026-07-24 04:56:36.903 | INFO     | lightx2v.common.ops.attn.sage_attn:<module>:23 - sageattn3_sparse not found, please install sageattn3_sparse first
2026-07-24 04:56:36.939 | INFO     | lightx2v.common.ops.attn.sage_attn:<module>:61 - sageattn3_sparse not found, please install sageattention sparse first
2026-07-24 04:56:36.952 | INFO     | lightx2v.common.ops.attn.sparse_operator:<module>:14 - flash_attn.cute not found, please install flashattention4 first
2026-07-24 04:56:36.953 | INFO     | lightx2v.common.ops.attn.sparse_operator:<module>:20 - sageattn3_sparse not found, please install sageattn3_sparse first
2026-07-24 04:56:36.977 | INFO     | lightx2v.common.ops.attn.sage_attn:<module>:23 - sageattn3_sparse not found, please install sageattn3_sparse first
2026-07-24 04:56:36.980 | INFO     | lightx2v.common.ops.attn.sage_attn:<module>:23 - sageattn3_sparse not found, please install sageattn3_sparse first
2026-07-24 04:56:36.998 | INFO     | lightx2v.common.ops.attn.sage_attn:<module>:23 - sageattn3_sparse not found, please install sageattn3_sparse first
2026-07-24 04:56:37.011 | INFO     | lightx2v.common.ops.attn.sage_attn:<module>:23 - sageattn3_sparse not found, please install sageattn3_sparse first
2026-07-24 04:56:37.013 | INFO     | lightx2v.common.ops.attn.sage_attn:<module>:61 - sageattn3_sparse not found, please install sageattention sparse first
2026-07-24 04:56:37.015 | INFO     | lightx2v.common.ops.attn.sage_attn:<module>:61 - sageattn3_sparse not found, please install sageattention sparse first
2026-07-24 04:56:37.028 | INFO     | lightx2v.common.ops.attn.sparse_operator:<module>:14 - flash_attn.cute not found, please install flashattention4 first
2026-07-24 04:56:37.028 | INFO     | lightx2v.common.ops.attn.sparse_operator:<module>:20 - sageattn3_sparse not found, please install sageattn3_sparse first
2026-07-24 04:56:37.028 | INFO     | lightx2v.common.ops.attn.sparse_operator:<module>:14 - flash_attn.cute not found, please install flashattention4 first
2026-07-24 04:56:37.028 | INFO     | lightx2v.common.ops.attn.sparse_operator:<module>:20 - sageattn3_sparse not found, please install sageattn3_sparse first
2026-07-24 04:56:37.033 | INFO     | lightx2v.common.ops.attn.sage_attn:<module>:61 - sageattn3_sparse not found, please install sageattention sparse first
2026-07-24 04:56:37.045 | INFO     | lightx2v.common.ops.attn.sparse_operator:<module>:14 - flash_attn.cute not found, please install flashattention4 first
2026-07-24 04:56:37.046 | INFO     | lightx2v.common.ops.attn.sparse_operator:<module>:20 - sageattn3_sparse not found, please install sageattn3_sparse first
2026-07-24 04:56:37.048 | INFO     | lightx2v.common.ops.attn.sage_attn:<module>:61 - sageattn3_sparse not found, please install sageattention sparse first
2026-07-24 04:56:37.061 | INFO     | lightx2v.common.ops.attn.sparse_operator:<module>:14 - flash_attn.cute not found, please install flashattention4 first
2026-07-24 04:56:37.062 | INFO     | lightx2v.common.ops.attn.sparse_operator:<module>:20 - sageattn3_sparse not found, please install sageattn3_sparse first
2026-07-24 04:56:40.634 | INFO     | __main__:_worker_main:231 - worker=3 listening on port=12891 gpu=3 monitor_port=7891
2026-07-24 04:56:40.634 | INFO     | __main__:_worker_main:231 - worker=2 listening on port=12890 gpu=2 monitor_port=7890
2026-07-24 04:56:40.646 | INFO     | __main__:_worker_main:231 - worker=6 listening on port=12894 gpu=6 monitor_port=7894
2026-07-24 04:56:40.666 | INFO     | __main__:_worker_main:231 - worker=4 listening on port=12892 gpu=4 monitor_port=7892
2026-07-24 04:56:40.668 | INFO     | __main__:_worker_main:231 - worker=7 listening on port=12895 gpu=7 monitor_port=7895
2026-07-24 04:56:40.734 | INFO     | __main__:_worker_main:231 - worker=5 listening on port=12893 gpu=5 monitor_port=7893
2026-07-24 04:56:40.739 | INFO     | __main__:_worker_main:231 - worker=1 listening on port=12889 gpu=1 monitor_port=7889
2026-07-24 04:56:40.835 | INFO     | __main__:_worker_main:231 - worker=0 listening on port=12888 gpu=0 monitor_port=7888
2026-07-24 04:56:42.008 | INFO     | lightx2v_platform.base.base:init_ai_device:17 - Initialized AI_DEVICE: cuda
2026-07-24 04:56:42.010 | INFO     | lightx2v_platform.base.base:init_ai_device:17 - Initialized AI_DEVICE: cuda
2026-07-24 04:56:42.011 | INFO     | lightx2v_platform.base.base:init_ai_device:17 - Initialized AI_DEVICE: cuda
2026-07-24 04:56:42.012 | INFO     | lightx2v_platform.base.base:init_ai_device:17 - Initialized AI_DEVICE: cuda
2026-07-24 04:56:42.014 | INFO     | lightx2v_platform.base.base:init_ai_device:17 - Initialized AI_DEVICE: cuda
2026-07-24 04:56:42.034 | INFO     | lightx2v_platform.base.base:init_ai_device:17 - Initialized AI_DEVICE: cuda
2026-07-24 04:56:42.075 | INFO     | lightx2v_platform.base.base:check_ai_device:34 - AI device for platform 'cuda' is available.
2026-07-24 04:56:42.076 | INFO     | lightx2v_platform.base.base:check_ai_device:34 - AI device for platform 'cuda' is available.
2026-07-24 04:56:42.077 | INFO     | lightx2v_platform.base.base:check_ai_device:34 - AI device for platform 'cuda' is available.
2026-07-24 04:56:42.078 | INFO     | lightx2v_platform.base.base:init_ai_device:17 - Initialized AI_DEVICE: cuda
2026-07-24 04:56:42.078 | INFO     | lightx2v_platform.base.base:check_ai_device:34 - AI device for platform 'cuda' is available.
2026-07-24 04:56:42.081 | INFO     | lightx2v_platform.base.base:check_ai_device:34 - AI device for platform 'cuda' is available.
2026-07-24 04:56:42.098 | INFO     | lightx2v_platform.base.base:check_ai_device:34 - AI device for platform 'cuda' is available.
2026-07-24 04:56:42.134 | INFO     | lightx2v_platform.base.base:check_ai_device:34 - AI device for platform 'cuda' is available.
2026-07-24 04:56:42.144 | INFO     | lightx2v_platform.base.base:init_ai_device:17 - Initialized AI_DEVICE: cuda
2026-07-24 04:56:42.200 | INFO     | lightx2v_platform.base.base:check_ai_device:34 - AI device for platform 'cuda' is available.
/app/MagiAttention/magi_attention/__init__.py:26: UserWarning: You are using magi_attention without installing it. This may cause some unexpected errors.
  warnings.warn(
/app/MagiAttention/magi_attention/__init__.py:26: UserWarning: You are using magi_attention without installing it. This may cause some unexpected errors.
  warnings.warn(
/app/MagiAttention/magi_attention/__init__.py:26: UserWarning: You are using magi_attention without installing it. This may cause some unexpected errors.
  warnings.warn(
/app/MagiAttention/magi_attention/__init__.py:26: UserWarning: You are using magi_attention without installing it. This may cause some unexpected errors.
  warnings.warn(
/app/MagiAttention/magi_attention/__init__.py:26: UserWarning: You are using magi_attention without installing it. This may cause some unexpected errors.
  warnings.warn(
/app/MagiAttention/magi_attention/__init__.py:26: UserWarning: You are using magi_attention without installing it. This may cause some unexpected errors.
  warnings.warn(
2026-07-24 04:56:45.129 | INFO     | lightx2v.common.ops.attn.dynamic_sparse_attn:<module>:16 - flash_attn.cute not found, please install flashattention4 first
2026-07-24 04:56:45.131 | INFO     | lightx2v.common.ops.attn.dynamic_sparse_attn:<module>:22 - sageattn3_sparse not found, please install sageattn3_sparse first
2026-07-24 04:56:45.134 | INFO     | lightx2v.common.ops.attn.flash_attn:<module>:26 - flash_attn.cute not found, please install flashattention4 first
2026-07-24 04:56:45.180 | INFO     | lightx2v.common.ops.attn.dynamic_sparse_attn:<module>:16 - flash_attn.cute not found, please install flashattention4 first
2026-07-24 04:56:45.180 | INFO     | lightx2v.common.ops.attn.dynamic_sparse_attn:<module>:22 - sageattn3_sparse not found, please install sageattn3_sparse first
2026-07-24 04:56:45.182 | INFO     | lightx2v.common.ops.attn.flash_attn:<module>:26 - flash_attn.cute not found, please install flashattention4 first
/app/MagiAttention/magi_attention/__init__.py:26: UserWarning: You are using magi_attention without installing it. This may cause some unexpected errors.
  warnings.warn(
/app/MagiAttention/magi_attention/__init__.py:26: UserWarning: You are using magi_attention without installing it. This may cause some unexpected errors.
  warnings.warn(
2026-07-24 04:56:45.366 | INFO     | lightx2v.common.ops.attn.sage_attn:<module>:23 - sageattn3_sparse not found, please install sageattn3_sparse first
2026-07-24 04:56:45.367 | INFO     | lightx2v.common.ops.attn.dynamic_sparse_attn:<module>:16 - flash_attn.cute not found, please install flashattention4 first
2026-07-24 04:56:45.368 | INFO     | lightx2v.common.ops.attn.dynamic_sparse_attn:<module>:22 - sageattn3_sparse not found, please install sageattn3_sparse first
2026-07-24 04:56:45.370 | INFO     | lightx2v.common.ops.attn.flash_attn:<module>:26 - flash_attn.cute not found, please install flashattention4 first
2026-07-24 04:56:45.400 | INFO     | lightx2v.common.ops.attn.sage_attn:<module>:61 - sageattn3_sparse not found, please install sageattention sparse first
2026-07-24 04:56:45.416 | INFO     | lightx2v.common.ops.attn.sparse_operator:<module>:14 - flash_attn.cute not found, please install flashattention4 first
2026-07-24 04:56:45.416 | INFO     | lightx2v.common.ops.attn.sparse_operator:<module>:20 - sageattn3_sparse not found, please install sageattn3_sparse first
2026-07-24 04:56:45.436 | INFO     | lightx2v.common.ops.attn.sage_attn:<module>:23 - sageattn3_sparse not found, please install sageattn3_sparse first
2026-07-24 04:56:45.471 | INFO     | lightx2v.common.ops.attn.sage_attn:<module>:61 - sageattn3_sparse not found, please install sageattention sparse first
2026-07-24 04:56:45.484 | INFO     | lightx2v.common.ops.attn.sparse_operator:<module>:14 - flash_attn.cute not found, please install flashattention4 first
2026-07-24 04:56:45.485 | INFO     | lightx2v.common.ops.attn.sparse_operator:<module>:20 - sageattn3_sparse not found, please install sageattn3_sparse first
2026-07-24 04:56:45.487 | INFO     | lightx2v.common.ops.attn.dynamic_sparse_attn:<module>:16 - flash_attn.cute not found, please install flashattention4 first
2026-07-24 04:56:45.487 | INFO     | lightx2v.common.ops.attn.dynamic_sparse_attn:<module>:22 - sageattn3_sparse not found, please install sageattn3_sparse first
2026-07-24 04:56:45.489 | INFO     | lightx2v.common.ops.attn.flash_attn:<module>:26 - flash_attn.cute not found, please install flashattention4 first
2026-07-24 04:56:45.516 | INFO     | lightx2v.common.ops.attn.dynamic_sparse_attn:<module>:16 - flash_attn.cute not found, please install flashattention4 first
2026-07-24 04:56:45.516 | INFO     | lightx2v.common.ops.attn.dynamic_sparse_attn:<module>:22 - sageattn3_sparse not found, please install sageattn3_sparse first
2026-07-24 04:56:45.518 | INFO     | lightx2v.common.ops.attn.flash_attn:<module>:26 - flash_attn.cute not found, please install flashattention4 first
2026-07-24 04:56:45.520 | INFO     | lightx2v.common.ops.attn.dynamic_sparse_attn:<module>:16 - flash_attn.cute not found, please install flashattention4 first
2026-07-24 04:56:45.521 | INFO     | lightx2v.common.ops.attn.dynamic_sparse_attn:<module>:22 - sageattn3_sparse not found, please install sageattn3_sparse first
2026-07-24 04:56:45.523 | INFO     | lightx2v.common.ops.attn.flash_attn:<module>:26 - flash_attn.cute not found, please install flashattention4 first
2026-07-24 04:56:45.598 | INFO     | lightx2v.common.ops.attn.sage_attn:<module>:23 - sageattn3_sparse not found, please install sageattn3_sparse first
2026-07-24 04:56:45.633 | INFO     | lightx2v.common.ops.attn.sage_attn:<module>:61 - sageattn3_sparse not found, please install sageattention sparse first
2026-07-24 04:56:45.645 | INFO     | lightx2v.common.ops.attn.sparse_operator:<module>:14 - flash_attn.cute not found, please install flashattention4 first
2026-07-24 04:56:45.645 | INFO     | lightx2v.common.ops.attn.sparse_operator:<module>:20 - sageattn3_sparse not found, please install sageattn3_sparse first
2026-07-24 04:56:45.678 | INFO     | lightx2v.common.ops.attn.dynamic_sparse_attn:<module>:16 - flash_attn.cute not found, please install flashattention4 first
2026-07-24 04:56:45.679 | INFO     | lightx2v.common.ops.attn.dynamic_sparse_attn:<module>:22 - sageattn3_sparse not found, please install sageattn3_sparse first
2026-07-24 04:56:45.681 | INFO     | lightx2v.common.ops.attn.flash_attn:<module>:26 - flash_attn.cute not found, please install flashattention4 first
2026-07-24 04:56:45.709 | INFO     | lightx2v.common.ops.attn.sage_attn:<module>:23 - sageattn3_sparse not found, please install sageattn3_sparse first
2026-07-24 04:56:45.724 | INFO     | lightx2v.common.ops.attn.dynamic_sparse_attn:<module>:16 - flash_attn.cute not found, please install flashattention4 first
2026-07-24 04:56:45.725 | INFO     | lightx2v.common.ops.attn.dynamic_sparse_attn:<module>:22 - sageattn3_sparse not found, please install sageattn3_sparse first
2026-07-24 04:56:45.726 | INFO     | lightx2v.common.ops.attn.flash_attn:<module>:26 - flash_attn.cute not found, please install flashattention4 first
2026-07-24 04:56:45.743 | INFO     | lightx2v.common.ops.attn.sage_attn:<module>:61 - sageattn3_sparse not found, please install sageattention sparse first
2026-07-24 04:56:45.748 | INFO     | lightx2v.common.ops.attn.sage_attn:<module>:23 - sageattn3_sparse not found, please install sageattn3_sparse first
2026-07-24 04:56:45.755 | INFO     | lightx2v.common.ops.attn.sparse_operator:<module>:14 - flash_attn.cute not found, please install flashattention4 first
2026-07-24 04:56:45.755 | INFO     | lightx2v.common.ops.attn.sparse_operator:<module>:20 - sageattn3_sparse not found, please install sageattn3_sparse first
2026-07-24 04:56:45.773 | INFO     | lightx2v.common.ops.attn.sage_attn:<module>:23 - sageattn3_sparse not found, please install sageattn3_sparse first
2026-07-24 04:56:45.783 | INFO     | lightx2v.common.ops.attn.sage_attn:<module>:61 - sageattn3_sparse not found, please install sageattention sparse first
2026-07-24 04:56:45.795 | INFO     | lightx2v.common.ops.attn.sparse_operator:<module>:14 - flash_attn.cute not found, please install flashattention4 first
2026-07-24 04:56:45.795 | INFO     | lightx2v.common.ops.attn.sparse_operator:<module>:20 - sageattn3_sparse not found, please install sageattn3_sparse first
2026-07-24 04:56:45.810 | INFO     | lightx2v.common.ops.attn.sage_attn:<module>:61 - sageattn3_sparse not found, please install sageattention sparse first
2026-07-24 04:56:45.823 | INFO     | lightx2v.common.ops.attn.sparse_operator:<module>:14 - flash_attn.cute not found, please install flashattention4 first
2026-07-24 04:56:45.824 | INFO     | lightx2v.common.ops.attn.sparse_operator:<module>:20 - sageattn3_sparse not found, please install sageattn3_sparse first
2026-07-24 04:56:45.893 | INFO     | lightx2v.common.ops.attn.sage_attn:<module>:23 - sageattn3_sparse not found, please install sageattn3_sparse first
2026-07-24 04:56:45.928 | INFO     | lightx2v.common.ops.attn.sage_attn:<module>:61 - sageattn3_sparse not found, please install sageattention sparse first
2026-07-24 04:56:45.929 | INFO     | lightx2v.common.ops.attn.sage_attn:<module>:23 - sageattn3_sparse not found, please install sageattn3_sparse first
2026-07-24 04:56:45.941 | INFO     | lightx2v.common.ops.attn.sparse_operator:<module>:14 - flash_attn.cute not found, please install flashattention4 first
2026-07-24 04:56:45.941 | INFO     | lightx2v.common.ops.attn.sparse_operator:<module>:20 - sageattn3_sparse not found, please install sageattn3_sparse first
2026-07-24 04:56:45.964 | INFO     | lightx2v.common.ops.attn.sage_attn:<module>:61 - sageattn3_sparse not found, please install sageattention sparse first
2026-07-24 04:56:45.976 | INFO     | lightx2v.common.ops.attn.sparse_operator:<module>:14 - flash_attn.cute not found, please install flashattention4 first
2026-07-24 04:56:45.976 | INFO     | lightx2v.common.ops.attn.sparse_operator:<module>:20 - sageattn3_sparse not found, please install sageattn3_sparse first
2026-07-24 04:56:49.631 | INFO     | lightx2v.utils.set_config:auto_calc_config:62 - Loading some config from /tmp/baseline_req_0_jk8zrec2/request_config.json
2026-07-24 04:56:49.631 | INFO     | lightx2v.utils.set_config:auto_calc_config:62 - Loading some config from /tmp/baseline_req_0_2ucfvpie/request_config.json
2026-07-24 04:56:49.631 | INFO     | lightx2v.utils.set_config:auto_calc_config:62 - Loading some config from /tmp/baseline_req_0_fug5jtqy/request_config.json
2026-07-24 04:56:49.631 | INFO     | lightx2v.utils.set_config:auto_calc_config:62 - Loading some config from /tmp/baseline_req_0_7e1terpf/request_config.json
2026-07-24 04:56:49.631 | INFO     | lightx2v.utils.set_config:auto_calc_config:62 - Loading some config from /tmp/baseline_req_0_55xzzp1p/request_config.json
2026-07-24 04:56:49.631 | INFO     | lightx2v.utils.set_config:auto_calc_config:62 - Loading some config from /tmp/baseline_req_0_h70ldqb7/request_config.json
2026-07-24 04:56:49.687 | INFO     | lightx2v.utils.set_config:auto_calc_config:62 - Loading some config from /tmp/baseline_req_0_eizg0z0c/request_config.json
2026-07-24 04:56:49.738 | INFO     | lightx2v.utils.set_config:auto_calc_config:62 - Loading some config from /tmp/baseline_req_0_dgotdt00/request_config.json
2026-07-24 04:56:50.994 | INFO     | lightx2v.utils.set_config:print_config:373 - config:
{
    "do_mm_calib": false,
    "cpu_offload": true,
    "max_area": false,
    "vae_stride": [
        4,
        8,
        8
    ],
    "patch_size": [
        1,
        2,
        2
    ],
    "feature_caching": "NoCaching",
    "teacache_thresh": 0.26,
    "use_ret_steps": false,
    "use_bfloat16": true,
    "lora_configs": null,
    "use_prompt_enhancer": false,
    "parallel": {
        "seq_p_size": 8,
        "seq_p_attn_type": "ulysses"
    },
    "seq_parallel": true,
    "cfg_parallel": false,
    "enable_cfg": false,
    "use_image_encoder": false,
    "model_cls": "wan2.2_moe",
    "task": "i2v",
    "support_tasks": [],
    "model_path": "/data/fuhaiwen1/LightX2V/models/Wan-AI/Wan2.2-I2V-A14B",
    "config_json": "/tmp/baseline_req_0_jk8zrec2/request_config.json",
    "enable_bf16": false,
    "save_rendered": false,
    "render_depth": false,
    "_wm_cli_snapshot": {
        "subfolder": null,
        "disable_heads": null,
        "enable_bf16": false,
        "save_rendered": false,
        "render_interp_per_pair": null,
        "render_depth": false,
        "wm_config_path": null,
        "wm_ckpt_path": null
    },
    "infer_steps": 4,
    "in_dim": 36,
    "dim": 5120,
    "ffn_dim": 13824,
    "freq_dim": 256,
    "num_heads": 40,
    "num_layers": 40,
    "out_dim": 16,
    "eps": 1e-06,
    "model_type": "i2v",
    "target_video_length": 81,
    "text_len": 512,
    "target_height": 480,
    "target_width": 832,
    "self_attn_1_type": "sage_attn2",
    "cross_attn_1_type": "sage_attn2",
    "cross_attn_2_type": "sage_attn2",
    "sample_guide_scale": [
        3.5,
        3.5
    ],
    "sample_shift": 5.0,
    "offload_granularity": "block",
    "t5_cpu_offload": false,
    "vae_cpu_offload": false,
    "fps": 16,
    "boundary_step_index": 2,
    "denoising_step_list": [
        1000,
        750,
        500,
        250
    ],
    "dit_quantized": true,
    "dit_quant_scheme": "int8-q8f",
    "high_noise_quantized_ckpt": "/data/fuhaiwen1/LightX2V/models/lightx2v/Wan2.2-Distill-Models/wan2.2_i2v_A14b_high_noise_int8_lightx2v_4step.safetensors",
    "low_noise_quantized_ckpt": "/data/fuhaiwen1/LightX2V/models/lightx2v/Wan2.2-Distill-Models/wan2.2_i2v_A14b_low_noise_int8_lightx2v_4step.safetensors",
    "high_noise_original_ckpt": "/data/fuhaiwen1/LightX2V/models/lightx2v/Wan2.2-Distill-Models/wan2.2_i2v_A14b_high_noise_int8_lightx2v_4step.safetensors",
    "low_noise_original_ckpt": "/data/fuhaiwen1/LightX2V/models/lightx2v/Wan2.2-Distill-Models/wan2.2_i2v_A14b_low_noise_int8_lightx2v_4step.safetensors",
    "save_path": "/data/fuhaiwen1/LightX2V/save_results/baseline_benchmark_6.mp4",
    "prompt": "Summer beach vacation style, a white cat wearing sunglasses sits on a surfboard.",
    "negative_prompt": "镜头晃动，色调艳丽，过曝，静态",
    "image_path": "/data/fuhaiwen1/LightX2V/assets/inputs/imgs/img_0.jpg",
    "boundary": 0.9,
    "data_bootstrap_room": 0,
    "device_mesh": "DeviceMesh('cuda', [[0, 1, 2, 3, 4, 5, 6, 7]], mesh_dim_names=('cfg_p', 'seq_p'))",
    "tensor_parallel": false
}
2026-07-24 04:56:50.998 | DEBUG    | lightx2v.utils.utils:validate_config_paths:750 - ✓ Verified high_noise_original_ckpt: /data/fuhaiwen1/LightX2V/models/lightx2v/Wan2.2-Distill-Models/wan2.2_i2v_A14b_high_noise_int8_lightx2v_4step.safetensors
2026-07-24 04:56:50.998 | DEBUG    | lightx2v.utils.utils:validate_config_paths:750 - ✓ Verified high_noise_original_ckpt: /data/fuhaiwen1/LightX2V/models/lightx2v/Wan2.2-Distill-Models/wan2.2_i2v_A14b_high_noise_int8_lightx2v_4step.safetensors
2026-07-24 04:56:50.999 | DEBUG    | lightx2v.utils.utils:validate_config_paths:754 - ✓ Verified high_noise_quantized_ckpt: /data/fuhaiwen1/LightX2V/models/lightx2v/Wan2.2-Distill-Models/wan2.2_i2v_A14b_high_noise_int8_lightx2v_4step.safetensors
2026-07-24 04:56:50.999 | DEBUG    | lightx2v.utils.utils:validate_config_paths:754 - ✓ Verified high_noise_quantized_ckpt: /data/fuhaiwen1/LightX2V/models/lightx2v/Wan2.2-Distill-Models/wan2.2_i2v_A14b_high_noise_int8_lightx2v_4step.safetensors
2026-07-24 04:56:50.999 | DEBUG    | lightx2v.utils.utils:validate_config_paths:750 - ✓ Verified high_noise_original_ckpt: /data/fuhaiwen1/LightX2V/models/lightx2v/Wan2.2-Distill-Models/wan2.2_i2v_A14b_high_noise_int8_lightx2v_4step.safetensors
2026-07-24 04:56:50.999 | DEBUG    | lightx2v.utils.utils:validate_config_paths:754 - ✓ Verified high_noise_quantized_ckpt: /data/fuhaiwen1/LightX2V/models/lightx2v/Wan2.2-Distill-Models/wan2.2_i2v_A14b_high_noise_int8_lightx2v_4step.safetensors
2026-07-24 04:56:50.999 | DEBUG    | lightx2v.utils.utils:validate_config_paths:750 - ✓ Verified high_noise_original_ckpt: /data/fuhaiwen1/LightX2V/models/lightx2v/Wan2.2-Distill-Models/wan2.2_i2v_A14b_high_noise_int8_lightx2v_4step.safetensors
2026-07-24 04:56:51.000 | DEBUG    | lightx2v.utils.utils:validate_config_paths:754 - ✓ Verified high_noise_quantized_ckpt: /data/fuhaiwen1/LightX2V/models/lightx2v/Wan2.2-Distill-Models/wan2.2_i2v_A14b_high_noise_int8_lightx2v_4step.safetensors
2026-07-24 04:56:51.000 | DEBUG    | lightx2v.utils.utils:validate_config_paths:750 - ✓ Verified high_noise_original_ckpt: /data/fuhaiwen1/LightX2V/models/lightx2v/Wan2.2-Distill-Models/wan2.2_i2v_A14b_high_noise_int8_lightx2v_4step.safetensors
2026-07-24 04:56:51.000 | DEBUG    | lightx2v.utils.utils:validate_config_paths:754 - ✓ Verified high_noise_quantized_ckpt: /data/fuhaiwen1/LightX2V/models/lightx2v/Wan2.2-Distill-Models/wan2.2_i2v_A14b_high_noise_int8_lightx2v_4step.safetensors
2026-07-24 04:56:51.000 | DEBUG    | lightx2v.utils.utils:validate_config_paths:759 - ✓ Verified low_noise_original_ckpt: /data/fuhaiwen1/LightX2V/models/lightx2v/Wan2.2-Distill-Models/wan2.2_i2v_A14b_low_noise_int8_lightx2v_4step.safetensors
2026-07-24 04:56:51.000 | DEBUG    | lightx2v.utils.utils:validate_config_paths:750 - ✓ Verified high_noise_original_ckpt: /data/fuhaiwen1/LightX2V/models/lightx2v/Wan2.2-Distill-Models/wan2.2_i2v_A14b_high_noise_int8_lightx2v_4step.safetensors
2026-07-24 04:56:51.000 | DEBUG    | lightx2v.utils.utils:validate_config_paths:759 - ✓ Verified low_noise_original_ckpt: /data/fuhaiwen1/LightX2V/models/lightx2v/Wan2.2-Distill-Models/wan2.2_i2v_A14b_low_noise_int8_lightx2v_4step.safetensors
2026-07-24 04:56:51.000 | DEBUG    | lightx2v.utils.utils:validate_config_paths:763 - ✓ Verified low_noise_quantized_ckpt: /data/fuhaiwen1/LightX2V/models/lightx2v/Wan2.2-Distill-Models/wan2.2_i2v_A14b_low_noise_int8_lightx2v_4step.safetensors
2026-07-24 04:56:51.000 | DEBUG    | lightx2v.utils.utils:validate_config_paths:759 - ✓ Verified low_noise_original_ckpt: /data/fuhaiwen1/LightX2V/models/lightx2v/Wan2.2-Distill-Models/wan2.2_i2v_A14b_low_noise_int8_lightx2v_4step.safetensors
2026-07-24 04:56:51.001 | DEBUG    | lightx2v.utils.utils:validate_config_paths:754 - ✓ Verified high_noise_quantized_ckpt: /data/fuhaiwen1/LightX2V/models/lightx2v/Wan2.2-Distill-Models/wan2.2_i2v_A14b_high_noise_int8_lightx2v_4step.safetensors
2026-07-24 04:56:51.001 | DEBUG    | lightx2v.utils.utils:validate_config_paths:763 - ✓ Verified low_noise_quantized_ckpt: /data/fuhaiwen1/LightX2V/models/lightx2v/Wan2.2-Distill-Models/wan2.2_i2v_A14b_low_noise_int8_lightx2v_4step.safetensors
2026-07-24 04:56:51.001 | INFO     | lightx2v.utils.utils:validate_config_paths:765 - ✓ Config checkpoint paths validated successfully
2026-07-24 04:56:51.001 | DEBUG    | lightx2v.utils.utils:validate_config_paths:759 - ✓ Verified low_noise_original_ckpt: /data/fuhaiwen1/LightX2V/models/lightx2v/Wan2.2-Distill-Models/wan2.2_i2v_A14b_low_noise_int8_lightx2v_4step.safetensors
2026-07-24 04:56:51.001 | DEBUG    | lightx2v.utils.utils:validate_config_paths:763 - ✓ Verified low_noise_quantized_ckpt: /data/fuhaiwen1/LightX2V/models/lightx2v/Wan2.2-Distill-Models/wan2.2_i2v_A14b_low_noise_int8_lightx2v_4step.safetensors
2026-07-24 04:56:51.001 | DEBUG    | lightx2v.utils.utils:validate_config_paths:759 - ✓ Verified low_noise_original_ckpt: /data/fuhaiwen1/LightX2V/models/lightx2v/Wan2.2-Distill-Models/wan2.2_i2v_A14b_low_noise_int8_lightx2v_4step.safetensors
2026-07-24 04:56:51.001 | INFO     | lightx2v.utils.utils:validate_config_paths:765 - ✓ Config checkpoint paths validated successfully
2026-07-24 04:56:51.001 | DEBUG    | lightx2v.utils.utils:validate_config_paths:750 - ✓ Verified high_noise_original_ckpt: /data/fuhaiwen1/LightX2V/models/lightx2v/Wan2.2-Distill-Models/wan2.2_i2v_A14b_high_noise_int8_lightx2v_4step.safetensors
2026-07-24 04:56:51.001 | DEBUG    | lightx2v.utils.utils:validate_config_paths:763 - ✓ Verified low_noise_quantized_ckpt: /data/fuhaiwen1/LightX2V/models/lightx2v/Wan2.2-Distill-Models/wan2.2_i2v_A14b_low_noise_int8_lightx2v_4step.safetensors
2026-07-24 04:56:51.001 | DEBUG    | lightx2v.utils.utils:validate_config_paths:759 - ✓ Verified low_noise_original_ckpt: /data/fuhaiwen1/LightX2V/models/lightx2v/Wan2.2-Distill-Models/wan2.2_i2v_A14b_low_noise_int8_lightx2v_4step.safetensors
2026-07-24 04:56:51.001 | DEBUG    | lightx2v.utils.utils:validate_config_paths:750 - ✓ Verified high_noise_original_ckpt: /data/fuhaiwen1/LightX2V/models/lightx2v/Wan2.2-Distill-Models/wan2.2_i2v_A14b_high_noise_int8_lightx2v_4step.safetensors
2026-07-24 04:56:51.001 | INFO     | lightx2v.utils.utils:validate_config_paths:765 - ✓ Config checkpoint paths validated successfully
2026-07-24 04:56:51.001 | INFO     | lightx2v.models.runners.wan.wan_runner:init_scheduler:364 - Using WanScheduler
2026-07-24 04:56:51.001 | DEBUG    | lightx2v.utils.utils:validate_config_paths:763 - ✓ Verified low_noise_quantized_ckpt: /data/fuhaiwen1/LightX2V/models/lightx2v/Wan2.2-Distill-Models/wan2.2_i2v_A14b_low_noise_int8_lightx2v_4step.safetensors
2026-07-24 04:56:51.002 | DEBUG    | lightx2v.utils.utils:validate_config_paths:754 - ✓ Verified high_noise_quantized_ckpt: /data/fuhaiwen1/LightX2V/models/lightx2v/Wan2.2-Distill-Models/wan2.2_i2v_A14b_high_noise_int8_lightx2v_4step.safetensors
2026-07-24 04:56:51.002 | INFO     | lightx2v.utils.utils:validate_config_paths:765 - ✓ Config checkpoint paths validated successfully
2026-07-24 04:56:51.002 | INFO     | lightx2v.models.runners.wan.wan_runner:init_scheduler:364 - Using WanScheduler
2026-07-24 04:56:51.002 | DEBUG    | lightx2v.utils.utils:validate_config_paths:763 - ✓ Verified low_noise_quantized_ckpt: /data/fuhaiwen1/LightX2V/models/lightx2v/Wan2.2-Distill-Models/wan2.2_i2v_A14b_low_noise_int8_lightx2v_4step.safetensors
2026-07-24 04:56:51.002 | DEBUG    | lightx2v.utils.utils:validate_config_paths:754 - ✓ Verified high_noise_quantized_ckpt: /data/fuhaiwen1/LightX2V/models/lightx2v/Wan2.2-Distill-Models/wan2.2_i2v_A14b_high_noise_int8_lightx2v_4step.safetensors
2026-07-24 04:56:51.002 | INFO     | lightx2v.models.runners.default_runner:init_modules:111 - Initializing runner modules...
2026-07-24 04:56:51.002 | INFO     | lightx2v.utils.utils:validate_config_paths:765 - ✓ Config checkpoint paths validated successfully
2026-07-24 04:56:51.002 | INFO     | lightx2v.models.runners.wan.wan_runner:init_scheduler:364 - Using WanScheduler
2026-07-24 04:56:51.002 | DEBUG    | lightx2v.utils.utils:validate_config_paths:759 - ✓ Verified low_noise_original_ckpt: /data/fuhaiwen1/LightX2V/models/lightx2v/Wan2.2-Distill-Models/wan2.2_i2v_A14b_low_noise_int8_lightx2v_4step.safetensors
2026-07-24 04:56:51.003 | INFO     | lightx2v.utils.utils:validate_config_paths:765 - ✓ Config checkpoint paths validated successfully
2026-07-24 04:56:51.003 | INFO     | lightx2v.models.runners.default_runner:init_modules:111 - Initializing runner modules...
2026-07-24 04:56:51.003 | DEBUG    | lightx2v.utils.utils:validate_config_paths:759 - ✓ Verified low_noise_original_ckpt: /data/fuhaiwen1/LightX2V/models/lightx2v/Wan2.2-Distill-Models/wan2.2_i2v_A14b_low_noise_int8_lightx2v_4step.safetensors
2026-07-24 04:56:51.003 | INFO     | lightx2v.models.runners.wan.wan_runner:init_scheduler:364 - Using WanScheduler
2026-07-24 04:56:51.003 | INFO     | lightx2v.utils.custom_compiler:_discover_compiled_methods:120 - [Compile] Discovering compiled methods for WanModel...
2026-07-24 04:56:51.003 | DEBUG    | lightx2v.utils.utils:validate_config_paths:763 - ✓ Verified low_noise_quantized_ckpt: /data/fuhaiwen1/LightX2V/models/lightx2v/Wan2.2-Distill-Models/wan2.2_i2v_A14b_low_noise_int8_lightx2v_4step.safetensors
2026-07-24 04:56:51.003 | INFO     | lightx2v.models.runners.default_runner:init_modules:111 - Initializing runner modules...
2026-07-24 04:56:51.003 | INFO     | lightx2v.models.runners.wan.wan_runner:init_scheduler:364 - Using WanScheduler
2026-07-24 04:56:51.003 | INFO     | lightx2v.models.runners.wan.wan_runner:init_scheduler:364 - Using WanScheduler
2026-07-24 04:56:51.003 | DEBUG    | lightx2v.utils.utils:validate_config_paths:763 - ✓ Verified low_noise_quantized_ckpt: /data/fuhaiwen1/LightX2V/models/lightx2v/Wan2.2-Distill-Models/wan2.2_i2v_A14b_low_noise_int8_lightx2v_4step.safetensors
2026-07-24 04:56:51.003 | INFO     | lightx2v.utils.custom_compiler:_discover_compiled_methods:120 - [Compile] Discovering compiled methods for WanModel...
2026-07-24 04:56:51.003 | INFO     | lightx2v.models.runners.default_runner:init_modules:111 - Initializing runner modules...
2026-07-24 04:56:51.004 | INFO     | lightx2v.utils.custom_compiler:_discover_compiled_methods:125 - [Compile] Found compiled method: _infer_cond_uncond
2026-07-24 04:56:51.004 | INFO     | lightx2v.utils.utils:validate_config_paths:765 - ✓ Config checkpoint paths validated successfully
2026-07-24 04:56:51.004 | INFO     | lightx2v.utils.custom_compiler:_discover_compiled_methods:120 - [Compile] Discovering compiled methods for WanModel...
2026-07-24 04:56:51.004 | INFO     | lightx2v.models.runners.default_runner:init_modules:111 - Initializing runner modules...
2026-07-24 04:56:51.004 | INFO     | lightx2v.utils.custom_compiler:_discover_compiled_methods:125 - [Compile] Found compiled method: _infer_cond_uncond
2026-07-24 04:56:51.004 | INFO     | lightx2v.models.runners.default_runner:init_modules:111 - Initializing runner modules...
2026-07-24 04:56:51.004 | INFO     | lightx2v.utils.utils:validate_config_paths:765 - ✓ Config checkpoint paths validated successfully
2026-07-24 04:56:51.004 | INFO     | lightx2v.utils.custom_compiler:_discover_compiled_methods:125 - [Compile] Found compiled method: _infer_cond_uncond
2026-07-24 04:56:51.004 | INFO     | lightx2v.utils.custom_compiler:_discover_compiled_methods:120 - [Compile] Discovering compiled methods for WanModel...
2026-07-24 04:56:51.004 | INFO     | lightx2v.utils.custom_compiler:_discover_compiled_methods:120 - [Compile] Discovering compiled methods for WanModel...
2026-07-24 04:56:51.005 | INFO     | lightx2v.models.runners.wan.wan_runner:init_scheduler:364 - Using WanScheduler
2026-07-24 04:56:51.005 | INFO     | lightx2v.utils.custom_compiler:_discover_compiled_methods:120 - [Compile] Discovering compiled methods for WanModel...
2026-07-24 04:56:51.005 | INFO     | lightx2v.models.runners.wan.wan_runner:init_scheduler:364 - Using WanScheduler
2026-07-24 04:56:51.005 | INFO     | lightx2v.utils.custom_compiler:_discover_compiled_methods:125 - [Compile] Found compiled method: _infer_cond_uncond
2026-07-24 04:56:51.005 | INFO     | lightx2v.utils.custom_compiler:_discover_compiled_methods:125 - [Compile] Found compiled method: _infer_cond_uncond
2026-07-24 04:56:51.005 | INFO     | lightx2v.models.runners.default_runner:init_modules:111 - Initializing runner modules...
2026-07-24 04:56:51.005 | INFO     | lightx2v.utils.custom_compiler:_discover_compiled_methods:125 - [Compile] Found compiled method: _infer_cond_uncond
2026-07-24 04:56:51.005 | INFO     | lightx2v.models.runners.default_runner:init_modules:111 - Initializing runner modules...
2026-07-24 04:56:51.006 | INFO     | lightx2v.utils.custom_compiler:_discover_compiled_methods:120 - [Compile] Discovering compiled methods for WanModel...
2026-07-24 04:56:51.006 | INFO     | lightx2v.utils.custom_compiler:_discover_compiled_methods:120 - [Compile] Discovering compiled methods for WanModel...
2026-07-24 04:56:51.006 | INFO     | lightx2v.utils.custom_compiler:_discover_compiled_methods:125 - [Compile] Found compiled method: _infer_cond_uncond
2026-07-24 04:56:51.006 | INFO     | lightx2v.utils.custom_compiler:_discover_compiled_methods:125 - [Compile] Found compiled method: _infer_cond_uncond
2026-07-24 04:57:07.126 | INFO     | lightx2v.models.networks.base_model:_load_quant_ckpt:509 - Loading weights from /data/fuhaiwen1/LightX2V/models/lightx2v/Wan2.2-Distill-Models/wan2.2_i2v_A14b_high_noise_int8_lightx2v_4step.safetensors
2026-07-24 04:57:07.126 | INFO     | lightx2v.models.networks.base_model:_load_quant_ckpt:509 - Loading weights from /data/fuhaiwen1/LightX2V/models/lightx2v/Wan2.2-Distill-Models/wan2.2_i2v_A14b_high_noise_int8_lightx2v_4step.safetensors
2026-07-24 04:57:07.126 | INFO     | lightx2v.models.networks.base_model:_load_quant_ckpt:509 - Loading weights from /data/fuhaiwen1/LightX2V/models/lightx2v/Wan2.2-Distill-Models/wan2.2_i2v_A14b_high_noise_int8_lightx2v_4step.safetensors
2026-07-24 04:57:07.126 | INFO     | lightx2v.models.networks.base_model:_load_quant_ckpt:509 - Loading weights from /data/fuhaiwen1/LightX2V/models/lightx2v/Wan2.2-Distill-Models/wan2.2_i2v_A14b_high_noise_int8_lightx2v_4step.safetensors
2026-07-24 04:57:07.126 | INFO     | lightx2v.models.networks.base_model:_load_quant_ckpt:509 - Loading weights from /data/fuhaiwen1/LightX2V/models/lightx2v/Wan2.2-Distill-Models/wan2.2_i2v_A14b_high_noise_int8_lightx2v_4step.safetensors
2026-07-24 04:57:07.127 | INFO     | lightx2v.models.networks.base_model:_load_quant_ckpt:509 - Loading weights from /data/fuhaiwen1/LightX2V/models/lightx2v/Wan2.2-Distill-Models/wan2.2_i2v_A14b_high_noise_int8_lightx2v_4step.safetensors
2026-07-24 04:57:07.127 | INFO     | lightx2v.models.networks.base_model:_load_quant_ckpt:509 - Loading weights from /data/fuhaiwen1/LightX2V/models/lightx2v/Wan2.2-Distill-Models/wan2.2_i2v_A14b_high_noise_int8_lightx2v_4step.safetensors
2026-07-24 04:57:07.128 | INFO     | lightx2v.models.networks.base_model:_load_quant_ckpt:509 - Loading weights from /data/fuhaiwen1/LightX2V/models/lightx2v/Wan2.2-Distill-Models/wan2.2_i2v_A14b_high_noise_int8_lightx2v_4step.safetensors
2026-07-24 04:58:42.027 | INFO     | lightx2v.utils.custom_compiler:_discover_compiled_methods:120 - [Compile] Discovering compiled methods for WanModel...
2026-07-24 04:58:42.029 | INFO     | lightx2v.utils.custom_compiler:_discover_compiled_methods:125 - [Compile] Found compiled method: _infer_cond_uncond
2026-07-24 04:58:42.957 | INFO     | lightx2v.models.networks.base_model:_load_quant_ckpt:509 - Loading weights from /data/fuhaiwen1/LightX2V/models/lightx2v/Wan2.2-Distill-Models/wan2.2_i2v_A14b_low_noise_int8_lightx2v_4step.safetensors
2026-07-24 04:58:43.800 | INFO     | lightx2v.utils.custom_compiler:_discover_compiled_methods:120 - [Compile] Discovering compiled methods for WanModel...
2026-07-24 04:58:43.800 | INFO     | lightx2v.utils.custom_compiler:_discover_compiled_methods:125 - [Compile] Found compiled method: _infer_cond_uncond
2026-07-24 04:58:43.812 | INFO     | lightx2v.utils.custom_compiler:_discover_compiled_methods:120 - [Compile] Discovering compiled methods for WanModel...
2026-07-24 04:58:43.813 | INFO     | lightx2v.utils.custom_compiler:_discover_compiled_methods:125 - [Compile] Found compiled method: _infer_cond_uncond
2026-07-24 04:58:43.822 | INFO     | lightx2v.utils.custom_compiler:_discover_compiled_methods:120 - [Compile] Discovering compiled methods for WanModel...
2026-07-24 04:58:43.823 | INFO     | lightx2v.utils.custom_compiler:_discover_compiled_methods:125 - [Compile] Found compiled method: _infer_cond_uncond
2026-07-24 04:58:43.854 | INFO     | lightx2v.utils.custom_compiler:_discover_compiled_methods:120 - [Compile] Discovering compiled methods for WanModel...
2026-07-24 04:58:43.854 | INFO     | lightx2v.utils.custom_compiler:_discover_compiled_methods:125 - [Compile] Found compiled method: _infer_cond_uncond
2026-07-24 04:58:43.871 | INFO     | lightx2v.utils.custom_compiler:_discover_compiled_methods:120 - [Compile] Discovering compiled methods for WanModel...
2026-07-24 04:58:43.872 | INFO     | lightx2v.utils.custom_compiler:_discover_compiled_methods:125 - [Compile] Found compiled method: _infer_cond_uncond
2026-07-24 04:58:43.920 | INFO     | lightx2v.utils.custom_compiler:_discover_compiled_methods:120 - [Compile] Discovering compiled methods for WanModel...
2026-07-24 04:58:43.920 | INFO     | lightx2v.utils.custom_compiler:_discover_compiled_methods:125 - [Compile] Found compiled method: _infer_cond_uncond
2026-07-24 04:58:43.922 | INFO     | lightx2v.utils.custom_compiler:_discover_compiled_methods:120 - [Compile] Discovering compiled methods for WanModel...
2026-07-24 04:58:43.922 | INFO     | lightx2v.utils.custom_compiler:_discover_compiled_methods:125 - [Compile] Found compiled method: _infer_cond_uncond
2026-07-24 04:58:45.953 | INFO     | lightx2v.models.networks.base_model:_load_quant_ckpt:509 - Loading weights from /data/fuhaiwen1/LightX2V/models/lightx2v/Wan2.2-Distill-Models/wan2.2_i2v_A14b_low_noise_int8_lightx2v_4step.safetensors
2026-07-24 04:58:45.953 | INFO     | lightx2v.models.networks.base_model:_load_quant_ckpt:509 - Loading weights from /data/fuhaiwen1/LightX2V/models/lightx2v/Wan2.2-Distill-Models/wan2.2_i2v_A14b_low_noise_int8_lightx2v_4step.safetensors
2026-07-24 04:58:45.953 | INFO     | lightx2v.models.networks.base_model:_load_quant_ckpt:509 - Loading weights from /data/fuhaiwen1/LightX2V/models/lightx2v/Wan2.2-Distill-Models/wan2.2_i2v_A14b_low_noise_int8_lightx2v_4step.safetensors
2026-07-24 04:58:45.953 | INFO     | lightx2v.models.networks.base_model:_load_quant_ckpt:509 - Loading weights from /data/fuhaiwen1/LightX2V/models/lightx2v/Wan2.2-Distill-Models/wan2.2_i2v_A14b_low_noise_int8_lightx2v_4step.safetensors
2026-07-24 04:58:45.953 | INFO     | lightx2v.models.networks.base_model:_load_quant_ckpt:509 - Loading weights from /data/fuhaiwen1/LightX2V/models/lightx2v/Wan2.2-Distill-Models/wan2.2_i2v_A14b_low_noise_int8_lightx2v_4step.safetensors
2026-07-24 04:58:45.953 | INFO     | lightx2v.models.networks.base_model:_load_quant_ckpt:509 - Loading weights from /data/fuhaiwen1/LightX2V/models/lightx2v/Wan2.2-Distill-Models/wan2.2_i2v_A14b_low_noise_int8_lightx2v_4step.safetensors
2026-07-24 04:58:45.953 | INFO     | lightx2v.models.networks.base_model:_load_quant_ckpt:509 - Loading weights from /data/fuhaiwen1/LightX2V/models/lightx2v/Wan2.2-Distill-Models/wan2.2_i2v_A14b_low_noise_int8_lightx2v_4step.safetensors
2026-07-24 05:00:19.287 | INFO     | lightx2v.models.runners.wan.wan_runner:__init__:858 - boundary: 0.9, boundary_timestep: 900.0
2026-07-24 05:00:19.373 | INFO     | lightx2v.utils.utils:load_weights:516 - Loading weights from /data/fuhaiwen1/LightX2V/models/Wan-AI/Wan2.2-I2V-A14B/models_t5_umt5-xxl-enc-bf16.pth
2026-07-24 05:00:20.591 | INFO     | lightx2v.models.runners.wan.wan_runner:__init__:858 - boundary: 0.9, boundary_timestep: 900.0
2026-07-24 05:00:20.597 | INFO     | lightx2v.models.runners.wan.wan_runner:__init__:858 - boundary: 0.9, boundary_timestep: 900.0
2026-07-24 05:00:20.622 | INFO     | lightx2v.models.runners.wan.wan_runner:__init__:858 - boundary: 0.9, boundary_timestep: 900.0
2026-07-24 05:00:20.649 | INFO     | lightx2v.models.runners.wan.wan_runner:__init__:858 - boundary: 0.9, boundary_timestep: 900.0
2026-07-24 05:00:20.669 | INFO     | lightx2v.models.runners.wan.wan_runner:__init__:858 - boundary: 0.9, boundary_timestep: 900.0
2026-07-24 05:00:20.677 | INFO     | lightx2v.models.runners.wan.wan_runner:__init__:858 - boundary: 0.9, boundary_timestep: 900.0
2026-07-24 05:00:20.691 | INFO     | lightx2v.models.runners.wan.wan_runner:__init__:858 - boundary: 0.9, boundary_timestep: 900.0
2026-07-24 05:00:20.950 | INFO     | lightx2v.utils.utils:load_weights:516 - Loading weights from /data/fuhaiwen1/LightX2V/models/Wan-AI/Wan2.2-I2V-A14B/models_t5_umt5-xxl-enc-bf16.pth
2026-07-24 05:00:20.969 | INFO     | lightx2v.utils.utils:load_weights:516 - Loading weights from /data/fuhaiwen1/LightX2V/models/Wan-AI/Wan2.2-I2V-A14B/models_t5_umt5-xxl-enc-bf16.pth
2026-07-24 05:00:20.989 | INFO     | lightx2v.utils.utils:load_weights:516 - Loading weights from /data/fuhaiwen1/LightX2V/models/Wan-AI/Wan2.2-I2V-A14B/models_t5_umt5-xxl-enc-bf16.pth
2026-07-24 05:00:21.021 | INFO     | lightx2v.utils.utils:load_weights:516 - Loading weights from /data/fuhaiwen1/LightX2V/models/Wan-AI/Wan2.2-I2V-A14B/models_t5_umt5-xxl-enc-bf16.pth
2026-07-24 05:00:21.033 | INFO     | lightx2v.utils.utils:load_weights:516 - Loading weights from /data/fuhaiwen1/LightX2V/models/Wan-AI/Wan2.2-I2V-A14B/models_t5_umt5-xxl-enc-bf16.pth
2026-07-24 05:00:21.043 | INFO     | lightx2v.utils.utils:load_weights:516 - Loading weights from /data/fuhaiwen1/LightX2V/models/Wan-AI/Wan2.2-I2V-A14B/models_t5_umt5-xxl-enc-bf16.pth
2026-07-24 05:00:21.045 | INFO     | lightx2v.utils.utils:load_weights:516 - Loading weights from /data/fuhaiwen1/LightX2V/models/Wan-AI/Wan2.2-I2V-A14B/models_t5_umt5-xxl-enc-bf16.pth
2026-07-24 05:01:08.104 | INFO     | lightx2v.utils.utils:load_weights:516 - Loading weights from /data/fuhaiwen1/LightX2V/models/Wan-AI/Wan2.2-I2V-A14B/Wan2.1_VAE.pth
2026-07-24 05:01:08.113 | INFO     | lightx2v.utils.utils:load_weights:516 - Loading weights from /data/fuhaiwen1/LightX2V/models/Wan-AI/Wan2.2-I2V-A14B/Wan2.1_VAE.pth
2026-07-24 05:01:08.233 | INFO     | lightx2v.utils.utils:load_weights:516 - Loading weights from /data/fuhaiwen1/LightX2V/models/Wan-AI/Wan2.2-I2V-A14B/Wan2.1_VAE.pth
2026-07-24 05:01:08.493 | INFO     | lightx2v.utils.utils:load_weights:516 - Loading weights from /data/fuhaiwen1/LightX2V/models/Wan-AI/Wan2.2-I2V-A14B/Wan2.1_VAE.pth
2026-07-24 05:01:08.692 | INFO     | lightx2v.utils.utils:load_weights:516 - Loading weights from /data/fuhaiwen1/LightX2V/models/Wan-AI/Wan2.2-I2V-A14B/Wan2.1_VAE.pth
2026-07-24 05:01:08.812 | INFO     | lightx2v.utils.utils:load_weights:516 - Loading weights from /data/fuhaiwen1/LightX2V/models/Wan-AI/Wan2.2-I2V-A14B/Wan2.1_VAE.pth
2026-07-24 05:01:10.311 | INFO     | lightx2v.utils.utils:load_weights:516 - Loading weights from /data/fuhaiwen1/LightX2V/models/Wan-AI/Wan2.2-I2V-A14B/Wan2.1_VAE.pth
2026-07-24 05:01:12.079 | INFO     | lightx2v.utils.profiler:__exit__:87 - [Profile] Single GPU - Level2_Log Load models cost 261.072824 seconds
2026-07-24 05:01:12.080 | INFO     | lightx2v.utils.profiler:__exit__:87 - [Profile] Single GPU - Level2_Log Load models cost 261.073785 seconds
2026-07-24 05:01:12.335 | INFO     | lightx2v.models.runners.wan.wan_runner:run_vae_encoder:739 - ori latent: 90x68, adjust_latent: 90x68, grid: 2x4
2026-07-24 05:01:12.466 | INFO     | lightx2v.utils.utils:load_weights:516 - Loading weights from /data/fuhaiwen1/LightX2V/models/Wan-AI/Wan2.2-I2V-A14B/Wan2.1_VAE.pth
2026-07-24 05:01:12.756 | INFO     | lightx2v.utils.profiler:__exit__:87 - [Profile] Single GPU - Level2_Log Load models cost 261.752482 seconds
2026-07-24 05:01:12.762 | INFO     | lightx2v.utils.profiler:__exit__:87 - [Profile] Single GPU - Level2_Log Load models cost 261.758333 seconds
2026-07-24 05:01:12.956 | INFO     | lightx2v.models.runners.wan.wan_runner:run_vae_encoder:739 - ori latent: 90x68, adjust_latent: 90x68, grid: 2x4
2026-07-24 05:01:13.211 | INFO     | lightx2v.utils.profiler:__exit__:87 - [Profile] Single GPU - Level2_Log Load models cost 262.208425 seconds
2026-07-24 05:01:13.215 | INFO     | lightx2v.utils.profiler:__exit__:87 - [Profile] Single GPU - Level2_Log Load models cost 262.211880 seconds
2026-07-24 05:01:13.235 | INFO     | lightx2v.utils.profiler:__exit__:87 - [Profile] Single GPU - Level2_Log Load models cost 262.229639 seconds
2026-07-24 05:01:13.236 | INFO     | lightx2v.utils.profiler:__exit__:87 - [Profile] Single GPU - Level2_Log Load models cost 262.230262 seconds
2026-07-24 05:01:13.261 | INFO     | lightx2v.models.runners.wan.wan_runner:run_vae_encoder:739 - ori latent: 90x68, adjust_latent: 90x68, grid: 2x4
2026-07-24 05:01:13.262 | INFO     | lightx2v.utils.profiler:__exit__:87 - [Profile] Single GPU - Level2_Log Load models cost 262.256898 seconds
2026-07-24 05:01:13.267 | INFO     | lightx2v.utils.profiler:__exit__:87 - [Profile] Single GPU - Level2_Log Load models cost 262.262545 seconds
2026-07-24 05:01:13.299 | INFO     | lightx2v.utils.profiler:__exit__:87 - [Profile] Single GPU - Level2_Log Load models cost 262.294823 seconds
2026-07-24 05:01:13.306 | INFO     | lightx2v.utils.profiler:__exit__:87 - [Profile] Single GPU - Level2_Log Load models cost 262.301735 seconds
2026-07-24 05:01:13.316 | INFO     | lightx2v.models.runners.wan.wan_runner:run_vae_encoder:739 - ori latent: 90x68, adjust_latent: 90x68, grid: 2x4
2026-07-24 05:01:13.322 | INFO     | lightx2v.models.runners.wan.wan_runner:run_vae_encoder:739 - ori latent: 90x68, adjust_latent: 90x68, grid: 2x4
2026-07-24 05:01:13.343 | INFO     | lightx2v.models.runners.wan.wan_runner:run_vae_encoder:739 - ori latent: 90x68, adjust_latent: 90x68, grid: 2x4
2026-07-24 05:01:13.405 | INFO     | lightx2v.utils.profiler:__exit__:87 - [Profile] Single GPU - Level2_Log Load models cost 262.400864 seconds
2026-07-24 05:01:13.405 | INFO     | lightx2v.utils.profiler:__exit__:87 - [Profile] Single GPU - Level2_Log Load models cost 262.401405 seconds
2026-07-24 05:01:13.429 | INFO     | lightx2v.models.runners.wan.wan_runner:run_vae_encoder:739 - ori latent: 90x68, adjust_latent: 90x68, grid: 2x4
2026-07-24 05:01:14.227 | INFO     | lightx2v.utils.profiler:__exit__:87 - [Profile] Single GPU - Level2_Log Load models cost 263.223955 seconds
2026-07-24 05:01:14.228 | INFO     | lightx2v.utils.profiler:__exit__:87 - [Profile] Single GPU - Level2_Log Load models cost 263.224466 seconds
2026-07-24 05:01:14.260 | INFO     | lightx2v.models.runners.wan.wan_runner:run_vae_encoder:739 - ori latent: 90x68, adjust_latent: 90x68, grid: 2x4
2026-07-24 05:01:15.193 | INFO     | lightx2v.utils.profiler:__exit__:87 - [Profile] Single GPU - Level1_Log Run VAE Encoder cost 0.932791 seconds
2026-07-24 05:01:15.193 | INFO     | lightx2v.utils.profiler:__exit__:87 - [Profile] Single GPU - Level1_Log Run VAE Encoder cost 1.932664 seconds
2026-07-24 05:01:15.193 | INFO     | lightx2v.utils.profiler:__exit__:87 - [Profile] Single GPU - Level1_Log Run VAE Encoder cost 2.237720 seconds
2026-07-24 05:01:15.194 | INFO     | lightx2v.utils.profiler:__exit__:87 - [Profile] Single GPU - Level1_Log Run VAE Encoder cost 1.765115 seconds
2026-07-24 05:01:15.194 | INFO     | lightx2v.utils.profiler:__exit__:87 - [Profile] Single GPU - Level1_Log Run VAE Encoder cost 1.872157 seconds
2026-07-24 05:01:15.194 | INFO     | lightx2v.utils.profiler:__exit__:87 - [Profile] Single GPU - Level1_Log Run VAE Encoder cost 2.858494 seconds
2026-07-24 05:01:15.195 | INFO     | lightx2v.utils.profiler:__exit__:87 - [Profile] Single GPU - Level1_Log Run VAE Encoder cost 1.879055 seconds
2026-07-24 05:01:15.196 | INFO     | lightx2v.utils.profiler:__exit__:87 - [Profile] Single GPU - Level1_Log Run VAE Encoder cost 1.852543 seconds
2026-07-24 05:01:15.396 | INFO     | lightx2v.utils.profiler:__exit__:87 - [Profile] Single GPU - Level1_Log Run Text Encoder cost 0.201872 seconds
2026-07-24 05:01:15.397 | INFO     | lightx2v.utils.profiler:__exit__:87 - [Profile] Single GPU - Level1_Log Run Text Encoder cost 0.202888 seconds
2026-07-24 05:01:15.397 | INFO     | lightx2v.utils.profiler:__exit__:87 - [Profile] Single GPU - Level2_Log Run Encoders cost 2.160534 seconds
2026-07-24 05:01:15.397 | INFO     | lightx2v.utils.profiler:__exit__:87 - [Profile] Single GPU - Level2_Log Run Encoders cost 2.180644 seconds
2026-07-24 05:01:15.398 | INFO     | lightx2v.models.runners.default_runner:run_main:450 - 🔄 start segment 1/1
2026-07-24 05:01:15.398 | INFO     | lightx2v.models.runners.default_runner:run_main:450 - 🔄 start segment 1/1
2026-07-24 05:01:15.403 | INFO     | lightx2v.utils.profiler:__exit__:87 - [Profile] Single GPU - Level1_Log Run Text Encoder cost 0.208303 seconds
2026-07-24 05:01:15.406 | INFO     | lightx2v.utils.profiler:__exit__:87 - [Profile] Single GPU - Level2_Log Run Encoders cost 3.325027 seconds
2026-07-24 05:01:15.407 | INFO     | lightx2v.models.runners.default_runner:run_main:450 - 🔄 start segment 1/1
2026-07-24 05:01:15.419 | INFO     | lightx2v.utils.profiler:__exit__:87 - [Profile] Single GPU - Level1_Log Run Text Encoder cost 0.222502 seconds
2026-07-24 05:01:15.421 | INFO     | lightx2v.utils.profiler:__exit__:87 - [Profile] Single GPU - Level2_Log Run Encoders cost 2.114043 seconds
2026-07-24 05:01:15.422 | INFO     | lightx2v.utils.profiler:__exit__:87 - [Profile] Single GPU - Level1_Log Run Text Encoder cost 0.228127 seconds
2026-07-24 05:01:15.422 | INFO     | lightx2v.utils.profiler:__exit__:87 - [Profile] Single GPU - Level2_Log Run Encoders cost 2.659535 seconds
2026-07-24 05:01:15.423 | INFO     | lightx2v.models.runners.default_runner:run_main:450 - 🔄 start segment 1/1
2026-07-24 05:01:15.423 | INFO     | lightx2v.models.runners.default_runner:run_main:450 - 🔄 start segment 1/1
2026-07-24 05:01:15.431 | INFO     | lightx2v.models.runners.default_runner:run_segment:234 - ==> step_index: 1 / 4
2026-07-24 05:01:15.431 | INFO     | lightx2v.utils.profiler:__exit__:87 - [Profile] Rank 0 - Level1_Log step_pre cost 0.000113 seconds
2026-07-24 05:01:15.432 | INFO     | lightx2v.models.runners.wan.wan_runner:get_current_model_index:914 - using - HIGH - noise model at step_index 1
2026-07-24 05:01:15.432 | INFO     | lightx2v.models.runners.default_runner:run_segment:234 - ==> step_index: 1 / 4
2026-07-24 05:01:15.432 | INFO     | lightx2v.utils.profiler:__exit__:87 - [Profile] Single GPU - Level1_Log Run Text Encoder cost 0.236931 seconds
2026-07-24 05:01:15.434 | INFO     | lightx2v.utils.profiler:__exit__:87 - [Profile] Single GPU - Level2_Log Switch models in infer_main costs cost 0.002079 seconds
2026-07-24 05:01:15.434 | INFO     | lightx2v.utils.profiler:__exit__:87 - [Profile] Rank 1 - Level1_Log step_pre cost 0.000112 seconds
2026-07-24 05:01:15.434 | INFO     | lightx2v.models.runners.wan.wan_runner:get_current_model_index:914 - using - HIGH - noise model at step_index 1
2026-07-24 05:01:15.435 | INFO     | lightx2v.utils.profiler:__exit__:87 - [Profile] Single GPU - Level2_Log Switch models in infer_main costs cost 0.000323 seconds
2026-07-24 05:01:15.437 | INFO     | lightx2v.utils.profiler:__exit__:87 - [Profile] Single GPU - Level2_Log Run Encoders cost 2.169489 seconds
2026-07-24 05:01:15.438 | INFO     | lightx2v.models.runners.default_runner:run_main:450 - 🔄 start segment 1/1
2026-07-24 05:01:15.445 | INFO     | lightx2v.utils.profiler:__exit__:87 - [Profile] Single GPU - Level1_Log Run Text Encoder cost 0.250457 seconds
2026-07-24 05:01:15.446 | INFO     | lightx2v.utils.profiler:__exit__:87 - [Profile] Single GPU - Level2_Log Run Encoders cost 2.039779 seconds
2026-07-24 05:01:15.448 | INFO     | lightx2v.models.runners.default_runner:run_main:450 - 🔄 start segment 1/1
2026-07-24 05:01:15.453 | INFO     | lightx2v.utils.profiler:__exit__:87 - [Profile] Single GPU - Level1_Log Run Text Encoder cost 0.259413 seconds
2026-07-24 05:01:15.453 | INFO     | lightx2v.models.runners.default_runner:run_segment:234 - ==> step_index: 1 / 4
2026-07-24 05:01:15.453 | INFO     | lightx2v.models.runners.default_runner:run_segment:234 - ==> step_index: 1 / 4
2026-07-24 05:01:15.454 | INFO     | lightx2v.utils.profiler:__exit__:87 - [Profile] Rank 3 - Level1_Log step_pre cost 0.000105 seconds
2026-07-24 05:01:15.454 | INFO     | lightx2v.models.runners.default_runner:run_segment:234 - ==> step_index: 1 / 4
2026-07-24 05:01:15.454 | INFO     | lightx2v.models.runners.default_runner:run_segment:234 - ==> step_index: 1 / 4
2026-07-24 05:01:15.454 | INFO     | lightx2v.models.runners.default_runner:run_segment:234 - ==> step_index: 1 / 4
2026-07-24 05:01:15.454 | INFO     | lightx2v.models.runners.wan.wan_runner:get_current_model_index:914 - using - HIGH - noise model at step_index 1
2026-07-24 05:01:15.454 | INFO     | lightx2v.utils.profiler:__exit__:87 - [Profile] Rank 2 - Level1_Log step_pre cost 0.000153 seconds
2026-07-24 05:01:15.454 | INFO     | lightx2v.utils.profiler:__exit__:87 - [Profile] Single GPU - Level2_Log Switch models in infer_main costs cost 0.000309 seconds
2026-07-24 05:01:15.454 | INFO     | lightx2v.utils.profiler:__exit__:87 - [Profile] Single GPU - Level2_Log Run Encoders cost 1.225553 seconds
2026-07-24 05:01:15.454 | INFO     | lightx2v.utils.profiler:__exit__:87 - [Profile] Rank 6 - Level1_Log step_pre cost 0.000145 seconds
2026-07-24 05:01:15.454 | INFO     | lightx2v.utils.profiler:__exit__:87 - [Profile] Rank 5 - Level1_Log step_pre cost 0.000112 seconds
2026-07-24 05:01:15.454 | INFO     | lightx2v.utils.profiler:__exit__:87 - [Profile] Rank 4 - Level1_Log step_pre cost 0.000259 seconds
2026-07-24 05:01:15.455 | INFO     | lightx2v.models.runners.wan.wan_runner:get_current_model_index:914 - using - HIGH - noise model at step_index 1
2026-07-24 05:01:15.455 | INFO     | lightx2v.models.runners.wan.wan_runner:get_current_model_index:914 - using - HIGH - noise model at step_index 1
2026-07-24 05:01:15.455 | INFO     | lightx2v.models.runners.wan.wan_runner:get_current_model_index:914 - using - HIGH - noise model at step_index 1
2026-07-24 05:01:15.455 | INFO     | lightx2v.utils.profiler:__exit__:87 - [Profile] Single GPU - Level2_Log Switch models in infer_main costs cost 0.000352 seconds
2026-07-24 05:01:15.455 | INFO     | lightx2v.utils.profiler:__exit__:87 - [Profile] Single GPU - Level2_Log Switch models in infer_main costs cost 0.000362 seconds
2026-07-24 05:01:15.455 | INFO     | lightx2v.models.runners.wan.wan_runner:get_current_model_index:914 - using - HIGH - noise model at step_index 1
2026-07-24 05:01:15.455 | INFO     | lightx2v.utils.profiler:__exit__:87 - [Profile] Single GPU - Level2_Log Switch models in infer_main costs cost 0.000656 seconds
2026-07-24 05:01:15.455 | INFO     | lightx2v.utils.profiler:__exit__:87 - [Profile] Single GPU - Level2_Log Switch models in infer_main costs cost 0.000507 seconds
2026-07-24 05:01:15.456 | INFO     | lightx2v.models.runners.default_runner:run_main:450 - 🔄 start segment 1/1
2026-07-24 05:01:15.463 | INFO     | lightx2v.models.runners.default_runner:run_segment:234 - ==> step_index: 1 / 4
2026-07-24 05:01:15.463 | INFO     | lightx2v.utils.profiler:__exit__:87 - [Profile] Rank 7 - Level1_Log step_pre cost 0.000308 seconds
2026-07-24 05:01:15.464 | INFO     | lightx2v.models.runners.wan.wan_runner:get_current_model_index:914 - using - HIGH - noise model at step_index 1
2026-07-24 05:01:15.464 | INFO     | lightx2v.utils.profiler:__exit__:87 - [Profile] Single GPU - Level2_Log Switch models in infer_main costs cost 0.000689 seconds
Warning: Sage2++ NOT enabled
Warning: Sage2++ NOT enabled
Warning: Sage2++ NOT enabled
Warning: Sage2++ NOT enabled
Warning: Sage2++ NOT enabled
Warning: Sage2++ NOT enabled
Warning: Sage2++ NOT enabled
Warning: Sage2++ NOT enabled
2026-07-24 05:01:21.398 | INFO     | lightx2v.utils.profiler:__exit__:87 - [Profile] Rank 3 - Level1_Log 🚀 infer_main cost 5.944413 seconds
2026-07-24 05:01:21.399 | INFO     | lightx2v.utils.profiler:__exit__:87 - [Profile] Rank 5 - Level1_Log 🚀 infer_main cost 5.944872 seconds
2026-07-24 05:01:21.400 | INFO     | lightx2v.utils.profiler:__exit__:87 - [Profile] Rank 7 - Level1_Log 🚀 infer_main cost 5.936096 seconds
2026-07-24 05:01:21.400 | INFO     | lightx2v.utils.profiler:__exit__:87 - [Profile] Rank 0 - Level1_Log 🚀 infer_main cost 5.968109 seconds
2026-07-24 05:01:21.405 | INFO     | lightx2v.utils.profiler:__exit__:87 - [Profile] Rank 5 - Level1_Log step_post cost 0.004859 seconds
2026-07-24 05:01:21.405 | INFO     | lightx2v.utils.profiler:__exit__:87 - [Profile] Rank 3 - Level1_Log step_post cost 0.005172 seconds
2026-07-24 05:01:21.405 | INFO     | lightx2v.utils.profiler:__exit__:87 - [Profile] Rank 7 - Level1_Log step_post cost 0.004497 seconds
2026-07-24 05:01:21.405 | INFO     | lightx2v.utils.profiler:__exit__:87 - [Profile] Rank 5 - Level1_Log Run Dit every step cost 5.952168 seconds
2026-07-24 05:01:21.405 | INFO     | lightx2v.utils.profiler:__exit__:87 - [Profile] Rank 3 - Level1_Log Run Dit every step cost 5.952352 seconds
2026-07-24 05:01:21.405 | INFO     | lightx2v.utils.profiler:__exit__:87 - [Profile] Rank 7 - Level1_Log Run Dit every step cost 5.942992 seconds
2026-07-24 05:01:21.405 | INFO     | lightx2v.utils.profiler:__exit__:87 - [Profile] Rank 0 - Level1_Log step_post cost 0.004600 seconds
2026-07-24 05:01:21.405 | INFO     | lightx2v.utils.profiler:__exit__:87 - [Profile] Rank 6 - Level1_Log 🚀 infer_main cost 5.950874 seconds
2026-07-24 05:01:21.406 | INFO     | lightx2v.utils.profiler:__exit__:87 - [Profile] Rank 0 - Level1_Log Run Dit every step cost 5.974893 seconds
2026-07-24 05:01:21.406 | INFO     | lightx2v.utils.profiler:__exit__:87 - [Profile] Rank 4 - Level1_Log 🚀 infer_main cost 5.951375 seconds
2026-07-24 05:01:21.407 | INFO     | lightx2v.models.runners.default_runner:run_segment:234 - ==> step_index: 2 / 4
2026-07-24 05:01:21.407 | INFO     | lightx2v.utils.profiler:__exit__:87 - [Profile] Rank 6 - Level1_Log step_post cost 0.001193 seconds
2026-07-24 05:01:21.407 | INFO     | lightx2v.utils.profiler:__exit__:87 - [Profile] Rank 0 - Level1_Log step_pre cost 0.000263 seconds
2026-07-24 05:01:21.407 | INFO     | lightx2v.utils.profiler:__exit__:87 - [Profile] Rank 6 - Level1_Log Run Dit every step cost 5.954665 seconds
2026-07-24 05:01:21.408 | INFO     | lightx2v.utils.profiler:__exit__:87 - [Profile] Rank 4 - Level1_Log step_post cost 0.001124 seconds
2026-07-24 05:01:21.408 | INFO     | lightx2v.models.runners.wan.wan_runner:get_current_model_index:914 - using - HIGH - noise model at step_index 2
2026-07-24 05:01:21.408 | INFO     | lightx2v.utils.profiler:__exit__:87 - [Profile] Rank 4 - Level1_Log Run Dit every step cost 5.954848 seconds
2026-07-24 05:01:21.408 | INFO     | lightx2v.utils.profiler:__exit__:87 - [Profile] Single GPU - Level2_Log Switch models in infer_main costs cost 0.000498 seconds
2026-07-24 05:01:21.409 | INFO     | lightx2v.utils.profiler:__exit__:87 - [Profile] Rank 1 - Level1_Log 🚀 infer_main cost 5.974307 seconds
2026-07-24 05:01:21.409 | INFO     | lightx2v.utils.profiler:__exit__:87 - [Profile] Rank 2 - Level1_Log 🚀 infer_main cost 5.955247 seconds
2026-07-24 05:01:21.410 | INFO     | lightx2v.utils.profiler:__exit__:87 - [Profile] Rank 1 - Level1_Log step_post cost 0.001191 seconds
2026-07-24 05:01:21.411 | INFO     | lightx2v.utils.profiler:__exit__:87 - [Profile] Rank 1 - Level1_Log Run Dit every step cost 5.978812 seconds
2026-07-24 05:01:21.411 | INFO     | lightx2v.models.runners.default_runner:run_segment:234 - ==> step_index: 2 / 4
2026-07-24 05:01:21.411 | INFO     | lightx2v.utils.profiler:__exit__:87 - [Profile] Rank 2 - Level1_Log step_post cost 0.001230 seconds
2026-07-24 05:01:21.411 | INFO     | lightx2v.utils.profiler:__exit__:87 - [Profile] Rank 2 - Level1_Log Run Dit every step cost 5.958516 seconds
2026-07-24 05:01:21.411 | INFO     | lightx2v.utils.profiler:__exit__:87 - [Profile] Rank 1 - Level1_Log step_pre cost 0.000135 seconds
2026-07-24 05:01:21.412 | INFO     | lightx2v.models.runners.wan.wan_runner:get_current_model_index:914 - using - HIGH - noise model at step_index 2
2026-07-24 05:01:21.412 | INFO     | lightx2v.models.runners.default_runner:run_segment:234 - ==> step_index: 2 / 4
2026-07-24 05:01:21.412 | INFO     | lightx2v.models.runners.default_runner:run_segment:234 - ==> step_index: 2 / 4
2026-07-24 05:01:21.412 | INFO     | lightx2v.utils.profiler:__exit__:87 - [Profile] Single GPU - Level2_Log Switch models in infer_main costs cost 0.000255 seconds
2026-07-24 05:01:21.412 | INFO     | lightx2v.models.runners.default_runner:run_segment:234 - ==> step_index: 2 / 4
2026-07-24 05:01:21.412 | INFO     | lightx2v.models.runners.default_runner:run_segment:234 - ==> step_index: 2 / 4
2026-07-24 05:01:21.412 | INFO     | lightx2v.models.runners.default_runner:run_segment:234 - ==> step_index: 2 / 4
2026-07-24 05:01:21.412 | INFO     | lightx2v.models.runners.default_runner:run_segment:234 - ==> step_index: 2 / 4
2026-07-24 05:01:21.412 | INFO     | lightx2v.utils.profiler:__exit__:87 - [Profile] Rank 5 - Level1_Log step_pre cost 0.000109 seconds
2026-07-24 05:01:21.412 | INFO     | lightx2v.utils.profiler:__exit__:87 - [Profile] Rank 4 - Level1_Log step_pre cost 0.000143 seconds
2026-07-24 05:01:21.413 | INFO     | lightx2v.utils.profiler:__exit__:87 - [Profile] Rank 3 - Level1_Log step_pre cost 0.000115 seconds
2026-07-24 05:01:21.413 | INFO     | lightx2v.utils.profiler:__exit__:87 - [Profile] Rank 6 - Level1_Log step_pre cost 0.000145 seconds
2026-07-24 05:01:21.413 | INFO     | lightx2v.utils.profiler:__exit__:87 - [Profile] Rank 2 - Level1_Log step_pre cost 0.000120 seconds
2026-07-24 05:01:21.413 | INFO     | lightx2v.models.runners.wan.wan_runner:get_current_model_index:914 - using - HIGH - noise model at step_index 2
2026-07-24 05:01:21.413 | INFO     | lightx2v.utils.profiler:__exit__:87 - [Profile] Rank 7 - Level1_Log step_pre cost 0.000166 seconds
2026-07-24 05:01:21.413 | INFO     | lightx2v.models.runners.wan.wan_runner:get_current_model_index:914 - using - HIGH - noise model at step_index 2
2026-07-24 05:01:21.413 | INFO     | lightx2v.models.runners.wan.wan_runner:get_current_model_index:914 - using - HIGH - noise model at step_index 2
2026-07-24 05:01:21.413 | INFO     | lightx2v.models.runners.wan.wan_runner:get_current_model_index:914 - using - HIGH - noise model at step_index 2
2026-07-24 05:01:21.413 | INFO     | lightx2v.utils.profiler:__exit__:87 - [Profile] Single GPU - Level2_Log Switch models in infer_main costs cost 0.000380 seconds
2026-07-24 05:01:21.413 | INFO     | lightx2v.utils.profiler:__exit__:87 - [Profile] Single GPU - Level2_Log Switch models in infer_main costs cost 0.000456 seconds
2026-07-24 05:01:21.413 | INFO     | lightx2v.models.runners.wan.wan_runner:get_current_model_index:914 - using - HIGH - noise model at step_index 2
2026-07-24 05:01:21.413 | INFO     | lightx2v.utils.profiler:__exit__:87 - [Profile] Single GPU - Level2_Log Switch models in infer_main costs cost 0.000254 seconds
2026-07-24 05:01:21.413 | INFO     | lightx2v.utils.profiler:__exit__:87 - [Profile] Single GPU - Level2_Log Switch models in infer_main costs cost 0.000523 seconds
2026-07-24 05:01:21.414 | INFO     | lightx2v.models.runners.wan.wan_runner:get_current_model_index:914 - using - HIGH - noise model at step_index 2
2026-07-24 05:01:21.414 | INFO     | lightx2v.utils.profiler:__exit__:87 - [Profile] Single GPU - Level2_Log Switch models in infer_main costs cost 0.000508 seconds
2026-07-24 05:01:21.414 | INFO     | lightx2v.utils.profiler:__exit__:87 - [Profile] Single GPU - Level2_Log Switch models in infer_main costs cost 0.000484 seconds
2026-07-24 05:01:25.229 | INFO     | lightx2v.utils.profiler:__exit__:87 - [Profile] Rank 3 - Level1_Log 🚀 infer_main cost 3.815980 seconds
2026-07-24 05:01:25.231 | INFO     | lightx2v.utils.profiler:__exit__:87 - [Profile] Rank 5 - Level1_Log 🚀 infer_main cost 3.818048 seconds
2026-07-24 05:01:25.232 | INFO     | lightx2v.utils.profiler:__exit__:87 - [Profile] Rank 3 - Level1_Log step_post cost 0.001329 seconds
2026-07-24 05:01:25.231 | INFO     | lightx2v.utils.profiler:__exit__:87 - [Profile] Rank 0 - Level1_Log 🚀 infer_main cost 3.823288 seconds
2026-07-24 05:01:25.232 | INFO     | lightx2v.utils.profiler:__exit__:87 - [Profile] Rank 3 - Level1_Log Run Dit every step cost 3.826444 seconds
2026-07-24 05:01:25.232 | INFO     | lightx2v.utils.profiler:__exit__:87 - [Profile] Rank 7 - Level1_Log 🚀 infer_main cost 3.818345 seconds
2026-07-24 05:01:25.233 | INFO     | lightx2v.utils.profiler:__exit__:87 - [Profile] Rank 5 - Level1_Log step_post cost 0.001501 seconds
2026-07-24 05:01:25.233 | INFO     | lightx2v.utils.profiler:__exit__:87 - [Profile] Rank 5 - Level1_Log Run Dit every step cost 3.827863 seconds
2026-07-24 05:01:25.235 | INFO     | lightx2v.utils.profiler:__exit__:87 - [Profile] Rank 0 - Level1_Log step_post cost 0.002250 seconds
2026-07-24 05:01:25.235 | INFO     | lightx2v.utils.profiler:__exit__:87 - [Profile] Rank 0 - Level1_Log Run Dit every step cost 3.828884 seconds
2026-07-24 05:01:25.235 | INFO     | lightx2v.utils.profiler:__exit__:87 - [Profile] Rank 7 - Level1_Log step_post cost 0.002655 seconds
2026-07-24 05:01:25.235 | INFO     | lightx2v.utils.profiler:__exit__:87 - [Profile] Rank 7 - Level1_Log Run Dit every step cost 3.829874 seconds
2026-07-24 05:01:25.236 | INFO     | lightx2v.models.runners.default_runner:run_segment:234 - ==> step_index: 3 / 4
2026-07-24 05:01:25.236 | INFO     | lightx2v.utils.profiler:__exit__:87 - [Profile] Rank 0 - Level1_Log step_pre cost 0.000130 seconds
2026-07-24 05:01:25.236 | INFO     | lightx2v.models.runners.wan.wan_runner:get_current_model_index:924 - using - LOW - noise model at step_index 3
2026-07-24 05:01:25.237 | INFO     | lightx2v.utils.profiler:__exit__:87 - [Profile] Single GPU - Level2_Log Switch models in infer_main costs cost 0.000321 seconds
2026-07-24 05:01:25.238 | INFO     | lightx2v.utils.profiler:__exit__:87 - [Profile] Rank 4 - Level1_Log 🚀 infer_main cost 3.824708 seconds
2026-07-24 05:01:25.238 | INFO     | lightx2v.utils.profiler:__exit__:87 - [Profile] Rank 6 - Level1_Log 🚀 infer_main cost 3.824494 seconds
2026-07-24 05:01:25.238 | INFO     | lightx2v.utils.profiler:__exit__:87 - [Profile] Rank 1 - Level1_Log 🚀 infer_main cost 3.826497 seconds
2026-07-24 05:01:25.240 | INFO     | lightx2v.utils.profiler:__exit__:87 - [Profile] Rank 4 - Level1_Log step_post cost 0.001597 seconds
2026-07-24 05:01:25.240 | INFO     | lightx2v.utils.profiler:__exit__:87 - [Profile] Rank 6 - Level1_Log step_post cost 0.001690 seconds
2026-07-24 05:01:25.240 | INFO     | lightx2v.utils.profiler:__exit__:87 - [Profile] Rank 4 - Level1_Log Run Dit every step cost 3.831703 seconds
2026-07-24 05:01:25.240 | INFO     | lightx2v.utils.profiler:__exit__:87 - [Profile] Rank 6 - Level1_Log Run Dit every step cost 3.832318 seconds
2026-07-24 05:01:25.241 | INFO     | lightx2v.utils.profiler:__exit__:87 - [Profile] Rank 2 - Level1_Log 🚀 infer_main cost 3.827529 seconds
2026-07-24 05:01:25.241 | INFO     | lightx2v.utils.profiler:__exit__:87 - [Profile] Rank 1 - Level1_Log step_post cost 0.002282 seconds
2026-07-24 05:01:25.242 | INFO     | lightx2v.utils.profiler:__exit__:87 - [Profile] Rank 1 - Level1_Log Run Dit every step cost 3.831006 seconds
2026-07-24 05:01:25.242 | INFO     | lightx2v.models.runners.default_runner:run_segment:234 - ==> step_index: 3 / 4
2026-07-24 05:01:25.243 | INFO     | lightx2v.utils.profiler:__exit__:87 - [Profile] Rank 1 - Level1_Log step_pre cost 0.000253 seconds
2026-07-24 05:01:25.243 | INFO     | lightx2v.models.runners.wan.wan_runner:get_current_model_index:924 - using - LOW - noise model at step_index 3
2026-07-24 05:01:25.243 | INFO     | lightx2v.utils.profiler:__exit__:87 - [Profile] Single GPU - Level2_Log Switch models in infer_main costs cost 0.000286 seconds
2026-07-24 05:01:25.248 | INFO     | lightx2v.utils.profiler:__exit__:87 - [Profile] Rank 2 - Level1_Log step_post cost 0.005893 seconds
2026-07-24 05:01:25.248 | INFO     | lightx2v.utils.profiler:__exit__:87 - [Profile] Rank 2 - Level1_Log Run Dit every step cost 3.836590 seconds
2026-07-24 05:01:25.250 | INFO     | lightx2v.models.runners.default_runner:run_segment:234 - ==> step_index: 3 / 4
2026-07-24 05:01:25.250 | INFO     | lightx2v.models.runners.default_runner:run_segment:234 - ==> step_index: 3 / 4
2026-07-24 05:01:25.250 | INFO     | lightx2v.models.runners.default_runner:run_segment:234 - ==> step_index: 3 / 4
2026-07-24 05:01:25.250 | INFO     | lightx2v.models.runners.default_runner:run_segment:234 - ==> step_index: 3 / 4
2026-07-24 05:01:25.250 | INFO     | lightx2v.utils.profiler:__exit__:87 - [Profile] Rank 3 - Level1_Log step_pre cost 0.000105 seconds
2026-07-24 05:01:25.250 | INFO     | lightx2v.models.runners.default_runner:run_segment:234 - ==> step_index: 3 / 4
2026-07-24 05:01:25.250 | INFO     | lightx2v.utils.profiler:__exit__:87 - [Profile] Rank 5 - Level1_Log step_pre cost 0.000108 seconds
2026-07-24 05:01:25.250 | INFO     | lightx2v.utils.profiler:__exit__:87 - [Profile] Rank 4 - Level1_Log step_pre cost 0.000163 seconds
2026-07-24 05:01:25.250 | INFO     | lightx2v.models.runners.wan.wan_runner:get_current_model_index:924 - using - LOW - noise model at step_index 3
2026-07-24 05:01:25.250 | INFO     | lightx2v.models.runners.wan.wan_runner:get_current_model_index:924 - using - LOW - noise model at step_index 3
2026-07-24 05:01:25.250 | INFO     | lightx2v.utils.profiler:__exit__:87 - [Profile] Single GPU - Level2_Log Switch models in infer_main costs cost 0.000316 seconds
2026-07-24 05:01:25.251 | INFO     | lightx2v.models.runners.wan.wan_runner:get_current_model_index:924 - using - LOW - noise model at step_index 3
2026-07-24 05:01:25.251 | INFO     | lightx2v.utils.profiler:__exit__:87 - [Profile] Rank 6 - Level1_Log step_pre cost 0.000226 seconds
2026-07-24 05:01:25.251 | INFO     | lightx2v.utils.profiler:__exit__:87 - [Profile] Single GPU - Level2_Log Switch models in infer_main costs cost 0.000363 seconds
2026-07-24 05:01:25.251 | INFO     | lightx2v.utils.profiler:__exit__:87 - [Profile] Rank 2 - Level1_Log step_pre cost 0.000522 seconds
2026-07-24 05:01:25.251 | INFO     | lightx2v.utils.profiler:__exit__:87 - [Profile] Single GPU - Level2_Log Switch models in infer_main costs cost 0.000483 seconds
2026-07-24 05:01:25.251 | INFO     | lightx2v.models.runners.default_runner:run_segment:234 - ==> step_index: 3 / 4
2026-07-24 05:01:25.251 | INFO     | lightx2v.models.runners.wan.wan_runner:get_current_model_index:924 - using - LOW - noise model at step_index 3
2026-07-24 05:01:25.252 | INFO     | lightx2v.utils.profiler:__exit__:87 - [Profile] Single GPU - Level2_Log Switch models in infer_main costs cost 0.000492 seconds
2026-07-24 05:01:25.252 | INFO     | lightx2v.models.runners.wan.wan_runner:get_current_model_index:924 - using - LOW - noise model at step_index 3
2026-07-24 05:01:25.252 | INFO     | lightx2v.utils.profiler:__exit__:87 - [Profile] Single GPU - Level2_Log Switch models in infer_main costs cost 0.000632 seconds
2026-07-24 05:01:25.252 | INFO     | lightx2v.utils.profiler:__exit__:87 - [Profile] Rank 7 - Level1_Log step_pre cost 0.000515 seconds
2026-07-24 05:01:25.253 | INFO     | lightx2v.models.runners.wan.wan_runner:get_current_model_index:924 - using - LOW - noise model at step_index 3
2026-07-24 05:01:25.253 | INFO     | lightx2v.utils.profiler:__exit__:87 - [Profile] Single GPU - Level2_Log Switch models in infer_main costs cost 0.000326 seconds
2026-07-24 05:01:29.331 | INFO     | lightx2v.utils.profiler:__exit__:87 - [Profile] Rank 3 - Level1_Log 🚀 infer_main cost 4.080909 seconds
2026-07-24 05:01:29.331 | INFO     | lightx2v.utils.profiler:__exit__:87 - [Profile] Rank 0 - Level1_Log 🚀 infer_main cost 4.095137 seconds
2026-07-24 05:01:29.331 | INFO     | lightx2v.utils.profiler:__exit__:87 - [Profile] Rank 6 - Level1_Log 🚀 infer_main cost 4.080296 seconds
2026-07-24 05:01:29.334 | INFO     | lightx2v.utils.profiler:__exit__:87 - [Profile] Rank 4 - Level1_Log 🚀 infer_main cost 4.083987 seconds
2026-07-24 05:01:29.354 | INFO     | lightx2v.utils.profiler:__exit__:87 - [Profile] Rank 1 - Level1_Log 🚀 infer_main cost 4.110749 seconds
2026-07-24 05:01:29.357 | INFO     | lightx2v.utils.profiler:__exit__:87 - [Profile] Rank 2 - Level1_Log 🚀 infer_main cost 4.105931 seconds
2026-07-24 05:01:29.360 | INFO     | lightx2v.utils.profiler:__exit__:87 - [Profile] Rank 5 - Level1_Log 🚀 infer_main cost 4.109111 seconds
2026-07-24 05:01:29.360 | INFO     | lightx2v.utils.profiler:__exit__:87 - [Profile] Rank 7 - Level1_Log 🚀 infer_main cost 4.107715 seconds
2026-07-24 05:01:29.401 | INFO     | lightx2v.utils.profiler:__exit__:87 - [Profile] Rank 3 - Level1_Log step_post cost 0.067320 seconds
2026-07-24 05:01:29.401 | INFO     | lightx2v.utils.profiler:__exit__:87 - [Profile] Rank 3 - Level1_Log Run Dit every step cost 4.168453 seconds
2026-07-24 05:01:29.419 | INFO     | lightx2v.utils.profiler:__exit__:87 - [Profile] Rank 4 - Level1_Log step_post cost 0.084207 seconds
2026-07-24 05:01:29.420 | INFO     | lightx2v.utils.profiler:__exit__:87 - [Profile] Rank 4 - Level1_Log Run Dit every step cost 4.179335 seconds
2026-07-24 05:01:29.421 | INFO     | lightx2v.utils.profiler:__exit__:87 - [Profile] Rank 0 - Level1_Log step_post cost 0.087332 seconds
2026-07-24 05:01:29.421 | INFO     | lightx2v.utils.profiler:__exit__:87 - [Profile] Rank 0 - Level1_Log Run Dit every step cost 4.185895 seconds
2026-07-24 05:01:29.421 | INFO     | lightx2v.utils.profiler:__exit__:87 - [Profile] Rank 6 - Level1_Log step_post cost 0.087562 seconds
2026-07-24 05:01:29.422 | INFO     | lightx2v.models.runners.default_runner:run_segment:234 - ==> step_index: 4 / 4
2026-07-24 05:01:29.422 | INFO     | lightx2v.utils.profiler:__exit__:87 - [Profile] Rank 6 - Level1_Log Run Dit every step cost 4.181574 seconds
2026-07-24 05:01:29.422 | INFO     | lightx2v.utils.profiler:__exit__:87 - [Profile] Rank 0 - Level1_Log step_pre cost 0.000108 seconds
2026-07-24 05:01:29.422 | INFO     | lightx2v.models.runners.wan.wan_runner:get_current_model_index:924 - using - LOW - noise model at step_index 4
2026-07-24 05:01:29.423 | INFO     | lightx2v.utils.profiler:__exit__:87 - [Profile] Single GPU - Level2_Log Switch models in infer_main costs cost 0.000325 seconds
2026-07-24 05:01:29.429 | INFO     | lightx2v.utils.profiler:__exit__:87 - [Profile] Rank 5 - Level1_Log step_post cost 0.068978 seconds
2026-07-24 05:01:29.429 | INFO     | lightx2v.utils.profiler:__exit__:87 - [Profile] Rank 5 - Level1_Log Run Dit every step cost 4.195963 seconds
2026-07-24 05:01:29.443 | INFO     | lightx2v.utils.profiler:__exit__:87 - [Profile] Rank 7 - Level1_Log step_post cost 0.082165 seconds
2026-07-24 05:01:29.443 | INFO     | lightx2v.utils.profiler:__exit__:87 - [Profile] Rank 7 - Level1_Log Run Dit every step cost 4.207648 seconds
2026-07-24 05:01:29.446 | INFO     | lightx2v.utils.profiler:__exit__:87 - [Profile] Rank 1 - Level1_Log step_post cost 0.090015 seconds
2026-07-24 05:01:29.446 | INFO     | lightx2v.utils.profiler:__exit__:87 - [Profile] Rank 1 - Level1_Log Run Dit every step cost 4.204175 seconds
2026-07-24 05:01:29.447 | INFO     | lightx2v.models.runners.default_runner:run_segment:234 - ==> step_index: 4 / 4
2026-07-24 05:01:29.448 | INFO     | lightx2v.utils.profiler:__exit__:87 - [Profile] Rank 1 - Level1_Log step_pre cost 0.000176 seconds
2026-07-24 05:01:29.449 | INFO     | lightx2v.models.runners.wan.wan_runner:get_current_model_index:924 - using - LOW - noise model at step_index 4
2026-07-24 05:01:29.449 | INFO     | lightx2v.utils.profiler:__exit__:87 - [Profile] Single GPU - Level2_Log Switch models in infer_main costs cost 0.000703 seconds
2026-07-24 05:01:29.454 | INFO     | lightx2v.utils.profiler:__exit__:87 - [Profile] Rank 2 - Level1_Log step_post cost 0.095391 seconds
2026-07-24 05:01:29.455 | INFO     | lightx2v.utils.profiler:__exit__:87 - [Profile] Rank 2 - Level1_Log Run Dit every step cost 4.205795 seconds
2026-07-24 05:01:29.456 | INFO     | lightx2v.models.runners.default_runner:run_segment:234 - ==> step_index: 4 / 4
2026-07-24 05:01:29.456 | INFO     | lightx2v.models.runners.default_runner:run_segment:234 - ==> step_index: 4 / 4
2026-07-24 05:01:29.456 | INFO     | lightx2v.models.runners.default_runner:run_segment:234 - ==> step_index: 4 / 4
2026-07-24 05:01:29.456 | INFO     | lightx2v.models.runners.default_runner:run_segment:234 - ==> step_index: 4 / 4
2026-07-24 05:01:29.456 | INFO     | lightx2v.models.runners.default_runner:run_segment:234 - ==> step_index: 4 / 4
2026-07-24 05:01:29.456 | INFO     | lightx2v.models.runners.default_runner:run_segment:234 - ==> step_index: 4 / 4
2026-07-24 05:01:29.456 | INFO     | lightx2v.utils.profiler:__exit__:87 - [Profile] Rank 3 - Level1_Log step_pre cost 0.000114 seconds
2026-07-24 05:01:29.456 | INFO     | lightx2v.utils.profiler:__exit__:87 - [Profile] Rank 5 - Level1_Log step_pre cost 0.000183 seconds
2026-07-24 05:01:29.456 | INFO     | lightx2v.utils.profiler:__exit__:87 - [Profile] Rank 4 - Level1_Log step_pre cost 0.000161 seconds
2026-07-24 05:01:29.457 | INFO     | lightx2v.utils.profiler:__exit__:87 - [Profile] Rank 6 - Level1_Log step_pre cost 0.000260 seconds
2026-07-24 05:01:29.457 | INFO     | lightx2v.models.runners.wan.wan_runner:get_current_model_index:924 - using - LOW - noise model at step_index 4
2026-07-24 05:01:29.457 | INFO     | lightx2v.models.runners.wan.wan_runner:get_current_model_index:924 - using - LOW - noise model at step_index 4
2026-07-24 05:01:29.457 | INFO     | lightx2v.utils.profiler:__exit__:87 - [Profile] Single GPU - Level2_Log Switch models in infer_main costs cost 0.000234 seconds
2026-07-24 05:01:29.457 | INFO     | lightx2v.models.runners.wan.wan_runner:get_current_model_index:924 - using - LOW - noise model at step_index 4
2026-07-24 05:01:29.457 | INFO     | lightx2v.utils.profiler:__exit__:87 - [Profile] Single GPU - Level2_Log Switch models in infer_main costs cost 0.000265 seconds
2026-07-24 05:01:29.457 | INFO     | lightx2v.utils.profiler:__exit__:87 - [Profile] Rank 2 - Level1_Log step_pre cost 0.000461 seconds
2026-07-24 05:01:29.457 | INFO     | lightx2v.models.runners.wan.wan_runner:get_current_model_index:924 - using - LOW - noise model at step_index 4
2026-07-24 05:01:29.457 | INFO     | lightx2v.utils.profiler:__exit__:87 - [Profile] Single GPU - Level2_Log Switch models in infer_main costs cost 0.000443 seconds
2026-07-24 05:01:29.457 | INFO     | lightx2v.utils.profiler:__exit__:87 - [Profile] Rank 7 - Level1_Log step_pre cost 0.000537 seconds
2026-07-24 05:01:29.458 | INFO     | lightx2v.utils.profiler:__exit__:87 - [Profile] Single GPU - Level2_Log Switch models in infer_main costs cost 0.000579 seconds
2026-07-24 05:01:29.458 | INFO     | lightx2v.models.runners.wan.wan_runner:get_current_model_index:924 - using - LOW - noise model at step_index 4
2026-07-24 05:01:29.458 | INFO     | lightx2v.utils.profiler:__exit__:87 - [Profile] Single GPU - Level2_Log Switch models in infer_main costs cost 0.000435 seconds
2026-07-24 05:01:29.458 | INFO     | lightx2v.models.runners.wan.wan_runner:get_current_model_index:924 - using - LOW - noise model at step_index 4
2026-07-24 05:01:29.458 | INFO     | lightx2v.utils.profiler:__exit__:87 - [Profile] Single GPU - Level2_Log Switch models in infer_main costs cost 0.000548 seconds
2026-07-24 05:01:33.413 | INFO     | lightx2v.utils.profiler:__exit__:87 - [Profile] Rank 3 - Level1_Log 🚀 infer_main cost 3.956772 seconds
2026-07-24 05:01:33.413 | INFO     | lightx2v.utils.profiler:__exit__:87 - [Profile] Rank 6 - Level1_Log 🚀 infer_main cost 3.956498 seconds
2026-07-24 05:01:33.414 | INFO     | lightx2v.utils.profiler:__exit__:87 - [Profile] Rank 0 - Level1_Log 🚀 infer_main cost 3.991877 seconds
2026-07-24 05:01:33.416 | INFO     | lightx2v.utils.profiler:__exit__:87 - [Profile] Rank 3 - Level1_Log step_post cost 0.001182 seconds
2026-07-24 05:01:33.416 | INFO     | lightx2v.utils.profiler:__exit__:87 - [Profile] Rank 3 - Level1_Log Run Dit every step cost 4.015106 seconds
2026-07-24 05:01:33.416 | INFO     | lightx2v.utils.profiler:__exit__:87 - [Profile] Rank 6 - Level1_Log step_post cost 0.001435 seconds
2026-07-24 05:01:33.417 | INFO     | lightx2v.utils.profiler:__exit__:87 - [Profile] Rank 6 - Level1_Log Run Dit every step cost 3.994371 seconds
2026-07-24 05:01:33.417 | INFO     | lightx2v.utils.profiler:__exit__:87 - [Profile] Rank 4 - Level1_Log 🚀 infer_main cost 3.960328 seconds
2026-07-24 05:01:33.418 | INFO     | lightx2v.utils.profiler:__exit__:87 - [Profile] Rank 0 - Level1_Log step_post cost 0.003156 seconds
2026-07-24 05:01:33.419 | INFO     | lightx2v.utils.profiler:__exit__:87 - [Profile] Rank 0 - Level1_Log Run Dit every step cost 3.997244 seconds
2026-07-24 05:01:33.420 | INFO     | lightx2v.utils.profiler:__exit__:87 - [Profile] Rank 4 - Level1_Log step_post cost 0.002433 seconds
2026-07-24 05:01:33.420 | INFO     | lightx2v.utils.profiler:__exit__:87 - [Profile] Rank 4 - Level1_Log Run Dit every step cost 4.000651 seconds
2026-07-24 05:01:33.437 | INFO     | lightx2v.utils.profiler:__exit__:87 - [Profile] Rank 1 - Level1_Log 🚀 infer_main cost 3.988093 seconds
2026-07-24 05:01:33.441 | INFO     | lightx2v.utils.profiler:__exit__:87 - [Profile] Rank 1 - Level1_Log step_post cost 0.002889 seconds
2026-07-24 05:01:33.441 | INFO     | lightx2v.utils.profiler:__exit__:87 - [Profile] Rank 2 - Level1_Log 🚀 infer_main cost 3.983289 seconds
2026-07-24 05:01:33.442 | INFO     | lightx2v.utils.profiler:__exit__:87 - [Profile] Rank 1 - Level1_Log Run Dit every step cost 3.995036 seconds
2026-07-24 05:01:33.442 | INFO     | lightx2v.utils.profiler:__exit__:87 - [Profile] Rank 5 - Level1_Log 🚀 infer_main cost 3.984707 seconds
2026-07-24 05:01:33.443 | INFO     | lightx2v.utils.profiler:__exit__:87 - [Profile] Rank 7 - Level1_Log 🚀 infer_main cost 3.985294 seconds
2026-07-24 05:01:33.444 | INFO     | lightx2v.utils.profiler:__exit__:87 - [Profile] Rank 5 - Level1_Log step_post cost 0.001638 seconds
2026-07-24 05:01:33.444 | INFO     | lightx2v.utils.profiler:__exit__:87 - [Profile] Rank 5 - Level1_Log Run Dit every step cost 4.014200 seconds
2026-07-24 05:01:33.445 | INFO     | lightx2v.utils.profiler:__exit__:87 - [Profile] Rank 2 - Level1_Log step_post cost 0.002743 seconds
2026-07-24 05:01:33.445 | INFO     | lightx2v.utils.profiler:__exit__:87 - [Profile] Rank 2 - Level1_Log Run Dit every step cost 3.989828 seconds
2026-07-24 05:01:33.446 | INFO     | lightx2v.utils.profiler:__exit__:87 - [Profile] Rank 7 - Level1_Log step_post cost 0.002501 seconds
2026-07-24 05:01:33.447 | INFO     | lightx2v.utils.profiler:__exit__:87 - [Profile] Rank 7 - Level1_Log Run Dit every step cost 4.002922 seconds
2026-07-24 05:01:34.425 | INFO     | lightx2v.utils.profiler:__exit__:87 - [Profile] Single GPU - Level1_Log Run VAE Decoder cost 1.006139 seconds
2026-07-24 05:01:34.425 | INFO     | lightx2v.utils.profiler:__exit__:87 - [Profile] Single GPU - Level1_Log Run VAE Decoder cost 0.983160 seconds
2026-07-24 05:01:34.425 | INFO     | lightx2v.utils.profiler:__exit__:87 - [Profile] Single GPU - Level1_Log Run VAE Decoder cost 1.009106 seconds
2026-07-24 05:01:34.425 | INFO     | lightx2v.utils.profiler:__exit__:87 - [Profile] Single GPU - Level1_Log Run VAE Decoder cost 1.004741 seconds
2026-07-24 05:01:34.426 | INFO     | lightx2v.utils.profiler:__exit__:87 - [Profile] Rank 0 - Level1_Log segment end2end 1/1 cost 19.002440 seconds
2026-07-24 05:01:34.425 | INFO     | lightx2v.utils.profiler:__exit__:87 - [Profile] Single GPU - Level1_Log Run VAE Decoder cost 1.008330 seconds
2026-07-24 05:01:34.425 | INFO     | lightx2v.utils.profiler:__exit__:87 - [Profile] Single GPU - Level1_Log Run VAE Decoder cost 0.981310 seconds
2026-07-24 05:01:34.426 | INFO     | lightx2v.utils.profiler:__exit__:87 - [Profile] Rank 1 - Level1_Log segment end2end 1/1 cost 19.002261 seconds
2026-07-24 05:01:34.426 | INFO     | lightx2v.utils.profiler:__exit__:87 - [Profile] Single GPU - Level1_Log Run VAE Decoder cost 0.978770 seconds
2026-07-24 05:01:34.426 | INFO     | lightx2v.utils.profiler:__exit__:87 - [Profile] Rank 3 - Level1_Log segment end2end 1/1 cost 19.027737 seconds
2026-07-24 05:01:34.426 | INFO     | lightx2v.utils.profiler:__exit__:87 - [Profile] Rank 4 - Level1_Log segment end2end 1/1 cost 18.987703 seconds
2026-07-24 05:01:34.426 | INFO     | lightx2v.utils.profiler:__exit__:87 - [Profile] Single GPU - Level1_Log Run VAE Decoder cost 0.980459 seconds
2026-07-24 05:01:34.426 | INFO     | lightx2v.utils.profiler:__exit__:87 - [Profile] Rank 6 - Level1_Log segment end2end 1/1 cost 19.028064 seconds
2026-07-24 05:01:34.427 | INFO     | lightx2v.utils.profiler:__exit__:87 - [Profile] Rank 5 - Level1_Log segment end2end 1/1 cost 19.019682 seconds
2026-07-24 05:01:34.427 | INFO     | lightx2v.utils.profiler:__exit__:87 - [Profile] Single GPU - Level2_Log Run DiT cost 19.004198 seconds
2026-07-24 05:01:34.427 | INFO     | lightx2v.utils.profiler:__exit__:87 - [Profile] Rank 7 - Level1_Log segment end2end 1/1 cost 18.970815 seconds
2026-07-24 05:01:34.427 | INFO     | lightx2v.utils.profiler:__exit__:87 - [Profile] Single GPU - Level2_Log Run DiT cost 19.029821 seconds
2026-07-24 05:01:34.427 | INFO     | lightx2v.utils.profiler:__exit__:87 - [Profile] Single GPU - Level2_Log Run DiT cost 18.989899 seconds
2026-07-24 05:01:34.428 | INFO     | lightx2v.utils.profiler:__exit__:87 - [Profile] Rank 0 - Level2_Log wan_vae_to_comfy cost 0.001248 seconds
2026-07-24 05:01:34.428 | INFO     | lightx2v.utils.profiler:__exit__:87 - [Profile] Single GPU - Level2_Log Run DiT cost 19.030486 seconds
2026-07-24 05:01:34.428 | INFO     | lightx2v.utils.profiler:__exit__:87 - [Profile] Rank 2 - Level1_Log segment end2end 1/1 cost 18.979024 seconds
2026-07-24 05:01:34.428 | INFO     | lightx2v.utils.profiler:__exit__:87 - [Profile] Single GPU - Level1_Log RUN pipeline cost 21.664774 seconds
2026-07-24 05:01:34.428 | INFO     | lightx2v.utils.profiler:__exit__:87 - [Profile] Single GPU - Level1_Log RUN pipeline cost 21.211519 seconds
2026-07-24 05:01:34.428 | INFO     | lightx2v.utils.profiler:__exit__:87 - [Profile] Single GPU - Level2_Log Run DiT cost 19.021992 seconds
2026-07-24 05:01:34.428 | INFO     | lightx2v.utils.profiler:__exit__:87 - [Profile] Single GPU - Level1_Log RUN pipeline cost 21.160467 seconds
2026-07-24 05:01:34.428 | INFO     | lightx2v.utils.profiler:__exit__:87 - [Profile] Single GPU - Level2_Log Run DiT cost 18.973717 seconds
2026-07-24 05:01:34.428 | INFO     | lightx2v.models.runners.default_runner:process_images_after_vae_decoder:561 - 🎬 Start to save video 🎬
2026-07-24 05:01:34.428 | INFO     | lightx2v.utils.profiler:__exit__:87 - [Profile] Single GPU - Level1_Log RUN pipeline cost 21.191969 seconds
2026-07-24 05:01:34.429 | INFO     | lightx2v.utils.profiler:__exit__:87 - [Profile] Single GPU - Level1_Log RUN pipeline cost 22.348265 seconds
2026-07-24 05:01:34.429 | INFO     | lightx2v.utils.profiler:__exit__:87 - [Profile] Single GPU - Level1_Log RUN pipeline cost 20.200741 seconds
2026-07-24 05:01:34.429 | INFO     | lightx2v.utils.profiler:__exit__:87 - [Profile] Single GPU - Level2_Log Run DiT cost 18.983104 seconds
2026-07-24 05:01:34.430 | INFO     | lightx2v.utils.profiler:__exit__:87 - [Profile] Single GPU - Level1_Log RUN pipeline cost 21.023883 seconds
2026-07-24 05:01:34.723 | INFO     | lightx2v.models.runners.base_runner:_maybe_freeze_gc:84 - [GC] gc.collect() reclaimed 0 objects; gc.freeze() moved ~708858 live tracked objects out of future GC walks
2026-07-24 05:01:34.724 | INFO     | lightx2v.utils.profiler:__exit__:87 - [Profile] Rank 3 - Level1_Log Total Cost cost 283.722587 seconds
2026-07-24 05:01:34.746 | INFO     | lightx2v.models.runners.base_runner:_maybe_freeze_gc:84 - [GC] gc.collect() reclaimed 0 objects; gc.freeze() moved ~708858 live tracked objects out of future GC walks
2026-07-24 05:01:34.746 | INFO     | lightx2v.utils.profiler:__exit__:87 - [Profile] Rank 4 - Level1_Log Total Cost cost 283.743069 seconds
2026-07-24 05:01:34.833 | INFO     | lightx2v.models.runners.base_runner:_maybe_freeze_gc:84 - [GC] gc.collect() reclaimed 0 objects; gc.freeze() moved ~708860 live tracked objects out of future GC walks
2026-07-24 05:01:34.833 | INFO     | lightx2v.utils.profiler:__exit__:87 - [Profile] Rank 5 - Level1_Log Total Cost cost 283.828488 seconds
2026-07-24 05:01:34.985 | INFO     | lightx2v.models.runners.default_runner:process_images_after_vae_decoder:570 - ✅ Video saved successfully to: /data/fuhaiwen1/LightX2V/save_results/baseline_benchmark_6.mp4 ✅
2026-07-24 05:01:34.987 | INFO     | lightx2v.utils.profiler:__exit__:87 - [Profile] Single GPU - Level2_Log Run DiT cost 19.565165 seconds
2026-07-24 05:01:34.987 | INFO     | lightx2v.utils.profiler:__exit__:87 - [Profile] Single GPU - Level1_Log RUN pipeline cost 21.679916 seconds
2026-07-24 05:01:35.020 | INFO     | lightx2v.models.runners.base_runner:_maybe_freeze_gc:84 - [GC] gc.collect() reclaimed 0 objects; gc.freeze() moved ~708859 live tracked objects out of future GC walks
2026-07-24 05:01:35.020 | INFO     | lightx2v.utils.profiler:__exit__:87 - [Profile] Rank 6 - Level1_Log Total Cost cost 284.015679 seconds
2026-07-24 05:01:35.127 | INFO     | lightx2v.models.runners.base_runner:_maybe_freeze_gc:84 - [GC] gc.collect() reclaimed 0 objects; gc.freeze() moved ~708859 live tracked objects out of future GC walks
2026-07-24 05:01:35.128 | INFO     | lightx2v.utils.profiler:__exit__:87 - [Profile] Rank 7 - Level1_Log Total Cost cost 284.126190 seconds
2026-07-24 05:01:35.175 | INFO     | lightx2v.models.runners.base_runner:_maybe_freeze_gc:84 - [GC] gc.collect() reclaimed 0 objects; gc.freeze() moved ~708858 live tracked objects out of future GC walks
2026-07-24 05:01:35.176 | INFO     | lightx2v.utils.profiler:__exit__:87 - [Profile] Rank 1 - Level1_Log Total Cost cost 284.173699 seconds
2026-07-24 05:01:35.621 | INFO     | lightx2v.models.runners.base_runner:_maybe_freeze_gc:84 - [GC] gc.collect() reclaimed 0 objects; gc.freeze() moved ~708867 live tracked objects out of future GC walks
2026-07-24 05:01:35.622 | INFO     | lightx2v.utils.profiler:__exit__:87 - [Profile] Rank 0 - Level1_Log Total Cost cost 284.619490 seconds
2026-07-24 05:01:36.519 | INFO     | lightx2v.models.runners.base_runner:_maybe_freeze_gc:84 - [GC] gc.collect() reclaimed 0 objects; gc.freeze() moved ~708860 live tracked objects out of future GC walks
2026-07-24 05:01:36.521 | INFO     | lightx2v.utils.profiler:__exit__:87 - [Profile] Rank 2 - Level1_Log Total Cost cost 285.518607 seconds
2026-07-24 05:01:36.793 | INFO     | __main__:main:241 - Distributed process group cleaned up
2026-07-24 05:01:36.801 | INFO     | __main__:main:241 - Distributed process group cleaned up
2026-07-24 05:01:36.813 | INFO     | __main__:main:241 - Distributed process group cleaned up
2026-07-24 05:01:36.844 | INFO     | __main__:main:241 - Distributed process group cleaned up
2026-07-24 05:01:36.848 | INFO     | __main__:main:241 - Distributed process group cleaned up
2026-07-24 05:01:36.947 | INFO     | __main__:main:241 - Distributed process group cleaned up
2026-07-24 05:01:36.947 | INFO     | __main__:main:241 - Distributed process group cleaned up
2026-07-24 05:01:37.319 | INFO     | __main__:main:241 - Distributed process group cleaned up
2026-07-24 05:01:55.081 | INFO     | __main__:_controller_main:577 - [done] request_id=0 worker=cooperative_group start_ts=1784869000.688750 finish_ts=1784869315.068021 e2e=323.378s elapsed_from_global_start=323.377s rc=0
2026-07-24 05:01:56.579 | INFO     | lightx2v_platform.base.base:init_ai_device:17 - Initialized AI_DEVICE: cuda
2026-07-24 05:01:56.581 | INFO     | lightx2v_platform.base.base:init_ai_device:17 - Initialized AI_DEVICE: cuda
2026-07-24 05:01:56.582 | INFO     | lightx2v_platform.base.base:init_ai_device:17 - Initialized AI_DEVICE: cuda
2026-07-24 05:01:56.584 | INFO     | lightx2v_platform.base.base:init_ai_device:17 - Initialized AI_DEVICE: cuda
2026-07-24 05:01:56.586 | INFO     | lightx2v_platform.base.base:init_ai_device:17 - Initialized AI_DEVICE: cuda
2026-07-24 05:01:56.587 | INFO     | lightx2v_platform.base.base:init_ai_device:17 - Initialized AI_DEVICE: cuda
2026-07-24 05:01:56.588 | INFO     | lightx2v_platform.base.base:init_ai_device:17 - Initialized AI_DEVICE: cuda
2026-07-24 05:01:56.588 | INFO     | lightx2v_platform.base.base:init_ai_device:17 - Initialized AI_DEVICE: cuda
2026-07-24 05:01:56.670 | INFO     | lightx2v_platform.base.base:check_ai_device:34 - AI device for platform 'cuda' is available.
2026-07-24 05:01:56.673 | INFO     | lightx2v_platform.base.base:check_ai_device:34 - AI device for platform 'cuda' is available.
2026-07-24 05:01:56.682 | INFO     | lightx2v_platform.base.base:check_ai_device:34 - AI device for platform 'cuda' is available.
2026-07-24 05:01:56.686 | INFO     | lightx2v_platform.base.base:check_ai_device:34 - AI device for platform 'cuda' is available.
2026-07-24 05:01:56.687 | INFO     | lightx2v_platform.base.base:check_ai_device:34 - AI device for platform 'cuda' is available.
2026-07-24 05:01:56.688 | INFO     | lightx2v_platform.base.base:check_ai_device:34 - AI device for platform 'cuda' is available.
2026-07-24 05:01:56.689 | INFO     | lightx2v_platform.base.base:check_ai_device:34 - AI device for platform 'cuda' is available.
2026-07-24 05:01:56.690 | INFO     | lightx2v_platform.base.base:check_ai_device:34 - AI device for platform 'cuda' is available.
/app/MagiAttention/magi_attention/__init__.py:26: UserWarning: You are using magi_attention without installing it. This may cause some unexpected errors.
  warnings.warn(
/app/MagiAttention/magi_attention/__init__.py:26: UserWarning: You are using magi_attention without installing it. This may cause some unexpected errors.
  warnings.warn(
/app/MagiAttention/magi_attention/__init__.py:26: UserWarning: You are using magi_attention without installing it. This may cause some unexpected errors.
  warnings.warn(
/app/MagiAttention/magi_attention/__init__.py:26: UserWarning: You are using magi_attention without installing it. This may cause some unexpected errors.
  warnings.warn(
/app/MagiAttention/magi_attention/__init__.py:26: UserWarning: You are using magi_attention without installing it. This may cause some unexpected errors.
  warnings.warn(
/app/MagiAttention/magi_attention/__init__.py:26: UserWarning: You are using magi_attention without installing it. This may cause some unexpected errors.
  warnings.warn(
/app/MagiAttention/magi_attention/__init__.py:26: UserWarning: You are using magi_attention without installing it. This may cause some unexpected errors.
  warnings.warn(
/app/MagiAttention/magi_attention/__init__.py:26: UserWarning: You are using magi_attention without installing it. This may cause some unexpected errors.
  warnings.warn(
2026-07-24 05:02:00.528 | INFO     | lightx2v.common.ops.attn.dynamic_sparse_attn:<module>:16 - flash_attn.cute not found, please install flashattention4 first
2026-07-24 05:02:00.529 | INFO     | lightx2v.common.ops.attn.dynamic_sparse_attn:<module>:22 - sageattn3_sparse not found, please install sageattn3_sparse first
2026-07-24 05:02:00.534 | INFO     | lightx2v.common.ops.attn.flash_attn:<module>:26 - flash_attn.cute not found, please install flashattention4 first
2026-07-24 05:02:00.535 | INFO     | lightx2v.common.ops.attn.dynamic_sparse_attn:<module>:16 - flash_attn.cute not found, please install flashattention4 first
2026-07-24 05:02:00.535 | INFO     | lightx2v.common.ops.attn.dynamic_sparse_attn:<module>:22 - sageattn3_sparse not found, please install sageattn3_sparse first
2026-07-24 05:02:00.538 | INFO     | lightx2v.common.ops.attn.flash_attn:<module>:26 - flash_attn.cute not found, please install flashattention4 first
2026-07-24 05:02:00.541 | INFO     | lightx2v.common.ops.attn.dynamic_sparse_attn:<module>:16 - flash_attn.cute not found, please install flashattention4 first
2026-07-24 05:02:00.542 | INFO     | lightx2v.common.ops.attn.dynamic_sparse_attn:<module>:22 - sageattn3_sparse not found, please install sageattn3_sparse first
2026-07-24 05:02:00.544 | INFO     | lightx2v.common.ops.attn.flash_attn:<module>:26 - flash_attn.cute not found, please install flashattention4 first
2026-07-24 05:02:00.556 | INFO     | lightx2v.common.ops.attn.dynamic_sparse_attn:<module>:16 - flash_attn.cute not found, please install flashattention4 first
2026-07-24 05:02:00.556 | INFO     | lightx2v.common.ops.attn.dynamic_sparse_attn:<module>:22 - sageattn3_sparse not found, please install sageattn3_sparse first
2026-07-24 05:02:00.559 | INFO     | lightx2v.common.ops.attn.flash_attn:<module>:26 - flash_attn.cute not found, please install flashattention4 first
2026-07-24 05:02:00.561 | INFO     | lightx2v.common.ops.attn.dynamic_sparse_attn:<module>:16 - flash_attn.cute not found, please install flashattention4 first
2026-07-24 05:02:00.561 | INFO     | lightx2v.common.ops.attn.dynamic_sparse_attn:<module>:22 - sageattn3_sparse not found, please install sageattn3_sparse first
2026-07-24 05:02:00.563 | INFO     | lightx2v.common.ops.attn.flash_attn:<module>:26 - flash_attn.cute not found, please install flashattention4 first
2026-07-24 05:02:00.571 | INFO     | lightx2v.common.ops.attn.dynamic_sparse_attn:<module>:16 - flash_attn.cute not found, please install flashattention4 first
2026-07-24 05:02:00.572 | INFO     | lightx2v.common.ops.attn.dynamic_sparse_attn:<module>:22 - sageattn3_sparse not found, please install sageattn3_sparse first
2026-07-24 05:02:00.574 | INFO     | lightx2v.common.ops.attn.flash_attn:<module>:26 - flash_attn.cute not found, please install flashattention4 first
2026-07-24 05:02:00.578 | INFO     | lightx2v.common.ops.attn.dynamic_sparse_attn:<module>:16 - flash_attn.cute not found, please install flashattention4 first
2026-07-24 05:02:00.578 | INFO     | lightx2v.common.ops.attn.dynamic_sparse_attn:<module>:22 - sageattn3_sparse not found, please install sageattn3_sparse first
2026-07-24 05:02:00.579 | INFO     | lightx2v.common.ops.attn.dynamic_sparse_attn:<module>:16 - flash_attn.cute not found, please install flashattention4 first
2026-07-24 05:02:00.579 | INFO     | lightx2v.common.ops.attn.dynamic_sparse_attn:<module>:22 - sageattn3_sparse not found, please install sageattn3_sparse first
2026-07-24 05:02:00.580 | INFO     | lightx2v.common.ops.attn.flash_attn:<module>:26 - flash_attn.cute not found, please install flashattention4 first
2026-07-24 05:02:00.581 | INFO     | lightx2v.common.ops.attn.flash_attn:<module>:26 - flash_attn.cute not found, please install flashattention4 first
2026-07-24 05:02:00.816 | INFO     | lightx2v.common.ops.attn.sage_attn:<module>:23 - sageattn3_sparse not found, please install sageattn3_sparse first
2026-07-24 05:02:00.816 | INFO     | lightx2v.common.ops.attn.sage_attn:<module>:23 - sageattn3_sparse not found, please install sageattn3_sparse first
2026-07-24 05:02:00.816 | INFO     | lightx2v.common.ops.attn.sage_attn:<module>:23 - sageattn3_sparse not found, please install sageattn3_sparse first
2026-07-24 05:02:00.816 | INFO     | lightx2v.common.ops.attn.sage_attn:<module>:23 - sageattn3_sparse not found, please install sageattn3_sparse first
2026-07-24 05:02:00.816 | INFO     | lightx2v.common.ops.attn.sage_attn:<module>:23 - sageattn3_sparse not found, please install sageattn3_sparse first
2026-07-24 05:02:00.816 | INFO     | lightx2v.common.ops.attn.sage_attn:<module>:23 - sageattn3_sparse not found, please install sageattn3_sparse first
2026-07-24 05:02:00.817 | INFO     | lightx2v.common.ops.attn.sage_attn:<module>:23 - sageattn3_sparse not found, please install sageattn3_sparse first
2026-07-24 05:02:00.817 | INFO     | lightx2v.common.ops.attn.sage_attn:<module>:23 - sageattn3_sparse not found, please install sageattn3_sparse first
2026-07-24 05:02:00.861 | INFO     | lightx2v.common.ops.attn.sage_attn:<module>:61 - sageattn3_sparse not found, please install sageattention sparse first
2026-07-24 05:02:00.861 | INFO     | lightx2v.common.ops.attn.sage_attn:<module>:61 - sageattn3_sparse not found, please install sageattention sparse first
2026-07-24 05:02:00.861 | INFO     | lightx2v.common.ops.attn.sage_attn:<module>:61 - sageattn3_sparse not found, please install sageattention sparse first
2026-07-24 05:02:00.861 | INFO     | lightx2v.common.ops.attn.sage_attn:<module>:61 - sageattn3_sparse not found, please install sageattention sparse first
2026-07-24 05:02:00.861 | INFO     | lightx2v.common.ops.attn.sage_attn:<module>:61 - sageattn3_sparse not found, please install sageattention sparse first
2026-07-24 05:02:00.861 | INFO     | lightx2v.common.ops.attn.sage_attn:<module>:61 - sageattn3_sparse not found, please install sageattention sparse first
2026-07-24 05:02:00.861 | INFO     | lightx2v.common.ops.attn.sage_attn:<module>:61 - sageattn3_sparse not found, please install sageattention sparse first
2026-07-24 05:02:00.861 | INFO     | lightx2v.common.ops.attn.sage_attn:<module>:61 - sageattn3_sparse not found, please install sageattention sparse first
2026-07-24 05:02:00.879 | INFO     | lightx2v.common.ops.attn.sparse_operator:<module>:14 - flash_attn.cute not found, please install flashattention4 first
2026-07-24 05:02:00.880 | INFO     | lightx2v.common.ops.attn.sparse_operator:<module>:20 - sageattn3_sparse not found, please install sageattn3_sparse first
2026-07-24 05:02:00.880 | INFO     | lightx2v.common.ops.attn.sparse_operator:<module>:14 - flash_attn.cute not found, please install flashattention4 first
2026-07-24 05:02:00.880 | INFO     | lightx2v.common.ops.attn.sparse_operator:<module>:14 - flash_attn.cute not found, please install flashattention4 first
2026-07-24 05:02:00.880 | INFO     | lightx2v.common.ops.attn.sparse_operator:<module>:14 - flash_attn.cute not found, please install flashattention4 first
2026-07-24 05:02:00.880 | INFO     | lightx2v.common.ops.attn.sparse_operator:<module>:14 - flash_attn.cute not found, please install flashattention4 first
2026-07-24 05:02:00.880 | INFO     | lightx2v.common.ops.attn.sparse_operator:<module>:14 - flash_attn.cute not found, please install flashattention4 first
2026-07-24 05:02:00.880 | INFO     | lightx2v.common.ops.attn.sparse_operator:<module>:14 - flash_attn.cute not found, please install flashattention4 first
2026-07-24 05:02:00.880 | INFO     | lightx2v.common.ops.attn.sparse_operator:<module>:20 - sageattn3_sparse not found, please install sageattn3_sparse first
2026-07-24 05:02:00.880 | INFO     | lightx2v.common.ops.attn.sparse_operator:<module>:20 - sageattn3_sparse not found, please install sageattn3_sparse first
2026-07-24 05:02:00.881 | INFO     | lightx2v.common.ops.attn.sparse_operator:<module>:20 - sageattn3_sparse not found, please install sageattn3_sparse first
2026-07-24 05:02:00.881 | INFO     | lightx2v.common.ops.attn.sparse_operator:<module>:14 - flash_attn.cute not found, please install flashattention4 first
2026-07-24 05:02:00.881 | INFO     | lightx2v.common.ops.attn.sparse_operator:<module>:20 - sageattn3_sparse not found, please install sageattn3_sparse first
2026-07-24 05:02:00.881 | INFO     | lightx2v.common.ops.attn.sparse_operator:<module>:20 - sageattn3_sparse not found, please install sageattn3_sparse first
2026-07-24 05:02:00.881 | INFO     | lightx2v.common.ops.attn.sparse_operator:<module>:20 - sageattn3_sparse not found, please install sageattn3_sparse first
2026-07-24 05:02:00.881 | INFO     | lightx2v.common.ops.attn.sparse_operator:<module>:20 - sageattn3_sparse not found, please install sageattn3_sparse first
2026-07-24 05:02:06.190 | INFO     | lightx2v.utils.set_config:auto_calc_config:62 - Loading some config from /tmp/baseline_req_1_gk46q607/request_config.json
2026-07-24 05:02:06.190 | INFO     | lightx2v.utils.set_config:auto_calc_config:62 - Loading some config from /tmp/baseline_req_1_ujqt3woe/request_config.json
2026-07-24 05:02:06.190 | INFO     | lightx2v.utils.set_config:auto_calc_config:62 - Loading some config from /tmp/baseline_req_1_a48qo79u/request_config.json
2026-07-24 05:02:06.190 | INFO     | lightx2v.utils.set_config:auto_calc_config:62 - Loading some config from /tmp/baseline_req_1_2y_8jt24/request_config.json
2026-07-24 05:02:06.190 | INFO     | lightx2v.utils.set_config:auto_calc_config:62 - Loading some config from /tmp/baseline_req_1_05oextr0/request_config.json
2026-07-24 05:02:06.190 | INFO     | lightx2v.utils.set_config:auto_calc_config:62 - Loading some config from /tmp/baseline_req_1_yjcdag04/request_config.json
2026-07-24 05:02:06.190 | INFO     | lightx2v.utils.set_config:auto_calc_config:62 - Loading some config from /tmp/baseline_req_1_mrzh1vn8/request_config.json
2026-07-24 05:02:06.190 | INFO     | lightx2v.utils.set_config:auto_calc_config:62 - Loading some config from /tmp/baseline_req_1_9gagcbou/request_config.json
2026-07-24 05:02:07.698 | INFO     | lightx2v.utils.set_config:print_config:373 - config:
{
    "do_mm_calib": false,
    "cpu_offload": true,
    "max_area": false,
    "vae_stride": [
        4,
        8,
        8
    ],
    "patch_size": [
        1,
        2,
        2
    ],
    "feature_caching": "NoCaching",
    "teacache_thresh": 0.26,
    "use_ret_steps": false,
    "use_bfloat16": true,
    "lora_configs": null,
    "use_prompt_enhancer": false,
    "parallel": {
        "seq_p_size": 8,
        "seq_p_attn_type": "ulysses"
    },
    "seq_parallel": true,
    "cfg_parallel": false,
    "enable_cfg": false,
    "use_image_encoder": false,
    "model_cls": "wan2.2_moe",
    "task": "i2v",
    "support_tasks": [],
    "model_path": "/data/fuhaiwen1/LightX2V/models/Wan-AI/Wan2.2-I2V-A14B",
    "config_json": "/tmp/baseline_req_1_gk46q607/request_config.json",
    "enable_bf16": false,
    "save_rendered": false,
    "render_depth": false,
    "_wm_cli_snapshot": {
        "subfolder": null,
        "disable_heads": null,
        "enable_bf16": false,
        "save_rendered": false,
        "render_interp_per_pair": null,
        "render_depth": false,
        "wm_config_path": null,
        "wm_ckpt_path": null
    },
    "infer_steps": 4,
    "in_dim": 36,
    "dim": 5120,
    "ffn_dim": 13824,
    "freq_dim": 256,
    "num_heads": 40,
    "num_layers": 40,
    "out_dim": 16,
    "eps": 1e-06,
    "model_type": "i2v",
    "target_video_length": 81,
    "text_len": 512,
    "target_height": 480,
    "target_width": 832,
    "self_attn_1_type": "sage_attn2",
    "cross_attn_1_type": "sage_attn2",
    "cross_attn_2_type": "sage_attn2",
    "sample_guide_scale": [
        3.5,
        3.5
    ],
    "sample_shift": 5.0,
    "offload_granularity": "block",
    "t5_cpu_offload": false,
    "vae_cpu_offload": false,
    "fps": 16,
    "boundary_step_index": 2,
    "denoising_step_list": [
        1000,
        750,
        500,
        250
    ],
    "dit_quantized": true,
    "dit_quant_scheme": "int8-q8f",
    "high_noise_quantized_ckpt": "/data/fuhaiwen1/LightX2V/models/lightx2v/Wan2.2-Distill-Models/wan2.2_i2v_A14b_high_noise_int8_lightx2v_4step.safetensors",
    "low_noise_quantized_ckpt": "/data/fuhaiwen1/LightX2V/models/lightx2v/Wan2.2-Distill-Models/wan2.2_i2v_A14b_low_noise_int8_lightx2v_4step.safetensors",
    "high_noise_original_ckpt": "/data/fuhaiwen1/LightX2V/models/lightx2v/Wan2.2-Distill-Models/wan2.2_i2v_A14b_high_noise_int8_lightx2v_4step.safetensors",
    "low_noise_original_ckpt": "/data/fuhaiwen1/LightX2V/models/lightx2v/Wan2.2-Distill-Models/wan2.2_i2v_A14b_low_noise_int8_lightx2v_4step.safetensors",
    "save_path": "/data/fuhaiwen1/LightX2V/save_results/baseline_benchmark_6.mp4",
    "prompt": "Summer beach vacation style, a white cat wearing sunglasses sits on a surfboard.",
    "negative_prompt": "镜头晃动，色调艳丽，过曝，静态",
    "image_path": "/data/fuhaiwen1/LightX2V/assets/inputs/imgs/img_0.jpg",
    "boundary": 0.9,
    "data_bootstrap_room": 1,
    "device_mesh": "DeviceMesh('cuda', [[0, 1, 2, 3, 4, 5, 6, 7]], mesh_dim_names=('cfg_p', 'seq_p'))",
    "tensor_parallel": false
}
2026-07-24 05:02:07.707 | DEBUG    | lightx2v.utils.utils:validate_config_paths:750 - ✓ Verified high_noise_original_ckpt: /data/fuhaiwen1/LightX2V/models/lightx2v/Wan2.2-Distill-Models/wan2.2_i2v_A14b_high_noise_int8_lightx2v_4step.safetensors
2026-07-24 05:02:07.707 | DEBUG    | lightx2v.utils.utils:validate_config_paths:754 - ✓ Verified high_noise_quantized_ckpt: /data/fuhaiwen1/LightX2V/models/lightx2v/Wan2.2-Distill-Models/wan2.2_i2v_A14b_high_noise_int8_lightx2v_4step.safetensors
2026-07-24 05:02:07.707 | DEBUG    | lightx2v.utils.utils:validate_config_paths:750 - ✓ Verified high_noise_original_ckpt: /data/fuhaiwen1/LightX2V/models/lightx2v/Wan2.2-Distill-Models/wan2.2_i2v_A14b_high_noise_int8_lightx2v_4step.safetensors
2026-07-24 05:02:07.707 | DEBUG    | lightx2v.utils.utils:validate_config_paths:750 - ✓ Verified high_noise_original_ckpt: /data/fuhaiwen1/LightX2V/models/lightx2v/Wan2.2-Distill-Models/wan2.2_i2v_A14b_high_noise_int8_lightx2v_4step.safetensors
2026-07-24 05:02:07.707 | DEBUG    | lightx2v.utils.utils:validate_config_paths:754 - ✓ Verified high_noise_quantized_ckpt: /data/fuhaiwen1/LightX2V/models/lightx2v/Wan2.2-Distill-Models/wan2.2_i2v_A14b_high_noise_int8_lightx2v_4step.safetensors
2026-07-24 05:02:07.707 | DEBUG    | lightx2v.utils.utils:validate_config_paths:750 - ✓ Verified high_noise_original_ckpt: /data/fuhaiwen1/LightX2V/models/lightx2v/Wan2.2-Distill-Models/wan2.2_i2v_A14b_high_noise_int8_lightx2v_4step.safetensors
2026-07-24 05:02:07.707 | DEBUG    | lightx2v.utils.utils:validate_config_paths:754 - ✓ Verified high_noise_quantized_ckpt: /data/fuhaiwen1/LightX2V/models/lightx2v/Wan2.2-Distill-Models/wan2.2_i2v_A14b_high_noise_int8_lightx2v_4step.safetensors
2026-07-24 05:02:07.707 | DEBUG    | lightx2v.utils.utils:validate_config_paths:750 - ✓ Verified high_noise_original_ckpt: /data/fuhaiwen1/LightX2V/models/lightx2v/Wan2.2-Distill-Models/wan2.2_i2v_A14b_high_noise_int8_lightx2v_4step.safetensors
2026-07-24 05:02:07.707 | DEBUG    | lightx2v.utils.utils:validate_config_paths:750 - ✓ Verified high_noise_original_ckpt: /data/fuhaiwen1/LightX2V/models/lightx2v/Wan2.2-Distill-Models/wan2.2_i2v_A14b_high_noise_int8_lightx2v_4step.safetensors
2026-07-24 05:02:07.708 | DEBUG    | lightx2v.utils.utils:validate_config_paths:754 - ✓ Verified high_noise_quantized_ckpt: /data/fuhaiwen1/LightX2V/models/lightx2v/Wan2.2-Distill-Models/wan2.2_i2v_A14b_high_noise_int8_lightx2v_4step.safetensors
2026-07-24 05:02:07.708 | DEBUG    | lightx2v.utils.utils:validate_config_paths:759 - ✓ Verified low_noise_original_ckpt: /data/fuhaiwen1/LightX2V/models/lightx2v/Wan2.2-Distill-Models/wan2.2_i2v_A14b_low_noise_int8_lightx2v_4step.safetensors
2026-07-24 05:02:07.708 | DEBUG    | lightx2v.utils.utils:validate_config_paths:754 - ✓ Verified high_noise_quantized_ckpt: /data/fuhaiwen1/LightX2V/models/lightx2v/Wan2.2-Distill-Models/wan2.2_i2v_A14b_high_noise_int8_lightx2v_4step.safetensors
2026-07-24 05:02:07.708 | DEBUG    | lightx2v.utils.utils:validate_config_paths:750 - ✓ Verified high_noise_original_ckpt: /data/fuhaiwen1/LightX2V/models/lightx2v/Wan2.2-Distill-Models/wan2.2_i2v_A14b_high_noise_int8_lightx2v_4step.safetensors
2026-07-24 05:02:07.708 | DEBUG    | lightx2v.utils.utils:validate_config_paths:754 - ✓ Verified high_noise_quantized_ckpt: /data/fuhaiwen1/LightX2V/models/lightx2v/Wan2.2-Distill-Models/wan2.2_i2v_A14b_high_noise_int8_lightx2v_4step.safetensors
2026-07-24 05:02:07.708 | DEBUG    | lightx2v.utils.utils:validate_config_paths:759 - ✓ Verified low_noise_original_ckpt: /data/fuhaiwen1/LightX2V/models/lightx2v/Wan2.2-Distill-Models/wan2.2_i2v_A14b_low_noise_int8_lightx2v_4step.safetensors
2026-07-24 05:02:07.708 | DEBUG    | lightx2v.utils.utils:validate_config_paths:763 - ✓ Verified low_noise_quantized_ckpt: /data/fuhaiwen1/LightX2V/models/lightx2v/Wan2.2-Distill-Models/wan2.2_i2v_A14b_low_noise_int8_lightx2v_4step.safetensors
2026-07-24 05:02:07.708 | DEBUG    | lightx2v.utils.utils:validate_config_paths:759 - ✓ Verified low_noise_original_ckpt: /data/fuhaiwen1/LightX2V/models/lightx2v/Wan2.2-Distill-Models/wan2.2_i2v_A14b_low_noise_int8_lightx2v_4step.safetensors
2026-07-24 05:02:07.708 | DEBUG    | lightx2v.utils.utils:validate_config_paths:759 - ✓ Verified low_noise_original_ckpt: /data/fuhaiwen1/LightX2V/models/lightx2v/Wan2.2-Distill-Models/wan2.2_i2v_A14b_low_noise_int8_lightx2v_4step.safetensors
2026-07-24 05:02:07.708 | DEBUG    | lightx2v.utils.utils:validate_config_paths:754 - ✓ Verified high_noise_quantized_ckpt: /data/fuhaiwen1/LightX2V/models/lightx2v/Wan2.2-Distill-Models/wan2.2_i2v_A14b_high_noise_int8_lightx2v_4step.safetensors
2026-07-24 05:02:07.709 | DEBUG    | lightx2v.utils.utils:validate_config_paths:759 - ✓ Verified low_noise_original_ckpt: /data/fuhaiwen1/LightX2V/models/lightx2v/Wan2.2-Distill-Models/wan2.2_i2v_A14b_low_noise_int8_lightx2v_4step.safetensors
2026-07-24 05:02:07.708 | DEBUG    | lightx2v.utils.utils:validate_config_paths:750 - ✓ Verified high_noise_original_ckpt: /data/fuhaiwen1/LightX2V/models/lightx2v/Wan2.2-Distill-Models/wan2.2_i2v_A14b_high_noise_int8_lightx2v_4step.safetensors
2026-07-24 05:02:07.709 | DEBUG    | lightx2v.utils.utils:validate_config_paths:763 - ✓ Verified low_noise_quantized_ckpt: /data/fuhaiwen1/LightX2V/models/lightx2v/Wan2.2-Distill-Models/wan2.2_i2v_A14b_low_noise_int8_lightx2v_4step.safetensors
2026-07-24 05:02:07.709 | INFO     | lightx2v.utils.utils:validate_config_paths:765 - ✓ Config checkpoint paths validated successfully
2026-07-24 05:02:07.709 | DEBUG    | lightx2v.utils.utils:validate_config_paths:759 - ✓ Verified low_noise_original_ckpt: /data/fuhaiwen1/LightX2V/models/lightx2v/Wan2.2-Distill-Models/wan2.2_i2v_A14b_low_noise_int8_lightx2v_4step.safetensors
2026-07-24 05:02:07.709 | DEBUG    | lightx2v.utils.utils:validate_config_paths:763 - ✓ Verified low_noise_quantized_ckpt: /data/fuhaiwen1/LightX2V/models/lightx2v/Wan2.2-Distill-Models/wan2.2_i2v_A14b_low_noise_int8_lightx2v_4step.safetensors
2026-07-24 05:02:07.709 | DEBUG    | lightx2v.utils.utils:validate_config_paths:763 - ✓ Verified low_noise_quantized_ckpt: /data/fuhaiwen1/LightX2V/models/lightx2v/Wan2.2-Distill-Models/wan2.2_i2v_A14b_low_noise_int8_lightx2v_4step.safetensors
2026-07-24 05:02:07.709 | DEBUG    | lightx2v.utils.utils:validate_config_paths:759 - ✓ Verified low_noise_original_ckpt: /data/fuhaiwen1/LightX2V/models/lightx2v/Wan2.2-Distill-Models/wan2.2_i2v_A14b_low_noise_int8_lightx2v_4step.safetensors
2026-07-24 05:02:07.709 | DEBUG    | lightx2v.utils.utils:validate_config_paths:763 - ✓ Verified low_noise_quantized_ckpt: /data/fuhaiwen1/LightX2V/models/lightx2v/Wan2.2-Distill-Models/wan2.2_i2v_A14b_low_noise_int8_lightx2v_4step.safetensors
2026-07-24 05:02:07.709 | DEBUG    | lightx2v.utils.utils:validate_config_paths:754 - ✓ Verified high_noise_quantized_ckpt: /data/fuhaiwen1/LightX2V/models/lightx2v/Wan2.2-Distill-Models/wan2.2_i2v_A14b_high_noise_int8_lightx2v_4step.safetensors
2026-07-24 05:02:07.709 | INFO     | lightx2v.utils.utils:validate_config_paths:765 - ✓ Config checkpoint paths validated successfully
2026-07-24 05:02:07.709 | DEBUG    | lightx2v.utils.utils:validate_config_paths:763 - ✓ Verified low_noise_quantized_ckpt: /data/fuhaiwen1/LightX2V/models/lightx2v/Wan2.2-Distill-Models/wan2.2_i2v_A14b_low_noise_int8_lightx2v_4step.safetensors
2026-07-24 05:02:07.709 | INFO     | lightx2v.utils.utils:validate_config_paths:765 - ✓ Config checkpoint paths validated successfully
2026-07-24 05:02:07.710 | INFO     | lightx2v.models.runners.wan.wan_runner:init_scheduler:364 - Using WanScheduler
2026-07-24 05:02:07.710 | INFO     | lightx2v.utils.utils:validate_config_paths:765 - ✓ Config checkpoint paths validated successfully
2026-07-24 05:02:07.710 | DEBUG    | lightx2v.utils.utils:validate_config_paths:763 - ✓ Verified low_noise_quantized_ckpt: /data/fuhaiwen1/LightX2V/models/lightx2v/Wan2.2-Distill-Models/wan2.2_i2v_A14b_low_noise_int8_lightx2v_4step.safetensors
2026-07-24 05:02:07.710 | INFO     | lightx2v.utils.utils:validate_config_paths:765 - ✓ Config checkpoint paths validated successfully
2026-07-24 05:02:07.710 | DEBUG    | lightx2v.utils.utils:validate_config_paths:759 - ✓ Verified low_noise_original_ckpt: /data/fuhaiwen1/LightX2V/models/lightx2v/Wan2.2-Distill-Models/wan2.2_i2v_A14b_low_noise_int8_lightx2v_4step.safetensors
2026-07-24 05:02:07.710 | INFO     | lightx2v.utils.utils:validate_config_paths:765 - ✓ Config checkpoint paths validated successfully
2026-07-24 05:02:07.710 | INFO     | lightx2v.models.runners.wan.wan_runner:init_scheduler:364 - Using WanScheduler
2026-07-24 05:02:07.710 | INFO     | lightx2v.models.runners.default_runner:init_modules:111 - Initializing runner modules...
2026-07-24 05:02:07.710 | INFO     | lightx2v.utils.utils:validate_config_paths:765 - ✓ Config checkpoint paths validated successfully
2026-07-24 05:02:07.710 | INFO     | lightx2v.models.runners.wan.wan_runner:init_scheduler:364 - Using WanScheduler
2026-07-24 05:02:07.711 | INFO     | lightx2v.models.runners.wan.wan_runner:init_scheduler:364 - Using WanScheduler
2026-07-24 05:02:07.711 | DEBUG    | lightx2v.utils.utils:validate_config_paths:763 - ✓ Verified low_noise_quantized_ckpt: /data/fuhaiwen1/LightX2V/models/lightx2v/Wan2.2-Distill-Models/wan2.2_i2v_A14b_low_noise_int8_lightx2v_4step.safetensors
2026-07-24 05:02:07.711 | INFO     | lightx2v.models.runners.wan.wan_runner:init_scheduler:364 - Using WanScheduler
2026-07-24 05:02:07.711 | INFO     | lightx2v.models.runners.wan.wan_runner:init_scheduler:364 - Using WanScheduler
2026-07-24 05:02:07.711 | INFO     | lightx2v.models.runners.default_runner:init_modules:111 - Initializing runner modules...
2026-07-24 05:02:07.711 | INFO     | lightx2v.utils.custom_compiler:_discover_compiled_methods:120 - [Compile] Discovering compiled methods for WanModel...
2026-07-24 05:02:07.711 | INFO     | lightx2v.models.runners.wan.wan_runner:init_scheduler:364 - Using WanScheduler
2026-07-24 05:02:07.711 | INFO     | lightx2v.models.runners.default_runner:init_modules:111 - Initializing runner modules...
2026-07-24 05:02:07.711 | INFO     | lightx2v.utils.utils:validate_config_paths:765 - ✓ Config checkpoint paths validated successfully
2026-07-24 05:02:07.712 | INFO     | lightx2v.models.runners.default_runner:init_modules:111 - Initializing runner modules...
2026-07-24 05:02:07.711 | INFO     | lightx2v.models.runners.default_runner:init_modules:111 - Initializing runner modules...
2026-07-24 05:02:07.711 | INFO     | lightx2v.models.runners.default_runner:init_modules:111 - Initializing runner modules...
2026-07-24 05:02:07.711 | INFO     | lightx2v.models.runners.default_runner:init_modules:111 - Initializing runner modules...
2026-07-24 05:02:07.711 | INFO     | lightx2v.utils.custom_compiler:_discover_compiled_methods:120 - [Compile] Discovering compiled methods for WanModel...
2026-07-24 05:02:07.711 | INFO     | lightx2v.utils.custom_compiler:_discover_compiled_methods:125 - [Compile] Found compiled method: _infer_cond_uncond
2026-07-24 05:02:07.712 | INFO     | lightx2v.utils.custom_compiler:_discover_compiled_methods:120 - [Compile] Discovering compiled methods for WanModel...
2026-07-24 05:02:07.712 | INFO     | lightx2v.models.runners.wan.wan_runner:init_scheduler:364 - Using WanScheduler
2026-07-24 05:02:07.712 | INFO     | lightx2v.utils.custom_compiler:_discover_compiled_methods:120 - [Compile] Discovering compiled methods for WanModel...
2026-07-24 05:02:07.712 | INFO     | lightx2v.utils.custom_compiler:_discover_compiled_methods:120 - [Compile] Discovering compiled methods for WanModel...
2026-07-24 05:02:07.712 | INFO     | lightx2v.utils.custom_compiler:_discover_compiled_methods:120 - [Compile] Discovering compiled methods for WanModel...
2026-07-24 05:02:07.712 | INFO     | lightx2v.utils.custom_compiler:_discover_compiled_methods:120 - [Compile] Discovering compiled methods for WanModel...
2026-07-24 05:02:07.712 | INFO     | lightx2v.utils.custom_compiler:_discover_compiled_methods:125 - [Compile] Found compiled method: _infer_cond_uncond
2026-07-24 05:02:07.712 | INFO     | lightx2v.utils.custom_compiler:_discover_compiled_methods:125 - [Compile] Found compiled method: _infer_cond_uncond
2026-07-24 05:02:07.712 | INFO     | lightx2v.models.runners.default_runner:init_modules:111 - Initializing runner modules...
2026-07-24 05:02:07.712 | INFO     | lightx2v.utils.custom_compiler:_discover_compiled_methods:125 - [Compile] Found compiled method: _infer_cond_uncond
2026-07-24 05:02:07.712 | INFO     | lightx2v.utils.custom_compiler:_discover_compiled_methods:125 - [Compile] Found compiled method: _infer_cond_uncond
2026-07-24 05:02:07.712 | INFO     | lightx2v.utils.custom_compiler:_discover_compiled_methods:125 - [Compile] Found compiled method: _infer_cond_uncond
2026-07-24 05:02:07.713 | INFO     | lightx2v.utils.custom_compiler:_discover_compiled_methods:125 - [Compile] Found compiled method: _infer_cond_uncond
2026-07-24 05:02:07.713 | INFO     | lightx2v.utils.custom_compiler:_discover_compiled_methods:120 - [Compile] Discovering compiled methods for WanModel...
2026-07-24 05:02:07.713 | INFO     | lightx2v.utils.custom_compiler:_discover_compiled_methods:125 - [Compile] Found compiled method: _infer_cond_uncond
2026-07-24 05:02:24.025 | INFO     | lightx2v.models.networks.base_model:_load_quant_ckpt:509 - Loading weights from /data/fuhaiwen1/LightX2V/models/lightx2v/Wan2.2-Distill-Models/wan2.2_i2v_A14b_high_noise_int8_lightx2v_4step.safetensors
2026-07-24 05:02:24.025 | INFO     | lightx2v.models.networks.base_model:_load_quant_ckpt:509 - Loading weights from /data/fuhaiwen1/LightX2V/models/lightx2v/Wan2.2-Distill-Models/wan2.2_i2v_A14b_high_noise_int8_lightx2v_4step.safetensors
2026-07-24 05:02:24.025 | INFO     | lightx2v.models.networks.base_model:_load_quant_ckpt:509 - Loading weights from /data/fuhaiwen1/LightX2V/models/lightx2v/Wan2.2-Distill-Models/wan2.2_i2v_A14b_high_noise_int8_lightx2v_4step.safetensors
2026-07-24 05:02:24.025 | INFO     | lightx2v.models.networks.base_model:_load_quant_ckpt:509 - Loading weights from /data/fuhaiwen1/LightX2V/models/lightx2v/Wan2.2-Distill-Models/wan2.2_i2v_A14b_high_noise_int8_lightx2v_4step.safetensors
2026-07-24 05:02:24.026 | INFO     | lightx2v.models.networks.base_model:_load_quant_ckpt:509 - Loading weights from /data/fuhaiwen1/LightX2V/models/lightx2v/Wan2.2-Distill-Models/wan2.2_i2v_A14b_high_noise_int8_lightx2v_4step.safetensors
2026-07-24 05:02:24.026 | INFO     | lightx2v.models.networks.base_model:_load_quant_ckpt:509 - Loading weights from /data/fuhaiwen1/LightX2V/models/lightx2v/Wan2.2-Distill-Models/wan2.2_i2v_A14b_high_noise_int8_lightx2v_4step.safetensors
2026-07-24 05:02:24.027 | INFO     | lightx2v.models.networks.base_model:_load_quant_ckpt:509 - Loading weights from /data/fuhaiwen1/LightX2V/models/lightx2v/Wan2.2-Distill-Models/wan2.2_i2v_A14b_high_noise_int8_lightx2v_4step.safetensors
2026-07-24 05:02:24.028 | INFO     | lightx2v.models.networks.base_model:_load_quant_ckpt:509 - Loading weights from /data/fuhaiwen1/LightX2V/models/lightx2v/Wan2.2-Distill-Models/wan2.2_i2v_A14b_high_noise_int8_lightx2v_4step.safetensors
2026-07-24 05:04:00.982 | INFO     | lightx2v.utils.custom_compiler:_discover_compiled_methods:120 - [Compile] Discovering compiled methods for WanModel...
2026-07-24 05:04:00.983 | INFO     | lightx2v.utils.custom_compiler:_discover_compiled_methods:125 - [Compile] Found compiled method: _infer_cond_uncond
2026-07-24 05:04:01.931 | INFO     | lightx2v.models.networks.base_model:_load_quant_ckpt:509 - Loading weights from /data/fuhaiwen1/LightX2V/models/lightx2v/Wan2.2-Distill-Models/wan2.2_i2v_A14b_low_noise_int8_lightx2v_4step.safetensors
2026-07-24 05:04:02.738 | INFO     | lightx2v.utils.custom_compiler:_discover_compiled_methods:120 - [Compile] Discovering compiled methods for WanModel...
2026-07-24 05:04:02.739 | INFO     | lightx2v.utils.custom_compiler:_discover_compiled_methods:125 - [Compile] Found compiled method: _infer_cond_uncond
2026-07-24 05:04:02.756 | INFO     | lightx2v.utils.custom_compiler:_discover_compiled_methods:120 - [Compile] Discovering compiled methods for WanModel...
2026-07-24 05:04:02.757 | INFO     | lightx2v.utils.custom_compiler:_discover_compiled_methods:125 - [Compile] Found compiled method: _infer_cond_uncond
2026-07-24 05:04:02.764 | INFO     | lightx2v.utils.custom_compiler:_discover_compiled_methods:120 - [Compile] Discovering compiled methods for WanModel...
2026-07-24 05:04:02.764 | INFO     | lightx2v.utils.custom_compiler:_discover_compiled_methods:125 - [Compile] Found compiled method: _infer_cond_uncond
2026-07-24 05:04:02.835 | INFO     | lightx2v.utils.custom_compiler:_discover_compiled_methods:120 - [Compile] Discovering compiled methods for WanModel...
2026-07-24 05:04:02.835 | INFO     | lightx2v.utils.custom_compiler:_discover_compiled_methods:125 - [Compile] Found compiled method: _infer_cond_uncond
2026-07-24 05:04:02.940 | INFO     | lightx2v.utils.custom_compiler:_discover_compiled_methods:120 - [Compile] Discovering compiled methods for WanModel...
2026-07-24 05:04:02.941 | INFO     | lightx2v.utils.custom_compiler:_discover_compiled_methods:125 - [Compile] Found compiled method: _infer_cond_uncond
2026-07-24 05:04:02.982 | INFO     | lightx2v.utils.custom_compiler:_discover_compiled_methods:120 - [Compile] Discovering compiled methods for WanModel...
2026-07-24 05:04:02.982 | INFO     | lightx2v.utils.custom_compiler:_discover_compiled_methods:125 - [Compile] Found compiled method: _infer_cond_uncond
2026-07-24 05:04:03.017 | INFO     | lightx2v.utils.custom_compiler:_discover_compiled_methods:120 - [Compile] Discovering compiled methods for WanModel...
2026-07-24 05:04:03.018 | INFO     | lightx2v.utils.custom_compiler:_discover_compiled_methods:125 - [Compile] Found compiled method: _infer_cond_uncond
2026-07-24 05:04:04.686 | INFO     | lightx2v.models.networks.base_model:_load_quant_ckpt:509 - Loading weights from /data/fuhaiwen1/LightX2V/models/lightx2v/Wan2.2-Distill-Models/wan2.2_i2v_A14b_low_noise_int8_lightx2v_4step.safetensors
2026-07-24 05:04:04.686 | INFO     | lightx2v.models.networks.base_model:_load_quant_ckpt:509 - Loading weights from /data/fuhaiwen1/LightX2V/models/lightx2v/Wan2.2-Distill-Models/wan2.2_i2v_A14b_low_noise_int8_lightx2v_4step.safetensors
2026-07-24 05:04:04.686 | INFO     | lightx2v.models.networks.base_model:_load_quant_ckpt:509 - Loading weights from /data/fuhaiwen1/LightX2V/models/lightx2v/Wan2.2-Distill-Models/wan2.2_i2v_A14b_low_noise_int8_lightx2v_4step.safetensors
2026-07-24 05:04:04.686 | INFO     | lightx2v.models.networks.base_model:_load_quant_ckpt:509 - Loading weights from /data/fuhaiwen1/LightX2V/models/lightx2v/Wan2.2-Distill-Models/wan2.2_i2v_A14b_low_noise_int8_lightx2v_4step.safetensors
2026-07-24 05:04:04.686 | INFO     | lightx2v.models.networks.base_model:_load_quant_ckpt:509 - Loading weights from /data/fuhaiwen1/LightX2V/models/lightx2v/Wan2.2-Distill-Models/wan2.2_i2v_A14b_low_noise_int8_lightx2v_4step.safetensors
2026-07-24 05:04:04.686 | INFO     | lightx2v.models.networks.base_model:_load_quant_ckpt:509 - Loading weights from /data/fuhaiwen1/LightX2V/models/lightx2v/Wan2.2-Distill-Models/wan2.2_i2v_A14b_low_noise_int8_lightx2v_4step.safetensors
2026-07-24 05:04:04.686 | INFO     | lightx2v.models.networks.base_model:_load_quant_ckpt:509 - Loading weights from /data/fuhaiwen1/LightX2V/models/lightx2v/Wan2.2-Distill-Models/wan2.2_i2v_A14b_low_noise_int8_lightx2v_4step.safetensors
2026-07-24 05:05:39.425 | INFO     | lightx2v.models.runners.wan.wan_runner:__init__:858 - boundary: 0.9, boundary_timestep: 900.0
2026-07-24 05:05:39.529 | INFO     | lightx2v.utils.utils:load_weights:516 - Loading weights from /data/fuhaiwen1/LightX2V/models/Wan-AI/Wan2.2-I2V-A14B/models_t5_umt5-xxl-enc-bf16.pth
2026-07-24 05:05:41.367 | INFO     | lightx2v.models.runners.wan.wan_runner:__init__:858 - boundary: 0.9, boundary_timestep: 900.0
2026-07-24 05:05:41.381 | INFO     | lightx2v.models.runners.wan.wan_runner:__init__:858 - boundary: 0.9, boundary_timestep: 900.0
2026-07-24 05:05:41.407 | INFO     | lightx2v.models.runners.wan.wan_runner:__init__:858 - boundary: 0.9, boundary_timestep: 900.0
2026-07-24 05:05:41.420 | INFO     | lightx2v.models.runners.wan.wan_runner:__init__:858 - boundary: 0.9, boundary_timestep: 900.0
2026-07-24 05:05:41.422 | INFO     | lightx2v.models.runners.wan.wan_runner:__init__:858 - boundary: 0.9, boundary_timestep: 900.0
2026-07-24 05:05:41.430 | INFO     | lightx2v.models.runners.wan.wan_runner:__init__:858 - boundary: 0.9, boundary_timestep: 900.0
2026-07-24 05:05:41.475 | INFO     | lightx2v.models.runners.wan.wan_runner:__init__:858 - boundary: 0.9, boundary_timestep: 900.0
2026-07-24 05:05:41.798 | INFO     | lightx2v.utils.utils:load_weights:516 - Loading weights from /data/fuhaiwen1/LightX2V/models/Wan-AI/Wan2.2-I2V-A14B/models_t5_umt5-xxl-enc-bf16.pth
2026-07-24 05:05:41.860 | INFO     | lightx2v.utils.utils:load_weights:516 - Loading weights from /data/fuhaiwen1/LightX2V/models/Wan-AI/Wan2.2-I2V-A14B/models_t5_umt5-xxl-enc-bf16.pth
2026-07-24 05:05:41.863 | INFO     | lightx2v.utils.utils:load_weights:516 - Loading weights from /data/fuhaiwen1/LightX2V/models/Wan-AI/Wan2.2-I2V-A14B/models_t5_umt5-xxl-enc-bf16.pth
2026-07-24 05:05:41.866 | INFO     | lightx2v.utils.utils:load_weights:516 - Loading weights from /data/fuhaiwen1/LightX2V/models/Wan-AI/Wan2.2-I2V-A14B/models_t5_umt5-xxl-enc-bf16.pth
2026-07-24 05:05:41.870 | INFO     | lightx2v.utils.utils:load_weights:516 - Loading weights from /data/fuhaiwen1/LightX2V/models/Wan-AI/Wan2.2-I2V-A14B/models_t5_umt5-xxl-enc-bf16.pth
2026-07-24 05:05:41.874 | INFO     | lightx2v.utils.utils:load_weights:516 - Loading weights from /data/fuhaiwen1/LightX2V/models/Wan-AI/Wan2.2-I2V-A14B/models_t5_umt5-xxl-enc-bf16.pth
2026-07-24 05:05:41.882 | INFO     | lightx2v.utils.utils:load_weights:516 - Loading weights from /data/fuhaiwen1/LightX2V/models/Wan-AI/Wan2.2-I2V-A14B/models_t5_umt5-xxl-enc-bf16.pth
2026-07-24 05:06:26.063 | INFO     | lightx2v.utils.utils:load_weights:516 - Loading weights from /data/fuhaiwen1/LightX2V/models/Wan-AI/Wan2.2-I2V-A14B/Wan2.1_VAE.pth
2026-07-24 05:06:27.019 | INFO     | lightx2v.utils.utils:load_weights:516 - Loading weights from /data/fuhaiwen1/LightX2V/models/Wan-AI/Wan2.2-I2V-A14B/Wan2.1_VAE.pth
2026-07-24 05:06:27.513 | INFO     | lightx2v.utils.utils:load_weights:516 - Loading weights from /data/fuhaiwen1/LightX2V/models/Wan-AI/Wan2.2-I2V-A14B/Wan2.1_VAE.pth
2026-07-24 05:06:27.636 | INFO     | lightx2v.utils.utils:load_weights:516 - Loading weights from /data/fuhaiwen1/LightX2V/models/Wan-AI/Wan2.2-I2V-A14B/Wan2.1_VAE.pth
2026-07-24 05:06:27.736 | INFO     | lightx2v.utils.profiler:__exit__:87 - [Profile] Single GPU - Level2_Log Load models cost 260.023974 seconds
2026-07-24 05:06:27.736 | INFO     | lightx2v.utils.profiler:__exit__:87 - [Profile] Single GPU - Level2_Log Load models cost 260.024553 seconds
2026-07-24 05:06:27.794 | INFO     | lightx2v.models.runners.wan.wan_runner:run_vae_encoder:739 - ori latent: 90x68, adjust_latent: 90x68, grid: 2x4
2026-07-24 05:06:27.832 | INFO     | lightx2v.utils.utils:load_weights:516 - Loading weights from /data/fuhaiwen1/LightX2V/models/Wan-AI/Wan2.2-I2V-A14B/Wan2.1_VAE.pth
2026-07-24 05:06:27.981 | INFO     | lightx2v.utils.utils:load_weights:516 - Loading weights from /data/fuhaiwen1/LightX2V/models/Wan-AI/Wan2.2-I2V-A14B/Wan2.1_VAE.pth
2026-07-24 05:06:28.323 | INFO     | lightx2v.utils.profiler:__exit__:87 - [Profile] Single GPU - Level2_Log Load models cost 260.612549 seconds
2026-07-24 05:06:28.324 | INFO     | lightx2v.utils.profiler:__exit__:87 - [Profile] Single GPU - Level2_Log Load models cost 260.612910 seconds
2026-07-24 05:06:28.339 | INFO     | lightx2v.models.runners.wan.wan_runner:run_vae_encoder:739 - ori latent: 90x68, adjust_latent: 90x68, grid: 2x4
2026-07-24 05:06:28.526 | INFO     | lightx2v.utils.utils:load_weights:516 - Loading weights from /data/fuhaiwen1/LightX2V/models/Wan-AI/Wan2.2-I2V-A14B/Wan2.1_VAE.pth
2026-07-24 05:06:29.716 | INFO     | lightx2v.utils.utils:load_weights:516 - Loading weights from /data/fuhaiwen1/LightX2V/models/Wan-AI/Wan2.2-I2V-A14B/Wan2.1_VAE.pth
2026-07-24 05:06:30.994 | INFO     | lightx2v.utils.profiler:__exit__:87 - [Profile] Single GPU - Level2_Log Load models cost 263.282377 seconds
2026-07-24 05:06:30.995 | INFO     | lightx2v.utils.profiler:__exit__:87 - [Profile] Single GPU - Level2_Log Load models cost 263.283035 seconds
2026-07-24 05:06:31.003 | INFO     | lightx2v.utils.profiler:__exit__:87 - [Profile] Single GPU - Level2_Log Load models cost 263.290737 seconds
2026-07-24 05:06:31.004 | INFO     | lightx2v.utils.profiler:__exit__:87 - [Profile] Single GPU - Level2_Log Load models cost 263.291538 seconds
2026-07-24 05:06:31.167 | INFO     | lightx2v.models.runners.wan.wan_runner:run_vae_encoder:739 - ori latent: 90x68, adjust_latent: 90x68, grid: 2x4
2026-07-24 05:06:31.198 | INFO     | lightx2v.models.runners.wan.wan_runner:run_vae_encoder:739 - ori latent: 90x68, adjust_latent: 90x68, grid: 2x4
2026-07-24 05:06:31.382 | INFO     | lightx2v.utils.profiler:__exit__:87 - [Profile] Single GPU - Level2_Log Load models cost 263.671047 seconds
2026-07-24 05:06:31.383 | INFO     | lightx2v.utils.profiler:__exit__:87 - [Profile] Single GPU - Level2_Log Load models cost 263.671587 seconds
2026-07-24 05:06:31.401 | INFO     | lightx2v.models.runners.wan.wan_runner:run_vae_encoder:739 - ori latent: 90x68, adjust_latent: 90x68, grid: 2x4
2026-07-24 05:06:31.514 | INFO     | lightx2v.utils.profiler:__exit__:87 - [Profile] Single GPU - Level2_Log Load models cost 263.801344 seconds
2026-07-24 05:06:31.515 | INFO     | lightx2v.utils.profiler:__exit__:87 - [Profile] Single GPU - Level2_Log Load models cost 263.802222 seconds
2026-07-24 05:06:31.524 | INFO     | lightx2v.utils.profiler:__exit__:87 - [Profile] Single GPU - Level2_Log Load models cost 263.812044 seconds
2026-07-24 05:06:31.524 | INFO     | lightx2v.utils.profiler:__exit__:87 - [Profile] Single GPU - Level2_Log Load models cost 263.812546 seconds
2026-07-24 05:06:31.538 | INFO     | lightx2v.models.runners.wan.wan_runner:run_vae_encoder:739 - ori latent: 90x68, adjust_latent: 90x68, grid: 2x4
2026-07-24 05:06:31.545 | INFO     | lightx2v.models.runners.wan.wan_runner:run_vae_encoder:739 - ori latent: 90x68, adjust_latent: 90x68, grid: 2x4
2026-07-24 05:06:32.035 | INFO     | lightx2v.utils.profiler:__exit__:87 - [Profile] Single GPU - Level2_Log Load models cost 264.323058 seconds
2026-07-24 05:06:32.036 | INFO     | lightx2v.utils.profiler:__exit__:87 - [Profile] Single GPU - Level2_Log Load models cost 264.324318 seconds
2026-07-24 05:06:32.071 | INFO     | lightx2v.models.runners.wan.wan_runner:run_vae_encoder:739 - ori latent: 90x68, adjust_latent: 90x68, grid: 2x4
2026-07-24 05:06:32.867 | INFO     | lightx2v.utils.profiler:__exit__:87 - [Profile] Single GPU - Level1_Log Run VAE Encoder cost 0.796349 seconds
2026-07-24 05:06:32.868 | INFO     | lightx2v.utils.profiler:__exit__:87 - [Profile] Single GPU - Level1_Log Run VAE Encoder cost 1.701032 seconds
2026-07-24 05:06:32.868 | INFO     | lightx2v.utils.profiler:__exit__:87 - [Profile] Single GPU - Level1_Log Run VAE Encoder cost 1.466486 seconds
2026-07-24 05:06:32.868 | INFO     | lightx2v.utils.profiler:__exit__:87 - [Profile] Single GPU - Level1_Log Run VAE Encoder cost 5.074355 seconds
2026-07-24 05:06:32.869 | INFO     | lightx2v.utils.profiler:__exit__:87 - [Profile] Single GPU - Level1_Log Run VAE Encoder cost 1.670942 seconds
2026-07-24 05:06:32.869 | INFO     | lightx2v.utils.profiler:__exit__:87 - [Profile] Single GPU - Level1_Log Run VAE Encoder cost 1.324325 seconds
2026-07-24 05:06:32.869 | INFO     | lightx2v.utils.profiler:__exit__:87 - [Profile] Single GPU - Level1_Log Run VAE Encoder cost 4.529722 seconds
2026-07-24 05:06:32.874 | INFO     | lightx2v.utils.profiler:__exit__:87 - [Profile] Single GPU - Level1_Log Run VAE Encoder cost 1.336631 seconds
2026-07-24 05:06:33.036 | INFO     | lightx2v.utils.profiler:__exit__:87 - [Profile] Single GPU - Level1_Log Run Text Encoder cost 0.166693 seconds
2026-07-24 05:06:33.037 | INFO     | lightx2v.utils.profiler:__exit__:87 - [Profile] Single GPU - Level2_Log Run Encoders cost 5.299986 seconds
2026-07-24 05:06:33.038 | INFO     | lightx2v.models.runners.default_runner:run_main:450 - 🔄 start segment 1/1
2026-07-24 05:06:33.041 | INFO     | lightx2v.models.runners.default_runner:run_segment:234 - ==> step_index: 1 / 4
2026-07-24 05:06:33.042 | INFO     | lightx2v.utils.profiler:__exit__:87 - [Profile] Rank 0 - Level1_Log step_pre cost 0.000095 seconds
2026-07-24 05:06:33.042 | INFO     | lightx2v.models.runners.wan.wan_runner:get_current_model_index:914 - using - HIGH - noise model at step_index 1
2026-07-24 05:06:33.042 | INFO     | lightx2v.utils.profiler:__exit__:87 - [Profile] Single GPU - Level2_Log Switch models in infer_main costs cost 0.000346 seconds
2026-07-24 05:06:33.043 | INFO     | lightx2v.utils.profiler:__exit__:87 - [Profile] Single GPU - Level1_Log Run Text Encoder cost 0.173769 seconds
2026-07-24 05:06:33.044 | INFO     | lightx2v.utils.profiler:__exit__:87 - [Profile] Single GPU - Level2_Log Run Encoders cost 1.660389 seconds
2026-07-24 05:06:33.045 | INFO     | lightx2v.models.runners.default_runner:run_main:450 - 🔄 start segment 1/1
2026-07-24 05:06:33.049 | INFO     | lightx2v.utils.profiler:__exit__:87 - [Profile] Single GPU - Level1_Log Run Text Encoder cost 0.179470 seconds
2026-07-24 05:06:33.049 | INFO     | lightx2v.utils.profiler:__exit__:87 - [Profile] Single GPU - Level1_Log Run Text Encoder cost 0.179701 seconds
2026-07-24 05:06:33.050 | INFO     | lightx2v.utils.profiler:__exit__:87 - [Profile] Single GPU - Level2_Log Run Encoders cost 1.525084 seconds
2026-07-24 05:06:33.050 | INFO     | lightx2v.utils.profiler:__exit__:87 - [Profile] Single GPU - Level2_Log Run Encoders cost 2.054811 seconds
2026-07-24 05:06:33.051 | INFO     | lightx2v.models.runners.default_runner:run_main:450 - 🔄 start segment 1/1
2026-07-24 05:06:33.051 | INFO     | lightx2v.models.runners.default_runner:run_main:450 - 🔄 start segment 1/1
2026-07-24 05:06:33.055 | INFO     | lightx2v.utils.profiler:__exit__:87 - [Profile] Single GPU - Level1_Log Run Text Encoder cost 0.186134 seconds
2026-07-24 05:06:33.056 | INFO     | lightx2v.utils.profiler:__exit__:87 - [Profile] Single GPU - Level2_Log Run Encoders cost 2.051336 seconds
2026-07-24 05:06:33.057 | INFO     | lightx2v.models.runners.default_runner:run_main:450 - 🔄 start segment 1/1
2026-07-24 05:06:33.060 | INFO     | lightx2v.utils.profiler:__exit__:87 - [Profile] Single GPU - Level1_Log Run Text Encoder cost 0.189754 seconds
2026-07-24 05:06:33.061 | INFO     | lightx2v.utils.profiler:__exit__:87 - [Profile] Single GPU - Level2_Log Run Encoders cost 4.736463 seconds
2026-07-24 05:06:33.062 | INFO     | lightx2v.models.runners.default_runner:run_main:450 - 🔄 start segment 1/1
2026-07-24 05:06:33.065 | INFO     | lightx2v.models.runners.default_runner:run_segment:234 - ==> step_index: 1 / 4
2026-07-24 05:06:33.065 | INFO     | lightx2v.models.runners.default_runner:run_segment:234 - ==> step_index: 1 / 4
2026-07-24 05:06:33.065 | INFO     | lightx2v.models.runners.default_runner:run_segment:234 - ==> step_index: 1 / 4
2026-07-24 05:06:33.066 | INFO     | lightx2v.utils.profiler:__exit__:87 - [Profile] Rank 3 - Level1_Log step_pre cost 0.000119 seconds
2026-07-24 05:06:33.066 | INFO     | lightx2v.utils.profiler:__exit__:87 - [Profile] Rank 2 - Level1_Log step_pre cost 0.000103 seconds
2026-07-24 05:06:33.066 | INFO     | lightx2v.utils.profiler:__exit__:87 - [Profile] Rank 1 - Level1_Log step_pre cost 0.000113 seconds
2026-07-24 05:06:33.067 | INFO     | lightx2v.models.runners.wan.wan_runner:get_current_model_index:914 - using - HIGH - noise model at step_index 1
2026-07-24 05:06:33.067 | INFO     | lightx2v.models.runners.wan.wan_runner:get_current_model_index:914 - using - HIGH - noise model at step_index 1
2026-07-24 05:06:33.067 | INFO     | lightx2v.utils.profiler:__exit__:87 - [Profile] Single GPU - Level2_Log Switch models in infer_main costs cost 0.000577 seconds
2026-07-24 05:06:33.067 | INFO     | lightx2v.models.runners.wan.wan_runner:get_current_model_index:914 - using - HIGH - noise model at step_index 1
2026-07-24 05:06:33.067 | INFO     | lightx2v.utils.profiler:__exit__:87 - [Profile] Single GPU - Level2_Log Switch models in infer_main costs cost 0.000582 seconds
2026-07-24 05:06:33.067 | INFO     | lightx2v.utils.profiler:__exit__:87 - [Profile] Single GPU - Level2_Log Switch models in infer_main costs cost 0.000454 seconds
2026-07-24 05:06:33.070 | INFO     | lightx2v.utils.profiler:__exit__:87 - [Profile] Single GPU - Level1_Log Run Text Encoder cost 0.194569 seconds
2026-07-24 05:06:33.071 | INFO     | lightx2v.utils.profiler:__exit__:87 - [Profile] Single GPU - Level2_Log Run Encoders cost 1.555182 seconds
2026-07-24 05:06:33.073 | INFO     | lightx2v.models.runners.default_runner:run_main:450 - 🔄 start segment 1/1
2026-07-24 05:06:33.093 | INFO     | lightx2v.utils.profiler:__exit__:87 - [Profile] Single GPU - Level1_Log Run Text Encoder cost 0.224440 seconds
2026-07-24 05:06:33.094 | INFO     | lightx2v.utils.profiler:__exit__:87 - [Profile] Single GPU - Level2_Log Run Encoders cost 1.057815 seconds
2026-07-24 05:06:33.096 | INFO     | lightx2v.models.runners.default_runner:run_main:450 - 🔄 start segment 1/1
2026-07-24 05:06:33.100 | INFO     | lightx2v.models.runners.default_runner:run_segment:234 - ==> step_index: 1 / 4
2026-07-24 05:06:33.100 | INFO     | lightx2v.models.runners.default_runner:run_segment:234 - ==> step_index: 1 / 4
2026-07-24 05:06:33.100 | INFO     | lightx2v.models.runners.default_runner:run_segment:234 - ==> step_index: 1 / 4
2026-07-24 05:06:33.100 | INFO     | lightx2v.models.runners.default_runner:run_segment:234 - ==> step_index: 1 / 4
2026-07-24 05:06:33.100 | INFO     | lightx2v.utils.profiler:__exit__:87 - [Profile] Rank 7 - Level1_Log step_pre cost 0.000109 seconds
2026-07-24 05:06:33.100 | INFO     | lightx2v.utils.profiler:__exit__:87 - [Profile] Rank 5 - Level1_Log step_pre cost 0.000130 seconds
2026-07-24 05:06:33.101 | INFO     | lightx2v.utils.profiler:__exit__:87 - [Profile] Rank 6 - Level1_Log step_pre cost 0.000185 seconds
2026-07-24 05:06:33.101 | INFO     | lightx2v.utils.profiler:__exit__:87 - [Profile] Rank 4 - Level1_Log step_pre cost 0.000180 seconds
2026-07-24 05:06:33.101 | INFO     | lightx2v.models.runners.wan.wan_runner:get_current_model_index:914 - using - HIGH - noise model at step_index 1
2026-07-24 05:06:33.101 | INFO     | lightx2v.models.runners.wan.wan_runner:get_current_model_index:914 - using - HIGH - noise model at step_index 1
2026-07-24 05:06:33.101 | INFO     | lightx2v.utils.profiler:__exit__:87 - [Profile] Single GPU - Level2_Log Switch models in infer_main costs cost 0.000493 seconds
2026-07-24 05:06:33.101 | INFO     | lightx2v.models.runners.wan.wan_runner:get_current_model_index:914 - using - HIGH - noise model at step_index 1
2026-07-24 05:06:33.101 | INFO     | lightx2v.utils.profiler:__exit__:87 - [Profile] Single GPU - Level2_Log Switch models in infer_main costs cost 0.000572 seconds
2026-07-24 05:06:33.102 | INFO     | lightx2v.utils.profiler:__exit__:87 - [Profile] Single GPU - Level2_Log Switch models in infer_main costs cost 0.000599 seconds
2026-07-24 05:06:33.102 | INFO     | lightx2v.models.runners.wan.wan_runner:get_current_model_index:914 - using - HIGH - noise model at step_index 1
2026-07-24 05:06:33.102 | INFO     | lightx2v.utils.profiler:__exit__:87 - [Profile] Single GPU - Level2_Log Switch models in infer_main costs cost 0.000807 seconds
Warning: Sage2++ NOT enabled
Warning: Sage2++ NOT enabled
Warning: Sage2++ NOT enabled
Warning: Sage2++ NOT enabled
Warning: Sage2++ NOT enabled
Warning: Sage2++ NOT enabled
Warning: Sage2++ NOT enabled
Warning: Sage2++ NOT enabled
2026-07-24 05:06:38.828 | INFO     | lightx2v.utils.profiler:__exit__:87 - [Profile] Rank 0 - Level1_Log 🚀 infer_main cost 5.786142 seconds
2026-07-24 05:06:38.831 | INFO     | lightx2v.utils.profiler:__exit__:87 - [Profile] Rank 0 - Level1_Log step_post cost 0.001892 seconds
2026-07-24 05:06:38.831 | INFO     | lightx2v.utils.profiler:__exit__:87 - [Profile] Rank 0 - Level1_Log Run Dit every step cost 5.790577 seconds
2026-07-24 05:06:38.832 | INFO     | lightx2v.models.runners.default_runner:run_segment:234 - ==> step_index: 2 / 4
2026-07-24 05:06:38.832 | INFO     | lightx2v.utils.profiler:__exit__:87 - [Profile] Rank 0 - Level1_Log step_pre cost 0.000108 seconds
2026-07-24 05:06:38.833 | INFO     | lightx2v.models.runners.wan.wan_runner:get_current_model_index:914 - using - HIGH - noise model at step_index 2
2026-07-24 05:06:38.833 | INFO     | lightx2v.utils.profiler:__exit__:87 - [Profile] Single GPU - Level2_Log Switch models in infer_main costs cost 0.000320 seconds
2026-07-24 05:06:38.833 | INFO     | lightx2v.utils.profiler:__exit__:87 - [Profile] Rank 5 - Level1_Log 🚀 infer_main cost 5.731961 seconds
2026-07-24 05:06:38.834 | INFO     | lightx2v.utils.profiler:__exit__:87 - [Profile] Rank 6 - Level1_Log 🚀 infer_main cost 5.732608 seconds
2026-07-24 05:06:38.835 | INFO     | lightx2v.utils.profiler:__exit__:87 - [Profile] Rank 5 - Level1_Log step_post cost 0.001315 seconds
2026-07-24 05:06:38.835 | INFO     | lightx2v.utils.profiler:__exit__:87 - [Profile] Rank 5 - Level1_Log Run Dit every step cost 5.735358 seconds
2026-07-24 05:06:38.835 | INFO     | lightx2v.utils.profiler:__exit__:87 - [Profile] Rank 4 - Level1_Log 🚀 infer_main cost 5.733812 seconds
2026-07-24 05:06:38.837 | INFO     | lightx2v.utils.profiler:__exit__:87 - [Profile] Rank 1 - Level1_Log 🚀 infer_main cost 5.770068 seconds
2026-07-24 05:06:38.837 | INFO     | lightx2v.utils.profiler:__exit__:87 - [Profile] Rank 6 - Level1_Log step_post cost 0.002454 seconds
2026-07-24 05:06:38.838 | INFO     | lightx2v.utils.profiler:__exit__:87 - [Profile] Rank 6 - Level1_Log Run Dit every step cost 5.738082 seconds
2026-07-24 05:06:38.838 | INFO     | lightx2v.utils.profiler:__exit__:87 - [Profile] Rank 4 - Level1_Log step_post cost 0.002097 seconds
2026-07-24 05:06:38.838 | INFO     | lightx2v.utils.profiler:__exit__:87 - [Profile] Rank 1 - Level1_Log step_post cost 0.000987 seconds
2026-07-24 05:06:38.838 | INFO     | lightx2v.utils.profiler:__exit__:87 - [Profile] Rank 4 - Level1_Log Run Dit every step cost 5.738618 seconds
2026-07-24 05:06:38.838 | INFO     | lightx2v.utils.profiler:__exit__:87 - [Profile] Rank 1 - Level1_Log Run Dit every step cost 5.773245 seconds
2026-07-24 05:06:38.838 | INFO     | lightx2v.utils.profiler:__exit__:87 - [Profile] Rank 2 - Level1_Log 🚀 infer_main cost 5.771908 seconds
2026-07-24 05:06:38.838 | INFO     | lightx2v.utils.profiler:__exit__:87 - [Profile] Rank 3 - Level1_Log 🚀 infer_main cost 5.771701 seconds
2026-07-24 05:06:38.839 | INFO     | lightx2v.models.runners.default_runner:run_segment:234 - ==> step_index: 2 / 4
2026-07-24 05:06:38.839 | INFO     | lightx2v.utils.profiler:__exit__:87 - [Profile] Rank 1 - Level1_Log step_pre cost 0.000108 seconds
2026-07-24 05:06:38.840 | INFO     | lightx2v.models.runners.wan.wan_runner:get_current_model_index:914 - using - HIGH - noise model at step_index 2
2026-07-24 05:06:38.840 | INFO     | lightx2v.utils.profiler:__exit__:87 - [Profile] Single GPU - Level2_Log Switch models in infer_main costs cost 0.000217 seconds
2026-07-24 05:06:38.840 | INFO     | lightx2v.utils.profiler:__exit__:87 - [Profile] Rank 2 - Level1_Log step_post cost 0.001226 seconds
2026-07-24 05:06:38.840 | INFO     | lightx2v.utils.profiler:__exit__:87 - [Profile] Rank 2 - Level1_Log Run Dit every step cost 5.775178 seconds
2026-07-24 05:06:38.841 | INFO     | lightx2v.models.runners.default_runner:run_segment:234 - ==> step_index: 2 / 4
2026-07-24 05:06:38.840 | INFO     | lightx2v.utils.profiler:__exit__:87 - [Profile] Rank 7 - Level1_Log 🚀 infer_main cost 5.739467 seconds
2026-07-24 05:06:38.841 | INFO     | lightx2v.utils.profiler:__exit__:87 - [Profile] Rank 3 - Level1_Log step_post cost 0.001719 seconds
2026-07-24 05:06:38.841 | INFO     | lightx2v.utils.profiler:__exit__:87 - [Profile] Rank 2 - Level1_Log step_pre cost 0.000114 seconds
2026-07-24 05:06:38.841 | INFO     | lightx2v.utils.profiler:__exit__:87 - [Profile] Rank 3 - Level1_Log Run Dit every step cost 5.776038 seconds
2026-07-24 05:06:38.841 | INFO     | lightx2v.models.runners.wan.wan_runner:get_current_model_index:914 - using - HIGH - noise model at step_index 2
2026-07-24 05:06:38.842 | INFO     | lightx2v.utils.profiler:__exit__:87 - [Profile] Single GPU - Level2_Log Switch models in infer_main costs cost 0.000224 seconds
2026-07-24 05:06:38.842 | INFO     | lightx2v.models.runners.default_runner:run_segment:234 - ==> step_index: 2 / 4
2026-07-24 05:06:38.842 | INFO     | lightx2v.models.runners.default_runner:run_segment:234 - ==> step_index: 2 / 4
2026-07-24 05:06:38.842 | INFO     | lightx2v.models.runners.default_runner:run_segment:234 - ==> step_index: 2 / 4
2026-07-24 05:06:38.842 | INFO     | lightx2v.models.runners.default_runner:run_segment:234 - ==> step_index: 2 / 4
2026-07-24 05:06:38.842 | INFO     | lightx2v.utils.profiler:__exit__:87 - [Profile] Rank 3 - Level1_Log step_pre cost 0.000167 seconds
2026-07-24 05:06:38.842 | INFO     | lightx2v.utils.profiler:__exit__:87 - [Profile] Rank 5 - Level1_Log step_pre cost 0.000121 seconds
2026-07-24 05:06:38.843 | INFO     | lightx2v.utils.profiler:__exit__:87 - [Profile] Rank 7 - Level1_Log step_post cost 0.001402 seconds
2026-07-24 05:06:38.843 | INFO     | lightx2v.utils.profiler:__exit__:87 - [Profile] Rank 4 - Level1_Log step_pre cost 0.000241 seconds
2026-07-24 05:06:38.843 | INFO     | lightx2v.models.runners.wan.wan_runner:get_current_model_index:914 - using - HIGH - noise model at step_index 2
2026-07-24 05:06:38.843 | INFO     | lightx2v.utils.profiler:__exit__:87 - [Profile] Rank 6 - Level1_Log step_pre cost 0.000573 seconds
2026-07-24 05:06:38.843 | INFO     | lightx2v.utils.profiler:__exit__:87 - [Profile] Rank 7 - Level1_Log Run Dit every step cost 5.743219 seconds
2026-07-24 05:06:38.843 | INFO     | lightx2v.models.runners.wan.wan_runner:get_current_model_index:914 - using - HIGH - noise model at step_index 2
2026-07-24 05:06:38.843 | INFO     | lightx2v.utils.profiler:__exit__:87 - [Profile] Single GPU - Level2_Log Switch models in infer_main costs cost 0.000323 seconds
2026-07-24 05:06:38.843 | INFO     | lightx2v.utils.profiler:__exit__:87 - [Profile] Single GPU - Level2_Log Switch models in infer_main costs cost 0.000407 seconds
2026-07-24 05:06:38.843 | INFO     | lightx2v.models.runners.wan.wan_runner:get_current_model_index:914 - using - HIGH - noise model at step_index 2
2026-07-24 05:06:38.843 | INFO     | lightx2v.models.runners.default_runner:run_segment:234 - ==> step_index: 2 / 4
2026-07-24 05:06:38.843 | INFO     | lightx2v.utils.profiler:__exit__:87 - [Profile] Single GPU - Level2_Log Switch models in infer_main costs cost 0.000476 seconds
2026-07-24 05:06:38.844 | INFO     | lightx2v.models.runners.wan.wan_runner:get_current_model_index:914 - using - HIGH - noise model at step_index 2
2026-07-24 05:06:38.844 | INFO     | lightx2v.utils.profiler:__exit__:87 - [Profile] Rank 7 - Level1_Log step_pre cost 0.000196 seconds
2026-07-24 05:06:38.844 | INFO     | lightx2v.utils.profiler:__exit__:87 - [Profile] Single GPU - Level2_Log Switch models in infer_main costs cost 0.000697 seconds
2026-07-24 05:06:38.844 | INFO     | lightx2v.models.runners.wan.wan_runner:get_current_model_index:914 - using - HIGH - noise model at step_index 2
2026-07-24 05:06:38.844 | INFO     | lightx2v.utils.profiler:__exit__:87 - [Profile] Single GPU - Level2_Log Switch models in infer_main costs cost 0.000271 seconds
2026-07-24 05:06:42.679 | INFO     | lightx2v.utils.profiler:__exit__:87 - [Profile] Rank 0 - Level1_Log 🚀 infer_main cost 3.846943 seconds
2026-07-24 05:06:42.682 | INFO     | lightx2v.utils.profiler:__exit__:87 - [Profile] Rank 0 - Level1_Log step_post cost 0.001201 seconds
2026-07-24 05:06:42.682 | INFO     | lightx2v.utils.profiler:__exit__:87 - [Profile] Rank 0 - Level1_Log Run Dit every step cost 3.850320 seconds
2026-07-24 05:06:42.682 | INFO     | lightx2v.models.runners.default_runner:run_segment:234 - ==> step_index: 3 / 4
2026-07-24 05:06:42.683 | INFO     | lightx2v.utils.profiler:__exit__:87 - [Profile] Rank 0 - Level1_Log step_pre cost 0.000095 seconds
2026-07-24 05:06:42.683 | INFO     | lightx2v.models.runners.wan.wan_runner:get_current_model_index:924 - using - LOW - noise model at step_index 3
2026-07-24 05:06:42.683 | INFO     | lightx2v.utils.profiler:__exit__:87 - [Profile] Single GPU - Level2_Log Switch models in infer_main costs cost 0.000265 seconds
2026-07-24 05:06:42.684 | INFO     | lightx2v.utils.profiler:__exit__:87 - [Profile] Rank 6 - Level1_Log 🚀 infer_main cost 3.840764 seconds
2026-07-24 05:06:42.686 | INFO     | lightx2v.utils.profiler:__exit__:87 - [Profile] Rank 5 - Level1_Log 🚀 infer_main cost 3.843047 seconds
2026-07-24 05:06:42.687 | INFO     | lightx2v.utils.profiler:__exit__:87 - [Profile] Rank 6 - Level1_Log step_post cost 0.002135 seconds
2026-07-24 05:06:42.687 | INFO     | lightx2v.utils.profiler:__exit__:87 - [Profile] Rank 6 - Level1_Log Run Dit every step cost 3.848723 seconds
2026-07-24 05:06:42.687 | INFO     | lightx2v.utils.profiler:__exit__:87 - [Profile] Rank 4 - Level1_Log 🚀 infer_main cost 3.843948 seconds
2026-07-24 05:06:42.687 | INFO     | lightx2v.utils.profiler:__exit__:87 - [Profile] Rank 1 - Level1_Log 🚀 infer_main cost 3.847964 seconds
2026-07-24 05:06:42.688 | INFO     | lightx2v.utils.profiler:__exit__:87 - [Profile] Rank 3 - Level1_Log 🚀 infer_main cost 3.845538 seconds
2026-07-24 05:06:42.689 | INFO     | lightx2v.utils.profiler:__exit__:87 - [Profile] Rank 5 - Level1_Log step_post cost 0.002584 seconds
2026-07-24 05:06:42.689 | INFO     | lightx2v.utils.profiler:__exit__:87 - [Profile] Rank 5 - Level1_Log Run Dit every step cost 3.853910 seconds
2026-07-24 05:06:42.689 | INFO     | lightx2v.utils.profiler:__exit__:87 - [Profile] Rank 2 - Level1_Log 🚀 infer_main cost 3.848030 seconds
2026-07-24 05:06:42.690 | INFO     | lightx2v.utils.profiler:__exit__:87 - [Profile] Rank 1 - Level1_Log step_post cost 0.002139 seconds
2026-07-24 05:06:42.690 | INFO     | lightx2v.utils.profiler:__exit__:87 - [Profile] Rank 1 - Level1_Log Run Dit every step cost 3.851671 seconds
2026-07-24 05:06:42.691 | INFO     | lightx2v.models.runners.default_runner:run_segment:234 - ==> step_index: 3 / 4
2026-07-24 05:06:42.691 | INFO     | lightx2v.utils.profiler:__exit__:87 - [Profile] Rank 4 - Level1_Log step_post cost 0.003284 seconds
2026-07-24 05:06:42.691 | INFO     | lightx2v.utils.profiler:__exit__:87 - [Profile] Rank 3 - Level1_Log step_post cost 0.002272 seconds
2026-07-24 05:06:42.691 | INFO     | lightx2v.utils.profiler:__exit__:87 - [Profile] Rank 1 - Level1_Log step_pre cost 0.000154 seconds
2026-07-24 05:06:42.691 | INFO     | lightx2v.utils.profiler:__exit__:87 - [Profile] Rank 4 - Level1_Log Run Dit every step cost 3.852616 seconds
2026-07-24 05:06:42.691 | INFO     | lightx2v.utils.profiler:__exit__:87 - [Profile] Rank 2 - Level1_Log step_post cost 0.001580 seconds
2026-07-24 05:06:42.691 | INFO     | lightx2v.utils.profiler:__exit__:87 - [Profile] Rank 3 - Level1_Log Run Dit every step cost 3.849956 seconds
2026-07-24 05:06:42.692 | INFO     | lightx2v.models.runners.wan.wan_runner:get_current_model_index:924 - using - LOW - noise model at step_index 3
2026-07-24 05:06:42.692 | INFO     | lightx2v.utils.profiler:__exit__:87 - [Profile] Rank 2 - Level1_Log Run Dit every step cost 3.851211 seconds
2026-07-24 05:06:42.692 | INFO     | lightx2v.utils.profiler:__exit__:87 - [Profile] Single GPU - Level2_Log Switch models in infer_main costs cost 0.000498 seconds
2026-07-24 05:06:42.692 | INFO     | lightx2v.utils.profiler:__exit__:87 - [Profile] Rank 7 - Level1_Log 🚀 infer_main cost 3.847571 seconds
2026-07-24 05:06:42.692 | INFO     | lightx2v.models.runners.default_runner:run_segment:234 - ==> step_index: 3 / 4
2026-07-24 05:06:42.692 | INFO     | lightx2v.models.runners.default_runner:run_segment:234 - ==> step_index: 3 / 4
2026-07-24 05:06:42.692 | INFO     | lightx2v.models.runners.default_runner:run_segment:234 - ==> step_index: 3 / 4
2026-07-24 05:06:42.692 | INFO     | lightx2v.models.runners.default_runner:run_segment:234 - ==> step_index: 3 / 4
2026-07-24 05:06:42.692 | INFO     | lightx2v.models.runners.default_runner:run_segment:234 - ==> step_index: 3 / 4
2026-07-24 05:06:42.693 | INFO     | lightx2v.utils.profiler:__exit__:87 - [Profile] Rank 3 - Level1_Log step_pre cost 0.000152 seconds
2026-07-24 05:06:42.693 | INFO     | lightx2v.utils.profiler:__exit__:87 - [Profile] Rank 2 - Level1_Log step_pre cost 0.000114 seconds
2026-07-24 05:06:42.693 | INFO     | lightx2v.utils.profiler:__exit__:87 - [Profile] Rank 5 - Level1_Log step_pre cost 0.000176 seconds
2026-07-24 05:06:42.693 | INFO     | lightx2v.utils.profiler:__exit__:87 - [Profile] Rank 6 - Level1_Log step_pre cost 0.000163 seconds
2026-07-24 05:06:42.693 | INFO     | lightx2v.models.runners.wan.wan_runner:get_current_model_index:924 - using - LOW - noise model at step_index 3
2026-07-24 05:06:42.693 | INFO     | lightx2v.models.runners.wan.wan_runner:get_current_model_index:924 - using - LOW - noise model at step_index 3
2026-07-24 05:06:42.693 | INFO     | lightx2v.utils.profiler:__exit__:87 - [Profile] Rank 4 - Level1_Log step_pre cost 0.000240 seconds
2026-07-24 05:06:42.693 | INFO     | lightx2v.utils.profiler:__exit__:87 - [Profile] Single GPU - Level2_Log Switch models in infer_main costs cost 0.000281 seconds
2026-07-24 05:06:42.693 | INFO     | lightx2v.models.runners.wan.wan_runner:get_current_model_index:924 - using - LOW - noise model at step_index 3
2026-07-24 05:06:42.694 | INFO     | lightx2v.models.runners.wan.wan_runner:get_current_model_index:924 - using - LOW - noise model at step_index 3
2026-07-24 05:06:42.694 | INFO     | lightx2v.utils.profiler:__exit__:87 - [Profile] Single GPU - Level2_Log Switch models in infer_main costs cost 0.000326 seconds
2026-07-24 05:06:42.694 | INFO     | lightx2v.utils.profiler:__exit__:87 - [Profile] Single GPU - Level2_Log Switch models in infer_main costs cost 0.000520 seconds
2026-07-24 05:06:42.694 | INFO     | lightx2v.utils.profiler:__exit__:87 - [Profile] Single GPU - Level2_Log Switch models in infer_main costs cost 0.000522 seconds
2026-07-24 05:06:42.694 | INFO     | lightx2v.models.runners.wan.wan_runner:get_current_model_index:924 - using - LOW - noise model at step_index 3
2026-07-24 05:06:42.694 | INFO     | lightx2v.utils.profiler:__exit__:87 - [Profile] Single GPU - Level2_Log Switch models in infer_main costs cost 0.000554 seconds
2026-07-24 05:06:42.696 | INFO     | lightx2v.utils.profiler:__exit__:87 - [Profile] Rank 7 - Level1_Log step_post cost 0.003267 seconds
2026-07-24 05:06:42.696 | INFO     | lightx2v.utils.profiler:__exit__:87 - [Profile] Rank 7 - Level1_Log Run Dit every step cost 3.852950 seconds
2026-07-24 05:06:42.697 | INFO     | lightx2v.models.runners.default_runner:run_segment:234 - ==> step_index: 3 / 4
2026-07-24 05:06:42.697 | INFO     | lightx2v.utils.profiler:__exit__:87 - [Profile] Rank 7 - Level1_Log step_pre cost 0.000146 seconds
2026-07-24 05:06:42.697 | INFO     | lightx2v.models.runners.wan.wan_runner:get_current_model_index:924 - using - LOW - noise model at step_index 3
2026-07-24 05:06:42.698 | INFO     | lightx2v.utils.profiler:__exit__:87 - [Profile] Single GPU - Level2_Log Switch models in infer_main costs cost 0.000328 seconds
2026-07-24 05:06:46.589 | INFO     | lightx2v.utils.profiler:__exit__:87 - [Profile] Rank 0 - Level1_Log 🚀 infer_main cost 3.906077 seconds
2026-07-24 05:06:46.591 | INFO     | lightx2v.utils.profiler:__exit__:87 - [Profile] Rank 6 - Level1_Log 🚀 infer_main cost 3.897649 seconds
2026-07-24 05:06:46.594 | INFO     | lightx2v.utils.profiler:__exit__:87 - [Profile] Rank 5 - Level1_Log 🚀 infer_main cost 3.900620 seconds
2026-07-24 05:06:46.598 | INFO     | lightx2v.utils.profiler:__exit__:87 - [Profile] Rank 7 - Level1_Log 🚀 infer_main cost 3.900581 seconds
2026-07-24 05:06:46.599 | INFO     | lightx2v.utils.profiler:__exit__:87 - [Profile] Rank 3 - Level1_Log 🚀 infer_main cost 3.905320 seconds
2026-07-24 05:06:46.600 | INFO     | lightx2v.utils.profiler:__exit__:87 - [Profile] Rank 4 - Level1_Log 🚀 infer_main cost 3.906091 seconds
2026-07-24 05:06:46.602 | INFO     | lightx2v.utils.profiler:__exit__:87 - [Profile] Rank 1 - Level1_Log 🚀 infer_main cost 3.910151 seconds
2026-07-24 05:06:46.606 | INFO     | lightx2v.utils.profiler:__exit__:87 - [Profile] Rank 2 - Level1_Log 🚀 infer_main cost 3.912303 seconds
2026-07-24 05:06:46.656 | INFO     | lightx2v.utils.profiler:__exit__:87 - [Profile] Rank 0 - Level1_Log step_post cost 0.065481 seconds
2026-07-24 05:06:46.656 | INFO     | lightx2v.utils.profiler:__exit__:87 - [Profile] Rank 0 - Level1_Log Run Dit every step cost 3.973698 seconds
2026-07-24 05:06:46.656 | INFO     | lightx2v.models.runners.default_runner:run_segment:234 - ==> step_index: 4 / 4
2026-07-24 05:06:46.657 | INFO     | lightx2v.utils.profiler:__exit__:87 - [Profile] Rank 0 - Level1_Log step_pre cost 0.000097 seconds
2026-07-24 05:06:46.657 | INFO     | lightx2v.models.runners.wan.wan_runner:get_current_model_index:924 - using - LOW - noise model at step_index 4
2026-07-24 05:06:46.657 | INFO     | lightx2v.utils.profiler:__exit__:87 - [Profile] Single GPU - Level2_Log Switch models in infer_main costs cost 0.000288 seconds
2026-07-24 05:06:46.668 | INFO     | lightx2v.utils.profiler:__exit__:87 - [Profile] Rank 7 - Level1_Log step_post cost 0.069296 seconds
2026-07-24 05:06:46.668 | INFO     | lightx2v.utils.profiler:__exit__:87 - [Profile] Rank 5 - Level1_Log step_post cost 0.073484 seconds
2026-07-24 05:06:46.668 | INFO     | lightx2v.utils.profiler:__exit__:87 - [Profile] Rank 7 - Level1_Log Run Dit every step cost 3.971759 seconds
2026-07-24 05:06:46.668 | INFO     | lightx2v.utils.profiler:__exit__:87 - [Profile] Rank 5 - Level1_Log Run Dit every step cost 3.979002 seconds
2026-07-24 05:06:46.668 | INFO     | lightx2v.utils.profiler:__exit__:87 - [Profile] Rank 1 - Level1_Log step_post cost 0.065915 seconds
2026-07-24 05:06:46.669 | INFO     | lightx2v.utils.profiler:__exit__:87 - [Profile] Rank 1 - Level1_Log Run Dit every step cost 3.978183 seconds
2026-07-24 05:06:46.669 | INFO     | lightx2v.models.runners.default_runner:run_segment:234 - ==> step_index: 4 / 4
2026-07-24 05:06:46.670 | INFO     | lightx2v.utils.profiler:__exit__:87 - [Profile] Rank 1 - Level1_Log step_pre cost 0.000139 seconds
2026-07-24 05:06:46.670 | INFO     | lightx2v.models.runners.wan.wan_runner:get_current_model_index:924 - using - LOW - noise model at step_index 4
2026-07-24 05:06:46.670 | INFO     | lightx2v.utils.profiler:__exit__:87 - [Profile] Rank 3 - Level1_Log step_post cost 0.069074 seconds
2026-07-24 05:06:46.670 | INFO     | lightx2v.utils.profiler:__exit__:87 - [Profile] Single GPU - Level2_Log Switch models in infer_main costs cost 0.000274 seconds
2026-07-24 05:06:46.670 | INFO     | lightx2v.utils.profiler:__exit__:87 - [Profile] Rank 3 - Level1_Log Run Dit every step cost 3.978130 seconds
2026-07-24 05:06:46.673 | INFO     | lightx2v.utils.profiler:__exit__:87 - [Profile] Rank 6 - Level1_Log step_post cost 0.081075 seconds
2026-07-24 05:06:46.673 | INFO     | lightx2v.utils.profiler:__exit__:87 - [Profile] Rank 6 - Level1_Log Run Dit every step cost 3.986451 seconds
2026-07-24 05:06:46.683 | INFO     | lightx2v.utils.profiler:__exit__:87 - [Profile] Rank 2 - Level1_Log step_post cost 0.077419 seconds
2026-07-24 05:06:46.684 | INFO     | lightx2v.utils.profiler:__exit__:87 - [Profile] Rank 2 - Level1_Log Run Dit every step cost 3.991579 seconds
2026-07-24 05:06:46.684 | INFO     | lightx2v.models.runners.default_runner:run_segment:234 - ==> step_index: 4 / 4
2026-07-24 05:06:46.684 | INFO     | lightx2v.models.runners.default_runner:run_segment:234 - ==> step_index: 4 / 4
2026-07-24 05:06:46.685 | INFO     | lightx2v.utils.profiler:__exit__:87 - [Profile] Rank 2 - Level1_Log step_pre cost 0.000110 seconds
2026-07-24 05:06:46.685 | INFO     | lightx2v.utils.profiler:__exit__:87 - [Profile] Rank 3 - Level1_Log step_pre cost 0.000235 seconds
2026-07-24 05:06:46.685 | INFO     | lightx2v.models.runners.wan.wan_runner:get_current_model_index:924 - using - LOW - noise model at step_index 4
2026-07-24 05:06:46.685 | INFO     | lightx2v.utils.profiler:__exit__:87 - [Profile] Single GPU - Level2_Log Switch models in infer_main costs cost 0.000286 seconds
2026-07-24 05:06:46.685 | INFO     | lightx2v.models.runners.wan.wan_runner:get_current_model_index:924 - using - LOW - noise model at step_index 4
2026-07-24 05:06:46.685 | INFO     | lightx2v.utils.profiler:__exit__:87 - [Profile] Single GPU - Level2_Log Switch models in infer_main costs cost 0.000428 seconds
2026-07-24 05:06:46.696 | INFO     | lightx2v.utils.profiler:__exit__:87 - [Profile] Rank 4 - Level1_Log step_post cost 0.094306 seconds
2026-07-24 05:06:46.697 | INFO     | lightx2v.utils.profiler:__exit__:87 - [Profile] Rank 4 - Level1_Log Run Dit every step cost 4.004763 seconds
2026-07-24 05:06:46.697 | INFO     | lightx2v.models.runners.default_runner:run_segment:234 - ==> step_index: 4 / 4
2026-07-24 05:06:46.697 | INFO     | lightx2v.models.runners.default_runner:run_segment:234 - ==> step_index: 4 / 4
2026-07-24 05:06:46.697 | INFO     | lightx2v.models.runners.default_runner:run_segment:234 - ==> step_index: 4 / 4
2026-07-24 05:06:46.698 | INFO     | lightx2v.models.runners.default_runner:run_segment:234 - ==> step_index: 4 / 4
2026-07-24 05:06:46.698 | INFO     | lightx2v.utils.profiler:__exit__:87 - [Profile] Rank 6 - Level1_Log step_pre cost 0.000149 seconds
2026-07-24 05:06:46.698 | INFO     | lightx2v.utils.profiler:__exit__:87 - [Profile] Rank 4 - Level1_Log step_pre cost 0.000143 seconds
2026-07-24 05:06:46.698 | INFO     | lightx2v.utils.profiler:__exit__:87 - [Profile] Rank 7 - Level1_Log step_pre cost 0.000240 seconds
2026-07-24 05:06:46.698 | INFO     | lightx2v.models.runners.wan.wan_runner:get_current_model_index:924 - using - LOW - noise model at step_index 4
2026-07-24 05:06:46.698 | INFO     | lightx2v.utils.profiler:__exit__:87 - [Profile] Rank 5 - Level1_Log step_pre cost 0.000272 seconds
2026-07-24 05:06:46.698 | INFO     | lightx2v.utils.profiler:__exit__:87 - [Profile] Single GPU - Level2_Log Switch models in infer_main costs cost 0.000344 seconds
2026-07-24 05:06:46.698 | INFO     | lightx2v.models.runners.wan.wan_runner:get_current_model_index:924 - using - LOW - noise model at step_index 4
2026-07-24 05:06:46.699 | INFO     | lightx2v.models.runners.wan.wan_runner:get_current_model_index:924 - using - LOW - noise model at step_index 4
2026-07-24 05:06:46.699 | INFO     | lightx2v.utils.profiler:__exit__:87 - [Profile] Single GPU - Level2_Log Switch models in infer_main costs cost 0.000367 seconds
2026-07-24 05:06:46.699 | INFO     | lightx2v.models.runners.wan.wan_runner:get_current_model_index:924 - using - LOW - noise model at step_index 4
2026-07-24 05:06:46.699 | INFO     | lightx2v.utils.profiler:__exit__:87 - [Profile] Single GPU - Level2_Log Switch models in infer_main costs cost 0.000281 seconds
2026-07-24 05:06:46.699 | INFO     | lightx2v.utils.profiler:__exit__:87 - [Profile] Single GPU - Level2_Log Switch models in infer_main costs cost 0.000669 seconds
2026-07-24 05:06:50.501 | INFO     | lightx2v.utils.profiler:__exit__:87 - [Profile] Rank 0 - Level1_Log 🚀 infer_main cost 3.844151 seconds
2026-07-24 05:06:50.503 | INFO     | lightx2v.utils.profiler:__exit__:87 - [Profile] Rank 6 - Level1_Log 🚀 infer_main cost 3.805112 seconds
2026-07-24 05:06:50.504 | INFO     | lightx2v.utils.profiler:__exit__:87 - [Profile] Rank 0 - Level1_Log step_post cost 0.001561 seconds
2026-07-24 05:06:50.504 | INFO     | lightx2v.utils.profiler:__exit__:87 - [Profile] Rank 0 - Level1_Log Run Dit every step cost 3.848101 seconds
2026-07-24 05:06:50.506 | INFO     | lightx2v.utils.profiler:__exit__:87 - [Profile] Rank 5 - Level1_Log 🚀 infer_main cost 3.807031 seconds
2026-07-24 05:06:50.508 | INFO     | lightx2v.utils.profiler:__exit__:87 - [Profile] Rank 7 - Level1_Log 🚀 infer_main cost 3.809212 seconds
2026-07-24 05:06:50.508 | INFO     | lightx2v.utils.profiler:__exit__:87 - [Profile] Rank 5 - Level1_Log step_post cost 0.001781 seconds
2026-07-24 05:06:50.508 | INFO     | lightx2v.utils.profiler:__exit__:87 - [Profile] Rank 5 - Level1_Log Run Dit every step cost 3.839433 seconds
2026-07-24 05:06:50.509 | INFO     | lightx2v.utils.profiler:__exit__:87 - [Profile] Rank 6 - Level1_Log step_post cost 0.004564 seconds
2026-07-24 05:06:50.509 | INFO     | lightx2v.utils.profiler:__exit__:87 - [Profile] Rank 6 - Level1_Log Run Dit every step cost 3.835204 seconds
2026-07-24 05:06:50.509 | INFO     | lightx2v.utils.profiler:__exit__:87 - [Profile] Rank 7 - Level1_Log step_post cost 0.001414 seconds
2026-07-24 05:06:50.510 | INFO     | lightx2v.utils.profiler:__exit__:87 - [Profile] Rank 7 - Level1_Log Run Dit every step cost 3.841122 seconds
2026-07-24 05:06:50.511 | INFO     | lightx2v.utils.profiler:__exit__:87 - [Profile] Rank 4 - Level1_Log 🚀 infer_main cost 3.812475 seconds
2026-07-24 05:06:50.513 | INFO     | lightx2v.utils.profiler:__exit__:87 - [Profile] Rank 4 - Level1_Log step_post cost 0.001309 seconds
2026-07-24 05:06:50.513 | INFO     | lightx2v.utils.profiler:__exit__:87 - [Profile] Rank 4 - Level1_Log Run Dit every step cost 3.815930 seconds
2026-07-24 05:06:50.512 | INFO     | lightx2v.utils.profiler:__exit__:87 - [Profile] Rank 3 - Level1_Log 🚀 infer_main cost 3.827276 seconds
2026-07-24 05:06:50.515 | INFO     | lightx2v.utils.profiler:__exit__:87 - [Profile] Rank 3 - Level1_Log step_post cost 0.002405 seconds
2026-07-24 05:06:50.516 | INFO     | lightx2v.utils.profiler:__exit__:87 - [Profile] Rank 3 - Level1_Log Run Dit every step cost 3.845366 seconds
2026-07-24 05:06:50.516 | INFO     | lightx2v.utils.profiler:__exit__:87 - [Profile] Rank 1 - Level1_Log 🚀 infer_main cost 3.845979 seconds
2026-07-24 05:06:50.518 | INFO     | lightx2v.utils.profiler:__exit__:87 - [Profile] Rank 2 - Level1_Log 🚀 infer_main cost 3.833054 seconds
2026-07-24 05:06:50.520 | INFO     | lightx2v.utils.profiler:__exit__:87 - [Profile] Rank 2 - Level1_Log step_post cost 0.001754 seconds
2026-07-24 05:06:50.520 | INFO     | lightx2v.utils.profiler:__exit__:87 - [Profile] Rank 2 - Level1_Log Run Dit every step cost 3.836485 seconds
2026-07-24 05:06:50.524 | INFO     | lightx2v.utils.profiler:__exit__:87 - [Profile] Rank 1 - Level1_Log step_post cost 0.005521 seconds
2026-07-24 05:06:50.524 | INFO     | lightx2v.utils.profiler:__exit__:87 - [Profile] Rank 1 - Level1_Log Run Dit every step cost 3.855613 seconds
2026-07-24 05:06:51.424 | INFO     | lightx2v.utils.profiler:__exit__:87 - [Profile] Single GPU - Level1_Log Run VAE Decoder cost 0.914090 seconds
2026-07-24 05:06:51.424 | INFO     | lightx2v.utils.profiler:__exit__:87 - [Profile] Single GPU - Level1_Log Run VAE Decoder cost 0.899306 seconds
2026-07-24 05:06:51.424 | INFO     | lightx2v.utils.profiler:__exit__:87 - [Profile] Single GPU - Level1_Log Run VAE Decoder cost 0.919391 seconds
2026-07-24 05:06:51.424 | INFO     | lightx2v.utils.profiler:__exit__:87 - [Profile] Single GPU - Level1_Log Run VAE Decoder cost 0.915731 seconds
2026-07-24 05:06:51.424 | INFO     | lightx2v.utils.profiler:__exit__:87 - [Profile] Single GPU - Level1_Log Run VAE Decoder cost 0.914334 seconds
2026-07-24 05:06:51.424 | INFO     | lightx2v.utils.profiler:__exit__:87 - [Profile] Single GPU - Level1_Log Run VAE Decoder cost 0.903500 seconds
2026-07-24 05:06:51.425 | INFO     | lightx2v.utils.profiler:__exit__:87 - [Profile] Rank 7 - Level1_Log segment end2end 1/1 cost 18.367933 seconds
2026-07-24 05:06:51.424 | INFO     | lightx2v.utils.profiler:__exit__:87 - [Profile] Rank 6 - Level1_Log segment end2end 1/1 cost 18.378865 seconds
2026-07-24 05:06:51.424 | INFO     | lightx2v.utils.profiler:__exit__:87 - [Profile] Single GPU - Level1_Log Run VAE Decoder cost 0.911311 seconds
2026-07-24 05:06:51.425 | INFO     | lightx2v.utils.profiler:__exit__:87 - [Profile] Rank 1 - Level1_Log segment end2end 1/1 cost 18.362643 seconds
2026-07-24 05:06:51.424 | INFO     | lightx2v.utils.profiler:__exit__:87 - [Profile] Single GPU - Level1_Log Run VAE Decoder cost 0.908360 seconds
2026-07-24 05:06:51.425 | INFO     | lightx2v.utils.profiler:__exit__:87 - [Profile] Rank 0 - Level1_Log segment end2end 1/1 cost 18.386921 seconds
2026-07-24 05:06:51.425 | INFO     | lightx2v.utils.profiler:__exit__:87 - [Profile] Rank 5 - Level1_Log segment end2end 1/1 cost 18.351064 seconds
2026-07-24 05:06:51.425 | INFO     | lightx2v.utils.profiler:__exit__:87 - [Profile] Rank 2 - Level1_Log segment end2end 1/1 cost 18.373767 seconds
2026-07-24 05:06:51.425 | INFO     | lightx2v.utils.profiler:__exit__:87 - [Profile] Rank 4 - Level1_Log segment end2end 1/1 cost 18.329346 seconds
2026-07-24 05:06:51.425 | INFO     | lightx2v.utils.profiler:__exit__:87 - [Profile] Single GPU - Level2_Log Run DiT cost 18.369582 seconds
2026-07-24 05:06:51.426 | INFO     | lightx2v.utils.profiler:__exit__:87 - [Profile] Single GPU - Level2_Log Run DiT cost 18.381488 seconds
2026-07-24 05:06:51.426 | INFO     | lightx2v.utils.profiler:__exit__:87 - [Profile] Rank 3 - Level1_Log segment end2end 1/1 cost 18.374100 seconds
2026-07-24 05:06:51.426 | INFO     | lightx2v.utils.profiler:__exit__:87 - [Profile] Single GPU - Level2_Log Run DiT cost 18.354476 seconds
2026-07-24 05:06:51.426 | INFO     | lightx2v.utils.profiler:__exit__:87 - [Profile] Single GPU - Level2_Log Run DiT cost 18.365082 seconds
2026-07-24 05:06:51.426 | INFO     | lightx2v.utils.profiler:__exit__:87 - [Profile] Single GPU - Level2_Log Run DiT cost 18.375724 seconds
2026-07-24 05:06:51.426 | INFO     | lightx2v.utils.profiler:__exit__:87 - [Profile] Single GPU - Level1_Log RUN pipeline cost 20.421832 seconds
2026-07-24 05:06:51.426 | INFO     | lightx2v.utils.profiler:__exit__:87 - [Profile] Single GPU - Level1_Log RUN pipeline cost 20.042767 seconds
2026-07-24 05:06:51.426 | INFO     | lightx2v.utils.profiler:__exit__:87 - [Profile] Single GPU - Level1_Log RUN pipeline cost 19.910412 seconds
2026-07-24 05:06:51.426 | INFO     | lightx2v.utils.profiler:__exit__:87 - [Profile] Single GPU - Level2_Log Run DiT cost 18.331610 seconds
2026-07-24 05:06:51.426 | INFO     | lightx2v.utils.profiler:__exit__:87 - [Profile] Single GPU - Level1_Log RUN pipeline cost 23.102253 seconds
2026-07-24 05:06:51.426 | INFO     | lightx2v.utils.profiler:__exit__:87 - [Profile] Single GPU - Level1_Log RUN pipeline cost 19.901555 seconds
2026-07-24 05:06:51.426 | INFO     | lightx2v.utils.profiler:__exit__:87 - [Profile] Single GPU - Level2_Log Run DiT cost 18.375952 seconds
2026-07-24 05:06:51.427 | INFO     | lightx2v.utils.profiler:__exit__:87 - [Profile] Single GPU - Level1_Log RUN pipeline cost 19.390259 seconds
2026-07-24 05:06:51.427 | INFO     | lightx2v.utils.profiler:__exit__:87 - [Profile] Single GPU - Level1_Log RUN pipeline cost 20.431589 seconds
2026-07-24 05:06:51.427 | INFO     | lightx2v.utils.profiler:__exit__:87 - [Profile] Rank 0 - Level2_Log wan_vae_to_comfy cost 0.001249 seconds
2026-07-24 05:06:51.427 | INFO     | lightx2v.models.runners.default_runner:process_images_after_vae_decoder:561 - 🎬 Start to save video 🎬
2026-07-24 05:06:51.730 | INFO     | lightx2v.models.runners.base_runner:_maybe_freeze_gc:84 - [GC] gc.collect() reclaimed 0 objects; gc.freeze() moved ~708858 live tracked objects out of future GC walks
2026-07-24 05:06:51.731 | INFO     | lightx2v.utils.profiler:__exit__:87 - [Profile] Rank 1 - Level1_Log Total Cost cost 284.021039 seconds
2026-07-24 05:06:51.737 | INFO     | lightx2v.models.runners.base_runner:_maybe_freeze_gc:84 - [GC] gc.collect() reclaimed 0 objects; gc.freeze() moved ~708860 live tracked objects out of future GC walks
2026-07-24 05:06:51.737 | INFO     | lightx2v.utils.profiler:__exit__:87 - [Profile] Rank 7 - Level1_Log Total Cost cost 284.026467 seconds
2026-07-24 05:06:51.794 | INFO     | lightx2v.models.runners.base_runner:_maybe_freeze_gc:84 - [GC] gc.collect() reclaimed 0 objects; gc.freeze() moved ~708861 live tracked objects out of future GC walks
2026-07-24 05:06:51.795 | INFO     | lightx2v.utils.profiler:__exit__:87 - [Profile] Rank 4 - Level1_Log Total Cost cost 284.084433 seconds
2026-07-24 05:06:51.816 | INFO     | lightx2v.models.runners.base_runner:_maybe_freeze_gc:84 - [GC] gc.collect() reclaimed 0 objects; gc.freeze() moved ~708858 live tracked objects out of future GC walks
2026-07-24 05:06:51.817 | INFO     | lightx2v.utils.profiler:__exit__:87 - [Profile] Rank 5 - Level1_Log Total Cost cost 284.105028 seconds
2026-07-24 05:06:51.911 | INFO     | lightx2v.models.runners.default_runner:process_images_after_vae_decoder:570 - ✅ Video saved successfully to: /data/fuhaiwen1/LightX2V/save_results/baseline_benchmark_6.mp4 ✅
2026-07-24 05:06:51.912 | INFO     | lightx2v.utils.profiler:__exit__:87 - [Profile] Single GPU - Level2_Log Run DiT cost 18.875382 seconds
2026-07-24 05:06:51.913 | INFO     | lightx2v.utils.profiler:__exit__:87 - [Profile] Single GPU - Level1_Log RUN pipeline cost 24.175806 seconds
2026-07-24 05:06:52.114 | INFO     | lightx2v.models.runners.base_runner:_maybe_freeze_gc:84 - [GC] gc.collect() reclaimed 0 objects; gc.freeze() moved ~708858 live tracked objects out of future GC walks
2026-07-24 05:06:52.115 | INFO     | lightx2v.utils.profiler:__exit__:87 - [Profile] Rank 6 - Level1_Log Total Cost cost 284.405053 seconds
2026-07-24 05:06:52.183 | INFO     | lightx2v.models.runners.base_runner:_maybe_freeze_gc:84 - [GC] gc.collect() reclaimed 0 objects; gc.freeze() moved ~708867 live tracked objects out of future GC walks
2026-07-24 05:06:52.184 | INFO     | lightx2v.utils.profiler:__exit__:87 - [Profile] Rank 0 - Level1_Log Total Cost cost 284.472680 seconds
2026-07-24 05:06:52.199 | INFO     | lightx2v.models.runners.base_runner:_maybe_freeze_gc:84 - [GC] gc.collect() reclaimed 0 objects; gc.freeze() moved ~708861 live tracked objects out of future GC walks
2026-07-24 05:06:52.200 | INFO     | lightx2v.utils.profiler:__exit__:87 - [Profile] Rank 3 - Level1_Log Total Cost cost 284.489653 seconds
2026-07-24 05:06:52.717 | INFO     | lightx2v.models.runners.base_runner:_maybe_freeze_gc:84 - [GC] gc.collect() reclaimed 0 objects; gc.freeze() moved ~708861 live tracked objects out of future GC walks
2026-07-24 05:06:52.726 | INFO     | lightx2v.utils.profiler:__exit__:87 - [Profile] Rank 2 - Level1_Log Total Cost cost 285.014891 seconds
2026-07-24 05:06:53.016 | INFO     | __main__:main:241 - Distributed process group cleaned up
2026-07-24 05:06:53.032 | INFO     | __main__:main:241 - Distributed process group cleaned up
2026-07-24 05:06:53.051 | INFO     | __main__:main:241 - Distributed process group cleaned up
2026-07-24 05:06:53.075 | INFO     | __main__:main:241 - Distributed process group cleaned up
2026-07-24 05:06:53.082 | INFO     | __main__:main:241 - Distributed process group cleaned up
2026-07-24 05:06:53.504 | INFO     | __main__:main:241 - Distributed process group cleaned up
2026-07-24 05:06:53.508 | INFO     | __main__:main:241 - Distributed process group cleaned up
2026-07-24 05:06:53.508 | INFO     | __main__:main:241 - Distributed process group cleaned up
2026-07-24 05:07:11.509 | INFO     | __main__:_controller_main:577 - [done] request_id=1 worker=cooperative_group start_ts=1784869315.082132 finish_ts=1784869631.501027 e2e=639.811s elapsed_from_global_start=639.810s rc=0
2026-07-24 05:07:12.784 | INFO     | lightx2v_platform.base.base:init_ai_device:17 - Initialized AI_DEVICE: cuda
2026-07-24 05:07:12.788 | INFO     | lightx2v_platform.base.base:init_ai_device:17 - Initialized AI_DEVICE: cuda
2026-07-24 05:07:12.788 | INFO     | lightx2v_platform.base.base:init_ai_device:17 - Initialized AI_DEVICE: cuda
2026-07-24 05:07:12.791 | INFO     | lightx2v_platform.base.base:init_ai_device:17 - Initialized AI_DEVICE: cuda
2026-07-24 05:07:12.791 | INFO     | lightx2v_platform.base.base:init_ai_device:17 - Initialized AI_DEVICE: cuda
2026-07-24 05:07:12.792 | INFO     | lightx2v_platform.base.base:init_ai_device:17 - Initialized AI_DEVICE: cuda
2026-07-24 05:07:12.793 | INFO     | lightx2v_platform.base.base:init_ai_device:17 - Initialized AI_DEVICE: cuda
2026-07-24 05:07:12.798 | INFO     | lightx2v_platform.base.base:init_ai_device:17 - Initialized AI_DEVICE: cuda
2026-07-24 05:07:12.874 | INFO     | lightx2v_platform.base.base:check_ai_device:34 - AI device for platform 'cuda' is available.
2026-07-24 05:07:12.878 | INFO     | lightx2v_platform.base.base:check_ai_device:34 - AI device for platform 'cuda' is available.
2026-07-24 05:07:12.880 | INFO     | lightx2v_platform.base.base:check_ai_device:34 - AI device for platform 'cuda' is available.
2026-07-24 05:07:12.884 | INFO     | lightx2v_platform.base.base:check_ai_device:34 - AI device for platform 'cuda' is available.
2026-07-24 05:07:12.891 | INFO     | lightx2v_platform.base.base:check_ai_device:34 - AI device for platform 'cuda' is available.
2026-07-24 05:07:12.892 | INFO     | lightx2v_platform.base.base:check_ai_device:34 - AI device for platform 'cuda' is available.
2026-07-24 05:07:12.893 | INFO     | lightx2v_platform.base.base:check_ai_device:34 - AI device for platform 'cuda' is available.
2026-07-24 05:07:12.896 | INFO     | lightx2v_platform.base.base:check_ai_device:34 - AI device for platform 'cuda' is available.
/app/MagiAttention/magi_attention/__init__.py:26: UserWarning: You are using magi_attention without installing it. This may cause some unexpected errors.
  warnings.warn(
/app/MagiAttention/magi_attention/__init__.py:26: UserWarning: You are using magi_attention without installing it. This may cause some unexpected errors.
  warnings.warn(
/app/MagiAttention/magi_attention/__init__.py:26: UserWarning: You are using magi_attention without installing it. This may cause some unexpected errors.
  warnings.warn(
/app/MagiAttention/magi_attention/__init__.py:26: UserWarning: You are using magi_attention without installing it. This may cause some unexpected errors.
  warnings.warn(
/app/MagiAttention/magi_attention/__init__.py:26: UserWarning: You are using magi_attention without installing it. This may cause some unexpected errors.
  warnings.warn(
/app/MagiAttention/magi_attention/__init__.py:26: UserWarning: You are using magi_attention without installing it. This may cause some unexpected errors.
  warnings.warn(
/app/MagiAttention/magi_attention/__init__.py:26: UserWarning: You are using magi_attention without installing it. This may cause some unexpected errors.
  warnings.warn(
/app/MagiAttention/magi_attention/__init__.py:26: UserWarning: You are using magi_attention without installing it. This may cause some unexpected errors.
  warnings.warn(
2026-07-24 05:07:16.481 | INFO     | lightx2v.common.ops.attn.dynamic_sparse_attn:<module>:16 - flash_attn.cute not found, please install flashattention4 first
2026-07-24 05:07:16.482 | INFO     | lightx2v.common.ops.attn.dynamic_sparse_attn:<module>:22 - sageattn3_sparse not found, please install sageattn3_sparse first
2026-07-24 05:07:16.487 | INFO     | lightx2v.common.ops.attn.flash_attn:<module>:26 - flash_attn.cute not found, please install flashattention4 first
2026-07-24 05:07:16.630 | INFO     | lightx2v.common.ops.attn.dynamic_sparse_attn:<module>:16 - flash_attn.cute not found, please install flashattention4 first
2026-07-24 05:07:16.631 | INFO     | lightx2v.common.ops.attn.dynamic_sparse_attn:<module>:22 - sageattn3_sparse not found, please install sageattn3_sparse first
2026-07-24 05:07:16.633 | INFO     | lightx2v.common.ops.attn.flash_attn:<module>:26 - flash_attn.cute not found, please install flashattention4 first
2026-07-24 05:07:16.651 | INFO     | lightx2v.common.ops.attn.dynamic_sparse_attn:<module>:16 - flash_attn.cute not found, please install flashattention4 first
2026-07-24 05:07:16.652 | INFO     | lightx2v.common.ops.attn.dynamic_sparse_attn:<module>:22 - sageattn3_sparse not found, please install sageattn3_sparse first
2026-07-24 05:07:16.653 | INFO     | lightx2v.common.ops.attn.flash_attn:<module>:26 - flash_attn.cute not found, please install flashattention4 first
2026-07-24 05:07:16.655 | INFO     | lightx2v.common.ops.attn.dynamic_sparse_attn:<module>:16 - flash_attn.cute not found, please install flashattention4 first
2026-07-24 05:07:16.655 | INFO     | lightx2v.common.ops.attn.dynamic_sparse_attn:<module>:22 - sageattn3_sparse not found, please install sageattn3_sparse first
2026-07-24 05:07:16.657 | INFO     | lightx2v.common.ops.attn.flash_attn:<module>:26 - flash_attn.cute not found, please install flashattention4 first
2026-07-24 05:07:16.681 | INFO     | lightx2v.common.ops.attn.dynamic_sparse_attn:<module>:16 - flash_attn.cute not found, please install flashattention4 first
2026-07-24 05:07:16.681 | INFO     | lightx2v.common.ops.attn.dynamic_sparse_attn:<module>:22 - sageattn3_sparse not found, please install sageattn3_sparse first
2026-07-24 05:07:16.683 | INFO     | lightx2v.common.ops.attn.flash_attn:<module>:26 - flash_attn.cute not found, please install flashattention4 first
2026-07-24 05:07:16.687 | INFO     | lightx2v.common.ops.attn.dynamic_sparse_attn:<module>:16 - flash_attn.cute not found, please install flashattention4 first
2026-07-24 05:07:16.687 | INFO     | lightx2v.common.ops.attn.dynamic_sparse_attn:<module>:22 - sageattn3_sparse not found, please install sageattn3_sparse first
2026-07-24 05:07:16.689 | INFO     | lightx2v.common.ops.attn.dynamic_sparse_attn:<module>:16 - flash_attn.cute not found, please install flashattention4 first
2026-07-24 05:07:16.689 | INFO     | lightx2v.common.ops.attn.flash_attn:<module>:26 - flash_attn.cute not found, please install flashattention4 first
2026-07-24 05:07:16.689 | INFO     | lightx2v.common.ops.attn.dynamic_sparse_attn:<module>:22 - sageattn3_sparse not found, please install sageattn3_sparse first
2026-07-24 05:07:16.690 | INFO     | lightx2v.common.ops.attn.dynamic_sparse_attn:<module>:16 - flash_attn.cute not found, please install flashattention4 first
2026-07-24 05:07:16.690 | INFO     | lightx2v.common.ops.attn.dynamic_sparse_attn:<module>:22 - sageattn3_sparse not found, please install sageattn3_sparse first
2026-07-24 05:07:16.691 | INFO     | lightx2v.common.ops.attn.flash_attn:<module>:26 - flash_attn.cute not found, please install flashattention4 first
2026-07-24 05:07:16.692 | INFO     | lightx2v.common.ops.attn.flash_attn:<module>:26 - flash_attn.cute not found, please install flashattention4 first
2026-07-24 05:07:16.740 | INFO     | lightx2v.common.ops.attn.sage_attn:<module>:23 - sageattn3_sparse not found, please install sageattn3_sparse first
2026-07-24 05:07:16.777 | INFO     | lightx2v.common.ops.attn.sage_attn:<module>:61 - sageattn3_sparse not found, please install sageattention sparse first
2026-07-24 05:07:16.794 | INFO     | lightx2v.common.ops.attn.sparse_operator:<module>:14 - flash_attn.cute not found, please install flashattention4 first
2026-07-24 05:07:16.795 | INFO     | lightx2v.common.ops.attn.sparse_operator:<module>:20 - sageattn3_sparse not found, please install sageattn3_sparse first
2026-07-24 05:07:16.827 | INFO     | lightx2v.common.ops.attn.sage_attn:<module>:23 - sageattn3_sparse not found, please install sageattn3_sparse first
2026-07-24 05:07:16.844 | INFO     | lightx2v.common.ops.attn.sage_attn:<module>:23 - sageattn3_sparse not found, please install sageattn3_sparse first
2026-07-24 05:07:16.850 | INFO     | lightx2v.common.ops.attn.sage_attn:<module>:23 - sageattn3_sparse not found, please install sageattn3_sparse first
2026-07-24 05:07:16.860 | INFO     | lightx2v.common.ops.attn.sage_attn:<module>:61 - sageattn3_sparse not found, please install sageattention sparse first
2026-07-24 05:07:16.872 | INFO     | lightx2v.common.ops.attn.sparse_operator:<module>:14 - flash_attn.cute not found, please install flashattention4 first
2026-07-24 05:07:16.872 | INFO     | lightx2v.common.ops.attn.sparse_operator:<module>:20 - sageattn3_sparse not found, please install sageattn3_sparse first
2026-07-24 05:07:16.878 | INFO     | lightx2v.common.ops.attn.sage_attn:<module>:61 - sageattn3_sparse not found, please install sageattention sparse first
2026-07-24 05:07:16.884 | INFO     | lightx2v.common.ops.attn.sage_attn:<module>:61 - sageattn3_sparse not found, please install sageattention sparse first
2026-07-24 05:07:16.889 | INFO     | lightx2v.common.ops.attn.sparse_operator:<module>:14 - flash_attn.cute not found, please install flashattention4 first
2026-07-24 05:07:16.889 | INFO     | lightx2v.common.ops.attn.sparse_operator:<module>:20 - sageattn3_sparse not found, please install sageattn3_sparse first
2026-07-24 05:07:16.895 | INFO     | lightx2v.common.ops.attn.sparse_operator:<module>:14 - flash_attn.cute not found, please install flashattention4 first
2026-07-24 05:07:16.896 | INFO     | lightx2v.common.ops.attn.sparse_operator:<module>:20 - sageattn3_sparse not found, please install sageattn3_sparse first
2026-07-24 05:07:16.903 | INFO     | lightx2v.common.ops.attn.sage_attn:<module>:23 - sageattn3_sparse not found, please install sageattn3_sparse first
2026-07-24 05:07:16.905 | INFO     | lightx2v.common.ops.attn.sage_attn:<module>:23 - sageattn3_sparse not found, please install sageattn3_sparse first
2026-07-24 05:07:16.915 | INFO     | lightx2v.common.ops.attn.sage_attn:<module>:23 - sageattn3_sparse not found, please install sageattn3_sparse first
2026-07-24 05:07:16.915 | INFO     | lightx2v.common.ops.attn.sage_attn:<module>:23 - sageattn3_sparse not found, please install sageattn3_sparse first
2026-07-24 05:07:16.938 | INFO     | lightx2v.common.ops.attn.sage_attn:<module>:61 - sageattn3_sparse not found, please install sageattention sparse first
2026-07-24 05:07:16.940 | INFO     | lightx2v.common.ops.attn.sage_attn:<module>:61 - sageattn3_sparse not found, please install sageattention sparse first
2026-07-24 05:07:16.949 | INFO     | lightx2v.common.ops.attn.sage_attn:<module>:61 - sageattn3_sparse not found, please install sageattention sparse first
2026-07-24 05:07:16.949 | INFO     | lightx2v.common.ops.attn.sage_attn:<module>:61 - sageattn3_sparse not found, please install sageattention sparse first
2026-07-24 05:07:17.089 | INFO     | lightx2v.common.ops.attn.sparse_operator:<module>:14 - flash_attn.cute not found, please install flashattention4 first
2026-07-24 05:07:17.089 | INFO     | lightx2v.common.ops.attn.sparse_operator:<module>:14 - flash_attn.cute not found, please install flashattention4 first
2026-07-24 05:07:17.089 | INFO     | lightx2v.common.ops.attn.sparse_operator:<module>:14 - flash_attn.cute not found, please install flashattention4 first
2026-07-24 05:07:17.089 | INFO     | lightx2v.common.ops.attn.sparse_operator:<module>:20 - sageattn3_sparse not found, please install sageattn3_sparse first
2026-07-24 05:07:17.089 | INFO     | lightx2v.common.ops.attn.sparse_operator:<module>:20 - sageattn3_sparse not found, please install sageattn3_sparse first
2026-07-24 05:07:17.089 | INFO     | lightx2v.common.ops.attn.sparse_operator:<module>:14 - flash_attn.cute not found, please install flashattention4 first
2026-07-24 05:07:17.089 | INFO     | lightx2v.common.ops.attn.sparse_operator:<module>:20 - sageattn3_sparse not found, please install sageattn3_sparse first
2026-07-24 05:07:17.090 | INFO     | lightx2v.common.ops.attn.sparse_operator:<module>:20 - sageattn3_sparse not found, please install sageattn3_sparse first
2026-07-24 05:07:21.712 | INFO     | lightx2v.utils.set_config:auto_calc_config:62 - Loading some config from /tmp/baseline_req_2_vmdx4ozx/request_config.json
2026-07-24 05:07:21.715 | INFO     | lightx2v.utils.set_config:auto_calc_config:62 - Loading some config from /tmp/baseline_req_2_zgzjaqtq/request_config.json
2026-07-24 05:07:21.715 | INFO     | lightx2v.utils.set_config:auto_calc_config:62 - Loading some config from /tmp/baseline_req_2_653ull3n/request_config.json
2026-07-24 05:07:21.715 | INFO     | lightx2v.utils.set_config:auto_calc_config:62 - Loading some config from /tmp/baseline_req_2_7gnj2xpw/request_config.json
2026-07-24 05:07:21.715 | INFO     | lightx2v.utils.set_config:auto_calc_config:62 - Loading some config from /tmp/baseline_req_2_prqbfe5v/request_config.json
2026-07-24 05:07:21.715 | INFO     | lightx2v.utils.set_config:auto_calc_config:62 - Loading some config from /tmp/baseline_req_2_q7hca5iu/request_config.json
2026-07-24 05:07:21.715 | INFO     | lightx2v.utils.set_config:auto_calc_config:62 - Loading some config from /tmp/baseline_req_2_yr0t36w6/request_config.json
2026-07-24 05:07:21.715 | INFO     | lightx2v.utils.set_config:auto_calc_config:62 - Loading some config from /tmp/baseline_req_2_3v5tfeyj/request_config.json
2026-07-24 05:07:23.255 | INFO     | lightx2v.utils.set_config:print_config:373 - config:
{
    "do_mm_calib": false,
    "cpu_offload": true,
    "max_area": false,
    "vae_stride": [
        4,
        8,
        8
    ],
    "patch_size": [
        1,
        2,
        2
    ],
    "feature_caching": "NoCaching",
    "teacache_thresh": 0.26,
    "use_ret_steps": false,
    "use_bfloat16": true,
    "lora_configs": null,
    "use_prompt_enhancer": false,
    "parallel": {
        "seq_p_size": 8,
        "seq_p_attn_type": "ulysses"
    },
    "seq_parallel": true,
    "cfg_parallel": false,
    "enable_cfg": false,
    "use_image_encoder": false,
    "model_cls": "wan2.2_moe",
    "task": "i2v",
    "support_tasks": [],
    "model_path": "/data/fuhaiwen1/LightX2V/models/Wan-AI/Wan2.2-I2V-A14B",
    "config_json": "/tmp/baseline_req_2_q7hca5iu/request_config.json",
    "enable_bf16": false,
    "save_rendered": false,
    "render_depth": false,
    "_wm_cli_snapshot": {
        "subfolder": null,
        "disable_heads": null,
        "enable_bf16": false,
        "save_rendered": false,
        "render_interp_per_pair": null,
        "render_depth": false,
        "wm_config_path": null,
        "wm_ckpt_path": null
    },
    "infer_steps": 4,
    "in_dim": 36,
    "dim": 5120,
    "ffn_dim": 13824,
    "freq_dim": 256,
    "num_heads": 40,
    "num_layers": 40,
    "out_dim": 16,
    "eps": 1e-06,
    "model_type": "i2v",
    "target_video_length": 81,
    "text_len": 512,
    "target_height": 480,
    "target_width": 832,
    "self_attn_1_type": "sage_attn2",
    "cross_attn_1_type": "sage_attn2",
    "cross_attn_2_type": "sage_attn2",
    "sample_guide_scale": [
        3.5,
        3.5
    ],
    "sample_shift": 5.0,
    "offload_granularity": "block",
    "t5_cpu_offload": false,
    "vae_cpu_offload": false,
    "fps": 16,
    "boundary_step_index": 2,
    "denoising_step_list": [
        1000,
        750,
        500,
        250
    ],
    "dit_quantized": true,
    "dit_quant_scheme": "int8-q8f",
    "high_noise_quantized_ckpt": "/data/fuhaiwen1/LightX2V/models/lightx2v/Wan2.2-Distill-Models/wan2.2_i2v_A14b_high_noise_int8_lightx2v_4step.safetensors",
    "low_noise_quantized_ckpt": "/data/fuhaiwen1/LightX2V/models/lightx2v/Wan2.2-Distill-Models/wan2.2_i2v_A14b_low_noise_int8_lightx2v_4step.safetensors",
    "high_noise_original_ckpt": "/data/fuhaiwen1/LightX2V/models/lightx2v/Wan2.2-Distill-Models/wan2.2_i2v_A14b_high_noise_int8_lightx2v_4step.safetensors",
    "low_noise_original_ckpt": "/data/fuhaiwen1/LightX2V/models/lightx2v/Wan2.2-Distill-Models/wan2.2_i2v_A14b_low_noise_int8_lightx2v_4step.safetensors",
    "save_path": "/data/fuhaiwen1/LightX2V/save_results/baseline_benchmark_6.mp4",
    "prompt": "Summer beach vacation style, a white cat wearing sunglasses sits on a surfboard.",
    "negative_prompt": "镜头晃动，色调艳丽，过曝，静态",
    "image_path": "/data/fuhaiwen1/LightX2V/assets/inputs/imgs/img_0.jpg",
    "boundary": 0.9,
    "data_bootstrap_room": 2,
    "device_mesh": "DeviceMesh('cuda', [[0, 1, 2, 3, 4, 5, 6, 7]], mesh_dim_names=('cfg_p', 'seq_p'))",
    "tensor_parallel": false
}
2026-07-24 05:07:23.263 | DEBUG    | lightx2v.utils.utils:validate_config_paths:750 - ✓ Verified high_noise_original_ckpt: /data/fuhaiwen1/LightX2V/models/lightx2v/Wan2.2-Distill-Models/wan2.2_i2v_A14b_high_noise_int8_lightx2v_4step.safetensors
2026-07-24 05:07:23.264 | DEBUG    | lightx2v.utils.utils:validate_config_paths:754 - ✓ Verified high_noise_quantized_ckpt: /data/fuhaiwen1/LightX2V/models/lightx2v/Wan2.2-Distill-Models/wan2.2_i2v_A14b_high_noise_int8_lightx2v_4step.safetensors
2026-07-24 05:07:23.264 | DEBUG    | lightx2v.utils.utils:validate_config_paths:750 - ✓ Verified high_noise_original_ckpt: /data/fuhaiwen1/LightX2V/models/lightx2v/Wan2.2-Distill-Models/wan2.2_i2v_A14b_high_noise_int8_lightx2v_4step.safetensors
2026-07-24 05:07:23.264 | DEBUG    | lightx2v.utils.utils:validate_config_paths:750 - ✓ Verified high_noise_original_ckpt: /data/fuhaiwen1/LightX2V/models/lightx2v/Wan2.2-Distill-Models/wan2.2_i2v_A14b_high_noise_int8_lightx2v_4step.safetensors
2026-07-24 05:07:23.264 | DEBUG    | lightx2v.utils.utils:validate_config_paths:750 - ✓ Verified high_noise_original_ckpt: /data/fuhaiwen1/LightX2V/models/lightx2v/Wan2.2-Distill-Models/wan2.2_i2v_A14b_high_noise_int8_lightx2v_4step.safetensors
2026-07-24 05:07:23.264 | DEBUG    | lightx2v.utils.utils:validate_config_paths:754 - ✓ Verified high_noise_quantized_ckpt: /data/fuhaiwen1/LightX2V/models/lightx2v/Wan2.2-Distill-Models/wan2.2_i2v_A14b_high_noise_int8_lightx2v_4step.safetensors
2026-07-24 05:07:23.264 | DEBUG    | lightx2v.utils.utils:validate_config_paths:754 - ✓ Verified high_noise_quantized_ckpt: /data/fuhaiwen1/LightX2V/models/lightx2v/Wan2.2-Distill-Models/wan2.2_i2v_A14b_high_noise_int8_lightx2v_4step.safetensors
2026-07-24 05:07:23.264 | DEBUG    | lightx2v.utils.utils:validate_config_paths:750 - ✓ Verified high_noise_original_ckpt: /data/fuhaiwen1/LightX2V/models/lightx2v/Wan2.2-Distill-Models/wan2.2_i2v_A14b_high_noise_int8_lightx2v_4step.safetensors
2026-07-24 05:07:23.264 | DEBUG    | lightx2v.utils.utils:validate_config_paths:754 - ✓ Verified high_noise_quantized_ckpt: /data/fuhaiwen1/LightX2V/models/lightx2v/Wan2.2-Distill-Models/wan2.2_i2v_A14b_high_noise_int8_lightx2v_4step.safetensors
2026-07-24 05:07:23.264 | DEBUG    | lightx2v.utils.utils:validate_config_paths:750 - ✓ Verified high_noise_original_ckpt: /data/fuhaiwen1/LightX2V/models/lightx2v/Wan2.2-Distill-Models/wan2.2_i2v_A14b_high_noise_int8_lightx2v_4step.safetensors
2026-07-24 05:07:23.265 | DEBUG    | lightx2v.utils.utils:validate_config_paths:754 - ✓ Verified high_noise_quantized_ckpt: /data/fuhaiwen1/LightX2V/models/lightx2v/Wan2.2-Distill-Models/wan2.2_i2v_A14b_high_noise_int8_lightx2v_4step.safetensors
2026-07-24 05:07:23.265 | DEBUG    | lightx2v.utils.utils:validate_config_paths:750 - ✓ Verified high_noise_original_ckpt: /data/fuhaiwen1/LightX2V/models/lightx2v/Wan2.2-Distill-Models/wan2.2_i2v_A14b_high_noise_int8_lightx2v_4step.safetensors
2026-07-24 05:07:23.265 | DEBUG    | lightx2v.utils.utils:validate_config_paths:754 - ✓ Verified high_noise_quantized_ckpt: /data/fuhaiwen1/LightX2V/models/lightx2v/Wan2.2-Distill-Models/wan2.2_i2v_A14b_high_noise_int8_lightx2v_4step.safetensors
2026-07-24 05:07:23.265 | DEBUG    | lightx2v.utils.utils:validate_config_paths:759 - ✓ Verified low_noise_original_ckpt: /data/fuhaiwen1/LightX2V/models/lightx2v/Wan2.2-Distill-Models/wan2.2_i2v_A14b_low_noise_int8_lightx2v_4step.safetensors
2026-07-24 05:07:23.265 | DEBUG    | lightx2v.utils.utils:validate_config_paths:754 - ✓ Verified high_noise_quantized_ckpt: /data/fuhaiwen1/LightX2V/models/lightx2v/Wan2.2-Distill-Models/wan2.2_i2v_A14b_high_noise_int8_lightx2v_4step.safetensors
2026-07-24 05:07:23.265 | DEBUG    | lightx2v.utils.utils:validate_config_paths:759 - ✓ Verified low_noise_original_ckpt: /data/fuhaiwen1/LightX2V/models/lightx2v/Wan2.2-Distill-Models/wan2.2_i2v_A14b_low_noise_int8_lightx2v_4step.safetensors
2026-07-24 05:07:23.265 | DEBUG    | lightx2v.utils.utils:validate_config_paths:759 - ✓ Verified low_noise_original_ckpt: /data/fuhaiwen1/LightX2V/models/lightx2v/Wan2.2-Distill-Models/wan2.2_i2v_A14b_low_noise_int8_lightx2v_4step.safetensors
2026-07-24 05:07:23.265 | DEBUG    | lightx2v.utils.utils:validate_config_paths:759 - ✓ Verified low_noise_original_ckpt: /data/fuhaiwen1/LightX2V/models/lightx2v/Wan2.2-Distill-Models/wan2.2_i2v_A14b_low_noise_int8_lightx2v_4step.safetensors
2026-07-24 05:07:23.265 | DEBUG    | lightx2v.utils.utils:validate_config_paths:759 - ✓ Verified low_noise_original_ckpt: /data/fuhaiwen1/LightX2V/models/lightx2v/Wan2.2-Distill-Models/wan2.2_i2v_A14b_low_noise_int8_lightx2v_4step.safetensors
2026-07-24 05:07:23.265 | DEBUG    | lightx2v.utils.utils:validate_config_paths:759 - ✓ Verified low_noise_original_ckpt: /data/fuhaiwen1/LightX2V/models/lightx2v/Wan2.2-Distill-Models/wan2.2_i2v_A14b_low_noise_int8_lightx2v_4step.safetensors
2026-07-24 05:07:23.265 | DEBUG    | lightx2v.utils.utils:validate_config_paths:763 - ✓ Verified low_noise_quantized_ckpt: /data/fuhaiwen1/LightX2V/models/lightx2v/Wan2.2-Distill-Models/wan2.2_i2v_A14b_low_noise_int8_lightx2v_4step.safetensors
2026-07-24 05:07:23.266 | DEBUG    | lightx2v.utils.utils:validate_config_paths:759 - ✓ Verified low_noise_original_ckpt: /data/fuhaiwen1/LightX2V/models/lightx2v/Wan2.2-Distill-Models/wan2.2_i2v_A14b_low_noise_int8_lightx2v_4step.safetensors
2026-07-24 05:07:23.266 | DEBUG    | lightx2v.utils.utils:validate_config_paths:763 - ✓ Verified low_noise_quantized_ckpt: /data/fuhaiwen1/LightX2V/models/lightx2v/Wan2.2-Distill-Models/wan2.2_i2v_A14b_low_noise_int8_lightx2v_4step.safetensors
2026-07-24 05:07:23.266 | DEBUG    | lightx2v.utils.utils:validate_config_paths:763 - ✓ Verified low_noise_quantized_ckpt: /data/fuhaiwen1/LightX2V/models/lightx2v/Wan2.2-Distill-Models/wan2.2_i2v_A14b_low_noise_int8_lightx2v_4step.safetensors
2026-07-24 05:07:23.266 | DEBUG    | lightx2v.utils.utils:validate_config_paths:750 - ✓ Verified high_noise_original_ckpt: /data/fuhaiwen1/LightX2V/models/lightx2v/Wan2.2-Distill-Models/wan2.2_i2v_A14b_high_noise_int8_lightx2v_4step.safetensors
2026-07-24 05:07:23.266 | DEBUG    | lightx2v.utils.utils:validate_config_paths:763 - ✓ Verified low_noise_quantized_ckpt: /data/fuhaiwen1/LightX2V/models/lightx2v/Wan2.2-Distill-Models/wan2.2_i2v_A14b_low_noise_int8_lightx2v_4step.safetensors
2026-07-24 05:07:23.266 | DEBUG    | lightx2v.utils.utils:validate_config_paths:763 - ✓ Verified low_noise_quantized_ckpt: /data/fuhaiwen1/LightX2V/models/lightx2v/Wan2.2-Distill-Models/wan2.2_i2v_A14b_low_noise_int8_lightx2v_4step.safetensors
2026-07-24 05:07:23.266 | DEBUG    | lightx2v.utils.utils:validate_config_paths:763 - ✓ Verified low_noise_quantized_ckpt: /data/fuhaiwen1/LightX2V/models/lightx2v/Wan2.2-Distill-Models/wan2.2_i2v_A14b_low_noise_int8_lightx2v_4step.safetensors
2026-07-24 05:07:23.266 | INFO     | lightx2v.utils.utils:validate_config_paths:765 - ✓ Config checkpoint paths validated successfully
2026-07-24 05:07:23.266 | DEBUG    | lightx2v.utils.utils:validate_config_paths:763 - ✓ Verified low_noise_quantized_ckpt: /data/fuhaiwen1/LightX2V/models/lightx2v/Wan2.2-Distill-Models/wan2.2_i2v_A14b_low_noise_int8_lightx2v_4step.safetensors
2026-07-24 05:07:23.266 | INFO     | lightx2v.utils.utils:validate_config_paths:765 - ✓ Config checkpoint paths validated successfully
2026-07-24 05:07:23.266 | INFO     | lightx2v.utils.utils:validate_config_paths:765 - ✓ Config checkpoint paths validated successfully
2026-07-24 05:07:23.267 | DEBUG    | lightx2v.utils.utils:validate_config_paths:754 - ✓ Verified high_noise_quantized_ckpt: /data/fuhaiwen1/LightX2V/models/lightx2v/Wan2.2-Distill-Models/wan2.2_i2v_A14b_high_noise_int8_lightx2v_4step.safetensors
2026-07-24 05:07:23.267 | INFO     | lightx2v.utils.utils:validate_config_paths:765 - ✓ Config checkpoint paths validated successfully
2026-07-24 05:07:23.267 | INFO     | lightx2v.utils.utils:validate_config_paths:765 - ✓ Config checkpoint paths validated successfully
2026-07-24 05:07:23.267 | INFO     | lightx2v.utils.utils:validate_config_paths:765 - ✓ Config checkpoint paths validated successfully
2026-07-24 05:07:23.267 | INFO     | lightx2v.utils.utils:validate_config_paths:765 - ✓ Config checkpoint paths validated successfully
2026-07-24 05:07:23.267 | INFO     | lightx2v.models.runners.wan.wan_runner:init_scheduler:364 - Using WanScheduler
2026-07-24 05:07:23.267 | INFO     | lightx2v.models.runners.wan.wan_runner:init_scheduler:364 - Using WanScheduler
2026-07-24 05:07:23.267 | DEBUG    | lightx2v.utils.utils:validate_config_paths:759 - ✓ Verified low_noise_original_ckpt: /data/fuhaiwen1/LightX2V/models/lightx2v/Wan2.2-Distill-Models/wan2.2_i2v_A14b_low_noise_int8_lightx2v_4step.safetensors
2026-07-24 05:07:23.267 | INFO     | lightx2v.models.runners.wan.wan_runner:init_scheduler:364 - Using WanScheduler
2026-07-24 05:07:23.268 | INFO     | lightx2v.models.runners.wan.wan_runner:init_scheduler:364 - Using WanScheduler
2026-07-24 05:07:23.268 | INFO     | lightx2v.models.runners.default_runner:init_modules:111 - Initializing runner modules...
2026-07-24 05:07:23.268 | INFO     | lightx2v.models.runners.wan.wan_runner:init_scheduler:364 - Using WanScheduler
2026-07-24 05:07:23.268 | INFO     | lightx2v.utils.custom_compiler:_discover_compiled_methods:120 - [Compile] Discovering compiled methods for WanModel...
2026-07-24 05:07:23.268 | INFO     | lightx2v.models.runners.default_runner:init_modules:111 - Initializing runner modules...
2026-07-24 05:07:23.268 | INFO     | lightx2v.models.runners.wan.wan_runner:init_scheduler:364 - Using WanScheduler
2026-07-24 05:07:23.268 | INFO     | lightx2v.models.runners.wan.wan_runner:init_scheduler:364 - Using WanScheduler
2026-07-24 05:07:23.268 | INFO     | lightx2v.models.runners.default_runner:init_modules:111 - Initializing runner modules...
2026-07-24 05:07:23.268 | DEBUG    | lightx2v.utils.utils:validate_config_paths:763 - ✓ Verified low_noise_quantized_ckpt: /data/fuhaiwen1/LightX2V/models/lightx2v/Wan2.2-Distill-Models/wan2.2_i2v_A14b_low_noise_int8_lightx2v_4step.safetensors
2026-07-24 05:07:23.268 | INFO     | lightx2v.models.runners.default_runner:init_modules:111 - Initializing runner modules...
2026-07-24 05:07:23.268 | INFO     | lightx2v.models.runners.default_runner:init_modules:111 - Initializing runner modules...
2026-07-24 05:07:23.268 | INFO     | lightx2v.utils.custom_compiler:_discover_compiled_methods:125 - [Compile] Found compiled method: _infer_cond_uncond
2026-07-24 05:07:23.268 | INFO     | lightx2v.utils.custom_compiler:_discover_compiled_methods:120 - [Compile] Discovering compiled methods for WanModel...
2026-07-24 05:07:23.269 | INFO     | lightx2v.models.runners.default_runner:init_modules:111 - Initializing runner modules...
2026-07-24 05:07:23.269 | INFO     | lightx2v.models.runners.default_runner:init_modules:111 - Initializing runner modules...
2026-07-24 05:07:23.269 | INFO     | lightx2v.utils.custom_compiler:_discover_compiled_methods:120 - [Compile] Discovering compiled methods for WanModel...
2026-07-24 05:07:23.269 | INFO     | lightx2v.utils.utils:validate_config_paths:765 - ✓ Config checkpoint paths validated successfully
2026-07-24 05:07:23.269 | INFO     | lightx2v.utils.custom_compiler:_discover_compiled_methods:120 - [Compile] Discovering compiled methods for WanModel...
2026-07-24 05:07:23.269 | INFO     | lightx2v.utils.custom_compiler:_discover_compiled_methods:120 - [Compile] Discovering compiled methods for WanModel...
2026-07-24 05:07:23.269 | INFO     | lightx2v.utils.custom_compiler:_discover_compiled_methods:125 - [Compile] Found compiled method: _infer_cond_uncond
2026-07-24 05:07:23.269 | INFO     | lightx2v.utils.custom_compiler:_discover_compiled_methods:120 - [Compile] Discovering compiled methods for WanModel...
2026-07-24 05:07:23.269 | INFO     | lightx2v.utils.custom_compiler:_discover_compiled_methods:120 - [Compile] Discovering compiled methods for WanModel...
2026-07-24 05:07:23.269 | INFO     | lightx2v.utils.custom_compiler:_discover_compiled_methods:125 - [Compile] Found compiled method: _infer_cond_uncond
2026-07-24 05:07:23.269 | INFO     | lightx2v.utils.custom_compiler:_discover_compiled_methods:125 - [Compile] Found compiled method: _infer_cond_uncond
2026-07-24 05:07:23.270 | INFO     | lightx2v.models.runners.wan.wan_runner:init_scheduler:364 - Using WanScheduler
2026-07-24 05:07:23.270 | INFO     | lightx2v.utils.custom_compiler:_discover_compiled_methods:125 - [Compile] Found compiled method: _infer_cond_uncond
2026-07-24 05:07:23.270 | INFO     | lightx2v.utils.custom_compiler:_discover_compiled_methods:125 - [Compile] Found compiled method: _infer_cond_uncond
2026-07-24 05:07:23.270 | INFO     | lightx2v.utils.custom_compiler:_discover_compiled_methods:125 - [Compile] Found compiled method: _infer_cond_uncond
2026-07-24 05:07:23.270 | INFO     | lightx2v.models.runners.default_runner:init_modules:111 - Initializing runner modules...
2026-07-24 05:07:23.270 | INFO     | lightx2v.utils.custom_compiler:_discover_compiled_methods:120 - [Compile] Discovering compiled methods for WanModel...
2026-07-24 05:07:23.271 | INFO     | lightx2v.utils.custom_compiler:_discover_compiled_methods:125 - [Compile] Found compiled method: _infer_cond_uncond
2026-07-24 05:07:33.769 | INFO     | lightx2v.models.networks.base_model:_load_quant_ckpt:509 - Loading weights from /data/fuhaiwen1/LightX2V/models/lightx2v/Wan2.2-Distill-Models/wan2.2_i2v_A14b_high_noise_int8_lightx2v_4step.safetensors
2026-07-24 05:07:33.769 | INFO     | lightx2v.models.networks.base_model:_load_quant_ckpt:509 - Loading weights from /data/fuhaiwen1/LightX2V/models/lightx2v/Wan2.2-Distill-Models/wan2.2_i2v_A14b_high_noise_int8_lightx2v_4step.safetensors
2026-07-24 05:07:33.769 | INFO     | lightx2v.models.networks.base_model:_load_quant_ckpt:509 - Loading weights from /data/fuhaiwen1/LightX2V/models/lightx2v/Wan2.2-Distill-Models/wan2.2_i2v_A14b_high_noise_int8_lightx2v_4step.safetensors
2026-07-24 05:07:33.769 | INFO     | lightx2v.models.networks.base_model:_load_quant_ckpt:509 - Loading weights from /data/fuhaiwen1/LightX2V/models/lightx2v/Wan2.2-Distill-Models/wan2.2_i2v_A14b_high_noise_int8_lightx2v_4step.safetensors
2026-07-24 05:07:33.769 | INFO     | lightx2v.models.networks.base_model:_load_quant_ckpt:509 - Loading weights from /data/fuhaiwen1/LightX2V/models/lightx2v/Wan2.2-Distill-Models/wan2.2_i2v_A14b_high_noise_int8_lightx2v_4step.safetensors
2026-07-24 05:07:33.769 | INFO     | lightx2v.models.networks.base_model:_load_quant_ckpt:509 - Loading weights from /data/fuhaiwen1/LightX2V/models/lightx2v/Wan2.2-Distill-Models/wan2.2_i2v_A14b_high_noise_int8_lightx2v_4step.safetensors
2026-07-24 05:07:33.769 | INFO     | lightx2v.models.networks.base_model:_load_quant_ckpt:509 - Loading weights from /data/fuhaiwen1/LightX2V/models/lightx2v/Wan2.2-Distill-Models/wan2.2_i2v_A14b_high_noise_int8_lightx2v_4step.safetensors
2026-07-24 05:07:33.770 | INFO     | lightx2v.models.networks.base_model:_load_quant_ckpt:509 - Loading weights from /data/fuhaiwen1/LightX2V/models/lightx2v/Wan2.2-Distill-Models/wan2.2_i2v_A14b_high_noise_int8_lightx2v_4step.safetensors
2026-07-24 05:09:10.138 | INFO     | lightx2v.utils.custom_compiler:_discover_compiled_methods:120 - [Compile] Discovering compiled methods for WanModel...
2026-07-24 05:09:10.140 | INFO     | lightx2v.utils.custom_compiler:_discover_compiled_methods:125 - [Compile] Found compiled method: _infer_cond_uncond
2026-07-24 05:09:10.149 | INFO     | lightx2v.models.networks.base_model:_load_quant_ckpt:509 - Loading weights from /data/fuhaiwen1/LightX2V/models/lightx2v/Wan2.2-Distill-Models/wan2.2_i2v_A14b_low_noise_int8_lightx2v_4step.safetensors
2026-07-24 05:09:11.573 | INFO     | lightx2v.utils.custom_compiler:_discover_compiled_methods:120 - [Compile] Discovering compiled methods for WanModel...
2026-07-24 05:09:11.574 | INFO     | lightx2v.utils.custom_compiler:_discover_compiled_methods:125 - [Compile] Found compiled method: _infer_cond_uncond
2026-07-24 05:09:11.598 | INFO     | lightx2v.utils.custom_compiler:_discover_compiled_methods:120 - [Compile] Discovering compiled methods for WanModel...
2026-07-24 05:09:11.599 | INFO     | lightx2v.utils.custom_compiler:_discover_compiled_methods:125 - [Compile] Found compiled method: _infer_cond_uncond
2026-07-24 05:09:11.599 | INFO     | lightx2v.utils.custom_compiler:_discover_compiled_methods:120 - [Compile] Discovering compiled methods for WanModel...
2026-07-24 05:09:11.599 | INFO     | lightx2v.utils.custom_compiler:_discover_compiled_methods:125 - [Compile] Found compiled method: _infer_cond_uncond
2026-07-24 05:09:11.607 | INFO     | lightx2v.utils.custom_compiler:_discover_compiled_methods:120 - [Compile] Discovering compiled methods for WanModel...
2026-07-24 05:09:11.607 | INFO     | lightx2v.utils.custom_compiler:_discover_compiled_methods:120 - [Compile] Discovering compiled methods for WanModel...
2026-07-24 05:09:11.607 | INFO     | lightx2v.utils.custom_compiler:_discover_compiled_methods:125 - [Compile] Found compiled method: _infer_cond_uncond
2026-07-24 05:09:11.607 | INFO     | lightx2v.utils.custom_compiler:_discover_compiled_methods:125 - [Compile] Found compiled method: _infer_cond_uncond
2026-07-24 05:09:11.634 | INFO     | lightx2v.utils.custom_compiler:_discover_compiled_methods:120 - [Compile] Discovering compiled methods for WanModel...
2026-07-24 05:09:11.635 | INFO     | lightx2v.utils.custom_compiler:_discover_compiled_methods:125 - [Compile] Found compiled method: _infer_cond_uncond
2026-07-24 05:09:11.830 | INFO     | lightx2v.utils.custom_compiler:_discover_compiled_methods:120 - [Compile] Discovering compiled methods for WanModel...
2026-07-24 05:09:11.831 | INFO     | lightx2v.utils.custom_compiler:_discover_compiled_methods:125 - [Compile] Found compiled method: _infer_cond_uncond
2026-07-24 05:09:12.778 | INFO     | lightx2v.models.networks.base_model:_load_quant_ckpt:509 - Loading weights from /data/fuhaiwen1/LightX2V/models/lightx2v/Wan2.2-Distill-Models/wan2.2_i2v_A14b_low_noise_int8_lightx2v_4step.safetensors
2026-07-24 05:09:12.778 | INFO     | lightx2v.models.networks.base_model:_load_quant_ckpt:509 - Loading weights from /data/fuhaiwen1/LightX2V/models/lightx2v/Wan2.2-Distill-Models/wan2.2_i2v_A14b_low_noise_int8_lightx2v_4step.safetensors
2026-07-24 05:09:12.778 | INFO     | lightx2v.models.networks.base_model:_load_quant_ckpt:509 - Loading weights from /data/fuhaiwen1/LightX2V/models/lightx2v/Wan2.2-Distill-Models/wan2.2_i2v_A14b_low_noise_int8_lightx2v_4step.safetensors
2026-07-24 05:09:12.779 | INFO     | lightx2v.models.networks.base_model:_load_quant_ckpt:509 - Loading weights from /data/fuhaiwen1/LightX2V/models/lightx2v/Wan2.2-Distill-Models/wan2.2_i2v_A14b_low_noise_int8_lightx2v_4step.safetensors
2026-07-24 05:09:12.779 | INFO     | lightx2v.models.networks.base_model:_load_quant_ckpt:509 - Loading weights from /data/fuhaiwen1/LightX2V/models/lightx2v/Wan2.2-Distill-Models/wan2.2_i2v_A14b_low_noise_int8_lightx2v_4step.safetensors
2026-07-24 05:09:12.779 | INFO     | lightx2v.models.networks.base_model:_load_quant_ckpt:509 - Loading weights from /data/fuhaiwen1/LightX2V/models/lightx2v/Wan2.2-Distill-Models/wan2.2_i2v_A14b_low_noise_int8_lightx2v_4step.safetensors
2026-07-24 05:09:12.779 | INFO     | lightx2v.models.networks.base_model:_load_quant_ckpt:509 - Loading weights from /data/fuhaiwen1/LightX2V/models/lightx2v/Wan2.2-Distill-Models/wan2.2_i2v_A14b_low_noise_int8_lightx2v_4step.safetensors
2026-07-24 05:10:46.127 | INFO     | lightx2v.models.runners.wan.wan_runner:__init__:858 - boundary: 0.9, boundary_timestep: 900.0
2026-07-24 05:10:46.226 | INFO     | lightx2v.utils.utils:load_weights:516 - Loading weights from /data/fuhaiwen1/LightX2V/models/Wan-AI/Wan2.2-I2V-A14B/models_t5_umt5-xxl-enc-bf16.pth
2026-07-24 05:10:46.909 | INFO     | lightx2v.models.runners.wan.wan_runner:__init__:858 - boundary: 0.9, boundary_timestep: 900.0
2026-07-24 05:10:46.926 | INFO     | lightx2v.models.runners.wan.wan_runner:__init__:858 - boundary: 0.9, boundary_timestep: 900.0
2026-07-24 05:10:46.938 | INFO     | lightx2v.models.runners.wan.wan_runner:__init__:858 - boundary: 0.9, boundary_timestep: 900.0
2026-07-24 05:10:47.001 | INFO     | lightx2v.models.runners.wan.wan_runner:__init__:858 - boundary: 0.9, boundary_timestep: 900.0
2026-07-24 05:10:47.011 | INFO     | lightx2v.models.runners.wan.wan_runner:__init__:858 - boundary: 0.9, boundary_timestep: 900.0
2026-07-24 05:10:47.031 | INFO     | lightx2v.models.runners.wan.wan_runner:__init__:858 - boundary: 0.9, boundary_timestep: 900.0
2026-07-24 05:10:47.195 | INFO     | lightx2v.utils.utils:load_weights:516 - Loading weights from /data/fuhaiwen1/LightX2V/models/Wan-AI/Wan2.2-I2V-A14B/models_t5_umt5-xxl-enc-bf16.pth
2026-07-24 05:10:47.198 | INFO     | lightx2v.utils.utils:load_weights:516 - Loading weights from /data/fuhaiwen1/LightX2V/models/Wan-AI/Wan2.2-I2V-A14B/models_t5_umt5-xxl-enc-bf16.pth
2026-07-24 05:10:47.209 | INFO     | lightx2v.utils.utils:load_weights:516 - Loading weights from /data/fuhaiwen1/LightX2V/models/Wan-AI/Wan2.2-I2V-A14B/models_t5_umt5-xxl-enc-bf16.pth
2026-07-24 05:10:47.265 | INFO     | lightx2v.utils.utils:load_weights:516 - Loading weights from /data/fuhaiwen1/LightX2V/models/Wan-AI/Wan2.2-I2V-A14B/models_t5_umt5-xxl-enc-bf16.pth
2026-07-24 05:10:47.266 | INFO     | lightx2v.utils.utils:load_weights:516 - Loading weights from /data/fuhaiwen1/LightX2V/models/Wan-AI/Wan2.2-I2V-A14B/models_t5_umt5-xxl-enc-bf16.pth
2026-07-24 05:10:47.268 | INFO     | lightx2v.utils.utils:load_weights:516 - Loading weights from /data/fuhaiwen1/LightX2V/models/Wan-AI/Wan2.2-I2V-A14B/models_t5_umt5-xxl-enc-bf16.pth
2026-07-24 05:10:47.413 | INFO     | lightx2v.models.runners.wan.wan_runner:__init__:858 - boundary: 0.9, boundary_timestep: 900.0
2026-07-24 05:10:47.534 | INFO     | lightx2v.utils.utils:load_weights:516 - Loading weights from /data/fuhaiwen1/LightX2V/models/Wan-AI/Wan2.2-I2V-A14B/models_t5_umt5-xxl-enc-bf16.pth
2026-07-24 05:11:35.377 | INFO     | lightx2v.utils.utils:load_weights:516 - Loading weights from /data/fuhaiwen1/LightX2V/models/Wan-AI/Wan2.2-I2V-A14B/Wan2.1_VAE.pth
2026-07-24 05:11:37.242 | INFO     | lightx2v.utils.profiler:__exit__:87 - [Profile] Single GPU - Level2_Log Load models cost 253.973756 seconds
2026-07-24 05:11:37.243 | INFO     | lightx2v.utils.profiler:__exit__:87 - [Profile] Single GPU - Level2_Log Load models cost 253.974470 seconds
2026-07-24 05:11:37.293 | INFO     | lightx2v.models.runners.wan.wan_runner:run_vae_encoder:739 - ori latent: 90x68, adjust_latent: 90x68, grid: 2x4
2026-07-24 05:11:37.392 | INFO     | lightx2v.utils.utils:load_weights:516 - Loading weights from /data/fuhaiwen1/LightX2V/models/Wan-AI/Wan2.2-I2V-A14B/Wan2.1_VAE.pth
2026-07-24 05:11:37.557 | INFO     | lightx2v.utils.utils:load_weights:516 - Loading weights from /data/fuhaiwen1/LightX2V/models/Wan-AI/Wan2.2-I2V-A14B/Wan2.1_VAE.pth
2026-07-24 05:11:37.579 | INFO     | lightx2v.utils.utils:load_weights:516 - Loading weights from /data/fuhaiwen1/LightX2V/models/Wan-AI/Wan2.2-I2V-A14B/Wan2.1_VAE.pth
2026-07-24 05:11:37.702 | INFO     | lightx2v.utils.utils:load_weights:516 - Loading weights from /data/fuhaiwen1/LightX2V/models/Wan-AI/Wan2.2-I2V-A14B/Wan2.1_VAE.pth
2026-07-24 05:11:37.765 | INFO     | lightx2v.utils.utils:load_weights:516 - Loading weights from /data/fuhaiwen1/LightX2V/models/Wan-AI/Wan2.2-I2V-A14B/Wan2.1_VAE.pth
2026-07-24 05:11:39.217 | INFO     | lightx2v.utils.utils:load_weights:516 - Loading weights from /data/fuhaiwen1/LightX2V/models/Wan-AI/Wan2.2-I2V-A14B/Wan2.1_VAE.pth
2026-07-24 05:11:39.992 | INFO     | lightx2v.utils.utils:load_weights:516 - Loading weights from /data/fuhaiwen1/LightX2V/models/Wan-AI/Wan2.2-I2V-A14B/Wan2.1_VAE.pth
2026-07-24 05:11:40.404 | INFO     | lightx2v.utils.profiler:__exit__:87 - [Profile] Single GPU - Level2_Log Load models cost 257.135549 seconds
2026-07-24 05:11:40.409 | INFO     | lightx2v.utils.profiler:__exit__:87 - [Profile] Single GPU - Level2_Log Load models cost 257.140393 seconds
2026-07-24 05:11:40.585 | INFO     | lightx2v.models.runners.wan.wan_runner:run_vae_encoder:739 - ori latent: 90x68, adjust_latent: 90x68, grid: 2x4
2026-07-24 05:11:41.153 | INFO     | lightx2v.utils.profiler:__exit__:87 - [Profile] Single GPU - Level2_Log Load models cost 257.884453 seconds
2026-07-24 05:11:41.156 | INFO     | lightx2v.utils.profiler:__exit__:87 - [Profile] Single GPU - Level2_Log Load models cost 257.887147 seconds
2026-07-24 05:11:41.280 | INFO     | lightx2v.utils.profiler:__exit__:87 - [Profile] Single GPU - Level2_Log Load models cost 258.010731 seconds
2026-07-24 05:11:41.281 | INFO     | lightx2v.utils.profiler:__exit__:87 - [Profile] Single GPU - Level2_Log Load models cost 258.011724 seconds
2026-07-24 05:11:41.392 | INFO     | lightx2v.models.runners.wan.wan_runner:run_vae_encoder:739 - ori latent: 90x68, adjust_latent: 90x68, grid: 2x4
2026-07-24 05:11:41.512 | INFO     | lightx2v.models.runners.wan.wan_runner:run_vae_encoder:739 - ori latent: 90x68, adjust_latent: 90x68, grid: 2x4
2026-07-24 05:11:41.575 | INFO     | lightx2v.utils.profiler:__exit__:87 - [Profile] Single GPU - Level2_Log Load models cost 258.305411 seconds
2026-07-24 05:11:41.576 | INFO     | lightx2v.utils.profiler:__exit__:87 - [Profile] Single GPU - Level2_Log Load models cost 258.307229 seconds
2026-07-24 05:11:41.708 | INFO     | lightx2v.models.runners.wan.wan_runner:run_vae_encoder:739 - ori latent: 90x68, adjust_latent: 90x68, grid: 2x4
2026-07-24 05:11:41.891 | INFO     | lightx2v.utils.profiler:__exit__:87 - [Profile] Single GPU - Level2_Log Load models cost 258.621827 seconds
2026-07-24 05:11:41.892 | INFO     | lightx2v.utils.profiler:__exit__:87 - [Profile] Single GPU - Level2_Log Load models cost 258.622625 seconds
2026-07-24 05:11:42.040 | INFO     | lightx2v.models.runners.wan.wan_runner:run_vae_encoder:739 - ori latent: 90x68, adjust_latent: 90x68, grid: 2x4
2026-07-24 05:11:42.357 | INFO     | lightx2v.utils.profiler:__exit__:87 - [Profile] Single GPU - Level2_Log Load models cost 259.086252 seconds
2026-07-24 05:11:42.357 | INFO     | lightx2v.utils.profiler:__exit__:87 - [Profile] Single GPU - Level2_Log Load models cost 259.088572 seconds
2026-07-24 05:11:42.358 | INFO     | lightx2v.utils.profiler:__exit__:87 - [Profile] Single GPU - Level2_Log Load models cost 259.087744 seconds
2026-07-24 05:11:42.358 | INFO     | lightx2v.utils.profiler:__exit__:87 - [Profile] Single GPU - Level2_Log Load models cost 259.089316 seconds
2026-07-24 05:11:42.388 | INFO     | lightx2v.models.runners.wan.wan_runner:run_vae_encoder:739 - ori latent: 90x68, adjust_latent: 90x68, grid: 2x4
2026-07-24 05:11:42.398 | INFO     | lightx2v.models.runners.wan.wan_runner:run_vae_encoder:739 - ori latent: 90x68, adjust_latent: 90x68, grid: 2x4
2026-07-24 05:11:43.195 | INFO     | lightx2v.utils.profiler:__exit__:87 - [Profile] Single GPU - Level1_Log Run VAE Encoder cost 0.797813 seconds
2026-07-24 05:11:43.196 | INFO     | lightx2v.utils.profiler:__exit__:87 - [Profile] Single GPU - Level1_Log Run VAE Encoder cost 0.807869 seconds
2026-07-24 05:11:43.196 | INFO     | lightx2v.utils.profiler:__exit__:87 - [Profile] Single GPU - Level1_Log Run VAE Encoder cost 1.487893 seconds
2026-07-24 05:11:43.197 | INFO     | lightx2v.utils.profiler:__exit__:87 - [Profile] Single GPU - Level1_Log Run VAE Encoder cost 2.612334 seconds
2026-07-24 05:11:43.197 | INFO     | lightx2v.utils.profiler:__exit__:87 - [Profile] Single GPU - Level1_Log Run VAE Encoder cost 1.157246 seconds
2026-07-24 05:11:43.198 | INFO     | lightx2v.utils.profiler:__exit__:87 - [Profile] Single GPU - Level1_Log Run VAE Encoder cost 1.806294 seconds
2026-07-24 05:11:43.198 | INFO     | lightx2v.utils.profiler:__exit__:87 - [Profile] Single GPU - Level1_Log Run VAE Encoder cost 5.905448 seconds
2026-07-24 05:11:43.202 | INFO     | lightx2v.utils.profiler:__exit__:87 - [Profile] Single GPU - Level1_Log Run VAE Encoder cost 1.690016 seconds
2026-07-24 05:11:43.396 | INFO     | lightx2v.utils.profiler:__exit__:87 - [Profile] Single GPU - Level1_Log Run Text Encoder cost 0.196075 seconds
2026-07-24 05:11:43.396 | INFO     | lightx2v.utils.profiler:__exit__:87 - [Profile] Single GPU - Level2_Log Run Encoders cost 6.152846 seconds
2026-07-24 05:11:43.397 | INFO     | lightx2v.utils.profiler:__exit__:87 - [Profile] Single GPU - Level1_Log Run Text Encoder cost 0.199203 seconds
2026-07-24 05:11:43.397 | INFO     | lightx2v.models.runners.default_runner:run_main:450 - 🔄 start segment 1/1
2026-07-24 05:11:43.397 | INFO     | lightx2v.utils.profiler:__exit__:87 - [Profile] Single GPU - Level2_Log Run Encoders cost 2.987215 seconds
2026-07-24 05:11:43.399 | INFO     | lightx2v.models.runners.default_runner:run_main:450 - 🔄 start segment 1/1
2026-07-24 05:11:43.400 | INFO     | lightx2v.utils.profiler:__exit__:87 - [Profile] Single GPU - Level1_Log Run Text Encoder cost 0.200678 seconds
2026-07-24 05:11:43.401 | INFO     | lightx2v.models.runners.default_runner:run_segment:234 - ==> step_index: 1 / 4
2026-07-24 05:11:43.401 | INFO     | lightx2v.utils.profiler:__exit__:87 - [Profile] Single GPU - Level2_Log Run Encoders cost 2.244417 seconds
2026-07-24 05:11:43.401 | INFO     | lightx2v.utils.profiler:__exit__:87 - [Profile] Rank 0 - Level1_Log step_pre cost 0.000102 seconds
2026-07-24 05:11:43.402 | INFO     | lightx2v.models.runners.wan.wan_runner:get_current_model_index:914 - using - HIGH - noise model at step_index 1
2026-07-24 05:11:43.402 | INFO     | lightx2v.utils.profiler:__exit__:87 - [Profile] Single GPU - Level2_Log Switch models in infer_main costs cost 0.000437 seconds
2026-07-24 05:11:43.403 | INFO     | lightx2v.models.runners.default_runner:run_main:450 - 🔄 start segment 1/1
2026-07-24 05:11:43.404 | INFO     | lightx2v.utils.profiler:__exit__:87 - [Profile] Single GPU - Level1_Log Run Text Encoder cost 0.206493 seconds
2026-07-24 05:11:43.405 | INFO     | lightx2v.utils.profiler:__exit__:87 - [Profile] Single GPU - Level2_Log Run Encoders cost 1.827572 seconds
2026-07-24 05:11:43.406 | INFO     | lightx2v.models.runners.default_runner:run_main:450 - 🔄 start segment 1/1
2026-07-24 05:11:43.410 | INFO     | lightx2v.utils.profiler:__exit__:87 - [Profile] Single GPU - Level1_Log Run Text Encoder cost 0.205406 seconds
2026-07-24 05:11:43.411 | INFO     | lightx2v.utils.profiler:__exit__:87 - [Profile] Single GPU - Level2_Log Run Encoders cost 2.129172 seconds
2026-07-24 05:11:43.413 | INFO     | lightx2v.models.runners.default_runner:run_main:450 - 🔄 start segment 1/1
2026-07-24 05:11:43.441 | INFO     | lightx2v.utils.profiler:__exit__:87 - [Profile] Single GPU - Level1_Log Run Text Encoder cost 0.243742 seconds
2026-07-24 05:11:43.441 | INFO     | lightx2v.utils.profiler:__exit__:87 - [Profile] Single GPU - Level2_Log Run Encoders cost 1.082477 seconds
2026-07-24 05:11:43.442 | INFO     | lightx2v.models.runners.default_runner:run_main:450 - 🔄 start segment 1/1
2026-07-24 05:11:43.459 | INFO     | lightx2v.utils.profiler:__exit__:87 - [Profile] Single GPU - Level1_Log Run Text Encoder cost 0.262437 seconds
2026-07-24 05:11:43.460 | INFO     | lightx2v.utils.profiler:__exit__:87 - [Profile] Single GPU - Level2_Log Run Encoders cost 1.101081 seconds
2026-07-24 05:11:43.461 | INFO     | lightx2v.models.runners.default_runner:run_main:450 - 🔄 start segment 1/1
2026-07-24 05:11:43.462 | INFO     | lightx2v.utils.profiler:__exit__:87 - [Profile] Single GPU - Level1_Log Run Text Encoder cost 0.264166 seconds
2026-07-24 05:11:43.463 | INFO     | lightx2v.utils.profiler:__exit__:87 - [Profile] Single GPU - Level2_Log Run Encoders cost 1.570703 seconds
2026-07-24 05:11:43.464 | INFO     | lightx2v.models.runners.default_runner:run_main:450 - 🔄 start segment 1/1
2026-07-24 05:11:43.466 | INFO     | lightx2v.models.runners.default_runner:run_segment:234 - ==> step_index: 1 / 4
2026-07-24 05:11:43.466 | INFO     | lightx2v.utils.profiler:__exit__:87 - [Profile] Rank 1 - Level1_Log step_pre cost 0.000255 seconds
2026-07-24 05:11:43.467 | INFO     | lightx2v.models.runners.wan.wan_runner:get_current_model_index:914 - using - HIGH - noise model at step_index 1
2026-07-24 05:11:43.467 | INFO     | lightx2v.utils.profiler:__exit__:87 - [Profile] Single GPU - Level2_Log Switch models in infer_main costs cost 0.000642 seconds
2026-07-24 05:11:43.468 | INFO     | lightx2v.models.runners.default_runner:run_segment:234 - ==> step_index: 1 / 4
2026-07-24 05:11:43.468 | INFO     | lightx2v.models.runners.default_runner:run_segment:234 - ==> step_index: 1 / 4
2026-07-24 05:11:43.468 | INFO     | lightx2v.models.runners.default_runner:run_segment:234 - ==> step_index: 1 / 4
2026-07-24 05:11:43.468 | INFO     | lightx2v.models.runners.default_runner:run_segment:234 - ==> step_index: 1 / 4
2026-07-24 05:11:43.468 | INFO     | lightx2v.models.runners.default_runner:run_segment:234 - ==> step_index: 1 / 4
2026-07-24 05:11:43.469 | INFO     | lightx2v.utils.profiler:__exit__:87 - [Profile] Rank 3 - Level1_Log step_pre cost 0.000245 seconds
2026-07-24 05:11:43.468 | INFO     | lightx2v.models.runners.default_runner:run_segment:234 - ==> step_index: 1 / 4
2026-07-24 05:11:43.469 | INFO     | lightx2v.utils.profiler:__exit__:87 - [Profile] Rank 2 - Level1_Log step_pre cost 0.000216 seconds
2026-07-24 05:11:43.469 | INFO     | lightx2v.utils.profiler:__exit__:87 - [Profile] Rank 4 - Level1_Log step_pre cost 0.000260 seconds
2026-07-24 05:11:43.469 | INFO     | lightx2v.utils.profiler:__exit__:87 - [Profile] Rank 7 - Level1_Log step_pre cost 0.000131 seconds
2026-07-24 05:11:43.469 | INFO     | lightx2v.utils.profiler:__exit__:87 - [Profile] Rank 6 - Level1_Log step_pre cost 0.000129 seconds
2026-07-24 05:11:43.470 | INFO     | lightx2v.utils.profiler:__exit__:87 - [Profile] Rank 5 - Level1_Log step_pre cost 0.000128 seconds
2026-07-24 05:11:43.470 | INFO     | lightx2v.models.runners.wan.wan_runner:get_current_model_index:914 - using - HIGH - noise model at step_index 1
2026-07-24 05:11:43.470 | INFO     | lightx2v.models.runners.wan.wan_runner:get_current_model_index:914 - using - HIGH - noise model at step_index 1
2026-07-24 05:11:43.470 | INFO     | lightx2v.models.runners.wan.wan_runner:get_current_model_index:914 - using - HIGH - noise model at step_index 1
2026-07-24 05:11:43.470 | INFO     | lightx2v.models.runners.wan.wan_runner:get_current_model_index:914 - using - HIGH - noise model at step_index 1
2026-07-24 05:11:43.470 | INFO     | lightx2v.utils.profiler:__exit__:87 - [Profile] Single GPU - Level2_Log Switch models in infer_main costs cost 0.000834 seconds
2026-07-24 05:11:43.470 | INFO     | lightx2v.models.runners.wan.wan_runner:get_current_model_index:914 - using - HIGH - noise model at step_index 1
2026-07-24 05:11:43.470 | INFO     | lightx2v.models.runners.wan.wan_runner:get_current_model_index:914 - using - HIGH - noise model at step_index 1
2026-07-24 05:11:43.470 | INFO     | lightx2v.utils.profiler:__exit__:87 - [Profile] Single GPU - Level2_Log Switch models in infer_main costs cost 0.000678 seconds
2026-07-24 05:11:43.470 | INFO     | lightx2v.utils.profiler:__exit__:87 - [Profile] Single GPU - Level2_Log Switch models in infer_main costs cost 0.000536 seconds
2026-07-24 05:11:43.471 | INFO     | lightx2v.utils.profiler:__exit__:87 - [Profile] Single GPU - Level2_Log Switch models in infer_main costs cost 0.000806 seconds
2026-07-24 05:11:43.471 | INFO     | lightx2v.utils.profiler:__exit__:87 - [Profile] Single GPU - Level2_Log Switch models in infer_main costs cost 0.000750 seconds
2026-07-24 05:11:43.471 | INFO     | lightx2v.utils.profiler:__exit__:87 - [Profile] Single GPU - Level2_Log Switch models in infer_main costs cost 0.000749 seconds
Warning: Sage2++ NOT enabled
Warning: Sage2++ NOT enabled
Warning: Sage2++ NOT enabled
Warning: Sage2++ NOT enabled
Warning: Sage2++ NOT enabled
Warning: Sage2++ NOT enabled
Warning: Sage2++ NOT enabled
Warning: Sage2++ NOT enabled
2026-07-24 05:11:49.547 | INFO     | lightx2v.utils.profiler:__exit__:87 - [Profile] Rank 0 - Level1_Log 🚀 infer_main cost 6.145536 seconds
2026-07-24 05:11:49.548 | INFO     | lightx2v.utils.profiler:__exit__:87 - [Profile] Rank 4 - Level1_Log 🚀 infer_main cost 6.077950 seconds
2026-07-24 05:11:49.549 | INFO     | lightx2v.utils.profiler:__exit__:87 - [Profile] Rank 6 - Level1_Log 🚀 infer_main cost 6.078874 seconds
2026-07-24 05:11:49.551 | INFO     | lightx2v.utils.profiler:__exit__:87 - [Profile] Rank 0 - Level1_Log step_post cost 0.002086 seconds
2026-07-24 05:11:49.551 | INFO     | lightx2v.utils.profiler:__exit__:87 - [Profile] Rank 4 - Level1_Log step_post cost 0.001976 seconds
2026-07-24 05:11:49.551 | INFO     | lightx2v.utils.profiler:__exit__:87 - [Profile] Rank 6 - Level1_Log step_post cost 0.001555 seconds
2026-07-24 05:11:49.551 | INFO     | lightx2v.utils.profiler:__exit__:87 - [Profile] Rank 0 - Level1_Log Run Dit every step cost 6.150518 seconds
2026-07-24 05:11:49.551 | INFO     | lightx2v.utils.profiler:__exit__:87 - [Profile] Rank 4 - Level1_Log Run Dit every step cost 6.083190 seconds
2026-07-24 05:11:49.551 | INFO     | lightx2v.utils.profiler:__exit__:87 - [Profile] Rank 6 - Level1_Log Run Dit every step cost 6.083268 seconds
2026-07-24 05:11:49.552 | INFO     | lightx2v.models.runners.default_runner:run_segment:234 - ==> step_index: 2 / 4
2026-07-24 05:11:49.552 | INFO     | lightx2v.utils.profiler:__exit__:87 - [Profile] Rank 0 - Level1_Log step_pre cost 0.000119 seconds
2026-07-24 05:11:49.553 | INFO     | lightx2v.models.runners.wan.wan_runner:get_current_model_index:914 - using - HIGH - noise model at step_index 2
2026-07-24 05:11:49.553 | INFO     | lightx2v.utils.profiler:__exit__:87 - [Profile] Single GPU - Level2_Log Switch models in infer_main costs cost 0.000349 seconds
2026-07-24 05:11:49.558 | INFO     | lightx2v.utils.profiler:__exit__:87 - [Profile] Rank 1 - Level1_Log 🚀 infer_main cost 6.090871 seconds
2026-07-24 05:11:49.558 | INFO     | lightx2v.utils.profiler:__exit__:87 - [Profile] Rank 2 - Level1_Log 🚀 infer_main cost 6.088715 seconds
2026-07-24 05:11:49.560 | INFO     | lightx2v.utils.profiler:__exit__:87 - [Profile] Rank 2 - Level1_Log step_post cost 0.001582 seconds
2026-07-24 05:11:49.561 | INFO     | lightx2v.utils.profiler:__exit__:87 - [Profile] Rank 2 - Level1_Log Run Dit every step cost 6.092471 seconds
2026-07-24 05:11:49.561 | INFO     | lightx2v.utils.profiler:__exit__:87 - [Profile] Rank 1 - Level1_Log step_post cost 0.002197 seconds
2026-07-24 05:11:49.561 | INFO     | lightx2v.utils.profiler:__exit__:87 - [Profile] Rank 1 - Level1_Log Run Dit every step cost 6.095577 seconds
2026-07-24 05:11:49.562 | INFO     | lightx2v.models.runners.default_runner:run_segment:234 - ==> step_index: 2 / 4
2026-07-24 05:11:49.562 | INFO     | lightx2v.models.runners.default_runner:run_segment:234 - ==> step_index: 2 / 4
2026-07-24 05:11:49.562 | INFO     | lightx2v.utils.profiler:__exit__:87 - [Profile] Rank 2 - Level1_Log step_pre cost 0.000234 seconds
2026-07-24 05:11:49.562 | INFO     | lightx2v.utils.profiler:__exit__:87 - [Profile] Rank 1 - Level1_Log step_pre cost 0.000185 seconds
2026-07-24 05:11:49.563 | INFO     | lightx2v.models.runners.wan.wan_runner:get_current_model_index:914 - using - HIGH - noise model at step_index 2
2026-07-24 05:11:49.562 | INFO     | lightx2v.utils.profiler:__exit__:87 - [Profile] Rank 3 - Level1_Log 🚀 infer_main cost 6.092543 seconds
2026-07-24 05:11:49.563 | INFO     | lightx2v.utils.profiler:__exit__:87 - [Profile] Single GPU - Level2_Log Switch models in infer_main costs cost 0.000282 seconds
2026-07-24 05:11:49.563 | INFO     | lightx2v.models.runners.wan.wan_runner:get_current_model_index:914 - using - HIGH - noise model at step_index 2
2026-07-24 05:11:49.563 | INFO     | lightx2v.utils.profiler:__exit__:87 - [Profile] Single GPU - Level2_Log Switch models in infer_main costs cost 0.000481 seconds
2026-07-24 05:11:49.563 | INFO     | lightx2v.utils.profiler:__exit__:87 - [Profile] Rank 5 - Level1_Log 🚀 infer_main cost 6.093311 seconds
2026-07-24 05:11:49.564 | INFO     | lightx2v.utils.profiler:__exit__:87 - [Profile] Rank 3 - Level1_Log step_post cost 0.001456 seconds
2026-07-24 05:11:49.564 | INFO     | lightx2v.utils.profiler:__exit__:87 - [Profile] Rank 3 - Level1_Log Run Dit every step cost 6.096412 seconds
2026-07-24 05:11:49.565 | INFO     | lightx2v.models.runners.default_runner:run_segment:234 - ==> step_index: 2 / 4
2026-07-24 05:11:49.565 | INFO     | lightx2v.models.runners.default_runner:run_segment:234 - ==> step_index: 2 / 4
2026-07-24 05:11:49.565 | INFO     | lightx2v.utils.profiler:__exit__:87 - [Profile] Rank 5 - Level1_Log step_post cost 0.001403 seconds
2026-07-24 05:11:49.565 | INFO     | lightx2v.utils.profiler:__exit__:87 - [Profile] Rank 4 - Level1_Log step_pre cost 0.000165 seconds
2026-07-24 05:11:49.565 | INFO     | lightx2v.utils.profiler:__exit__:87 - [Profile] Rank 3 - Level1_Log step_pre cost 0.000156 seconds
2026-07-24 05:11:49.565 | INFO     | lightx2v.utils.profiler:__exit__:87 - [Profile] Rank 5 - Level1_Log Run Dit every step cost 6.097307 seconds
2026-07-24 05:11:49.565 | INFO     | lightx2v.utils.profiler:__exit__:87 - [Profile] Rank 7 - Level1_Log 🚀 infer_main cost 6.095476 seconds
2026-07-24 05:11:49.566 | INFO     | lightx2v.models.runners.wan.wan_runner:get_current_model_index:914 - using - HIGH - noise model at step_index 2
2026-07-24 05:11:49.566 | INFO     | lightx2v.models.runners.wan.wan_runner:get_current_model_index:914 - using - HIGH - noise model at step_index 2
2026-07-24 05:11:49.566 | INFO     | lightx2v.utils.profiler:__exit__:87 - [Profile] Single GPU - Level2_Log Switch models in infer_main costs cost 0.000257 seconds
2026-07-24 05:11:49.566 | INFO     | lightx2v.utils.profiler:__exit__:87 - [Profile] Single GPU - Level2_Log Switch models in infer_main costs cost 0.000351 seconds
2026-07-24 05:11:49.566 | INFO     | lightx2v.models.runners.default_runner:run_segment:234 - ==> step_index: 2 / 4
2026-07-24 05:11:49.566 | INFO     | lightx2v.models.runners.default_runner:run_segment:234 - ==> step_index: 2 / 4
2026-07-24 05:11:49.567 | INFO     | lightx2v.utils.profiler:__exit__:87 - [Profile] Rank 6 - Level1_Log step_pre cost 0.000137 seconds
2026-07-24 05:11:49.567 | INFO     | lightx2v.utils.profiler:__exit__:87 - [Profile] Rank 5 - Level1_Log step_pre cost 0.000238 seconds
2026-07-24 05:11:49.567 | INFO     | lightx2v.models.runners.wan.wan_runner:get_current_model_index:914 - using - HIGH - noise model at step_index 2
2026-07-24 05:11:49.567 | INFO     | lightx2v.utils.profiler:__exit__:87 - [Profile] Single GPU - Level2_Log Switch models in infer_main costs cost 0.000285 seconds
2026-07-24 05:11:49.567 | INFO     | lightx2v.models.runners.wan.wan_runner:get_current_model_index:914 - using - HIGH - noise model at step_index 2
2026-07-24 05:11:49.567 | INFO     | lightx2v.utils.profiler:__exit__:87 - [Profile] Single GPU - Level2_Log Switch models in infer_main costs cost 0.000296 seconds
2026-07-24 05:11:49.568 | INFO     | lightx2v.utils.profiler:__exit__:87 - [Profile] Rank 7 - Level1_Log step_post cost 0.001583 seconds
2026-07-24 05:11:49.568 | INFO     | lightx2v.utils.profiler:__exit__:87 - [Profile] Rank 7 - Level1_Log Run Dit every step cost 6.099669 seconds
2026-07-24 05:11:49.568 | INFO     | lightx2v.models.runners.default_runner:run_segment:234 - ==> step_index: 2 / 4
2026-07-24 05:11:49.569 | INFO     | lightx2v.utils.profiler:__exit__:87 - [Profile] Rank 7 - Level1_Log step_pre cost 0.000166 seconds
2026-07-24 05:11:49.569 | INFO     | lightx2v.models.runners.wan.wan_runner:get_current_model_index:914 - using - HIGH - noise model at step_index 2
2026-07-24 05:11:49.569 | INFO     | lightx2v.utils.profiler:__exit__:87 - [Profile] Single GPU - Level2_Log Switch models in infer_main costs cost 0.000269 seconds
2026-07-24 05:11:53.441 | INFO     | lightx2v.utils.profiler:__exit__:87 - [Profile] Rank 0 - Level1_Log 🚀 infer_main cost 3.889045 seconds
2026-07-24 05:11:53.443 | INFO     | lightx2v.utils.profiler:__exit__:87 - [Profile] Rank 4 - Level1_Log 🚀 infer_main cost 3.877009 seconds
2026-07-24 05:11:53.443 | INFO     | lightx2v.utils.profiler:__exit__:87 - [Profile] Rank 6 - Level1_Log 🚀 infer_main cost 3.876672 seconds
2026-07-24 05:11:53.450 | INFO     | lightx2v.utils.profiler:__exit__:87 - [Profile] Rank 1 - Level1_Log 🚀 infer_main cost 3.887437 seconds
2026-07-24 05:11:53.453 | INFO     | lightx2v.utils.profiler:__exit__:87 - [Profile] Rank 3 - Level1_Log 🚀 infer_main cost 3.886972 seconds
2026-07-24 05:11:53.452 | INFO     | lightx2v.utils.profiler:__exit__:87 - [Profile] Rank 2 - Level1_Log 🚀 infer_main cost 3.889472 seconds
2026-07-24 05:11:53.454 | INFO     | lightx2v.utils.profiler:__exit__:87 - [Profile] Rank 4 - Level1_Log step_post cost 0.002262 seconds
2026-07-24 05:11:53.454 | INFO     | lightx2v.utils.profiler:__exit__:87 - [Profile] Rank 0 - Level1_Log step_post cost 0.002661 seconds
2026-07-24 05:11:53.454 | INFO     | lightx2v.utils.profiler:__exit__:87 - [Profile] Rank 4 - Level1_Log Run Dit every step cost 3.902484 seconds
2026-07-24 05:11:53.454 | INFO     | lightx2v.utils.profiler:__exit__:87 - [Profile] Rank 0 - Level1_Log Run Dit every step cost 3.902770 seconds
2026-07-24 05:11:53.455 | INFO     | lightx2v.utils.profiler:__exit__:87 - [Profile] Rank 6 - Level1_Log step_post cost 0.002573 seconds
2026-07-24 05:11:53.455 | INFO     | lightx2v.utils.profiler:__exit__:87 - [Profile] Rank 3 - Level1_Log step_post cost 0.001784 seconds
2026-07-24 05:11:53.455 | INFO     | lightx2v.utils.profiler:__exit__:87 - [Profile] Rank 6 - Level1_Log Run Dit every step cost 3.903221 seconds
2026-07-24 05:11:53.455 | INFO     | lightx2v.utils.profiler:__exit__:87 - [Profile] Rank 3 - Level1_Log Run Dit every step cost 3.890334 seconds
2026-07-24 05:11:53.455 | INFO     | lightx2v.utils.profiler:__exit__:87 - [Profile] Rank 1 - Level1_Log step_post cost 0.002963 seconds
2026-07-24 05:11:53.455 | INFO     | lightx2v.models.runners.default_runner:run_segment:234 - ==> step_index: 3 / 4
2026-07-24 05:11:53.455 | INFO     | lightx2v.utils.profiler:__exit__:87 - [Profile] Rank 1 - Level1_Log Run Dit every step cost 3.894017 seconds
2026-07-24 05:11:53.456 | INFO     | lightx2v.utils.profiler:__exit__:87 - [Profile] Rank 0 - Level1_Log step_pre cost 0.000193 seconds
2026-07-24 05:11:53.456 | INFO     | lightx2v.models.runners.wan.wan_runner:get_current_model_index:924 - using - LOW - noise model at step_index 3
2026-07-24 05:11:53.456 | INFO     | lightx2v.models.runners.default_runner:run_segment:234 - ==> step_index: 3 / 4
2026-07-24 05:11:53.456 | INFO     | lightx2v.utils.profiler:__exit__:87 - [Profile] Single GPU - Level2_Log Switch models in infer_main costs cost 0.000431 seconds
2026-07-24 05:11:53.457 | INFO     | lightx2v.utils.profiler:__exit__:87 - [Profile] Rank 1 - Level1_Log step_pre cost 0.000275 seconds
2026-07-24 05:11:53.457 | INFO     | lightx2v.utils.profiler:__exit__:87 - [Profile] Rank 2 - Level1_Log step_post cost 0.003708 seconds
2026-07-24 05:11:53.457 | INFO     | lightx2v.utils.profiler:__exit__:87 - [Profile] Rank 2 - Level1_Log Run Dit every step cost 3.896350 seconds
2026-07-24 05:11:53.457 | INFO     | lightx2v.models.runners.wan.wan_runner:get_current_model_index:924 - using - LOW - noise model at step_index 3
2026-07-24 05:11:53.458 | INFO     | lightx2v.utils.profiler:__exit__:87 - [Profile] Single GPU - Level2_Log Switch models in infer_main costs cost 0.000597 seconds
2026-07-24 05:11:53.458 | INFO     | lightx2v.models.runners.default_runner:run_segment:234 - ==> step_index: 3 / 4
2026-07-24 05:11:53.458 | INFO     | lightx2v.models.runners.default_runner:run_segment:234 - ==> step_index: 3 / 4
2026-07-24 05:11:53.458 | INFO     | lightx2v.models.runners.default_runner:run_segment:234 - ==> step_index: 3 / 4
2026-07-24 05:11:53.458 | INFO     | lightx2v.utils.profiler:__exit__:87 - [Profile] Rank 3 - Level1_Log step_pre cost 0.000111 seconds
2026-07-24 05:11:53.458 | INFO     | lightx2v.utils.profiler:__exit__:87 - [Profile] Rank 4 - Level1_Log step_pre cost 0.000179 seconds
2026-07-24 05:11:53.459 | INFO     | lightx2v.utils.profiler:__exit__:87 - [Profile] Rank 2 - Level1_Log step_pre cost 0.000274 seconds
2026-07-24 05:11:53.458 | INFO     | lightx2v.utils.profiler:__exit__:87 - [Profile] Rank 5 - Level1_Log 🚀 infer_main cost 3.891365 seconds
2026-07-24 05:11:53.459 | INFO     | lightx2v.models.runners.wan.wan_runner:get_current_model_index:924 - using - LOW - noise model at step_index 3
2026-07-24 05:11:53.458 | INFO     | lightx2v.utils.profiler:__exit__:87 - [Profile] Rank 7 - Level1_Log 🚀 infer_main cost 3.889314 seconds
2026-07-24 05:11:53.459 | INFO     | lightx2v.models.runners.wan.wan_runner:get_current_model_index:924 - using - LOW - noise model at step_index 3
2026-07-24 05:11:53.459 | INFO     | lightx2v.utils.profiler:__exit__:87 - [Profile] Single GPU - Level2_Log Switch models in infer_main costs cost 0.000518 seconds
2026-07-24 05:11:53.459 | INFO     | lightx2v.models.runners.wan.wan_runner:get_current_model_index:924 - using - LOW - noise model at step_index 3
2026-07-24 05:11:53.459 | INFO     | lightx2v.utils.profiler:__exit__:87 - [Profile] Single GPU - Level2_Log Switch models in infer_main costs cost 0.000549 seconds
2026-07-24 05:11:53.459 | INFO     | lightx2v.utils.profiler:__exit__:87 - [Profile] Single GPU - Level2_Log Switch models in infer_main costs cost 0.000576 seconds
2026-07-24 05:11:53.461 | INFO     | lightx2v.utils.profiler:__exit__:87 - [Profile] Rank 5 - Level1_Log step_post cost 0.001623 seconds
2026-07-24 05:11:53.461 | INFO     | lightx2v.utils.profiler:__exit__:87 - [Profile] Rank 5 - Level1_Log Run Dit every step cost 3.894907 seconds
2026-07-24 05:11:53.461 | INFO     | lightx2v.models.runners.default_runner:run_segment:234 - ==> step_index: 3 / 4
2026-07-24 05:11:53.461 | INFO     | lightx2v.models.runners.default_runner:run_segment:234 - ==> step_index: 3 / 4
2026-07-24 05:11:53.461 | INFO     | lightx2v.utils.profiler:__exit__:87 - [Profile] Rank 6 - Level1_Log step_pre cost 0.000123 seconds
2026-07-24 05:11:53.462 | INFO     | lightx2v.utils.profiler:__exit__:87 - [Profile] Rank 5 - Level1_Log step_pre cost 0.000111 seconds
2026-07-24 05:11:53.462 | INFO     | lightx2v.models.runners.wan.wan_runner:get_current_model_index:924 - using - LOW - noise model at step_index 3
2026-07-24 05:11:53.462 | INFO     | lightx2v.models.runners.wan.wan_runner:get_current_model_index:924 - using - LOW - noise model at step_index 3
2026-07-24 05:11:53.462 | INFO     | lightx2v.utils.profiler:__exit__:87 - [Profile] Single GPU - Level2_Log Switch models in infer_main costs cost 0.000215 seconds
2026-07-24 05:11:53.462 | INFO     | lightx2v.utils.profiler:__exit__:87 - [Profile] Single GPU - Level2_Log Switch models in infer_main costs cost 0.000269 seconds
2026-07-24 05:11:53.462 | INFO     | lightx2v.utils.profiler:__exit__:87 - [Profile] Rank 7 - Level1_Log step_post cost 0.002838 seconds
2026-07-24 05:11:53.462 | INFO     | lightx2v.utils.profiler:__exit__:87 - [Profile] Rank 7 - Level1_Log Run Dit every step cost 3.894370 seconds
2026-07-24 05:11:53.463 | INFO     | lightx2v.models.runners.default_runner:run_segment:234 - ==> step_index: 3 / 4
2026-07-24 05:11:53.463 | INFO     | lightx2v.utils.profiler:__exit__:87 - [Profile] Rank 7 - Level1_Log step_pre cost 0.000190 seconds
2026-07-24 05:11:53.464 | INFO     | lightx2v.models.runners.wan.wan_runner:get_current_model_index:924 - using - LOW - noise model at step_index 3
2026-07-24 05:11:53.464 | INFO     | lightx2v.utils.profiler:__exit__:87 - [Profile] Single GPU - Level2_Log Switch models in infer_main costs cost 0.000314 seconds
2026-07-24 05:11:57.530 | INFO     | lightx2v.utils.profiler:__exit__:87 - [Profile] Rank 0 - Level1_Log 🚀 infer_main cost 4.074117 seconds
2026-07-24 05:11:57.532 | INFO     | lightx2v.utils.profiler:__exit__:87 - [Profile] Rank 6 - Level1_Log 🚀 infer_main cost 4.070677 seconds
2026-07-24 05:11:57.534 | INFO     | lightx2v.utils.profiler:__exit__:87 - [Profile] Rank 5 - Level1_Log 🚀 infer_main cost 4.072205 seconds
2026-07-24 05:11:57.535 | INFO     | lightx2v.utils.profiler:__exit__:87 - [Profile] Rank 7 - Level1_Log 🚀 infer_main cost 4.071282 seconds
2026-07-24 05:11:57.536 | INFO     | lightx2v.utils.profiler:__exit__:87 - [Profile] Rank 4 - Level1_Log 🚀 infer_main cost 4.077593 seconds
2026-07-24 05:11:57.542 | INFO     | lightx2v.utils.profiler:__exit__:87 - [Profile] Rank 3 - Level1_Log 🚀 infer_main cost 4.084016 seconds
2026-07-24 05:11:57.548 | INFO     | lightx2v.utils.profiler:__exit__:87 - [Profile] Rank 1 - Level1_Log 🚀 infer_main cost 4.091346 seconds
2026-07-24 05:11:57.551 | INFO     | lightx2v.utils.profiler:__exit__:87 - [Profile] Rank 2 - Level1_Log 🚀 infer_main cost 4.091898 seconds
2026-07-24 05:11:57.599 | INFO     | lightx2v.utils.profiler:__exit__:87 - [Profile] Rank 0 - Level1_Log step_post cost 0.068125 seconds
2026-07-24 05:11:57.600 | INFO     | lightx2v.utils.profiler:__exit__:87 - [Profile] Rank 0 - Level1_Log Run Dit every step cost 4.145020 seconds
2026-07-24 05:11:57.600 | INFO     | lightx2v.models.runners.default_runner:run_segment:234 - ==> step_index: 4 / 4
2026-07-24 05:11:57.601 | INFO     | lightx2v.utils.profiler:__exit__:87 - [Profile] Rank 0 - Level1_Log step_pre cost 0.000182 seconds
2026-07-24 05:11:57.601 | INFO     | lightx2v.models.runners.wan.wan_runner:get_current_model_index:924 - using - LOW - noise model at step_index 4
2026-07-24 05:11:57.601 | INFO     | lightx2v.utils.profiler:__exit__:87 - [Profile] Single GPU - Level2_Log Switch models in infer_main costs cost 0.000322 seconds
2026-07-24 05:11:57.602 | INFO     | lightx2v.utils.profiler:__exit__:87 - [Profile] Rank 5 - Level1_Log step_post cost 0.067891 seconds
2026-07-24 05:11:57.603 | INFO     | lightx2v.utils.profiler:__exit__:87 - [Profile] Rank 5 - Level1_Log Run Dit every step cost 4.141880 seconds
2026-07-24 05:11:57.641 | INFO     | lightx2v.utils.profiler:__exit__:87 - [Profile] Rank 3 - Level1_Log step_post cost 0.098197 seconds
2026-07-24 05:11:57.642 | INFO     | lightx2v.utils.profiler:__exit__:87 - [Profile] Rank 3 - Level1_Log Run Dit every step cost 4.186467 seconds
2026-07-24 05:11:57.646 | INFO     | lightx2v.utils.profiler:__exit__:87 - [Profile] Rank 6 - Level1_Log step_post cost 0.112692 seconds
2026-07-24 05:11:57.646 | INFO     | lightx2v.utils.profiler:__exit__:87 - [Profile] Rank 6 - Level1_Log Run Dit every step cost 4.190930 seconds
2026-07-24 05:11:57.647 | INFO     | lightx2v.utils.profiler:__exit__:87 - [Profile] Rank 7 - Level1_Log step_post cost 0.111723 seconds
2026-07-24 05:11:57.648 | INFO     | lightx2v.utils.profiler:__exit__:87 - [Profile] Rank 7 - Level1_Log Run Dit every step cost 4.185220 seconds
2026-07-24 05:11:57.657 | INFO     | lightx2v.utils.profiler:__exit__:87 - [Profile] Rank 4 - Level1_Log step_post cost 0.120488 seconds
2026-07-24 05:11:57.658 | INFO     | lightx2v.utils.profiler:__exit__:87 - [Profile] Rank 4 - Level1_Log Run Dit every step cost 4.203325 seconds
2026-07-24 05:11:57.658 | INFO     | lightx2v.utils.profiler:__exit__:87 - [Profile] Rank 2 - Level1_Log step_post cost 0.106632 seconds
2026-07-24 05:11:57.658 | INFO     | lightx2v.utils.profiler:__exit__:87 - [Profile] Rank 2 - Level1_Log Run Dit every step cost 4.200827 seconds
2026-07-24 05:11:57.675 | INFO     | lightx2v.utils.profiler:__exit__:87 - [Profile] Rank 1 - Level1_Log step_post cost 0.125498 seconds
2026-07-24 05:11:57.676 | INFO     | lightx2v.utils.profiler:__exit__:87 - [Profile] Rank 1 - Level1_Log Run Dit every step cost 4.220027 seconds
2026-07-24 05:11:57.677 | INFO     | lightx2v.models.runners.default_runner:run_segment:234 - ==> step_index: 4 / 4
2026-07-24 05:11:57.677 | INFO     | lightx2v.models.runners.default_runner:run_segment:234 - ==> step_index: 4 / 4
2026-07-24 05:11:57.677 | INFO     | lightx2v.models.runners.default_runner:run_segment:234 - ==> step_index: 4 / 4
2026-07-24 05:11:57.677 | INFO     | lightx2v.models.runners.default_runner:run_segment:234 - ==> step_index: 4 / 4
2026-07-24 05:11:57.677 | INFO     | lightx2v.models.runners.default_runner:run_segment:234 - ==> step_index: 4 / 4
2026-07-24 05:11:57.677 | INFO     | lightx2v.models.runners.default_runner:run_segment:234 - ==> step_index: 4 / 4
2026-07-24 05:11:57.677 | INFO     | lightx2v.models.runners.default_runner:run_segment:234 - ==> step_index: 4 / 4
2026-07-24 05:11:57.677 | INFO     | lightx2v.utils.profiler:__exit__:87 - [Profile] Rank 3 - Level1_Log step_pre cost 0.000115 seconds
2026-07-24 05:11:57.677 | INFO     | lightx2v.utils.profiler:__exit__:87 - [Profile] Rank 5 - Level1_Log step_pre cost 0.000123 seconds
2026-07-24 05:11:57.677 | INFO     | lightx2v.utils.profiler:__exit__:87 - [Profile] Rank 4 - Level1_Log step_pre cost 0.000152 seconds
2026-07-24 05:11:57.677 | INFO     | lightx2v.utils.profiler:__exit__:87 - [Profile] Rank 7 - Level1_Log step_pre cost 0.000242 seconds
2026-07-24 05:11:57.678 | INFO     | lightx2v.utils.profiler:__exit__:87 - [Profile] Rank 6 - Level1_Log step_pre cost 0.000238 seconds
2026-07-24 05:11:57.678 | INFO     | lightx2v.models.runners.wan.wan_runner:get_current_model_index:924 - using - LOW - noise model at step_index 4
2026-07-24 05:11:57.678 | INFO     | lightx2v.utils.profiler:__exit__:87 - [Profile] Rank 2 - Level1_Log step_pre cost 0.000470 seconds
2026-07-24 05:11:57.679 | INFO     | lightx2v.models.runners.wan.wan_runner:get_current_model_index:924 - using - LOW - noise model at step_index 4
2026-07-24 05:11:57.678 | INFO     | lightx2v.models.runners.wan.wan_runner:get_current_model_index:924 - using - LOW - noise model at step_index 4
2026-07-24 05:11:57.678 | INFO     | lightx2v.models.runners.wan.wan_runner:get_current_model_index:924 - using - LOW - noise model at step_index 4
2026-07-24 05:11:57.679 | INFO     | lightx2v.models.runners.wan.wan_runner:get_current_model_index:924 - using - LOW - noise model at step_index 4
2026-07-24 05:11:57.678 | INFO     | lightx2v.utils.profiler:__exit__:87 - [Profile] Rank 1 - Level1_Log step_pre cost 0.000520 seconds
2026-07-24 05:11:57.679 | INFO     | lightx2v.utils.profiler:__exit__:87 - [Profile] Single GPU - Level2_Log Switch models in infer_main costs cost 0.000597 seconds
2026-07-24 05:11:57.679 | INFO     | lightx2v.utils.profiler:__exit__:87 - [Profile] Single GPU - Level2_Log Switch models in infer_main costs cost 0.000326 seconds
2026-07-24 05:11:57.679 | INFO     | lightx2v.utils.profiler:__exit__:87 - [Profile] Single GPU - Level2_Log Switch models in infer_main costs cost 0.000776 seconds
2026-07-24 05:11:57.679 | INFO     | lightx2v.utils.profiler:__exit__:87 - [Profile] Single GPU - Level2_Log Switch models in infer_main costs cost 0.000817 seconds
2026-07-24 05:11:57.679 | INFO     | lightx2v.utils.profiler:__exit__:87 - [Profile] Single GPU - Level2_Log Switch models in infer_main costs cost 0.000752 seconds
2026-07-24 05:11:57.679 | INFO     | lightx2v.models.runners.wan.wan_runner:get_current_model_index:924 - using - LOW - noise model at step_index 4
2026-07-24 05:11:57.680 | INFO     | lightx2v.models.runners.wan.wan_runner:get_current_model_index:924 - using - LOW - noise model at step_index 4
2026-07-24 05:11:57.680 | INFO     | lightx2v.utils.profiler:__exit__:87 - [Profile] Single GPU - Level2_Log Switch models in infer_main costs cost 0.001237 seconds
2026-07-24 05:11:57.680 | INFO     | lightx2v.utils.profiler:__exit__:87 - [Profile] Single GPU - Level2_Log Switch models in infer_main costs cost 0.000821 seconds
2026-07-24 05:12:01.609 | INFO     | lightx2v.utils.profiler:__exit__:87 - [Profile] Rank 0 - Level1_Log 🚀 infer_main cost 4.007540 seconds
2026-07-24 05:12:01.609 | INFO     | lightx2v.utils.profiler:__exit__:87 - [Profile] Rank 6 - Level1_Log 🚀 infer_main cost 3.930404 seconds
2026-07-24 05:12:01.612 | INFO     | lightx2v.utils.profiler:__exit__:87 - [Profile] Rank 0 - Level1_Log step_post cost 0.001724 seconds
2026-07-24 05:12:01.612 | INFO     | lightx2v.utils.profiler:__exit__:87 - [Profile] Rank 0 - Level1_Log Run Dit every step cost 4.012267 seconds
2026-07-24 05:12:01.613 | INFO     | lightx2v.utils.profiler:__exit__:87 - [Profile] Rank 5 - Level1_Log 🚀 infer_main cost 3.934724 seconds
2026-07-24 05:12:01.613 | INFO     | lightx2v.utils.profiler:__exit__:87 - [Profile] Rank 6 - Level1_Log step_post cost 0.003029 seconds
2026-07-24 05:12:01.614 | INFO     | lightx2v.utils.profiler:__exit__:87 - [Profile] Rank 6 - Level1_Log Run Dit every step cost 3.967280 seconds
2026-07-24 05:12:01.615 | INFO     | lightx2v.utils.profiler:__exit__:87 - [Profile] Rank 4 - Level1_Log 🚀 infer_main cost 3.936301 seconds
2026-07-24 05:12:01.615 | INFO     | lightx2v.utils.profiler:__exit__:87 - [Profile] Rank 5 - Level1_Log step_post cost 0.001432 seconds
2026-07-24 05:12:01.614 | INFO     | lightx2v.utils.profiler:__exit__:87 - [Profile] Rank 7 - Level1_Log 🚀 infer_main cost 3.935923 seconds
2026-07-24 05:12:01.615 | INFO     | lightx2v.utils.profiler:__exit__:87 - [Profile] Rank 5 - Level1_Log Run Dit every step cost 4.012063 seconds
2026-07-24 05:12:01.616 | INFO     | lightx2v.utils.profiler:__exit__:87 - [Profile] Rank 4 - Level1_Log step_post cost 0.001322 seconds
2026-07-24 05:12:01.616 | INFO     | lightx2v.utils.profiler:__exit__:87 - [Profile] Rank 4 - Level1_Log Run Dit every step cost 3.958360 seconds
2026-07-24 05:12:01.618 | INFO     | lightx2v.utils.profiler:__exit__:87 - [Profile] Rank 7 - Level1_Log step_post cost 0.002874 seconds
2026-07-24 05:12:01.618 | INFO     | lightx2v.utils.profiler:__exit__:87 - [Profile] Rank 7 - Level1_Log Run Dit every step cost 3.970453 seconds
2026-07-24 05:12:01.619 | INFO     | lightx2v.utils.profiler:__exit__:87 - [Profile] Rank 3 - Level1_Log 🚀 infer_main cost 3.941257 seconds
2026-07-24 05:12:01.622 | INFO     | lightx2v.utils.profiler:__exit__:87 - [Profile] Rank 3 - Level1_Log step_post cost 0.002168 seconds
2026-07-24 05:12:01.622 | INFO     | lightx2v.utils.profiler:__exit__:87 - [Profile] Rank 3 - Level1_Log Run Dit every step cost 3.980152 seconds
2026-07-24 05:12:01.624 | INFO     | lightx2v.utils.profiler:__exit__:87 - [Profile] Rank 1 - Level1_Log 🚀 infer_main cost 3.944096 seconds
2026-07-24 05:12:01.627 | INFO     | lightx2v.utils.profiler:__exit__:87 - [Profile] Rank 2 - Level1_Log 🚀 infer_main cost 3.948371 seconds
2026-07-24 05:12:01.628 | INFO     | lightx2v.utils.profiler:__exit__:87 - [Profile] Rank 1 - Level1_Log step_post cost 0.003517 seconds
2026-07-24 05:12:01.628 | INFO     | lightx2v.utils.profiler:__exit__:87 - [Profile] Rank 1 - Level1_Log Run Dit every step cost 3.952214 seconds
2026-07-24 05:12:01.630 | INFO     | lightx2v.utils.profiler:__exit__:87 - [Profile] Rank 2 - Level1_Log step_post cost 0.001832 seconds
2026-07-24 05:12:01.630 | INFO     | lightx2v.utils.profiler:__exit__:87 - [Profile] Rank 2 - Level1_Log Run Dit every step cost 3.971250 seconds
2026-07-24 05:12:02.562 | INFO     | lightx2v.utils.profiler:__exit__:87 - [Profile] Single GPU - Level1_Log Run VAE Decoder cost 0.943553 seconds
2026-07-24 05:12:02.562 | INFO     | lightx2v.utils.profiler:__exit__:87 - [Profile] Single GPU - Level1_Log Run VAE Decoder cost 0.946993 seconds
2026-07-24 05:12:02.562 | INFO     | lightx2v.utils.profiler:__exit__:87 - [Profile] Single GPU - Level1_Log Run VAE Decoder cost 0.933847 seconds
2026-07-24 05:12:02.562 | INFO     | lightx2v.utils.profiler:__exit__:87 - [Profile] Single GPU - Level1_Log Run VAE Decoder cost 0.940099 seconds
2026-07-24 05:12:02.563 | INFO     | lightx2v.utils.profiler:__exit__:87 - [Profile] Single GPU - Level1_Log Run VAE Decoder cost 0.932559 seconds
2026-07-24 05:12:02.563 | INFO     | lightx2v.utils.profiler:__exit__:87 - [Profile] Single GPU - Level1_Log Run VAE Decoder cost 0.945896 seconds
2026-07-24 05:12:02.563 | INFO     | lightx2v.utils.profiler:__exit__:87 - [Profile] Rank 7 - Level1_Log segment end2end 1/1 cost 19.156640 seconds
2026-07-24 05:12:02.563 | INFO     | lightx2v.utils.profiler:__exit__:87 - [Profile] Single GPU - Level1_Log Run VAE Decoder cost 0.950128 seconds
2026-07-24 05:12:02.563 | INFO     | lightx2v.utils.profiler:__exit__:87 - [Profile] Rank 5 - Level1_Log segment end2end 1/1 cost 19.163903 seconds
2026-07-24 05:12:02.563 | INFO     | lightx2v.utils.profiler:__exit__:87 - [Profile] Single GPU - Level1_Log Run VAE Decoder cost 0.948498 seconds
2026-07-24 05:12:02.563 | INFO     | lightx2v.utils.profiler:__exit__:87 - [Profile] Rank 3 - Level1_Log segment end2end 1/1 cost 19.120820 seconds
2026-07-24 05:12:02.563 | INFO     | lightx2v.utils.profiler:__exit__:87 - [Profile] Rank 1 - Level1_Log segment end2end 1/1 cost 19.101672 seconds
2026-07-24 05:12:02.563 | INFO     | lightx2v.utils.profiler:__exit__:87 - [Profile] Rank 2 - Level1_Log segment end2end 1/1 cost 19.098969 seconds
2026-07-24 05:12:02.564 | INFO     | lightx2v.utils.profiler:__exit__:87 - [Profile] Rank 0 - Level1_Log segment end2end 1/1 cost 19.166374 seconds
2026-07-24 05:12:02.564 | INFO     | lightx2v.utils.profiler:__exit__:87 - [Profile] Rank 4 - Level1_Log segment end2end 1/1 cost 19.160286 seconds
2026-07-24 05:12:02.564 | INFO     | lightx2v.utils.profiler:__exit__:87 - [Profile] Single GPU - Level2_Log Run DiT cost 19.159312 seconds
2026-07-24 05:12:02.565 | INFO     | lightx2v.utils.profiler:__exit__:87 - [Profile] Single GPU - Level2_Log Run DiT cost 19.101608 seconds
2026-07-24 05:12:02.564 | INFO     | lightx2v.utils.profiler:__exit__:87 - [Profile] Single GPU - Level2_Log Run DiT cost 19.166491 seconds
2026-07-24 05:12:02.564 | INFO     | lightx2v.utils.profiler:__exit__:87 - [Profile] Rank 6 - Level1_Log segment end2end 1/1 cost 19.151221 seconds
2026-07-24 05:12:02.564 | INFO     | lightx2v.utils.profiler:__exit__:87 - [Profile] Single GPU - Level2_Log Run DiT cost 19.122801 seconds
2026-07-24 05:12:02.565 | INFO     | lightx2v.utils.profiler:__exit__:87 - [Profile] Single GPU - Level2_Log Run DiT cost 19.104472 seconds
2026-07-24 05:12:02.565 | INFO     | lightx2v.utils.profiler:__exit__:87 - [Profile] Single GPU - Level1_Log RUN pipeline cost 20.206409 seconds
2026-07-24 05:12:02.565 | INFO     | lightx2v.utils.profiler:__exit__:87 - [Profile] Single GPU - Level1_Log RUN pipeline cost 20.987888 seconds
2026-07-24 05:12:02.565 | INFO     | lightx2v.utils.profiler:__exit__:87 - [Profile] Single GPU - Level1_Log RUN pipeline cost 20.672910 seconds
2026-07-24 05:12:02.565 | INFO     | lightx2v.utils.profiler:__exit__:87 - [Profile] Single GPU - Level1_Log RUN pipeline cost 22.154862 seconds
2026-07-24 05:12:02.565 | INFO     | lightx2v.utils.profiler:__exit__:87 - [Profile] Single GPU - Level1_Log RUN pipeline cost 20.206616 seconds
2026-07-24 05:12:02.566 | INFO     | lightx2v.utils.profiler:__exit__:87 - [Profile] Single GPU - Level2_Log Run DiT cost 19.164376 seconds
2026-07-24 05:12:02.566 | INFO     | lightx2v.utils.profiler:__exit__:87 - [Profile] Single GPU - Level2_Log Run DiT cost 19.154349 seconds
2026-07-24 05:12:02.566 | INFO     | lightx2v.utils.profiler:__exit__:87 - [Profile] Single GPU - Level1_Log RUN pipeline cost 21.409651 seconds
2026-07-24 05:12:02.566 | INFO     | lightx2v.utils.profiler:__exit__:87 - [Profile] Single GPU - Level1_Log RUN pipeline cost 21.284266 seconds
2026-07-24 05:12:02.566 | INFO     | lightx2v.utils.profiler:__exit__:87 - [Profile] Rank 0 - Level2_Log wan_vae_to_comfy cost 0.001298 seconds
2026-07-24 05:12:02.566 | INFO     | lightx2v.models.runners.default_runner:process_images_after_vae_decoder:561 - 🎬 Start to save video 🎬
2026-07-24 05:12:02.973 | INFO     | lightx2v.models.runners.base_runner:_maybe_freeze_gc:84 - [GC] gc.collect() reclaimed 0 objects; gc.freeze() moved ~708861 live tracked objects out of future GC walks
2026-07-24 05:12:02.974 | INFO     | lightx2v.utils.profiler:__exit__:87 - [Profile] Rank 3 - Level1_Log Total Cost cost 279.704886 seconds
2026-07-24 05:12:03.015 | INFO     | lightx2v.models.runners.base_runner:_maybe_freeze_gc:84 - [GC] gc.collect() reclaimed 0 objects; gc.freeze() moved ~708859 live tracked objects out of future GC walks
2026-07-24 05:12:03.016 | INFO     | lightx2v.utils.profiler:__exit__:87 - [Profile] Rank 5 - Level1_Log Total Cost cost 279.748377 seconds
2026-07-24 05:12:03.106 | INFO     | lightx2v.models.runners.default_runner:process_images_after_vae_decoder:570 - ✅ Video saved successfully to: /data/fuhaiwen1/LightX2V/save_results/baseline_benchmark_6.mp4 ✅
2026-07-24 05:12:03.110 | INFO     | lightx2v.utils.profiler:__exit__:87 - [Profile] Single GPU - Level2_Log Run DiT cost 19.713857 seconds
2026-07-24 05:12:03.111 | INFO     | lightx2v.utils.profiler:__exit__:87 - [Profile] Single GPU - Level1_Log RUN pipeline cost 25.867325 seconds
2026-07-24 05:12:03.139 | INFO     | lightx2v.models.runners.base_runner:_maybe_freeze_gc:84 - [GC] gc.collect() reclaimed 0 objects; gc.freeze() moved ~708858 live tracked objects out of future GC walks
2026-07-24 05:12:03.140 | INFO     | lightx2v.utils.profiler:__exit__:87 - [Profile] Rank 2 - Level1_Log Total Cost cost 279.871858 seconds
2026-07-24 05:12:03.220 | INFO     | lightx2v.models.runners.base_runner:_maybe_freeze_gc:84 - [GC] gc.collect() reclaimed 0 objects; gc.freeze() moved ~708858 live tracked objects out of future GC walks
2026-07-24 05:12:03.221 | INFO     | lightx2v.utils.profiler:__exit__:87 - [Profile] Rank 1 - Level1_Log Total Cost cost 279.953051 seconds
2026-07-24 05:12:03.324 | INFO     | lightx2v.models.runners.base_runner:_maybe_freeze_gc:84 - [GC] gc.collect() reclaimed 0 objects; gc.freeze() moved ~708858 live tracked objects out of future GC walks
2026-07-24 05:12:03.325 | INFO     | lightx2v.utils.profiler:__exit__:87 - [Profile] Rank 4 - Level1_Log Total Cost cost 280.057562 seconds
2026-07-24 05:12:03.349 | INFO     | lightx2v.models.runners.base_runner:_maybe_freeze_gc:84 - [GC] gc.collect() reclaimed 0 objects; gc.freeze() moved ~708858 live tracked objects out of future GC walks
2026-07-24 05:12:03.350 | INFO     | lightx2v.utils.profiler:__exit__:87 - [Profile] Rank 7 - Level1_Log Total Cost cost 280.082366 seconds
2026-07-24 05:12:03.838 | INFO     | lightx2v.models.runners.base_runner:_maybe_freeze_gc:84 - [GC] gc.collect() reclaimed 0 objects; gc.freeze() moved ~708859 live tracked objects out of future GC walks
2026-07-24 05:12:03.842 | INFO     | lightx2v.utils.profiler:__exit__:87 - [Profile] Rank 6 - Level1_Log Total Cost cost 280.573812 seconds
2026-07-24 05:12:03.844 | INFO     | lightx2v.models.runners.base_runner:_maybe_freeze_gc:84 - [GC] gc.collect() reclaimed 0 objects; gc.freeze() moved ~708865 live tracked objects out of future GC walks
2026-07-24 05:12:03.845 | INFO     | lightx2v.utils.profiler:__exit__:87 - [Profile] Rank 0 - Level1_Log Total Cost cost 280.577922 seconds
2026-07-24 05:12:04.533 | INFO     | __main__:main:241 - Distributed process group cleaned up
2026-07-24 05:12:04.536 | INFO     | __main__:main:241 - Distributed process group cleaned up
2026-07-24 05:12:04.553 | INFO     | __main__:main:241 - Distributed process group cleaned up
2026-07-24 05:12:04.553 | INFO     | __main__:main:241 - Distributed process group cleaned up
2026-07-24 05:12:04.585 | INFO     | __main__:main:241 - Distributed process group cleaned up
2026-07-24 05:12:04.586 | INFO     | __main__:main:241 - Distributed process group cleaned up
2026-07-24 05:12:04.595 | INFO     | __main__:main:241 - Distributed process group cleaned up
2026-07-24 05:12:04.636 | INFO     | __main__:main:241 - Distributed process group cleaned up
2026-07-24 05:12:23.306 | INFO     | __main__:_controller_main:577 - [done] request_id=2 worker=cooperative_group start_ts=1784869631.509394 finish_ts=1784869943.301606 e2e=951.611s elapsed_from_global_start=951.611s rc=0
2026-07-24 05:12:24.654 | INFO     | lightx2v_platform.base.base:init_ai_device:17 - Initialized AI_DEVICE: cuda
2026-07-24 05:12:24.655 | INFO     | lightx2v_platform.base.base:init_ai_device:17 - Initialized AI_DEVICE: cuda
2026-07-24 05:12:24.658 | INFO     | lightx2v_platform.base.base:init_ai_device:17 - Initialized AI_DEVICE: cuda
2026-07-24 05:12:24.659 | INFO     | lightx2v_platform.base.base:init_ai_device:17 - Initialized AI_DEVICE: cuda
2026-07-24 05:12:24.659 | INFO     | lightx2v_platform.base.base:init_ai_device:17 - Initialized AI_DEVICE: cuda
2026-07-24 05:12:24.661 | INFO     | lightx2v_platform.base.base:init_ai_device:17 - Initialized AI_DEVICE: cuda
2026-07-24 05:12:24.661 | INFO     | lightx2v_platform.base.base:init_ai_device:17 - Initialized AI_DEVICE: cuda
2026-07-24 05:12:24.674 | INFO     | lightx2v_platform.base.base:init_ai_device:17 - Initialized AI_DEVICE: cuda
2026-07-24 05:12:24.748 | INFO     | lightx2v_platform.base.base:check_ai_device:34 - AI device for platform 'cuda' is available.
2026-07-24 05:12:24.752 | INFO     | lightx2v_platform.base.base:check_ai_device:34 - AI device for platform 'cuda' is available.
2026-07-24 05:12:24.756 | INFO     | lightx2v_platform.base.base:check_ai_device:34 - AI device for platform 'cuda' is available.
2026-07-24 05:12:24.762 | INFO     | lightx2v_platform.base.base:check_ai_device:34 - AI device for platform 'cuda' is available.
2026-07-24 05:12:24.763 | INFO     | lightx2v_platform.base.base:check_ai_device:34 - AI device for platform 'cuda' is available.
2026-07-24 05:12:24.765 | INFO     | lightx2v_platform.base.base:check_ai_device:34 - AI device for platform 'cuda' is available.
2026-07-24 05:12:24.766 | INFO     | lightx2v_platform.base.base:check_ai_device:34 - AI device for platform 'cuda' is available.
2026-07-24 05:12:24.767 | INFO     | lightx2v_platform.base.base:check_ai_device:34 - AI device for platform 'cuda' is available.
/app/MagiAttention/magi_attention/__init__.py:26: UserWarning: You are using magi_attention without installing it. This may cause some unexpected errors.
  warnings.warn(
/app/MagiAttention/magi_attention/__init__.py:26: UserWarning: You are using magi_attention without installing it. This may cause some unexpected errors.
  warnings.warn(
/app/MagiAttention/magi_attention/__init__.py:26: UserWarning: You are using magi_attention without installing it. This may cause some unexpected errors.
  warnings.warn(
/app/MagiAttention/magi_attention/__init__.py:26: UserWarning: You are using magi_attention without installing it. This may cause some unexpected errors.
  warnings.warn(
/app/MagiAttention/magi_attention/__init__.py:26: UserWarning: You are using magi_attention without installing it. This may cause some unexpected errors.
  warnings.warn(
/app/MagiAttention/magi_attention/__init__.py:26: UserWarning: You are using magi_attention without installing it. This may cause some unexpected errors.
  warnings.warn(
/app/MagiAttention/magi_attention/__init__.py:26: UserWarning: You are using magi_attention without installing it. This may cause some unexpected errors.
  warnings.warn(
/app/MagiAttention/magi_attention/__init__.py:26: UserWarning: You are using magi_attention without installing it. This may cause some unexpected errors.
  warnings.warn(
2026-07-24 05:12:28.414 | INFO     | lightx2v.common.ops.attn.dynamic_sparse_attn:<module>:16 - flash_attn.cute not found, please install flashattention4 first
2026-07-24 05:12:28.414 | INFO     | lightx2v.common.ops.attn.dynamic_sparse_attn:<module>:22 - sageattn3_sparse not found, please install sageattn3_sparse first
2026-07-24 05:12:28.419 | INFO     | lightx2v.common.ops.attn.flash_attn:<module>:26 - flash_attn.cute not found, please install flashattention4 first
2026-07-24 05:12:28.596 | INFO     | lightx2v.common.ops.attn.dynamic_sparse_attn:<module>:16 - flash_attn.cute not found, please install flashattention4 first
2026-07-24 05:12:28.596 | INFO     | lightx2v.common.ops.attn.dynamic_sparse_attn:<module>:22 - sageattn3_sparse not found, please install sageattn3_sparse first
2026-07-24 05:12:28.598 | INFO     | lightx2v.common.ops.attn.flash_attn:<module>:26 - flash_attn.cute not found, please install flashattention4 first
2026-07-24 05:12:28.654 | INFO     | lightx2v.common.ops.attn.dynamic_sparse_attn:<module>:16 - flash_attn.cute not found, please install flashattention4 first
2026-07-24 05:12:28.655 | INFO     | lightx2v.common.ops.attn.dynamic_sparse_attn:<module>:22 - sageattn3_sparse not found, please install sageattn3_sparse first
2026-07-24 05:12:28.657 | INFO     | lightx2v.common.ops.attn.flash_attn:<module>:26 - flash_attn.cute not found, please install flashattention4 first
2026-07-24 05:12:28.663 | INFO     | lightx2v.common.ops.attn.dynamic_sparse_attn:<module>:16 - flash_attn.cute not found, please install flashattention4 first
2026-07-24 05:12:28.664 | INFO     | lightx2v.common.ops.attn.dynamic_sparse_attn:<module>:22 - sageattn3_sparse not found, please install sageattn3_sparse first
2026-07-24 05:12:28.666 | INFO     | lightx2v.common.ops.attn.flash_attn:<module>:26 - flash_attn.cute not found, please install flashattention4 first
2026-07-24 05:12:28.678 | INFO     | lightx2v.common.ops.attn.sage_attn:<module>:23 - sageattn3_sparse not found, please install sageattn3_sparse first
2026-07-24 05:12:28.703 | INFO     | lightx2v.common.ops.attn.dynamic_sparse_attn:<module>:16 - flash_attn.cute not found, please install flashattention4 first
2026-07-24 05:12:28.704 | INFO     | lightx2v.common.ops.attn.dynamic_sparse_attn:<module>:22 - sageattn3_sparse not found, please install sageattn3_sparse first
2026-07-24 05:12:28.705 | INFO     | lightx2v.common.ops.attn.dynamic_sparse_attn:<module>:16 - flash_attn.cute not found, please install flashattention4 first
2026-07-24 05:12:28.705 | INFO     | lightx2v.common.ops.attn.dynamic_sparse_attn:<module>:22 - sageattn3_sparse not found, please install sageattn3_sparse first
2026-07-24 05:12:28.706 | INFO     | lightx2v.common.ops.attn.flash_attn:<module>:26 - flash_attn.cute not found, please install flashattention4 first
2026-07-24 05:12:28.707 | INFO     | lightx2v.common.ops.attn.flash_attn:<module>:26 - flash_attn.cute not found, please install flashattention4 first
2026-07-24 05:12:28.708 | INFO     | lightx2v.common.ops.attn.dynamic_sparse_attn:<module>:16 - flash_attn.cute not found, please install flashattention4 first
2026-07-24 05:12:28.709 | INFO     | lightx2v.common.ops.attn.dynamic_sparse_attn:<module>:22 - sageattn3_sparse not found, please install sageattn3_sparse first
2026-07-24 05:12:28.710 | INFO     | lightx2v.common.ops.attn.dynamic_sparse_attn:<module>:16 - flash_attn.cute not found, please install flashattention4 first
2026-07-24 05:12:28.711 | INFO     | lightx2v.common.ops.attn.dynamic_sparse_attn:<module>:22 - sageattn3_sparse not found, please install sageattn3_sparse first
2026-07-24 05:12:28.711 | INFO     | lightx2v.common.ops.attn.flash_attn:<module>:26 - flash_attn.cute not found, please install flashattention4 first
2026-07-24 05:12:28.713 | INFO     | lightx2v.common.ops.attn.flash_attn:<module>:26 - flash_attn.cute not found, please install flashattention4 first
2026-07-24 05:12:28.714 | INFO     | lightx2v.common.ops.attn.sage_attn:<module>:61 - sageattn3_sparse not found, please install sageattention sparse first
2026-07-24 05:12:28.730 | INFO     | lightx2v.common.ops.attn.sparse_operator:<module>:14 - flash_attn.cute not found, please install flashattention4 first
2026-07-24 05:12:28.730 | INFO     | lightx2v.common.ops.attn.sparse_operator:<module>:20 - sageattn3_sparse not found, please install sageattn3_sparse first
2026-07-24 05:12:28.806 | INFO     | lightx2v.common.ops.attn.sage_attn:<module>:23 - sageattn3_sparse not found, please install sageattn3_sparse first
2026-07-24 05:12:28.841 | INFO     | lightx2v.common.ops.attn.sage_attn:<module>:61 - sageattn3_sparse not found, please install sageattention sparse first
2026-07-24 05:12:28.854 | INFO     | lightx2v.common.ops.attn.sparse_operator:<module>:14 - flash_attn.cute not found, please install flashattention4 first
2026-07-24 05:12:28.854 | INFO     | lightx2v.common.ops.attn.sparse_operator:<module>:20 - sageattn3_sparse not found, please install sageattn3_sparse first
2026-07-24 05:12:28.861 | INFO     | lightx2v.common.ops.attn.sage_attn:<module>:23 - sageattn3_sparse not found, please install sageattn3_sparse first
2026-07-24 05:12:28.890 | INFO     | lightx2v.common.ops.attn.sage_attn:<module>:23 - sageattn3_sparse not found, please install sageattn3_sparse first
2026-07-24 05:12:28.896 | INFO     | lightx2v.common.ops.attn.sage_attn:<module>:61 - sageattn3_sparse not found, please install sageattention sparse first
2026-07-24 05:12:28.908 | INFO     | lightx2v.common.ops.attn.sparse_operator:<module>:14 - flash_attn.cute not found, please install flashattention4 first
2026-07-24 05:12:28.908 | INFO     | lightx2v.common.ops.attn.sparse_operator:<module>:20 - sageattn3_sparse not found, please install sageattn3_sparse first
2026-07-24 05:12:28.919 | INFO     | lightx2v.common.ops.attn.sage_attn:<module>:23 - sageattn3_sparse not found, please install sageattn3_sparse first
2026-07-24 05:12:28.923 | INFO     | lightx2v.common.ops.attn.sage_attn:<module>:23 - sageattn3_sparse not found, please install sageattn3_sparse first
2026-07-24 05:12:28.926 | INFO     | lightx2v.common.ops.attn.sage_attn:<module>:61 - sageattn3_sparse not found, please install sageattention sparse first
2026-07-24 05:12:28.929 | INFO     | lightx2v.common.ops.attn.sage_attn:<module>:23 - sageattn3_sparse not found, please install sageattn3_sparse first
2026-07-24 05:12:28.935 | INFO     | lightx2v.common.ops.attn.sage_attn:<module>:23 - sageattn3_sparse not found, please install sageattn3_sparse first
2026-07-24 05:12:28.940 | INFO     | lightx2v.common.ops.attn.sparse_operator:<module>:14 - flash_attn.cute not found, please install flashattention4 first
2026-07-24 05:12:28.940 | INFO     | lightx2v.common.ops.attn.sparse_operator:<module>:20 - sageattn3_sparse not found, please install sageattn3_sparse first
2026-07-24 05:12:28.953 | INFO     | lightx2v.common.ops.attn.sage_attn:<module>:61 - sageattn3_sparse not found, please install sageattention sparse first
2026-07-24 05:12:28.957 | INFO     | lightx2v.common.ops.attn.sage_attn:<module>:61 - sageattn3_sparse not found, please install sageattention sparse first
2026-07-24 05:12:28.963 | INFO     | lightx2v.common.ops.attn.sage_attn:<module>:61 - sageattn3_sparse not found, please install sageattention sparse first
2026-07-24 05:12:28.965 | INFO     | lightx2v.common.ops.attn.sparse_operator:<module>:14 - flash_attn.cute not found, please install flashattention4 first
2026-07-24 05:12:28.966 | INFO     | lightx2v.common.ops.attn.sparse_operator:<module>:20 - sageattn3_sparse not found, please install sageattn3_sparse first
2026-07-24 05:12:28.969 | INFO     | lightx2v.common.ops.attn.sparse_operator:<module>:14 - flash_attn.cute not found, please install flashattention4 first
2026-07-24 05:12:28.970 | INFO     | lightx2v.common.ops.attn.sparse_operator:<module>:20 - sageattn3_sparse not found, please install sageattn3_sparse first
2026-07-24 05:12:28.970 | INFO     | lightx2v.common.ops.attn.sage_attn:<module>:61 - sageattn3_sparse not found, please install sageattention sparse first
2026-07-24 05:12:28.975 | INFO     | lightx2v.common.ops.attn.sparse_operator:<module>:14 - flash_attn.cute not found, please install flashattention4 first
2026-07-24 05:12:28.975 | INFO     | lightx2v.common.ops.attn.sparse_operator:<module>:20 - sageattn3_sparse not found, please install sageattn3_sparse first
2026-07-24 05:12:28.982 | INFO     | lightx2v.common.ops.attn.sparse_operator:<module>:14 - flash_attn.cute not found, please install flashattention4 first
2026-07-24 05:12:28.982 | INFO     | lightx2v.common.ops.attn.sparse_operator:<module>:20 - sageattn3_sparse not found, please install sageattn3_sparse first
2026-07-24 05:12:33.855 | INFO     | lightx2v.utils.set_config:auto_calc_config:62 - Loading some config from /tmp/baseline_req_3_th3hgd3f/request_config.json
2026-07-24 05:12:33.855 | INFO     | lightx2v.utils.set_config:auto_calc_config:62 - Loading some config from /tmp/baseline_req_3_x9a86r97/request_config.json
2026-07-24 05:12:33.855 | INFO     | lightx2v.utils.set_config:auto_calc_config:62 - Loading some config from /tmp/baseline_req_3_ux1e9imn/request_config.json
2026-07-24 05:12:33.855 | INFO     | lightx2v.utils.set_config:auto_calc_config:62 - Loading some config from /tmp/baseline_req_3_imnlcp9b/request_config.json
2026-07-24 05:12:33.855 | INFO     | lightx2v.utils.set_config:auto_calc_config:62 - Loading some config from /tmp/baseline_req_3_w0tyn52c/request_config.json
2026-07-24 05:12:33.855 | INFO     | lightx2v.utils.set_config:auto_calc_config:62 - Loading some config from /tmp/baseline_req_3__qqt6_zu/request_config.json
2026-07-24 05:12:33.855 | INFO     | lightx2v.utils.set_config:auto_calc_config:62 - Loading some config from /tmp/baseline_req_3_l5tfw4n8/request_config.json
2026-07-24 05:12:33.855 | INFO     | lightx2v.utils.set_config:auto_calc_config:62 - Loading some config from /tmp/baseline_req_3_2jtg7au6/request_config.json
2026-07-24 05:12:35.073 | INFO     | lightx2v.utils.set_config:print_config:373 - config:
{
    "do_mm_calib": false,
    "cpu_offload": true,
    "max_area": false,
    "vae_stride": [
        4,
        8,
        8
    ],
    "patch_size": [
        1,
        2,
        2
    ],
    "feature_caching": "NoCaching",
    "teacache_thresh": 0.26,
    "use_ret_steps": false,
    "use_bfloat16": true,
    "lora_configs": null,
    "use_prompt_enhancer": false,
    "parallel": {
        "seq_p_size": 8,
        "seq_p_attn_type": "ulysses"
    },
    "seq_parallel": true,
    "cfg_parallel": false,
    "enable_cfg": false,
    "use_image_encoder": false,
    "model_cls": "wan2.2_moe",
    "task": "i2v",
    "support_tasks": [],
    "model_path": "/data/fuhaiwen1/LightX2V/models/Wan-AI/Wan2.2-I2V-A14B",
    "config_json": "/tmp/baseline_req_3_th3hgd3f/request_config.json",
    "enable_bf16": false,
    "save_rendered": false,
    "render_depth": false,
    "_wm_cli_snapshot": {
        "subfolder": null,
        "disable_heads": null,
        "enable_bf16": false,
        "save_rendered": false,
        "render_interp_per_pair": null,
        "render_depth": false,
        "wm_config_path": null,
        "wm_ckpt_path": null
    },
    "infer_steps": 4,
    "in_dim": 36,
    "dim": 5120,
    "ffn_dim": 13824,
    "freq_dim": 256,
    "num_heads": 40,
    "num_layers": 40,
    "out_dim": 16,
    "eps": 1e-06,
    "model_type": "i2v",
    "target_video_length": 81,
    "text_len": 512,
    "target_height": 480,
    "target_width": 832,
    "self_attn_1_type": "sage_attn2",
    "cross_attn_1_type": "sage_attn2",
    "cross_attn_2_type": "sage_attn2",
    "sample_guide_scale": [
        3.5,
        3.5
    ],
    "sample_shift": 5.0,
    "offload_granularity": "block",
    "t5_cpu_offload": false,
    "vae_cpu_offload": false,
    "fps": 16,
    "boundary_step_index": 2,
    "denoising_step_list": [
        1000,
        750,
        500,
        250
    ],
    "dit_quantized": true,
    "dit_quant_scheme": "int8-q8f",
    "high_noise_quantized_ckpt": "/data/fuhaiwen1/LightX2V/models/lightx2v/Wan2.2-Distill-Models/wan2.2_i2v_A14b_high_noise_int8_lightx2v_4step.safetensors",
    "low_noise_quantized_ckpt": "/data/fuhaiwen1/LightX2V/models/lightx2v/Wan2.2-Distill-Models/wan2.2_i2v_A14b_low_noise_int8_lightx2v_4step.safetensors",
    "high_noise_original_ckpt": "/data/fuhaiwen1/LightX2V/models/lightx2v/Wan2.2-Distill-Models/wan2.2_i2v_A14b_high_noise_int8_lightx2v_4step.safetensors",
    "low_noise_original_ckpt": "/data/fuhaiwen1/LightX2V/models/lightx2v/Wan2.2-Distill-Models/wan2.2_i2v_A14b_low_noise_int8_lightx2v_4step.safetensors",
    "save_path": "/data/fuhaiwen1/LightX2V/save_results/baseline_benchmark_6.mp4",
    "prompt": "Summer beach vacation style, a white cat wearing sunglasses sits on a surfboard.",
    "negative_prompt": "镜头晃动，色调艳丽，过曝，静态",
    "image_path": "/data/fuhaiwen1/LightX2V/assets/inputs/imgs/img_0.jpg",
    "boundary": 0.9,
    "data_bootstrap_room": 3,
    "device_mesh": "DeviceMesh('cuda', [[0, 1, 2, 3, 4, 5, 6, 7]], mesh_dim_names=('cfg_p', 'seq_p'))",
    "tensor_parallel": false
}
2026-07-24 05:12:35.081 | DEBUG    | lightx2v.utils.utils:validate_config_paths:750 - ✓ Verified high_noise_original_ckpt: /data/fuhaiwen1/LightX2V/models/lightx2v/Wan2.2-Distill-Models/wan2.2_i2v_A14b_high_noise_int8_lightx2v_4step.safetensors
2026-07-24 05:12:35.082 | DEBUG    | lightx2v.utils.utils:validate_config_paths:754 - ✓ Verified high_noise_quantized_ckpt: /data/fuhaiwen1/LightX2V/models/lightx2v/Wan2.2-Distill-Models/wan2.2_i2v_A14b_high_noise_int8_lightx2v_4step.safetensors
2026-07-24 05:12:35.082 | DEBUG    | lightx2v.utils.utils:validate_config_paths:750 - ✓ Verified high_noise_original_ckpt: /data/fuhaiwen1/LightX2V/models/lightx2v/Wan2.2-Distill-Models/wan2.2_i2v_A14b_high_noise_int8_lightx2v_4step.safetensors
2026-07-24 05:12:35.082 | DEBUG    | lightx2v.utils.utils:validate_config_paths:754 - ✓ Verified high_noise_quantized_ckpt: /data/fuhaiwen1/LightX2V/models/lightx2v/Wan2.2-Distill-Models/wan2.2_i2v_A14b_high_noise_int8_lightx2v_4step.safetensors
2026-07-24 05:12:35.083 | DEBUG    | lightx2v.utils.utils:validate_config_paths:759 - ✓ Verified low_noise_original_ckpt: /data/fuhaiwen1/LightX2V/models/lightx2v/Wan2.2-Distill-Models/wan2.2_i2v_A14b_low_noise_int8_lightx2v_4step.safetensors
2026-07-24 05:12:35.083 | DEBUG    | lightx2v.utils.utils:validate_config_paths:750 - ✓ Verified high_noise_original_ckpt: /data/fuhaiwen1/LightX2V/models/lightx2v/Wan2.2-Distill-Models/wan2.2_i2v_A14b_high_noise_int8_lightx2v_4step.safetensors
2026-07-24 05:12:35.083 | DEBUG    | lightx2v.utils.utils:validate_config_paths:763 - ✓ Verified low_noise_quantized_ckpt: /data/fuhaiwen1/LightX2V/models/lightx2v/Wan2.2-Distill-Models/wan2.2_i2v_A14b_low_noise_int8_lightx2v_4step.safetensors
2026-07-24 05:12:35.083 | DEBUG    | lightx2v.utils.utils:validate_config_paths:754 - ✓ Verified high_noise_quantized_ckpt: /data/fuhaiwen1/LightX2V/models/lightx2v/Wan2.2-Distill-Models/wan2.2_i2v_A14b_high_noise_int8_lightx2v_4step.safetensors
2026-07-24 05:12:35.083 | INFO     | lightx2v.utils.utils:validate_config_paths:765 - ✓ Config checkpoint paths validated successfully
2026-07-24 05:12:35.083 | DEBUG    | lightx2v.utils.utils:validate_config_paths:759 - ✓ Verified low_noise_original_ckpt: /data/fuhaiwen1/LightX2V/models/lightx2v/Wan2.2-Distill-Models/wan2.2_i2v_A14b_low_noise_int8_lightx2v_4step.safetensors
2026-07-24 05:12:35.084 | DEBUG    | lightx2v.utils.utils:validate_config_paths:763 - ✓ Verified low_noise_quantized_ckpt: /data/fuhaiwen1/LightX2V/models/lightx2v/Wan2.2-Distill-Models/wan2.2_i2v_A14b_low_noise_int8_lightx2v_4step.safetensors
2026-07-24 05:12:35.084 | DEBUG    | lightx2v.utils.utils:validate_config_paths:750 - ✓ Verified high_noise_original_ckpt: /data/fuhaiwen1/LightX2V/models/lightx2v/Wan2.2-Distill-Models/wan2.2_i2v_A14b_high_noise_int8_lightx2v_4step.safetensors
2026-07-24 05:12:35.084 | INFO     | lightx2v.models.runners.wan.wan_runner:init_scheduler:364 - Using WanScheduler
2026-07-24 05:12:35.084 | DEBUG    | lightx2v.utils.utils:validate_config_paths:759 - ✓ Verified low_noise_original_ckpt: /data/fuhaiwen1/LightX2V/models/lightx2v/Wan2.2-Distill-Models/wan2.2_i2v_A14b_low_noise_int8_lightx2v_4step.safetensors
2026-07-24 05:12:35.084 | INFO     | lightx2v.models.runners.default_runner:init_modules:111 - Initializing runner modules...
2026-07-24 05:12:35.084 | INFO     | lightx2v.utils.utils:validate_config_paths:765 - ✓ Config checkpoint paths validated successfully
2026-07-24 05:12:35.084 | DEBUG    | lightx2v.utils.utils:validate_config_paths:754 - ✓ Verified high_noise_quantized_ckpt: /data/fuhaiwen1/LightX2V/models/lightx2v/Wan2.2-Distill-Models/wan2.2_i2v_A14b_high_noise_int8_lightx2v_4step.safetensors
2026-07-24 05:12:35.084 | DEBUG    | lightx2v.utils.utils:validate_config_paths:763 - ✓ Verified low_noise_quantized_ckpt: /data/fuhaiwen1/LightX2V/models/lightx2v/Wan2.2-Distill-Models/wan2.2_i2v_A14b_low_noise_int8_lightx2v_4step.safetensors
2026-07-24 05:12:35.084 | INFO     | lightx2v.utils.custom_compiler:_discover_compiled_methods:120 - [Compile] Discovering compiled methods for WanModel...
2026-07-24 05:12:35.084 | DEBUG    | lightx2v.utils.utils:validate_config_paths:750 - ✓ Verified high_noise_original_ckpt: /data/fuhaiwen1/LightX2V/models/lightx2v/Wan2.2-Distill-Models/wan2.2_i2v_A14b_high_noise_int8_lightx2v_4step.safetensors
2026-07-24 05:12:35.084 | DEBUG    | lightx2v.utils.utils:validate_config_paths:759 - ✓ Verified low_noise_original_ckpt: /data/fuhaiwen1/LightX2V/models/lightx2v/Wan2.2-Distill-Models/wan2.2_i2v_A14b_low_noise_int8_lightx2v_4step.safetensors
2026-07-24 05:12:35.084 | INFO     | lightx2v.models.runners.wan.wan_runner:init_scheduler:364 - Using WanScheduler
2026-07-24 05:12:35.084 | INFO     | lightx2v.utils.utils:validate_config_paths:765 - ✓ Config checkpoint paths validated successfully
2026-07-24 05:12:35.085 | INFO     | lightx2v.utils.custom_compiler:_discover_compiled_methods:125 - [Compile] Found compiled method: _infer_cond_uncond
2026-07-24 05:12:35.085 | DEBUG    | lightx2v.utils.utils:validate_config_paths:754 - ✓ Verified high_noise_quantized_ckpt: /data/fuhaiwen1/LightX2V/models/lightx2v/Wan2.2-Distill-Models/wan2.2_i2v_A14b_high_noise_int8_lightx2v_4step.safetensors
2026-07-24 05:12:35.085 | DEBUG    | lightx2v.utils.utils:validate_config_paths:763 - ✓ Verified low_noise_quantized_ckpt: /data/fuhaiwen1/LightX2V/models/lightx2v/Wan2.2-Distill-Models/wan2.2_i2v_A14b_low_noise_int8_lightx2v_4step.safetensors
2026-07-24 05:12:35.085 | DEBUG    | lightx2v.utils.utils:validate_config_paths:750 - ✓ Verified high_noise_original_ckpt: /data/fuhaiwen1/LightX2V/models/lightx2v/Wan2.2-Distill-Models/wan2.2_i2v_A14b_high_noise_int8_lightx2v_4step.safetensors
2026-07-24 05:12:35.085 | INFO     | lightx2v.models.runners.default_runner:init_modules:111 - Initializing runner modules...
2026-07-24 05:12:35.085 | DEBUG    | lightx2v.utils.utils:validate_config_paths:759 - ✓ Verified low_noise_original_ckpt: /data/fuhaiwen1/LightX2V/models/lightx2v/Wan2.2-Distill-Models/wan2.2_i2v_A14b_low_noise_int8_lightx2v_4step.safetensors
2026-07-24 05:12:35.085 | INFO     | lightx2v.models.runners.wan.wan_runner:init_scheduler:364 - Using WanScheduler
2026-07-24 05:12:35.085 | INFO     | lightx2v.utils.utils:validate_config_paths:765 - ✓ Config checkpoint paths validated successfully
2026-07-24 05:12:35.085 | DEBUG    | lightx2v.utils.utils:validate_config_paths:754 - ✓ Verified high_noise_quantized_ckpt: /data/fuhaiwen1/LightX2V/models/lightx2v/Wan2.2-Distill-Models/wan2.2_i2v_A14b_high_noise_int8_lightx2v_4step.safetensors
2026-07-24 05:12:35.086 | INFO     | lightx2v.utils.custom_compiler:_discover_compiled_methods:120 - [Compile] Discovering compiled methods for WanModel...
2026-07-24 05:12:35.086 | DEBUG    | lightx2v.utils.utils:validate_config_paths:763 - ✓ Verified low_noise_quantized_ckpt: /data/fuhaiwen1/LightX2V/models/lightx2v/Wan2.2-Distill-Models/wan2.2_i2v_A14b_low_noise_int8_lightx2v_4step.safetensors
2026-07-24 05:12:35.086 | INFO     | lightx2v.utils.custom_compiler:_discover_compiled_methods:125 - [Compile] Found compiled method: _infer_cond_uncond
2026-07-24 05:12:35.086 | DEBUG    | lightx2v.utils.utils:validate_config_paths:750 - ✓ Verified high_noise_original_ckpt: /data/fuhaiwen1/LightX2V/models/lightx2v/Wan2.2-Distill-Models/wan2.2_i2v_A14b_high_noise_int8_lightx2v_4step.safetensors
2026-07-24 05:12:35.086 | INFO     | lightx2v.models.runners.default_runner:init_modules:111 - Initializing runner modules...
2026-07-24 05:12:35.086 | DEBUG    | lightx2v.utils.utils:validate_config_paths:759 - ✓ Verified low_noise_original_ckpt: /data/fuhaiwen1/LightX2V/models/lightx2v/Wan2.2-Distill-Models/wan2.2_i2v_A14b_low_noise_int8_lightx2v_4step.safetensors
2026-07-24 05:12:35.086 | DEBUG    | lightx2v.utils.utils:validate_config_paths:750 - ✓ Verified high_noise_original_ckpt: /data/fuhaiwen1/LightX2V/models/lightx2v/Wan2.2-Distill-Models/wan2.2_i2v_A14b_high_noise_int8_lightx2v_4step.safetensors
2026-07-24 05:12:35.086 | INFO     | lightx2v.utils.utils:validate_config_paths:765 - ✓ Config checkpoint paths validated successfully
2026-07-24 05:12:35.086 | INFO     | lightx2v.models.runners.wan.wan_runner:init_scheduler:364 - Using WanScheduler
2026-07-24 05:12:35.086 | DEBUG    | lightx2v.utils.utils:validate_config_paths:754 - ✓ Verified high_noise_quantized_ckpt: /data/fuhaiwen1/LightX2V/models/lightx2v/Wan2.2-Distill-Models/wan2.2_i2v_A14b_high_noise_int8_lightx2v_4step.safetensors
2026-07-24 05:12:35.086 | DEBUG    | lightx2v.utils.utils:validate_config_paths:763 - ✓ Verified low_noise_quantized_ckpt: /data/fuhaiwen1/LightX2V/models/lightx2v/Wan2.2-Distill-Models/wan2.2_i2v_A14b_low_noise_int8_lightx2v_4step.safetensors
2026-07-24 05:12:35.086 | INFO     | lightx2v.utils.custom_compiler:_discover_compiled_methods:120 - [Compile] Discovering compiled methods for WanModel...
2026-07-24 05:12:35.086 | DEBUG    | lightx2v.utils.utils:validate_config_paths:754 - ✓ Verified high_noise_quantized_ckpt: /data/fuhaiwen1/LightX2V/models/lightx2v/Wan2.2-Distill-Models/wan2.2_i2v_A14b_high_noise_int8_lightx2v_4step.safetensors
2026-07-24 05:12:35.087 | DEBUG    | lightx2v.utils.utils:validate_config_paths:759 - ✓ Verified low_noise_original_ckpt: /data/fuhaiwen1/LightX2V/models/lightx2v/Wan2.2-Distill-Models/wan2.2_i2v_A14b_low_noise_int8_lightx2v_4step.safetensors
2026-07-24 05:12:35.087 | INFO     | lightx2v.models.runners.wan.wan_runner:init_scheduler:364 - Using WanScheduler
2026-07-24 05:12:35.087 | INFO     | lightx2v.models.runners.default_runner:init_modules:111 - Initializing runner modules...
2026-07-24 05:12:35.087 | INFO     | lightx2v.utils.utils:validate_config_paths:765 - ✓ Config checkpoint paths validated successfully
2026-07-24 05:12:35.087 | INFO     | lightx2v.utils.custom_compiler:_discover_compiled_methods:125 - [Compile] Found compiled method: _infer_cond_uncond
2026-07-24 05:12:35.087 | DEBUG    | lightx2v.utils.utils:validate_config_paths:759 - ✓ Verified low_noise_original_ckpt: /data/fuhaiwen1/LightX2V/models/lightx2v/Wan2.2-Distill-Models/wan2.2_i2v_A14b_low_noise_int8_lightx2v_4step.safetensors
2026-07-24 05:12:35.087 | DEBUG    | lightx2v.utils.utils:validate_config_paths:763 - ✓ Verified low_noise_quantized_ckpt: /data/fuhaiwen1/LightX2V/models/lightx2v/Wan2.2-Distill-Models/wan2.2_i2v_A14b_low_noise_int8_lightx2v_4step.safetensors
2026-07-24 05:12:35.087 | INFO     | lightx2v.models.runners.default_runner:init_modules:111 - Initializing runner modules...
2026-07-24 05:12:35.087 | INFO     | lightx2v.utils.custom_compiler:_discover_compiled_methods:120 - [Compile] Discovering compiled methods for WanModel...
2026-07-24 05:12:35.087 | DEBUG    | lightx2v.utils.utils:validate_config_paths:763 - ✓ Verified low_noise_quantized_ckpt: /data/fuhaiwen1/LightX2V/models/lightx2v/Wan2.2-Distill-Models/wan2.2_i2v_A14b_low_noise_int8_lightx2v_4step.safetensors
2026-07-24 05:12:35.088 | INFO     | lightx2v.utils.utils:validate_config_paths:765 - ✓ Config checkpoint paths validated successfully
2026-07-24 05:12:35.088 | INFO     | lightx2v.models.runners.wan.wan_runner:init_scheduler:364 - Using WanScheduler
2026-07-24 05:12:35.088 | INFO     | lightx2v.utils.custom_compiler:_discover_compiled_methods:120 - [Compile] Discovering compiled methods for WanModel...
2026-07-24 05:12:35.088 | INFO     | lightx2v.utils.utils:validate_config_paths:765 - ✓ Config checkpoint paths validated successfully
2026-07-24 05:12:35.088 | INFO     | lightx2v.utils.custom_compiler:_discover_compiled_methods:125 - [Compile] Found compiled method: _infer_cond_uncond
2026-07-24 05:12:35.088 | INFO     | lightx2v.models.runners.default_runner:init_modules:111 - Initializing runner modules...
2026-07-24 05:12:35.088 | INFO     | lightx2v.utils.custom_compiler:_discover_compiled_methods:125 - [Compile] Found compiled method: _infer_cond_uncond
2026-07-24 05:12:35.088 | INFO     | lightx2v.models.runners.wan.wan_runner:init_scheduler:364 - Using WanScheduler
2026-07-24 05:12:35.088 | INFO     | lightx2v.utils.custom_compiler:_discover_compiled_methods:120 - [Compile] Discovering compiled methods for WanModel...
2026-07-24 05:12:35.088 | INFO     | lightx2v.models.runners.wan.wan_runner:init_scheduler:364 - Using WanScheduler
2026-07-24 05:12:35.089 | INFO     | lightx2v.models.runners.default_runner:init_modules:111 - Initializing runner modules...
2026-07-24 05:12:35.089 | INFO     | lightx2v.utils.custom_compiler:_discover_compiled_methods:125 - [Compile] Found compiled method: _infer_cond_uncond
2026-07-24 05:12:35.089 | INFO     | lightx2v.models.runners.default_runner:init_modules:111 - Initializing runner modules...
2026-07-24 05:12:35.089 | INFO     | lightx2v.utils.custom_compiler:_discover_compiled_methods:120 - [Compile] Discovering compiled methods for WanModel...
2026-07-24 05:12:35.089 | INFO     | lightx2v.utils.custom_compiler:_discover_compiled_methods:120 - [Compile] Discovering compiled methods for WanModel...
2026-07-24 05:12:35.089 | INFO     | lightx2v.utils.custom_compiler:_discover_compiled_methods:125 - [Compile] Found compiled method: _infer_cond_uncond
2026-07-24 05:12:35.089 | INFO     | lightx2v.utils.custom_compiler:_discover_compiled_methods:125 - [Compile] Found compiled method: _infer_cond_uncond
2026-07-24 05:12:51.280 | INFO     | lightx2v.models.networks.base_model:_load_quant_ckpt:509 - Loading weights from /data/fuhaiwen1/LightX2V/models/lightx2v/Wan2.2-Distill-Models/wan2.2_i2v_A14b_high_noise_int8_lightx2v_4step.safetensors
2026-07-24 05:12:51.280 | INFO     | lightx2v.models.networks.base_model:_load_quant_ckpt:509 - Loading weights from /data/fuhaiwen1/LightX2V/models/lightx2v/Wan2.2-Distill-Models/wan2.2_i2v_A14b_high_noise_int8_lightx2v_4step.safetensors
2026-07-24 05:12:51.281 | INFO     | lightx2v.models.networks.base_model:_load_quant_ckpt:509 - Loading weights from /data/fuhaiwen1/LightX2V/models/lightx2v/Wan2.2-Distill-Models/wan2.2_i2v_A14b_high_noise_int8_lightx2v_4step.safetensors
2026-07-24 05:12:51.281 | INFO     | lightx2v.models.networks.base_model:_load_quant_ckpt:509 - Loading weights from /data/fuhaiwen1/LightX2V/models/lightx2v/Wan2.2-Distill-Models/wan2.2_i2v_A14b_high_noise_int8_lightx2v_4step.safetensors
2026-07-24 05:12:51.281 | INFO     | lightx2v.models.networks.base_model:_load_quant_ckpt:509 - Loading weights from /data/fuhaiwen1/LightX2V/models/lightx2v/Wan2.2-Distill-Models/wan2.2_i2v_A14b_high_noise_int8_lightx2v_4step.safetensors
2026-07-24 05:12:51.281 | INFO     | lightx2v.models.networks.base_model:_load_quant_ckpt:509 - Loading weights from /data/fuhaiwen1/LightX2V/models/lightx2v/Wan2.2-Distill-Models/wan2.2_i2v_A14b_high_noise_int8_lightx2v_4step.safetensors
2026-07-24 05:12:51.282 | INFO     | lightx2v.models.networks.base_model:_load_quant_ckpt:509 - Loading weights from /data/fuhaiwen1/LightX2V/models/lightx2v/Wan2.2-Distill-Models/wan2.2_i2v_A14b_high_noise_int8_lightx2v_4step.safetensors
2026-07-24 05:12:51.283 | INFO     | lightx2v.models.networks.base_model:_load_quant_ckpt:509 - Loading weights from /data/fuhaiwen1/LightX2V/models/lightx2v/Wan2.2-Distill-Models/wan2.2_i2v_A14b_high_noise_int8_lightx2v_4step.safetensors
2026-07-24 05:14:28.359 | INFO     | lightx2v.utils.custom_compiler:_discover_compiled_methods:120 - [Compile] Discovering compiled methods for WanModel...
2026-07-24 05:14:28.360 | INFO     | lightx2v.utils.custom_compiler:_discover_compiled_methods:125 - [Compile] Found compiled method: _infer_cond_uncond
2026-07-24 05:14:29.257 | INFO     | lightx2v.models.networks.base_model:_load_quant_ckpt:509 - Loading weights from /data/fuhaiwen1/LightX2V/models/lightx2v/Wan2.2-Distill-Models/wan2.2_i2v_A14b_low_noise_int8_lightx2v_4step.safetensors
2026-07-24 05:14:29.948 | INFO     | lightx2v.utils.custom_compiler:_discover_compiled_methods:120 - [Compile] Discovering compiled methods for WanModel...
2026-07-24 05:14:29.948 | INFO     | lightx2v.utils.custom_compiler:_discover_compiled_methods:125 - [Compile] Found compiled method: _infer_cond_uncond
2026-07-24 05:14:29.955 | INFO     | lightx2v.utils.custom_compiler:_discover_compiled_methods:120 - [Compile] Discovering compiled methods for WanModel...
2026-07-24 05:14:29.955 | INFO     | lightx2v.utils.custom_compiler:_discover_compiled_methods:125 - [Compile] Found compiled method: _infer_cond_uncond
2026-07-24 05:14:29.959 | INFO     | lightx2v.utils.custom_compiler:_discover_compiled_methods:120 - [Compile] Discovering compiled methods for WanModel...
2026-07-24 05:14:29.959 | INFO     | lightx2v.utils.custom_compiler:_discover_compiled_methods:125 - [Compile] Found compiled method: _infer_cond_uncond
2026-07-24 05:14:29.962 | INFO     | lightx2v.utils.custom_compiler:_discover_compiled_methods:120 - [Compile] Discovering compiled methods for WanModel...
2026-07-24 05:14:29.962 | INFO     | lightx2v.utils.custom_compiler:_discover_compiled_methods:125 - [Compile] Found compiled method: _infer_cond_uncond
2026-07-24 05:14:29.973 | INFO     | lightx2v.utils.custom_compiler:_discover_compiled_methods:120 - [Compile] Discovering compiled methods for WanModel...
2026-07-24 05:14:29.973 | INFO     | lightx2v.utils.custom_compiler:_discover_compiled_methods:125 - [Compile] Found compiled method: _infer_cond_uncond
2026-07-24 05:14:29.975 | INFO     | lightx2v.models.networks.base_model:_load_quant_ckpt:509 - Loading weights from /data/fuhaiwen1/LightX2V/models/lightx2v/Wan2.2-Distill-Models/wan2.2_i2v_A14b_low_noise_int8_lightx2v_4step.safetensors
2026-07-24 05:14:29.975 | INFO     | lightx2v.models.networks.base_model:_load_quant_ckpt:509 - Loading weights from /data/fuhaiwen1/LightX2V/models/lightx2v/Wan2.2-Distill-Models/wan2.2_i2v_A14b_low_noise_int8_lightx2v_4step.safetensors
2026-07-24 05:14:29.975 | INFO     | lightx2v.models.networks.base_model:_load_quant_ckpt:509 - Loading weights from /data/fuhaiwen1/LightX2V/models/lightx2v/Wan2.2-Distill-Models/wan2.2_i2v_A14b_low_noise_int8_lightx2v_4step.safetensors
2026-07-24 05:14:29.975 | INFO     | lightx2v.models.networks.base_model:_load_quant_ckpt:509 - Loading weights from /data/fuhaiwen1/LightX2V/models/lightx2v/Wan2.2-Distill-Models/wan2.2_i2v_A14b_low_noise_int8_lightx2v_4step.safetensors
2026-07-24 05:14:29.980 | INFO     | lightx2v.models.networks.base_model:_load_quant_ckpt:509 - Loading weights from /data/fuhaiwen1/LightX2V/models/lightx2v/Wan2.2-Distill-Models/wan2.2_i2v_A14b_low_noise_int8_lightx2v_4step.safetensors
2026-07-24 05:14:30.004 | INFO     | lightx2v.utils.custom_compiler:_discover_compiled_methods:120 - [Compile] Discovering compiled methods for WanModel...
2026-07-24 05:14:30.005 | INFO     | lightx2v.utils.custom_compiler:_discover_compiled_methods:125 - [Compile] Found compiled method: _infer_cond_uncond
2026-07-24 05:14:30.340 | INFO     | lightx2v.utils.custom_compiler:_discover_compiled_methods:120 - [Compile] Discovering compiled methods for WanModel...
2026-07-24 05:14:30.340 | INFO     | lightx2v.utils.custom_compiler:_discover_compiled_methods:125 - [Compile] Found compiled method: _infer_cond_uncond
2026-07-24 05:14:33.229 | INFO     | lightx2v.models.networks.base_model:_load_quant_ckpt:509 - Loading weights from /data/fuhaiwen1/LightX2V/models/lightx2v/Wan2.2-Distill-Models/wan2.2_i2v_A14b_low_noise_int8_lightx2v_4step.safetensors
2026-07-24 05:14:33.229 | INFO     | lightx2v.models.networks.base_model:_load_quant_ckpt:509 - Loading weights from /data/fuhaiwen1/LightX2V/models/lightx2v/Wan2.2-Distill-Models/wan2.2_i2v_A14b_low_noise_int8_lightx2v_4step.safetensors
2026-07-24 05:16:07.266 | INFO     | lightx2v.models.runners.wan.wan_runner:__init__:858 - boundary: 0.9, boundary_timestep: 900.0
2026-07-24 05:16:07.352 | INFO     | lightx2v.utils.utils:load_weights:516 - Loading weights from /data/fuhaiwen1/LightX2V/models/Wan-AI/Wan2.2-I2V-A14B/models_t5_umt5-xxl-enc-bf16.pth
2026-07-24 05:16:08.967 | INFO     | lightx2v.models.runners.wan.wan_runner:__init__:858 - boundary: 0.9, boundary_timestep: 900.0
2026-07-24 05:16:08.971 | INFO     | lightx2v.models.runners.wan.wan_runner:__init__:858 - boundary: 0.9, boundary_timestep: 900.0
2026-07-24 05:16:08.989 | INFO     | lightx2v.models.runners.wan.wan_runner:__init__:858 - boundary: 0.9, boundary_timestep: 900.0
2026-07-24 05:16:09.006 | INFO     | lightx2v.models.runners.wan.wan_runner:__init__:858 - boundary: 0.9, boundary_timestep: 900.0
2026-07-24 05:16:09.068 | INFO     | lightx2v.models.runners.wan.wan_runner:__init__:858 - boundary: 0.9, boundary_timestep: 900.0
2026-07-24 05:16:09.143 | INFO     | lightx2v.models.runners.wan.wan_runner:__init__:858 - boundary: 0.9, boundary_timestep: 900.0
2026-07-24 05:16:09.179 | INFO     | lightx2v.models.runners.wan.wan_runner:__init__:858 - boundary: 0.9, boundary_timestep: 900.0
2026-07-24 05:16:09.269 | INFO     | lightx2v.utils.utils:load_weights:516 - Loading weights from /data/fuhaiwen1/LightX2V/models/Wan-AI/Wan2.2-I2V-A14B/models_t5_umt5-xxl-enc-bf16.pth
2026-07-24 05:16:09.279 | INFO     | lightx2v.utils.utils:load_weights:516 - Loading weights from /data/fuhaiwen1/LightX2V/models/Wan-AI/Wan2.2-I2V-A14B/models_t5_umt5-xxl-enc-bf16.pth
2026-07-24 05:16:09.294 | INFO     | lightx2v.utils.utils:load_weights:516 - Loading weights from /data/fuhaiwen1/LightX2V/models/Wan-AI/Wan2.2-I2V-A14B/models_t5_umt5-xxl-enc-bf16.pth
2026-07-24 05:16:09.313 | INFO     | lightx2v.utils.utils:load_weights:516 - Loading weights from /data/fuhaiwen1/LightX2V/models/Wan-AI/Wan2.2-I2V-A14B/models_t5_umt5-xxl-enc-bf16.pth
2026-07-24 05:16:09.359 | INFO     | lightx2v.utils.utils:load_weights:516 - Loading weights from /data/fuhaiwen1/LightX2V/models/Wan-AI/Wan2.2-I2V-A14B/models_t5_umt5-xxl-enc-bf16.pth
2026-07-24 05:16:09.390 | INFO     | lightx2v.utils.utils:load_weights:516 - Loading weights from /data/fuhaiwen1/LightX2V/models/Wan-AI/Wan2.2-I2V-A14B/models_t5_umt5-xxl-enc-bf16.pth
2026-07-24 05:16:09.394 | INFO     | lightx2v.utils.utils:load_weights:516 - Loading weights from /data/fuhaiwen1/LightX2V/models/Wan-AI/Wan2.2-I2V-A14B/models_t5_umt5-xxl-enc-bf16.pth
2026-07-24 05:16:56.562 | INFO     | lightx2v.utils.utils:load_weights:516 - Loading weights from /data/fuhaiwen1/LightX2V/models/Wan-AI/Wan2.2-I2V-A14B/Wan2.1_VAE.pth
2026-07-24 05:16:57.079 | INFO     | lightx2v.utils.utils:load_weights:516 - Loading weights from /data/fuhaiwen1/LightX2V/models/Wan-AI/Wan2.2-I2V-A14B/Wan2.1_VAE.pth
2026-07-24 05:16:57.177 | INFO     | lightx2v.utils.utils:load_weights:516 - Loading weights from /data/fuhaiwen1/LightX2V/models/Wan-AI/Wan2.2-I2V-A14B/Wan2.1_VAE.pth
2026-07-24 05:16:57.299 | INFO     | lightx2v.utils.utils:load_weights:516 - Loading weights from /data/fuhaiwen1/LightX2V/models/Wan-AI/Wan2.2-I2V-A14B/Wan2.1_VAE.pth
2026-07-24 05:16:57.364 | INFO     | lightx2v.utils.utils:load_weights:516 - Loading weights from /data/fuhaiwen1/LightX2V/models/Wan-AI/Wan2.2-I2V-A14B/Wan2.1_VAE.pth
2026-07-24 05:16:57.816 | INFO     | lightx2v.utils.utils:load_weights:516 - Loading weights from /data/fuhaiwen1/LightX2V/models/Wan-AI/Wan2.2-I2V-A14B/Wan2.1_VAE.pth
2026-07-24 05:16:58.762 | INFO     | lightx2v.utils.utils:load_weights:516 - Loading weights from /data/fuhaiwen1/LightX2V/models/Wan-AI/Wan2.2-I2V-A14B/Wan2.1_VAE.pth
2026-07-24 05:16:59.916 | INFO     | lightx2v.utils.utils:load_weights:516 - Loading weights from /data/fuhaiwen1/LightX2V/models/Wan-AI/Wan2.2-I2V-A14B/Wan2.1_VAE.pth
2026-07-24 05:17:00.952 | INFO     | lightx2v.utils.profiler:__exit__:87 - [Profile] Single GPU - Level2_Log Load models cost 265.866188 seconds
2026-07-24 05:17:00.955 | INFO     | lightx2v.utils.profiler:__exit__:87 - [Profile] Single GPU - Level2_Log Load models cost 265.869304 seconds
2026-07-24 05:17:01.011 | INFO     | lightx2v.utils.profiler:__exit__:87 - [Profile] Single GPU - Level2_Log Load models cost 265.921589 seconds
2026-07-24 05:17:01.012 | INFO     | lightx2v.utils.profiler:__exit__:87 - [Profile] Single GPU - Level2_Log Load models cost 265.922904 seconds
2026-07-24 05:17:01.038 | INFO     | lightx2v.utils.profiler:__exit__:87 - [Profile] Single GPU - Level2_Log Load models cost 265.949263 seconds
2026-07-24 05:17:01.038 | INFO     | lightx2v.utils.profiler:__exit__:87 - [Profile] Single GPU - Level2_Log Load models cost 265.949966 seconds
2026-07-24 05:17:01.114 | INFO     | lightx2v.models.runners.wan.wan_runner:run_vae_encoder:739 - ori latent: 90x68, adjust_latent: 90x68, grid: 2x4
2026-07-24 05:17:01.243 | INFO     | lightx2v.models.runners.wan.wan_runner:run_vae_encoder:739 - ori latent: 90x68, adjust_latent: 90x68, grid: 2x4
2026-07-24 05:17:01.276 | INFO     | lightx2v.models.runners.wan.wan_runner:run_vae_encoder:739 - ori latent: 90x68, adjust_latent: 90x68, grid: 2x4
2026-07-24 05:17:01.399 | INFO     | lightx2v.utils.profiler:__exit__:87 - [Profile] Single GPU - Level2_Log Load models cost 266.314425 seconds
2026-07-24 05:17:01.405 | INFO     | lightx2v.utils.profiler:__exit__:87 - [Profile] Single GPU - Level2_Log Load models cost 266.321164 seconds
2026-07-24 05:17:01.592 | INFO     | lightx2v.models.runners.wan.wan_runner:run_vae_encoder:739 - ori latent: 90x68, adjust_latent: 90x68, grid: 2x4
2026-07-24 05:17:01.671 | INFO     | lightx2v.utils.profiler:__exit__:87 - [Profile] Single GPU - Level2_Log Load models cost 266.582694 seconds
2026-07-24 05:17:01.672 | INFO     | lightx2v.utils.profiler:__exit__:87 - [Profile] Single GPU - Level2_Log Load models cost 266.584011 seconds
2026-07-24 05:17:01.822 | INFO     | lightx2v.models.runners.wan.wan_runner:run_vae_encoder:739 - ori latent: 90x68, adjust_latent: 90x68, grid: 2x4
2026-07-24 05:17:02.291 | INFO     | lightx2v.utils.profiler:__exit__:87 - [Profile] Single GPU - Level2_Log Load models cost 267.204928 seconds
2026-07-24 05:17:02.292 | INFO     | lightx2v.utils.profiler:__exit__:87 - [Profile] Single GPU - Level2_Log Load models cost 267.206038 seconds
2026-07-24 05:17:02.317 | INFO     | lightx2v.models.runners.wan.wan_runner:run_vae_encoder:739 - ori latent: 90x68, adjust_latent: 90x68, grid: 2x4
2026-07-24 05:17:02.328 | INFO     | lightx2v.utils.profiler:__exit__:87 - [Profile] Single GPU - Level2_Log Load models cost 267.240061 seconds
2026-07-24 05:17:02.328 | INFO     | lightx2v.utils.profiler:__exit__:87 - [Profile] Single GPU - Level2_Log Load models cost 267.240834 seconds
2026-07-24 05:17:02.333 | INFO     | lightx2v.utils.profiler:__exit__:87 - [Profile] Single GPU - Level2_Log Load models cost 267.244054 seconds
2026-07-24 05:17:02.333 | INFO     | lightx2v.utils.profiler:__exit__:87 - [Profile] Single GPU - Level2_Log Load models cost 267.244546 seconds
2026-07-24 05:17:02.352 | INFO     | lightx2v.models.runners.wan.wan_runner:run_vae_encoder:739 - ori latent: 90x68, adjust_latent: 90x68, grid: 2x4
2026-07-24 05:17:02.360 | INFO     | lightx2v.models.runners.wan.wan_runner:run_vae_encoder:739 - ori latent: 90x68, adjust_latent: 90x68, grid: 2x4
2026-07-24 05:17:03.126 | INFO     | lightx2v.utils.profiler:__exit__:87 - [Profile] Single GPU - Level1_Log Run VAE Encoder cost 0.809192 seconds
2026-07-24 05:17:03.126 | INFO     | lightx2v.utils.profiler:__exit__:87 - [Profile] Single GPU - Level1_Log Run VAE Encoder cost 0.773770 seconds
2026-07-24 05:17:03.126 | INFO     | lightx2v.utils.profiler:__exit__:87 - [Profile] Single GPU - Level1_Log Run VAE Encoder cost 0.766339 seconds
2026-07-24 05:17:03.127 | INFO     | lightx2v.utils.profiler:__exit__:87 - [Profile] Single GPU - Level1_Log Run VAE Encoder cost 1.883856 seconds
2026-07-24 05:17:03.127 | INFO     | lightx2v.utils.profiler:__exit__:87 - [Profile] Single GPU - Level1_Log Run VAE Encoder cost 1.534985 seconds
2026-07-24 05:17:03.128 | INFO     | lightx2v.utils.profiler:__exit__:87 - [Profile] Single GPU - Level1_Log Run VAE Encoder cost 1.852692 seconds
2026-07-24 05:17:03.128 | INFO     | lightx2v.utils.profiler:__exit__:87 - [Profile] Single GPU - Level1_Log Run VAE Encoder cost 1.305943 seconds
2026-07-24 05:17:03.129 | INFO     | lightx2v.utils.profiler:__exit__:87 - [Profile] Single GPU - Level1_Log Run VAE Encoder cost 2.014721 seconds
2026-07-24 05:17:03.299 | INFO     | lightx2v.utils.profiler:__exit__:87 - [Profile] Single GPU - Level1_Log Run Text Encoder cost 0.171617 seconds
2026-07-24 05:17:03.300 | INFO     | lightx2v.utils.profiler:__exit__:87 - [Profile] Single GPU - Level2_Log Run Encoders cost 2.287374 seconds
2026-07-24 05:17:03.301 | INFO     | lightx2v.models.runners.default_runner:run_main:450 - 🔄 start segment 1/1
2026-07-24 05:17:03.301 | INFO     | lightx2v.utils.profiler:__exit__:87 - [Profile] Single GPU - Level1_Log Run Text Encoder cost 0.174497 seconds
2026-07-24 05:17:03.302 | INFO     | lightx2v.utils.profiler:__exit__:87 - [Profile] Single GPU - Level2_Log Run Encoders cost 1.008716 seconds
2026-07-24 05:17:03.303 | INFO     | lightx2v.models.runners.default_runner:run_main:450 - 🔄 start segment 1/1
2026-07-24 05:17:03.304 | INFO     | lightx2v.models.runners.default_runner:run_segment:234 - ==> step_index: 1 / 4
2026-07-24 05:17:03.305 | INFO     | lightx2v.utils.profiler:__exit__:87 - [Profile] Rank 0 - Level1_Log step_pre cost 0.000108 seconds
2026-07-24 05:17:03.305 | INFO     | lightx2v.models.runners.wan.wan_runner:get_current_model_index:914 - using - HIGH - noise model at step_index 1
2026-07-24 05:17:03.306 | INFO     | lightx2v.utils.profiler:__exit__:87 - [Profile] Single GPU - Level2_Log Switch models in infer_main costs cost 0.000389 seconds
2026-07-24 05:17:03.319 | INFO     | lightx2v.utils.profiler:__exit__:87 - [Profile] Single GPU - Level1_Log Run Text Encoder cost 0.189479 seconds
2026-07-24 05:17:03.320 | INFO     | lightx2v.utils.profiler:__exit__:87 - [Profile] Single GPU - Level2_Log Run Encoders cost 2.364249 seconds
2026-07-24 05:17:03.321 | INFO     | lightx2v.utils.profiler:__exit__:87 - [Profile] Single GPU - Level1_Log Run Text Encoder cost 0.192841 seconds
2026-07-24 05:17:03.321 | INFO     | lightx2v.models.runners.default_runner:run_main:450 - 🔄 start segment 1/1
2026-07-24 05:17:03.321 | INFO     | lightx2v.utils.profiler:__exit__:87 - [Profile] Single GPU - Level2_Log Run Encoders cost 1.914501 seconds
2026-07-24 05:17:03.323 | INFO     | lightx2v.models.runners.default_runner:run_main:450 - 🔄 start segment 1/1
2026-07-24 05:17:03.325 | INFO     | lightx2v.utils.profiler:__exit__:87 - [Profile] Single GPU - Level1_Log Run Text Encoder cost 0.198122 seconds
2026-07-24 05:17:03.326 | INFO     | lightx2v.utils.profiler:__exit__:87 - [Profile] Single GPU - Level2_Log Run Encoders cost 0.991737 seconds
2026-07-24 05:17:03.327 | INFO     | lightx2v.models.runners.default_runner:run_main:450 - 🔄 start segment 1/1
2026-07-24 05:17:03.327 | INFO     | lightx2v.models.runners.default_runner:run_segment:234 - ==> step_index: 1 / 4
2026-07-24 05:17:03.328 | INFO     | lightx2v.utils.profiler:__exit__:87 - [Profile] Rank 1 - Level1_Log step_pre cost 0.000119 seconds
2026-07-24 05:17:03.328 | INFO     | lightx2v.models.runners.wan.wan_runner:get_current_model_index:914 - using - HIGH - noise model at step_index 1
2026-07-24 05:17:03.328 | INFO     | lightx2v.utils.profiler:__exit__:87 - [Profile] Single GPU - Level2_Log Switch models in infer_main costs cost 0.000427 seconds
2026-07-24 05:17:03.332 | INFO     | lightx2v.models.runners.default_runner:run_segment:234 - ==> step_index: 1 / 4
2026-07-24 05:17:03.332 | INFO     | lightx2v.models.runners.default_runner:run_segment:234 - ==> step_index: 1 / 4
2026-07-24 05:17:03.332 | INFO     | lightx2v.utils.profiler:__exit__:87 - [Profile] Rank 3 - Level1_Log step_pre cost 0.000116 seconds
2026-07-24 05:17:03.333 | INFO     | lightx2v.utils.profiler:__exit__:87 - [Profile] Rank 2 - Level1_Log step_pre cost 0.000413 seconds
2026-07-24 05:17:03.333 | INFO     | lightx2v.models.runners.wan.wan_runner:get_current_model_index:914 - using - HIGH - noise model at step_index 1
2026-07-24 05:17:03.333 | INFO     | lightx2v.utils.profiler:__exit__:87 - [Profile] Single GPU - Level2_Log Switch models in infer_main costs cost 0.000636 seconds
2026-07-24 05:17:03.334 | INFO     | lightx2v.models.runners.wan.wan_runner:get_current_model_index:914 - using - HIGH - noise model at step_index 1
2026-07-24 05:17:03.334 | INFO     | lightx2v.utils.profiler:__exit__:87 - [Profile] Single GPU - Level2_Log Switch models in infer_main costs cost 0.001053 seconds
2026-07-24 05:17:03.360 | INFO     | lightx2v.utils.profiler:__exit__:87 - [Profile] Single GPU - Level1_Log Run Text Encoder cost 0.231328 seconds
2026-07-24 05:17:03.361 | INFO     | lightx2v.utils.profiler:__exit__:87 - [Profile] Single GPU - Level2_Log Run Encoders cost 2.322239 seconds
2026-07-24 05:17:03.363 | INFO     | lightx2v.models.runners.default_runner:run_main:450 - 🔄 start segment 1/1
2026-07-24 05:17:03.367 | INFO     | lightx2v.models.runners.default_runner:run_segment:234 - ==> step_index: 1 / 4
2026-07-24 05:17:03.367 | INFO     | lightx2v.utils.profiler:__exit__:87 - [Profile] Rank 4 - Level1_Log step_pre cost 0.000098 seconds
2026-07-24 05:17:03.367 | INFO     | lightx2v.models.runners.wan.wan_runner:get_current_model_index:914 - using - HIGH - noise model at step_index 1
2026-07-24 05:17:03.368 | INFO     | lightx2v.utils.profiler:__exit__:87 - [Profile] Single GPU - Level2_Log Switch models in infer_main costs cost 0.000437 seconds
2026-07-24 05:17:03.377 | INFO     | lightx2v.utils.profiler:__exit__:87 - [Profile] Single GPU - Level1_Log Run Text Encoder cost 0.247316 seconds
2026-07-24 05:17:03.377 | INFO     | lightx2v.utils.profiler:__exit__:87 - [Profile] Single GPU - Level2_Log Run Encoders cost 1.704222 seconds
2026-07-24 05:17:03.379 | INFO     | lightx2v.models.runners.default_runner:run_main:450 - 🔄 start segment 1/1
2026-07-24 05:17:03.381 | INFO     | lightx2v.utils.profiler:__exit__:87 - [Profile] Single GPU - Level1_Log Run Text Encoder cost 0.253824 seconds
2026-07-24 05:17:03.381 | INFO     | lightx2v.utils.profiler:__exit__:87 - [Profile] Single GPU - Level2_Log Run Encoders cost 1.052540 seconds
2026-07-24 05:17:03.382 | INFO     | lightx2v.models.runners.default_runner:run_main:450 - 🔄 start segment 1/1
2026-07-24 05:17:03.383 | INFO     | lightx2v.models.runners.default_runner:run_segment:234 - ==> step_index: 1 / 4
2026-07-24 05:17:03.383 | INFO     | lightx2v.models.runners.default_runner:run_segment:234 - ==> step_index: 1 / 4
2026-07-24 05:17:03.384 | INFO     | lightx2v.utils.profiler:__exit__:87 - [Profile] Rank 6 - Level1_Log step_pre cost 0.000108 seconds
2026-07-24 05:17:03.384 | INFO     | lightx2v.utils.profiler:__exit__:87 - [Profile] Rank 5 - Level1_Log step_pre cost 0.000142 seconds
2026-07-24 05:17:03.384 | INFO     | lightx2v.models.runners.wan.wan_runner:get_current_model_index:914 - using - HIGH - noise model at step_index 1
2026-07-24 05:17:03.384 | INFO     | lightx2v.utils.profiler:__exit__:87 - [Profile] Single GPU - Level2_Log Switch models in infer_main costs cost 0.000341 seconds
2026-07-24 05:17:03.384 | INFO     | lightx2v.models.runners.wan.wan_runner:get_current_model_index:914 - using - HIGH - noise model at step_index 1
2026-07-24 05:17:03.384 | INFO     | lightx2v.utils.profiler:__exit__:87 - [Profile] Single GPU - Level2_Log Switch models in infer_main costs cost 0.000430 seconds
2026-07-24 05:17:03.386 | INFO     | lightx2v.models.runners.default_runner:run_segment:234 - ==> step_index: 1 / 4
2026-07-24 05:17:03.387 | INFO     | lightx2v.utils.profiler:__exit__:87 - [Profile] Rank 7 - Level1_Log step_pre cost 0.000174 seconds
2026-07-24 05:17:03.387 | INFO     | lightx2v.models.runners.wan.wan_runner:get_current_model_index:914 - using - HIGH - noise model at step_index 1
2026-07-24 05:17:03.387 | INFO     | lightx2v.utils.profiler:__exit__:87 - [Profile] Single GPU - Level2_Log Switch models in infer_main costs cost 0.000436 seconds
Warning: Sage2++ NOT enabled
Warning: Sage2++ NOT enabled
Warning: Sage2++ NOT enabled
Warning: Sage2++ NOT enabled
Warning: Sage2++ NOT enabled
Warning: Sage2++ NOT enabled
Warning: Sage2++ NOT enabled
Warning: Sage2++ NOT enabled
2026-07-24 05:17:09.145 | INFO     | lightx2v.utils.profiler:__exit__:87 - [Profile] Rank 0 - Level1_Log 🚀 infer_main cost 5.840120 seconds
2026-07-24 05:17:09.147 | INFO     | lightx2v.utils.profiler:__exit__:87 - [Profile] Rank 6 - Level1_Log 🚀 infer_main cost 5.763439 seconds
2026-07-24 05:17:09.148 | INFO     | lightx2v.utils.profiler:__exit__:87 - [Profile] Rank 0 - Level1_Log step_post cost 0.000914 seconds
2026-07-24 05:17:09.148 | INFO     | lightx2v.utils.profiler:__exit__:87 - [Profile] Rank 0 - Level1_Log Run Dit every step cost 5.843622 seconds
2026-07-24 05:17:09.148 | INFO     | lightx2v.models.runners.default_runner:run_segment:234 - ==> step_index: 2 / 4
2026-07-24 05:17:09.149 | INFO     | lightx2v.utils.profiler:__exit__:87 - [Profile] Rank 0 - Level1_Log step_pre cost 0.000120 seconds
2026-07-24 05:17:09.149 | INFO     | lightx2v.utils.profiler:__exit__:87 - [Profile] Rank 6 - Level1_Log step_post cost 0.001144 seconds
2026-07-24 05:17:09.149 | INFO     | lightx2v.models.runners.wan.wan_runner:get_current_model_index:914 - using - HIGH - noise model at step_index 2
2026-07-24 05:17:09.149 | INFO     | lightx2v.utils.profiler:__exit__:87 - [Profile] Rank 6 - Level1_Log Run Dit every step cost 5.766229 seconds
2026-07-24 05:17:09.149 | INFO     | lightx2v.utils.profiler:__exit__:87 - [Profile] Single GPU - Level2_Log Switch models in infer_main costs cost 0.000309 seconds
2026-07-24 05:17:09.150 | INFO     | lightx2v.utils.profiler:__exit__:87 - [Profile] Rank 3 - Level1_Log 🚀 infer_main cost 5.817907 seconds
2026-07-24 05:17:09.151 | INFO     | lightx2v.utils.profiler:__exit__:87 - [Profile] Rank 4 - Level1_Log 🚀 infer_main cost 5.783364 seconds
2026-07-24 05:17:09.152 | INFO     | lightx2v.utils.profiler:__exit__:87 - [Profile] Rank 3 - Level1_Log step_post cost 0.001198 seconds
2026-07-24 05:17:09.152 | INFO     | lightx2v.utils.profiler:__exit__:87 - [Profile] Rank 3 - Level1_Log Run Dit every step cost 5.821215 seconds
2026-07-24 05:17:09.155 | INFO     | lightx2v.utils.profiler:__exit__:87 - [Profile] Rank 4 - Level1_Log step_post cost 0.003201 seconds
2026-07-24 05:17:09.155 | INFO     | lightx2v.utils.profiler:__exit__:87 - [Profile] Rank 4 - Level1_Log Run Dit every step cost 5.788871 seconds
2026-07-24 05:17:09.158 | INFO     | lightx2v.utils.profiler:__exit__:87 - [Profile] Rank 1 - Level1_Log 🚀 infer_main cost 5.830096 seconds
2026-07-24 05:17:09.159 | INFO     | lightx2v.utils.profiler:__exit__:87 - [Profile] Rank 1 - Level1_Log step_post cost 0.001130 seconds
2026-07-24 05:17:09.160 | INFO     | lightx2v.utils.profiler:__exit__:87 - [Profile] Rank 1 - Level1_Log Run Dit every step cost 5.832592 seconds
2026-07-24 05:17:09.160 | INFO     | lightx2v.models.runners.default_runner:run_segment:234 - ==> step_index: 2 / 4
2026-07-24 05:17:09.160 | INFO     | lightx2v.utils.profiler:__exit__:87 - [Profile] Rank 1 - Level1_Log step_pre cost 0.000112 seconds
2026-07-24 05:17:09.161 | INFO     | lightx2v.models.runners.wan.wan_runner:get_current_model_index:914 - using - HIGH - noise model at step_index 2
2026-07-24 05:17:09.161 | INFO     | lightx2v.utils.profiler:__exit__:87 - [Profile] Single GPU - Level2_Log Switch models in infer_main costs cost 0.000203 seconds
2026-07-24 05:17:09.162 | INFO     | lightx2v.utils.profiler:__exit__:87 - [Profile] Rank 2 - Level1_Log 🚀 infer_main cost 5.828996 seconds
2026-07-24 05:17:09.164 | INFO     | lightx2v.utils.profiler:__exit__:87 - [Profile] Rank 7 - Level1_Log 🚀 infer_main cost 5.777536 seconds
2026-07-24 05:17:09.166 | INFO     | lightx2v.utils.profiler:__exit__:87 - [Profile] Rank 7 - Level1_Log step_post cost 0.001402 seconds
2026-07-24 05:17:09.167 | INFO     | lightx2v.utils.profiler:__exit__:87 - [Profile] Rank 7 - Level1_Log Run Dit every step cost 5.780611 seconds
2026-07-24 05:17:09.167 | INFO     | lightx2v.utils.profiler:__exit__:87 - [Profile] Rank 5 - Level1_Log 🚀 infer_main cost 5.782270 seconds
2026-07-24 05:17:09.167 | INFO     | lightx2v.utils.profiler:__exit__:87 - [Profile] Rank 2 - Level1_Log step_post cost 0.003552 seconds
2026-07-24 05:17:09.168 | INFO     | lightx2v.utils.profiler:__exit__:87 - [Profile] Rank 2 - Level1_Log Run Dit every step cost 5.836455 seconds
2026-07-24 05:17:09.169 | INFO     | lightx2v.models.runners.default_runner:run_segment:234 - ==> step_index: 2 / 4
2026-07-24 05:17:09.169 | INFO     | lightx2v.models.runners.default_runner:run_segment:234 - ==> step_index: 2 / 4
2026-07-24 05:17:09.169 | INFO     | lightx2v.models.runners.default_runner:run_segment:234 - ==> step_index: 2 / 4
2026-07-24 05:17:09.169 | INFO     | lightx2v.utils.profiler:__exit__:87 - [Profile] Rank 3 - Level1_Log step_pre cost 0.000197 seconds
2026-07-24 05:17:09.170 | INFO     | lightx2v.utils.profiler:__exit__:87 - [Profile] Rank 2 - Level1_Log step_pre cost 0.000159 seconds
2026-07-24 05:17:09.170 | INFO     | lightx2v.models.runners.wan.wan_runner:get_current_model_index:914 - using - HIGH - noise model at step_index 2
2026-07-24 05:17:09.170 | INFO     | lightx2v.models.runners.wan.wan_runner:get_current_model_index:914 - using - HIGH - noise model at step_index 2
2026-07-24 05:17:09.170 | INFO     | lightx2v.utils.profiler:__exit__:87 - [Profile] Rank 4 - Level1_Log step_pre cost 0.000350 seconds
2026-07-24 05:17:09.170 | INFO     | lightx2v.utils.profiler:__exit__:87 - [Profile] Single GPU - Level2_Log Switch models in infer_main costs cost 0.000265 seconds
2026-07-24 05:17:09.170 | INFO     | lightx2v.utils.profiler:__exit__:87 - [Profile] Single GPU - Level2_Log Switch models in infer_main costs cost 0.000375 seconds
2026-07-24 05:17:09.170 | INFO     | lightx2v.utils.profiler:__exit__:87 - [Profile] Rank 5 - Level1_Log step_post cost 0.002446 seconds
2026-07-24 05:17:09.170 | INFO     | lightx2v.utils.profiler:__exit__:87 - [Profile] Rank 5 - Level1_Log Run Dit every step cost 5.787462 seconds
2026-07-24 05:17:09.171 | INFO     | lightx2v.models.runners.wan.wan_runner:get_current_model_index:914 - using - HIGH - noise model at step_index 2
2026-07-24 05:17:09.171 | INFO     | lightx2v.utils.profiler:__exit__:87 - [Profile] Single GPU - Level2_Log Switch models in infer_main costs cost 0.000705 seconds
2026-07-24 05:17:09.171 | INFO     | lightx2v.models.runners.default_runner:run_segment:234 - ==> step_index: 2 / 4
2026-07-24 05:17:09.171 | INFO     | lightx2v.models.runners.default_runner:run_segment:234 - ==> step_index: 2 / 4
2026-07-24 05:17:09.171 | INFO     | lightx2v.models.runners.default_runner:run_segment:234 - ==> step_index: 2 / 4
2026-07-24 05:17:09.172 | INFO     | lightx2v.utils.profiler:__exit__:87 - [Profile] Rank 6 - Level1_Log step_pre cost 0.000164 seconds
2026-07-24 05:17:09.172 | INFO     | lightx2v.utils.profiler:__exit__:87 - [Profile] Rank 7 - Level1_Log step_pre cost 0.000134 seconds
2026-07-24 05:17:09.172 | INFO     | lightx2v.utils.profiler:__exit__:87 - [Profile] Rank 5 - Level1_Log step_pre cost 0.000169 seconds
2026-07-24 05:17:09.172 | INFO     | lightx2v.models.runners.wan.wan_runner:get_current_model_index:914 - using - HIGH - noise model at step_index 2
2026-07-24 05:17:09.172 | INFO     | lightx2v.models.runners.wan.wan_runner:get_current_model_index:914 - using - HIGH - noise model at step_index 2
2026-07-24 05:17:09.172 | INFO     | lightx2v.utils.profiler:__exit__:87 - [Profile] Single GPU - Level2_Log Switch models in infer_main costs cost 0.000284 seconds
2026-07-24 05:17:09.172 | INFO     | lightx2v.utils.profiler:__exit__:87 - [Profile] Single GPU - Level2_Log Switch models in infer_main costs cost 0.000285 seconds
2026-07-24 05:17:09.172 | INFO     | lightx2v.models.runners.wan.wan_runner:get_current_model_index:914 - using - HIGH - noise model at step_index 2
2026-07-24 05:17:09.173 | INFO     | lightx2v.utils.profiler:__exit__:87 - [Profile] Single GPU - Level2_Log Switch models in infer_main costs cost 0.000393 seconds
2026-07-24 05:17:13.064 | INFO     | lightx2v.utils.profiler:__exit__:87 - [Profile] Rank 0 - Level1_Log 🚀 infer_main cost 3.915411 seconds
2026-07-24 05:17:13.067 | INFO     | lightx2v.utils.profiler:__exit__:87 - [Profile] Rank 0 - Level1_Log step_post cost 0.001333 seconds
2026-07-24 05:17:13.067 | INFO     | lightx2v.utils.profiler:__exit__:87 - [Profile] Rank 0 - Level1_Log Run Dit every step cost 3.918984 seconds
2026-07-24 05:17:13.067 | INFO     | lightx2v.utils.profiler:__exit__:87 - [Profile] Rank 6 - Level1_Log 🚀 infer_main cost 3.895248 seconds
2026-07-24 05:17:13.068 | INFO     | lightx2v.models.runners.default_runner:run_segment:234 - ==> step_index: 3 / 4
2026-07-24 05:17:13.068 | INFO     | lightx2v.utils.profiler:__exit__:87 - [Profile] Rank 0 - Level1_Log step_pre cost 0.000098 seconds
2026-07-24 05:17:13.068 | INFO     | lightx2v.models.runners.wan.wan_runner:get_current_model_index:924 - using - LOW - noise model at step_index 3
2026-07-24 05:17:13.068 | INFO     | lightx2v.utils.profiler:__exit__:87 - [Profile] Rank 4 - Level1_Log 🚀 infer_main cost 3.897286 seconds
2026-07-24 05:17:13.068 | INFO     | lightx2v.utils.profiler:__exit__:87 - [Profile] Single GPU - Level2_Log Switch models in infer_main costs cost 0.000271 seconds
2026-07-24 05:17:13.069 | INFO     | lightx2v.utils.profiler:__exit__:87 - [Profile] Rank 3 - Level1_Log 🚀 infer_main cost 3.898780 seconds
2026-07-24 05:17:13.071 | INFO     | lightx2v.utils.profiler:__exit__:87 - [Profile] Rank 6 - Level1_Log step_post cost 0.003690 seconds
2026-07-24 05:17:13.072 | INFO     | lightx2v.utils.profiler:__exit__:87 - [Profile] Rank 6 - Level1_Log Run Dit every step cost 3.922378 seconds
2026-07-24 05:17:13.072 | INFO     | lightx2v.utils.profiler:__exit__:87 - [Profile] Rank 4 - Level1_Log step_post cost 0.003545 seconds
2026-07-24 05:17:13.072 | INFO     | lightx2v.utils.profiler:__exit__:87 - [Profile] Rank 4 - Level1_Log Run Dit every step cost 3.916620 seconds
2026-07-24 05:17:13.073 | INFO     | lightx2v.utils.profiler:__exit__:87 - [Profile] Rank 3 - Level1_Log step_post cost 0.003655 seconds
2026-07-24 05:17:13.073 | INFO     | lightx2v.utils.profiler:__exit__:87 - [Profile] Rank 3 - Level1_Log Run Dit every step cost 3.920826 seconds
2026-07-24 05:17:13.075 | INFO     | lightx2v.utils.profiler:__exit__:87 - [Profile] Rank 1 - Level1_Log 🚀 infer_main cost 3.914951 seconds
2026-07-24 05:17:13.078 | INFO     | lightx2v.utils.profiler:__exit__:87 - [Profile] Rank 1 - Level1_Log step_post cost 0.002171 seconds
2026-07-24 05:17:13.078 | INFO     | lightx2v.utils.profiler:__exit__:87 - [Profile] Rank 1 - Level1_Log Run Dit every step cost 3.918516 seconds
2026-07-24 05:17:13.078 | INFO     | lightx2v.utils.profiler:__exit__:87 - [Profile] Rank 2 - Level1_Log 🚀 infer_main cost 3.908759 seconds
2026-07-24 05:17:13.079 | INFO     | lightx2v.models.runners.default_runner:run_segment:234 - ==> step_index: 3 / 4
2026-07-24 05:17:13.079 | INFO     | lightx2v.utils.profiler:__exit__:87 - [Profile] Rank 1 - Level1_Log step_pre cost 0.000205 seconds
2026-07-24 05:17:13.080 | INFO     | lightx2v.models.runners.wan.wan_runner:get_current_model_index:924 - using - LOW - noise model at step_index 3
2026-07-24 05:17:13.080 | INFO     | lightx2v.utils.profiler:__exit__:87 - [Profile] Single GPU - Level2_Log Switch models in infer_main costs cost 0.000537 seconds
2026-07-24 05:17:13.081 | INFO     | lightx2v.utils.profiler:__exit__:87 - [Profile] Rank 2 - Level1_Log step_post cost 0.002488 seconds
2026-07-24 05:17:13.082 | INFO     | lightx2v.utils.profiler:__exit__:87 - [Profile] Rank 2 - Level1_Log Run Dit every step cost 3.913477 seconds
2026-07-24 05:17:13.082 | INFO     | lightx2v.models.runners.default_runner:run_segment:234 - ==> step_index: 3 / 4
2026-07-24 05:17:13.082 | INFO     | lightx2v.models.runners.default_runner:run_segment:234 - ==> step_index: 3 / 4
2026-07-24 05:17:13.083 | INFO     | lightx2v.models.runners.default_runner:run_segment:234 - ==> step_index: 3 / 4
2026-07-24 05:17:13.083 | INFO     | lightx2v.utils.profiler:__exit__:87 - [Profile] Rank 3 - Level1_Log step_pre cost 0.000116 seconds
2026-07-24 05:17:13.083 | INFO     | lightx2v.utils.profiler:__exit__:87 - [Profile] Rank 4 - Level1_Log step_pre cost 0.000241 seconds
2026-07-24 05:17:13.083 | INFO     | lightx2v.utils.profiler:__exit__:87 - [Profile] Rank 2 - Level1_Log step_pre cost 0.000125 seconds
2026-07-24 05:17:13.083 | INFO     | lightx2v.models.runners.wan.wan_runner:get_current_model_index:924 - using - LOW - noise model at step_index 3
2026-07-24 05:17:13.083 | INFO     | lightx2v.utils.profiler:__exit__:87 - [Profile] Rank 7 - Level1_Log 🚀 infer_main cost 3.910941 seconds
2026-07-24 05:17:13.083 | INFO     | lightx2v.models.runners.wan.wan_runner:get_current_model_index:924 - using - LOW - noise model at step_index 3
2026-07-24 05:17:13.083 | INFO     | lightx2v.utils.profiler:__exit__:87 - [Profile] Single GPU - Level2_Log Switch models in infer_main costs cost 0.000377 seconds
2026-07-24 05:17:13.084 | INFO     | lightx2v.utils.profiler:__exit__:87 - [Profile] Single GPU - Level2_Log Switch models in infer_main costs cost 0.000415 seconds
2026-07-24 05:17:13.084 | INFO     | lightx2v.models.runners.wan.wan_runner:get_current_model_index:924 - using - LOW - noise model at step_index 3
2026-07-24 05:17:13.084 | INFO     | lightx2v.utils.profiler:__exit__:87 - [Profile] Single GPU - Level2_Log Switch models in infer_main costs cost 0.000540 seconds
2026-07-24 05:17:13.084 | INFO     | lightx2v.utils.profiler:__exit__:87 - [Profile] Rank 5 - Level1_Log 🚀 infer_main cost 3.912430 seconds
2026-07-24 05:17:13.085 | INFO     | lightx2v.utils.profiler:__exit__:87 - [Profile] Rank 7 - Level1_Log step_post cost 0.001885 seconds
2026-07-24 05:17:13.086 | INFO     | lightx2v.utils.profiler:__exit__:87 - [Profile] Rank 7 - Level1_Log Run Dit every step cost 3.918728 seconds
2026-07-24 05:17:13.089 | INFO     | lightx2v.utils.profiler:__exit__:87 - [Profile] Rank 5 - Level1_Log step_post cost 0.003811 seconds
2026-07-24 05:17:13.089 | INFO     | lightx2v.utils.profiler:__exit__:87 - [Profile] Rank 5 - Level1_Log Run Dit every step cost 3.918590 seconds
2026-07-24 05:17:13.090 | INFO     | lightx2v.models.runners.default_runner:run_segment:234 - ==> step_index: 3 / 4
2026-07-24 05:17:13.090 | INFO     | lightx2v.models.runners.default_runner:run_segment:234 - ==> step_index: 3 / 4
2026-07-24 05:17:13.090 | INFO     | lightx2v.models.runners.default_runner:run_segment:234 - ==> step_index: 3 / 4
2026-07-24 05:17:13.091 | INFO     | lightx2v.utils.profiler:__exit__:87 - [Profile] Rank 7 - Level1_Log step_pre cost 0.000107 seconds
2026-07-24 05:17:13.091 | INFO     | lightx2v.utils.profiler:__exit__:87 - [Profile] Rank 5 - Level1_Log step_pre cost 0.000244 seconds
2026-07-24 05:17:13.091 | INFO     | lightx2v.models.runners.wan.wan_runner:get_current_model_index:924 - using - LOW - noise model at step_index 3
2026-07-24 05:17:13.091 | INFO     | lightx2v.utils.profiler:__exit__:87 - [Profile] Single GPU - Level2_Log Switch models in infer_main costs cost 0.000326 seconds
2026-07-24 05:17:13.091 | INFO     | lightx2v.models.runners.wan.wan_runner:get_current_model_index:924 - using - LOW - noise model at step_index 3
2026-07-24 05:17:13.091 | INFO     | lightx2v.utils.profiler:__exit__:87 - [Profile] Rank 6 - Level1_Log step_pre cost 0.000342 seconds
2026-07-24 05:17:13.092 | INFO     | lightx2v.utils.profiler:__exit__:87 - [Profile] Single GPU - Level2_Log Switch models in infer_main costs cost 0.000309 seconds
2026-07-24 05:17:13.092 | INFO     | lightx2v.models.runners.wan.wan_runner:get_current_model_index:924 - using - LOW - noise model at step_index 3
2026-07-24 05:17:13.092 | INFO     | lightx2v.utils.profiler:__exit__:87 - [Profile] Single GPU - Level2_Log Switch models in infer_main costs cost 0.000382 seconds
2026-07-24 05:17:17.102 | INFO     | lightx2v.utils.profiler:__exit__:87 - [Profile] Rank 0 - Level1_Log 🚀 infer_main cost 4.033629 seconds
2026-07-24 05:17:17.102 | INFO     | lightx2v.utils.profiler:__exit__:87 - [Profile] Rank 4 - Level1_Log 🚀 infer_main cost 4.019081 seconds
2026-07-24 05:17:17.103 | INFO     | lightx2v.utils.profiler:__exit__:87 - [Profile] Rank 6 - Level1_Log 🚀 infer_main cost 4.011044 seconds
2026-07-24 05:17:17.107 | INFO     | lightx2v.utils.profiler:__exit__:87 - [Profile] Rank 1 - Level1_Log 🚀 infer_main cost 4.027422 seconds
2026-07-24 05:17:17.108 | INFO     | lightx2v.utils.profiler:__exit__:87 - [Profile] Rank 3 - Level1_Log 🚀 infer_main cost 4.025244 seconds
2026-07-24 05:17:17.114 | INFO     | lightx2v.utils.profiler:__exit__:87 - [Profile] Rank 2 - Level1_Log 🚀 infer_main cost 4.030212 seconds
2026-07-24 05:17:17.115 | INFO     | lightx2v.utils.profiler:__exit__:87 - [Profile] Rank 5 - Level1_Log 🚀 infer_main cost 4.023981 seconds
2026-07-24 05:17:17.116 | INFO     | lightx2v.utils.profiler:__exit__:87 - [Profile] Rank 7 - Level1_Log 🚀 infer_main cost 4.024606 seconds
2026-07-24 05:17:17.159 | INFO     | lightx2v.utils.profiler:__exit__:87 - [Profile] Rank 0 - Level1_Log step_post cost 0.056009 seconds
2026-07-24 05:17:17.159 | INFO     | lightx2v.utils.profiler:__exit__:87 - [Profile] Rank 0 - Level1_Log Run Dit every step cost 4.091645 seconds
2026-07-24 05:17:17.160 | INFO     | lightx2v.models.runners.default_runner:run_segment:234 - ==> step_index: 4 / 4
2026-07-24 05:17:17.160 | INFO     | lightx2v.utils.profiler:__exit__:87 - [Profile] Rank 0 - Level1_Log step_pre cost 0.000148 seconds
2026-07-24 05:17:17.160 | INFO     | lightx2v.models.runners.wan.wan_runner:get_current_model_index:924 - using - LOW - noise model at step_index 4
2026-07-24 05:17:17.161 | INFO     | lightx2v.utils.profiler:__exit__:87 - [Profile] Single GPU - Level2_Log Switch models in infer_main costs cost 0.000445 seconds
2026-07-24 05:17:17.182 | INFO     | lightx2v.utils.profiler:__exit__:87 - [Profile] Rank 4 - Level1_Log step_post cost 0.079202 seconds
2026-07-24 05:17:17.183 | INFO     | lightx2v.utils.profiler:__exit__:87 - [Profile] Rank 4 - Level1_Log Run Dit every step cost 4.109966 seconds
2026-07-24 05:17:17.188 | INFO     | lightx2v.utils.profiler:__exit__:87 - [Profile] Rank 6 - Level1_Log step_post cost 0.084293 seconds
2026-07-24 05:17:17.189 | INFO     | lightx2v.utils.profiler:__exit__:87 - [Profile] Rank 6 - Level1_Log Run Dit every step cost 4.116481 seconds
2026-07-24 05:17:17.193 | INFO     | lightx2v.utils.profiler:__exit__:87 - [Profile] Rank 2 - Level1_Log step_post cost 0.078791 seconds
2026-07-24 05:17:17.193 | INFO     | lightx2v.utils.profiler:__exit__:87 - [Profile] Rank 2 - Level1_Log Run Dit every step cost 4.111463 seconds
2026-07-24 05:17:17.194 | INFO     | lightx2v.utils.profiler:__exit__:87 - [Profile] Rank 7 - Level1_Log step_post cost 0.077856 seconds
2026-07-24 05:17:17.194 | INFO     | lightx2v.utils.profiler:__exit__:87 - [Profile] Rank 7 - Level1_Log Run Dit every step cost 4.108738 seconds
2026-07-24 05:17:17.197 | INFO     | lightx2v.utils.profiler:__exit__:87 - [Profile] Rank 1 - Level1_Log step_post cost 0.089019 seconds
2026-07-24 05:17:17.197 | INFO     | lightx2v.utils.profiler:__exit__:87 - [Profile] Rank 3 - Level1_Log step_post cost 0.088038 seconds
2026-07-24 05:17:17.197 | INFO     | lightx2v.utils.profiler:__exit__:87 - [Profile] Rank 1 - Level1_Log Run Dit every step cost 4.118620 seconds
2026-07-24 05:17:17.197 | INFO     | lightx2v.utils.profiler:__exit__:87 - [Profile] Rank 3 - Level1_Log Run Dit every step cost 4.123857 seconds
2026-07-24 05:17:17.198 | INFO     | lightx2v.models.runners.default_runner:run_segment:234 - ==> step_index: 4 / 4
2026-07-24 05:17:17.198 | INFO     | lightx2v.models.runners.default_runner:run_segment:234 - ==> step_index: 4 / 4
2026-07-24 05:17:17.198 | INFO     | lightx2v.models.runners.default_runner:run_segment:234 - ==> step_index: 4 / 4
2026-07-24 05:17:17.198 | INFO     | lightx2v.models.runners.default_runner:run_segment:234 - ==> step_index: 4 / 4
2026-07-24 05:17:17.198 | INFO     | lightx2v.utils.profiler:__exit__:87 - [Profile] Rank 2 - Level1_Log step_pre cost 0.000150 seconds
2026-07-24 05:17:17.198 | INFO     | lightx2v.utils.profiler:__exit__:87 - [Profile] Rank 1 - Level1_Log step_pre cost 0.000165 seconds
2026-07-24 05:17:17.198 | INFO     | lightx2v.utils.profiler:__exit__:87 - [Profile] Rank 3 - Level1_Log step_pre cost 0.000121 seconds
2026-07-24 05:17:17.199 | INFO     | lightx2v.models.runners.wan.wan_runner:get_current_model_index:924 - using - LOW - noise model at step_index 4
2026-07-24 05:17:17.199 | INFO     | lightx2v.utils.profiler:__exit__:87 - [Profile] Rank 4 - Level1_Log step_pre cost 0.000220 seconds
2026-07-24 05:17:17.199 | INFO     | lightx2v.models.runners.wan.wan_runner:get_current_model_index:924 - using - LOW - noise model at step_index 4
2026-07-24 05:17:17.199 | INFO     | lightx2v.models.runners.wan.wan_runner:get_current_model_index:924 - using - LOW - noise model at step_index 4
2026-07-24 05:17:17.199 | INFO     | lightx2v.utils.profiler:__exit__:87 - [Profile] Single GPU - Level2_Log Switch models in infer_main costs cost 0.000318 seconds
2026-07-24 05:17:17.199 | INFO     | lightx2v.utils.profiler:__exit__:87 - [Profile] Single GPU - Level2_Log Switch models in infer_main costs cost 0.000376 seconds
2026-07-24 05:17:17.199 | INFO     | lightx2v.utils.profiler:__exit__:87 - [Profile] Single GPU - Level2_Log Switch models in infer_main costs cost 0.000459 seconds
2026-07-24 05:17:17.199 | INFO     | lightx2v.models.runners.wan.wan_runner:get_current_model_index:924 - using - LOW - noise model at step_index 4
2026-07-24 05:17:17.199 | INFO     | lightx2v.utils.profiler:__exit__:87 - [Profile] Single GPU - Level2_Log Switch models in infer_main costs cost 0.000403 seconds
2026-07-24 05:17:17.210 | INFO     | lightx2v.utils.profiler:__exit__:87 - [Profile] Rank 5 - Level1_Log step_post cost 0.093838 seconds
2026-07-24 05:17:17.211 | INFO     | lightx2v.utils.profiler:__exit__:87 - [Profile] Rank 5 - Level1_Log Run Dit every step cost 4.120747 seconds
2026-07-24 05:17:17.212 | INFO     | lightx2v.models.runners.default_runner:run_segment:234 - ==> step_index: 4 / 4
2026-07-24 05:17:17.212 | INFO     | lightx2v.models.runners.default_runner:run_segment:234 - ==> step_index: 4 / 4
2026-07-24 05:17:17.212 | INFO     | lightx2v.models.runners.default_runner:run_segment:234 - ==> step_index: 4 / 4
2026-07-24 05:17:17.212 | INFO     | lightx2v.utils.profiler:__exit__:87 - [Profile] Rank 7 - Level1_Log step_pre cost 0.000131 seconds
2026-07-24 05:17:17.213 | INFO     | lightx2v.models.runners.wan.wan_runner:get_current_model_index:924 - using - LOW - noise model at step_index 4
2026-07-24 05:17:17.213 | INFO     | lightx2v.utils.profiler:__exit__:87 - [Profile] Rank 5 - Level1_Log step_pre cost 0.000181 seconds
2026-07-24 05:17:17.213 | INFO     | lightx2v.utils.profiler:__exit__:87 - [Profile] Single GPU - Level2_Log Switch models in infer_main costs cost 0.000286 seconds
2026-07-24 05:17:17.213 | INFO     | lightx2v.utils.profiler:__exit__:87 - [Profile] Rank 6 - Level1_Log step_pre cost 0.000519 seconds
2026-07-24 05:17:17.213 | INFO     | lightx2v.models.runners.wan.wan_runner:get_current_model_index:924 - using - LOW - noise model at step_index 4
2026-07-24 05:17:17.214 | INFO     | lightx2v.models.runners.wan.wan_runner:get_current_model_index:924 - using - LOW - noise model at step_index 4
2026-07-24 05:17:17.214 | INFO     | lightx2v.utils.profiler:__exit__:87 - [Profile] Single GPU - Level2_Log Switch models in infer_main costs cost 0.000685 seconds
2026-07-24 05:17:17.214 | INFO     | lightx2v.utils.profiler:__exit__:87 - [Profile] Single GPU - Level2_Log Switch models in infer_main costs cost 0.000712 seconds
2026-07-24 05:17:21.069 | INFO     | lightx2v.utils.profiler:__exit__:87 - [Profile] Rank 0 - Level1_Log 🚀 infer_main cost 3.908600 seconds
2026-07-24 05:17:21.071 | INFO     | lightx2v.utils.profiler:__exit__:87 - [Profile] Rank 0 - Level1_Log step_post cost 0.001234 seconds
2026-07-24 05:17:21.071 | INFO     | lightx2v.utils.profiler:__exit__:87 - [Profile] Rank 0 - Level1_Log Run Dit every step cost 3.912045 seconds
2026-07-24 05:17:21.071 | INFO     | lightx2v.utils.profiler:__exit__:87 - [Profile] Rank 4 - Level1_Log 🚀 infer_main cost 3.872161 seconds
2026-07-24 05:17:21.071 | INFO     | lightx2v.utils.profiler:__exit__:87 - [Profile] Rank 6 - Level1_Log 🚀 infer_main cost 3.857346 seconds
2026-07-24 05:17:21.075 | INFO     | lightx2v.utils.profiler:__exit__:87 - [Profile] Rank 4 - Level1_Log step_post cost 0.003094 seconds
2026-07-24 05:17:21.075 | INFO     | lightx2v.utils.profiler:__exit__:87 - [Profile] Rank 1 - Level1_Log 🚀 infer_main cost 3.876929 seconds
2026-07-24 05:17:21.076 | INFO     | lightx2v.utils.profiler:__exit__:87 - [Profile] Rank 4 - Level1_Log Run Dit every step cost 3.892932 seconds
2026-07-24 05:17:21.076 | INFO     | lightx2v.utils.profiler:__exit__:87 - [Profile] Rank 6 - Level1_Log step_post cost 0.003070 seconds
2026-07-24 05:17:21.077 | INFO     | lightx2v.utils.profiler:__exit__:87 - [Profile] Rank 6 - Level1_Log Run Dit every step cost 3.887437 seconds
2026-07-24 05:17:21.077 | INFO     | lightx2v.utils.profiler:__exit__:87 - [Profile] Rank 1 - Level1_Log step_post cost 0.001362 seconds
2026-07-24 05:17:21.077 | INFO     | lightx2v.utils.profiler:__exit__:87 - [Profile] Rank 1 - Level1_Log Run Dit every step cost 3.880029 seconds
2026-07-24 05:17:21.077 | INFO     | lightx2v.utils.profiler:__exit__:87 - [Profile] Rank 3 - Level1_Log 🚀 infer_main cost 3.878272 seconds
2026-07-24 05:17:21.081 | INFO     | lightx2v.utils.profiler:__exit__:87 - [Profile] Rank 2 - Level1_Log 🚀 infer_main cost 3.882512 seconds
2026-07-24 05:17:21.082 | INFO     | lightx2v.utils.profiler:__exit__:87 - [Profile] Rank 3 - Level1_Log step_post cost 0.003473 seconds
2026-07-24 05:17:21.082 | INFO     | lightx2v.utils.profiler:__exit__:87 - [Profile] Rank 3 - Level1_Log Run Dit every step cost 3.884563 seconds
2026-07-24 05:17:21.083 | INFO     | lightx2v.utils.profiler:__exit__:87 - [Profile] Rank 7 - Level1_Log 🚀 infer_main cost 3.870365 seconds
2026-07-24 05:17:21.084 | INFO     | lightx2v.utils.profiler:__exit__:87 - [Profile] Rank 2 - Level1_Log step_post cost 0.002288 seconds
2026-07-24 05:17:21.084 | INFO     | lightx2v.utils.profiler:__exit__:87 - [Profile] Rank 2 - Level1_Log Run Dit every step cost 3.890421 seconds
2026-07-24 05:17:21.084 | INFO     | lightx2v.utils.profiler:__exit__:87 - [Profile] Rank 5 - Level1_Log 🚀 infer_main cost 3.870510 seconds
2026-07-24 05:17:21.086 | INFO     | lightx2v.utils.profiler:__exit__:87 - [Profile] Rank 7 - Level1_Log step_post cost 0.002143 seconds
2026-07-24 05:17:21.086 | INFO     | lightx2v.utils.profiler:__exit__:87 - [Profile] Rank 7 - Level1_Log Run Dit every step cost 3.891255 seconds
2026-07-24 05:17:21.090 | INFO     | lightx2v.utils.profiler:__exit__:87 - [Profile] Rank 5 - Level1_Log step_post cost 0.005148 seconds
2026-07-24 05:17:21.091 | INFO     | lightx2v.utils.profiler:__exit__:87 - [Profile] Rank 5 - Level1_Log Run Dit every step cost 3.879598 seconds
2026-07-24 05:17:22.024 | INFO     | lightx2v.utils.profiler:__exit__:87 - [Profile] Single GPU - Level1_Log Run VAE Decoder cost 0.947621 seconds
2026-07-24 05:17:22.024 | INFO     | lightx2v.utils.profiler:__exit__:87 - [Profile] Single GPU - Level1_Log Run VAE Decoder cost 0.933143 seconds
2026-07-24 05:17:22.024 | INFO     | lightx2v.utils.profiler:__exit__:87 - [Profile] Single GPU - Level1_Log Run VAE Decoder cost 0.946415 seconds
2026-07-24 05:17:22.024 | INFO     | lightx2v.utils.profiler:__exit__:87 - [Profile] Single GPU - Level1_Log Run VAE Decoder cost 0.939489 seconds
2026-07-24 05:17:22.024 | INFO     | lightx2v.utils.profiler:__exit__:87 - [Profile] Single GPU - Level1_Log Run VAE Decoder cost 0.937910 seconds
2026-07-24 05:17:22.024 | INFO     | lightx2v.utils.profiler:__exit__:87 - [Profile] Single GPU - Level1_Log Run VAE Decoder cost 0.952563 seconds
2026-07-24 05:17:22.024 | INFO     | lightx2v.utils.profiler:__exit__:87 - [Profile] Single GPU - Level1_Log Run VAE Decoder cost 0.947091 seconds
2026-07-24 05:17:22.025 | INFO     | lightx2v.utils.profiler:__exit__:87 - [Profile] Rank 5 - Level1_Log segment end2end 1/1 cost 18.645416 seconds
2026-07-24 05:17:22.025 | INFO     | lightx2v.utils.profiler:__exit__:87 - [Profile] Rank 4 - Level1_Log segment end2end 1/1 cost 18.661515 seconds
2026-07-24 05:17:22.024 | INFO     | lightx2v.utils.profiler:__exit__:87 - [Profile] Single GPU - Level1_Log Run VAE Decoder cost 0.941366 seconds
2026-07-24 05:17:22.025 | INFO     | lightx2v.utils.profiler:__exit__:87 - [Profile] Rank 1 - Level1_Log segment end2end 1/1 cost 18.701384 seconds
2026-07-24 05:17:22.025 | INFO     | lightx2v.utils.profiler:__exit__:87 - [Profile] Rank 2 - Level1_Log segment end2end 1/1 cost 18.697904 seconds
2026-07-24 05:17:22.025 | INFO     | lightx2v.utils.profiler:__exit__:87 - [Profile] Rank 7 - Level1_Log segment end2end 1/1 cost 18.642401 seconds
2026-07-24 05:17:22.025 | INFO     | lightx2v.utils.profiler:__exit__:87 - [Profile] Rank 0 - Level1_Log segment end2end 1/1 cost 18.724031 seconds
2026-07-24 05:17:22.026 | INFO     | lightx2v.utils.profiler:__exit__:87 - [Profile] Rank 6 - Level1_Log segment end2end 1/1 cost 18.704356 seconds
2026-07-24 05:17:22.026 | INFO     | lightx2v.utils.profiler:__exit__:87 - [Profile] Single GPU - Level2_Log Run DiT cost 18.648171 seconds
2026-07-24 05:17:22.026 | INFO     | lightx2v.utils.profiler:__exit__:87 - [Profile] Single GPU - Level2_Log Run DiT cost 18.704322 seconds
2026-07-24 05:17:22.026 | INFO     | lightx2v.utils.profiler:__exit__:87 - [Profile] Single GPU - Level2_Log Run DiT cost 18.664537 seconds
2026-07-24 05:17:22.026 | INFO     | lightx2v.utils.profiler:__exit__:87 - [Profile] Rank 3 - Level1_Log segment end2end 1/1 cost 18.722891 seconds
2026-07-24 05:17:22.026 | INFO     | lightx2v.utils.profiler:__exit__:87 - [Profile] Single GPU - Level2_Log Run DiT cost 18.700556 seconds
2026-07-24 05:17:22.026 | INFO     | lightx2v.utils.profiler:__exit__:87 - [Profile] Single GPU - Level1_Log RUN pipeline cost 20.353381 seconds
2026-07-24 05:17:22.027 | INFO     | lightx2v.utils.profiler:__exit__:87 - [Profile] Single GPU - Level1_Log RUN pipeline cost 20.619672 seconds
2026-07-24 05:17:22.026 | INFO     | lightx2v.utils.profiler:__exit__:87 - [Profile] Single GPU - Level2_Log Run DiT cost 18.644897 seconds
2026-07-24 05:17:22.027 | INFO     | lightx2v.utils.profiler:__exit__:87 - [Profile] Single GPU - Level1_Log RUN pipeline cost 20.987898 seconds
2026-07-24 05:17:22.027 | INFO     | lightx2v.utils.profiler:__exit__:87 - [Profile] Single GPU - Level1_Log RUN pipeline cost 19.698620 seconds
2026-07-24 05:17:22.027 | INFO     | lightx2v.utils.profiler:__exit__:87 - [Profile] Single GPU - Level2_Log Run DiT cost 18.706739 seconds
2026-07-24 05:17:22.027 | INFO     | lightx2v.utils.profiler:__exit__:87 - [Profile] Single GPU - Level1_Log RUN pipeline cost 19.693255 seconds
2026-07-24 05:17:22.027 | INFO     | lightx2v.utils.profiler:__exit__:87 - [Profile] Rank 0 - Level2_Log wan_vae_to_comfy cost 0.001252 seconds
2026-07-24 05:17:22.028 | INFO     | lightx2v.utils.profiler:__exit__:87 - [Profile] Single GPU - Level2_Log Run DiT cost 18.725639 seconds
2026-07-24 05:17:22.028 | INFO     | lightx2v.models.runners.default_runner:process_images_after_vae_decoder:561 - 🎬 Start to save video 🎬
2026-07-24 05:17:22.028 | INFO     | lightx2v.utils.profiler:__exit__:87 - [Profile] Single GPU - Level1_Log RUN pipeline cost 21.072258 seconds
2026-07-24 05:17:22.028 | INFO     | lightx2v.utils.profiler:__exit__:87 - [Profile] Single GPU - Level1_Log RUN pipeline cost 19.735226 seconds
2026-07-24 05:17:22.485 | INFO     | lightx2v.models.runners.base_runner:_maybe_freeze_gc:84 - [GC] gc.collect() reclaimed 0 objects; gc.freeze() moved ~708860 live tracked objects out of future GC walks
2026-07-24 05:17:22.486 | INFO     | lightx2v.utils.profiler:__exit__:87 - [Profile] Rank 6 - Level1_Log Total Cost cost 287.401293 seconds
2026-07-24 05:17:22.523 | INFO     | lightx2v.models.runners.base_runner:_maybe_freeze_gc:84 - [GC] gc.collect() reclaimed 0 objects; gc.freeze() moved ~708859 live tracked objects out of future GC walks
2026-07-24 05:17:22.524 | INFO     | lightx2v.utils.profiler:__exit__:87 - [Profile] Rank 1 - Level1_Log Total Cost cost 287.440193 seconds
2026-07-24 05:17:22.528 | INFO     | lightx2v.models.runners.base_runner:_maybe_freeze_gc:84 - [GC] gc.collect() reclaimed 0 objects; gc.freeze() moved ~708861 live tracked objects out of future GC walks
2026-07-24 05:17:22.528 | INFO     | lightx2v.utils.profiler:__exit__:87 - [Profile] Rank 7 - Level1_Log Total Cost cost 287.442098 seconds
2026-07-24 05:17:22.533 | INFO     | lightx2v.models.runners.base_runner:_maybe_freeze_gc:84 - [GC] gc.collect() reclaimed 0 objects; gc.freeze() moved ~708860 live tracked objects out of future GC walks
2026-07-24 05:17:22.534 | INFO     | lightx2v.utils.profiler:__exit__:87 - [Profile] Rank 3 - Level1_Log Total Cost cost 287.448597 seconds
2026-07-24 05:17:22.584 | INFO     | lightx2v.models.runners.default_runner:process_images_after_vae_decoder:570 - ✅ Video saved successfully to: /data/fuhaiwen1/LightX2V/save_results/baseline_benchmark_6.mp4 ✅
2026-07-24 05:17:22.585 | INFO     | lightx2v.utils.profiler:__exit__:87 - [Profile] Single GPU - Level2_Log Run DiT cost 19.284716 seconds
2026-07-24 05:17:22.585 | INFO     | lightx2v.utils.profiler:__exit__:87 - [Profile] Single GPU - Level1_Log RUN pipeline cost 21.572773 seconds
2026-07-24 05:17:22.922 | INFO     | lightx2v.models.runners.base_runner:_maybe_freeze_gc:84 - [GC] gc.collect() reclaimed 0 objects; gc.freeze() moved ~708858 live tracked objects out of future GC walks
2026-07-24 05:17:22.923 | INFO     | lightx2v.utils.profiler:__exit__:87 - [Profile] Rank 4 - Level1_Log Total Cost cost 287.835971 seconds
2026-07-24 05:17:22.949 | INFO     | lightx2v.models.runners.base_runner:_maybe_freeze_gc:84 - [GC] gc.collect() reclaimed 0 objects; gc.freeze() moved ~708861 live tracked objects out of future GC walks
2026-07-24 05:17:22.949 | INFO     | lightx2v.utils.profiler:__exit__:87 - [Profile] Rank 2 - Level1_Log Total Cost cost 287.860946 seconds
2026-07-24 05:17:23.091 | INFO     | lightx2v.models.runners.base_runner:_maybe_freeze_gc:84 - [GC] gc.collect() reclaimed 0 objects; gc.freeze() moved ~708860 live tracked objects out of future GC walks
2026-07-24 05:17:23.093 | INFO     | lightx2v.utils.profiler:__exit__:87 - [Profile] Rank 5 - Level1_Log Total Cost cost 288.005978 seconds
2026-07-24 05:17:23.104 | INFO     | lightx2v.models.runners.base_runner:_maybe_freeze_gc:84 - [GC] gc.collect() reclaimed 0 objects; gc.freeze() moved ~708865 live tracked objects out of future GC walks
2026-07-24 05:17:23.105 | INFO     | lightx2v.utils.profiler:__exit__:87 - [Profile] Rank 0 - Level1_Log Total Cost cost 288.016539 seconds
2026-07-24 05:17:23.401 | INFO     | __main__:main:241 - Distributed process group cleaned up
2026-07-24 05:17:23.403 | INFO     | __main__:main:241 - Distributed process group cleaned up
2026-07-24 05:17:23.424 | INFO     | __main__:main:241 - Distributed process group cleaned up
2026-07-24 05:17:23.429 | INFO     | __main__:main:241 - Distributed process group cleaned up
2026-07-24 05:17:23.853 | INFO     | __main__:main:241 - Distributed process group cleaned up
2026-07-24 05:17:23.908 | INFO     | __main__:main:241 - Distributed process group cleaned up
2026-07-24 05:17:23.908 | INFO     | __main__:main:241 - Distributed process group cleaned up
2026-07-24 05:17:23.910 | INFO     | __main__:main:241 - Distributed process group cleaned up
2026-07-24 05:17:42.176 | INFO     | __main__:_controller_main:577 - [done] request_id=3 worker=cooperative_group start_ts=1784869943.306210 finish_ts=1784870262.157878 e2e=1270.467s elapsed_from_global_start=1270.467s rc=0
2026-07-24 05:17:43.505 | INFO     | lightx2v_platform.base.base:init_ai_device:17 - Initialized AI_DEVICE: cuda
2026-07-24 05:17:43.505 | INFO     | lightx2v_platform.base.base:init_ai_device:17 - Initialized AI_DEVICE: cuda
2026-07-24 05:17:43.506 | INFO     | lightx2v_platform.base.base:init_ai_device:17 - Initialized AI_DEVICE: cuda
2026-07-24 05:17:43.506 | INFO     | lightx2v_platform.base.base:init_ai_device:17 - Initialized AI_DEVICE: cuda
2026-07-24 05:17:43.508 | INFO     | lightx2v_platform.base.base:init_ai_device:17 - Initialized AI_DEVICE: cuda
2026-07-24 05:17:43.509 | INFO     | lightx2v_platform.base.base:init_ai_device:17 - Initialized AI_DEVICE: cuda
2026-07-24 05:17:43.510 | INFO     | lightx2v_platform.base.base:init_ai_device:17 - Initialized AI_DEVICE: cuda
2026-07-24 05:17:43.510 | INFO     | lightx2v_platform.base.base:init_ai_device:17 - Initialized AI_DEVICE: cuda
2026-07-24 05:17:43.599 | INFO     | lightx2v_platform.base.base:check_ai_device:34 - AI device for platform 'cuda' is available.
2026-07-24 05:17:43.601 | INFO     | lightx2v_platform.base.base:check_ai_device:34 - AI device for platform 'cuda' is available.
2026-07-24 05:17:43.602 | INFO     | lightx2v_platform.base.base:check_ai_device:34 - AI device for platform 'cuda' is available.
2026-07-24 05:17:43.605 | INFO     | lightx2v_platform.base.base:check_ai_device:34 - AI device for platform 'cuda' is available.
2026-07-24 05:17:43.606 | INFO     | lightx2v_platform.base.base:check_ai_device:34 - AI device for platform 'cuda' is available.
2026-07-24 05:17:43.606 | INFO     | lightx2v_platform.base.base:check_ai_device:34 - AI device for platform 'cuda' is available.
2026-07-24 05:17:43.607 | INFO     | lightx2v_platform.base.base:check_ai_device:34 - AI device for platform 'cuda' is available.
2026-07-24 05:17:43.608 | INFO     | lightx2v_platform.base.base:check_ai_device:34 - AI device for platform 'cuda' is available.
/app/MagiAttention/magi_attention/__init__.py:26: UserWarning: You are using magi_attention without installing it. This may cause some unexpected errors.
  warnings.warn(
/app/MagiAttention/magi_attention/__init__.py:26: UserWarning: You are using magi_attention without installing it. This may cause some unexpected errors.
  warnings.warn(
/app/MagiAttention/magi_attention/__init__.py:26: UserWarning: You are using magi_attention without installing it. This may cause some unexpected errors.
  warnings.warn(
/app/MagiAttention/magi_attention/__init__.py:26: UserWarning: You are using magi_attention without installing it. This may cause some unexpected errors.
  warnings.warn(
/app/MagiAttention/magi_attention/__init__.py:26: UserWarning: You are using magi_attention without installing it. This may cause some unexpected errors.
  warnings.warn(
/app/MagiAttention/magi_attention/__init__.py:26: UserWarning: You are using magi_attention without installing it. This may cause some unexpected errors.
  warnings.warn(
/app/MagiAttention/magi_attention/__init__.py:26: UserWarning: You are using magi_attention without installing it. This may cause some unexpected errors.
  warnings.warn(
/app/MagiAttention/magi_attention/__init__.py:26: UserWarning: You are using magi_attention without installing it. This may cause some unexpected errors.
  warnings.warn(
2026-07-24 05:17:47.025 | INFO     | lightx2v.common.ops.attn.dynamic_sparse_attn:<module>:16 - flash_attn.cute not found, please install flashattention4 first
2026-07-24 05:17:47.026 | INFO     | lightx2v.common.ops.attn.dynamic_sparse_attn:<module>:22 - sageattn3_sparse not found, please install sageattn3_sparse first
2026-07-24 05:17:47.031 | INFO     | lightx2v.common.ops.attn.flash_attn:<module>:26 - flash_attn.cute not found, please install flashattention4 first
2026-07-24 05:17:47.170 | INFO     | lightx2v.common.ops.attn.dynamic_sparse_attn:<module>:16 - flash_attn.cute not found, please install flashattention4 first
2026-07-24 05:17:47.171 | INFO     | lightx2v.common.ops.attn.dynamic_sparse_attn:<module>:22 - sageattn3_sparse not found, please install sageattn3_sparse first
2026-07-24 05:17:47.174 | INFO     | lightx2v.common.ops.attn.flash_attn:<module>:26 - flash_attn.cute not found, please install flashattention4 first
2026-07-24 05:17:47.197 | INFO     | lightx2v.common.ops.attn.dynamic_sparse_attn:<module>:16 - flash_attn.cute not found, please install flashattention4 first
2026-07-24 05:17:47.198 | INFO     | lightx2v.common.ops.attn.dynamic_sparse_attn:<module>:22 - sageattn3_sparse not found, please install sageattn3_sparse first
2026-07-24 05:17:47.200 | INFO     | lightx2v.common.ops.attn.flash_attn:<module>:26 - flash_attn.cute not found, please install flashattention4 first
2026-07-24 05:17:47.232 | INFO     | lightx2v.common.ops.attn.dynamic_sparse_attn:<module>:16 - flash_attn.cute not found, please install flashattention4 first
2026-07-24 05:17:47.233 | INFO     | lightx2v.common.ops.attn.dynamic_sparse_attn:<module>:22 - sageattn3_sparse not found, please install sageattn3_sparse first
2026-07-24 05:17:47.240 | INFO     | lightx2v.common.ops.attn.dynamic_sparse_attn:<module>:16 - flash_attn.cute not found, please install flashattention4 first
2026-07-24 05:17:47.241 | INFO     | lightx2v.common.ops.attn.dynamic_sparse_attn:<module>:22 - sageattn3_sparse not found, please install sageattn3_sparse first
2026-07-24 05:17:47.246 | INFO     | lightx2v.common.ops.attn.flash_attn:<module>:26 - flash_attn.cute not found, please install flashattention4 first
2026-07-24 05:17:47.246 | INFO     | lightx2v.common.ops.attn.flash_attn:<module>:26 - flash_attn.cute not found, please install flashattention4 first
2026-07-24 05:17:47.272 | INFO     | lightx2v.common.ops.attn.dynamic_sparse_attn:<module>:16 - flash_attn.cute not found, please install flashattention4 first
2026-07-24 05:17:47.272 | INFO     | lightx2v.common.ops.attn.dynamic_sparse_attn:<module>:22 - sageattn3_sparse not found, please install sageattn3_sparse first
2026-07-24 05:17:47.276 | INFO     | lightx2v.common.ops.attn.dynamic_sparse_attn:<module>:16 - flash_attn.cute not found, please install flashattention4 first
2026-07-24 05:17:47.276 | INFO     | lightx2v.common.ops.attn.dynamic_sparse_attn:<module>:16 - flash_attn.cute not found, please install flashattention4 first
2026-07-24 05:17:47.277 | INFO     | lightx2v.common.ops.attn.dynamic_sparse_attn:<module>:22 - sageattn3_sparse not found, please install sageattn3_sparse first
2026-07-24 05:17:47.277 | INFO     | lightx2v.common.ops.attn.dynamic_sparse_attn:<module>:22 - sageattn3_sparse not found, please install sageattn3_sparse first
2026-07-24 05:17:47.280 | INFO     | lightx2v.common.ops.attn.flash_attn:<module>:26 - flash_attn.cute not found, please install flashattention4 first
2026-07-24 05:17:47.280 | INFO     | lightx2v.common.ops.attn.flash_attn:<module>:26 - flash_attn.cute not found, please install flashattention4 first
2026-07-24 05:17:47.280 | INFO     | lightx2v.common.ops.attn.flash_attn:<module>:26 - flash_attn.cute not found, please install flashattention4 first
2026-07-24 05:17:47.393 | INFO     | lightx2v.common.ops.attn.sage_attn:<module>:23 - sageattn3_sparse not found, please install sageattn3_sparse first
2026-07-24 05:17:47.393 | INFO     | lightx2v.common.ops.attn.sage_attn:<module>:23 - sageattn3_sparse not found, please install sageattn3_sparse first
2026-07-24 05:17:47.422 | INFO     | lightx2v.common.ops.attn.sage_attn:<module>:23 - sageattn3_sparse not found, please install sageattn3_sparse first
2026-07-24 05:17:47.433 | INFO     | lightx2v.common.ops.attn.sage_attn:<module>:61 - sageattn3_sparse not found, please install sageattention sparse first
2026-07-24 05:17:47.433 | INFO     | lightx2v.common.ops.attn.sage_attn:<module>:61 - sageattn3_sparse not found, please install sageattention sparse first
2026-07-24 05:17:47.458 | INFO     | lightx2v.common.ops.attn.sage_attn:<module>:61 - sageattn3_sparse not found, please install sageattention sparse first
2026-07-24 05:17:47.527 | INFO     | lightx2v.common.ops.attn.sparse_operator:<module>:14 - flash_attn.cute not found, please install flashattention4 first
2026-07-24 05:17:47.527 | INFO     | lightx2v.common.ops.attn.sparse_operator:<module>:20 - sageattn3_sparse not found, please install sageattn3_sparse first
2026-07-24 05:17:47.527 | INFO     | lightx2v.common.ops.attn.sparse_operator:<module>:14 - flash_attn.cute not found, please install flashattention4 first
2026-07-24 05:17:47.528 | INFO     | lightx2v.common.ops.attn.sparse_operator:<module>:20 - sageattn3_sparse not found, please install sageattn3_sparse first
2026-07-24 05:17:47.528 | INFO     | lightx2v.common.ops.attn.sparse_operator:<module>:14 - flash_attn.cute not found, please install flashattention4 first
2026-07-24 05:17:47.528 | INFO     | lightx2v.common.ops.attn.sparse_operator:<module>:20 - sageattn3_sparse not found, please install sageattn3_sparse first
2026-07-24 05:17:47.548 | INFO     | lightx2v.common.ops.attn.sage_attn:<module>:23 - sageattn3_sparse not found, please install sageattn3_sparse first
2026-07-24 05:17:47.554 | INFO     | lightx2v.common.ops.attn.sage_attn:<module>:23 - sageattn3_sparse not found, please install sageattn3_sparse first
2026-07-24 05:17:47.582 | INFO     | lightx2v.common.ops.attn.sage_attn:<module>:61 - sageattn3_sparse not found, please install sageattention sparse first
2026-07-24 05:17:47.589 | INFO     | lightx2v.common.ops.attn.sage_attn:<module>:61 - sageattn3_sparse not found, please install sageattention sparse first
2026-07-24 05:17:47.597 | INFO     | lightx2v.common.ops.attn.sparse_operator:<module>:14 - flash_attn.cute not found, please install flashattention4 first
2026-07-24 05:17:47.597 | INFO     | lightx2v.common.ops.attn.sparse_operator:<module>:20 - sageattn3_sparse not found, please install sageattn3_sparse first
2026-07-24 05:17:47.601 | INFO     | lightx2v.common.ops.attn.sparse_operator:<module>:14 - flash_attn.cute not found, please install flashattention4 first
2026-07-24 05:17:47.601 | INFO     | lightx2v.common.ops.attn.sparse_operator:<module>:20 - sageattn3_sparse not found, please install sageattn3_sparse first
2026-07-24 05:17:47.606 | INFO     | lightx2v.common.ops.attn.sage_attn:<module>:23 - sageattn3_sparse not found, please install sageattn3_sparse first
2026-07-24 05:17:47.606 | INFO     | lightx2v.common.ops.attn.sage_attn:<module>:23 - sageattn3_sparse not found, please install sageattn3_sparse first
2026-07-24 05:17:47.607 | INFO     | lightx2v.common.ops.attn.sage_attn:<module>:23 - sageattn3_sparse not found, please install sageattn3_sparse first
2026-07-24 05:17:47.641 | INFO     | lightx2v.common.ops.attn.sage_attn:<module>:61 - sageattn3_sparse not found, please install sageattention sparse first
2026-07-24 05:17:47.641 | INFO     | lightx2v.common.ops.attn.sage_attn:<module>:61 - sageattn3_sparse not found, please install sageattention sparse first
2026-07-24 05:17:47.641 | INFO     | lightx2v.common.ops.attn.sage_attn:<module>:61 - sageattn3_sparse not found, please install sageattention sparse first
2026-07-24 05:17:47.655 | INFO     | lightx2v.common.ops.attn.sparse_operator:<module>:14 - flash_attn.cute not found, please install flashattention4 first
2026-07-24 05:17:47.655 | INFO     | lightx2v.common.ops.attn.sparse_operator:<module>:14 - flash_attn.cute not found, please install flashattention4 first
2026-07-24 05:17:47.655 | INFO     | lightx2v.common.ops.attn.sparse_operator:<module>:14 - flash_attn.cute not found, please install flashattention4 first
2026-07-24 05:17:47.655 | INFO     | lightx2v.common.ops.attn.sparse_operator:<module>:20 - sageattn3_sparse not found, please install sageattn3_sparse first
2026-07-24 05:17:47.655 | INFO     | lightx2v.common.ops.attn.sparse_operator:<module>:20 - sageattn3_sparse not found, please install sageattn3_sparse first
2026-07-24 05:17:47.655 | INFO     | lightx2v.common.ops.attn.sparse_operator:<module>:20 - sageattn3_sparse not found, please install sageattn3_sparse first
2026-07-24 05:17:52.674 | INFO     | lightx2v.utils.set_config:auto_calc_config:62 - Loading some config from /tmp/baseline_req_4_qemxvm1m/request_config.json
2026-07-24 05:17:52.674 | INFO     | lightx2v.utils.set_config:auto_calc_config:62 - Loading some config from /tmp/baseline_req_4_gop4_ifx/request_config.json
2026-07-24 05:17:52.674 | INFO     | lightx2v.utils.set_config:auto_calc_config:62 - Loading some config from /tmp/baseline_req_4_vx4cd18s/request_config.json
2026-07-24 05:17:52.674 | INFO     | lightx2v.utils.set_config:auto_calc_config:62 - Loading some config from /tmp/baseline_req_4_xiafllot/request_config.json
2026-07-24 05:17:52.674 | INFO     | lightx2v.utils.set_config:auto_calc_config:62 - Loading some config from /tmp/baseline_req_4_g750_f84/request_config.json
2026-07-24 05:17:52.674 | INFO     | lightx2v.utils.set_config:auto_calc_config:62 - Loading some config from /tmp/baseline_req_4_4h20k_5l/request_config.json
2026-07-24 05:17:52.674 | INFO     | lightx2v.utils.set_config:auto_calc_config:62 - Loading some config from /tmp/baseline_req_4_eweu4rse/request_config.json
2026-07-24 05:17:52.674 | INFO     | lightx2v.utils.set_config:auto_calc_config:62 - Loading some config from /tmp/baseline_req_4_w2le0xz3/request_config.json
2026-07-24 05:17:54.075 | INFO     | lightx2v.utils.set_config:print_config:373 - config:
{
    "do_mm_calib": false,
    "cpu_offload": true,
    "max_area": false,
    "vae_stride": [
        4,
        8,
        8
    ],
    "patch_size": [
        1,
        2,
        2
    ],
    "feature_caching": "NoCaching",
    "teacache_thresh": 0.26,
    "use_ret_steps": false,
    "use_bfloat16": true,
    "lora_configs": null,
    "use_prompt_enhancer": false,
    "parallel": {
        "seq_p_size": 8,
        "seq_p_attn_type": "ulysses"
    },
    "seq_parallel": true,
    "cfg_parallel": false,
    "enable_cfg": false,
    "use_image_encoder": false,
    "model_cls": "wan2.2_moe",
    "task": "i2v",
    "support_tasks": [],
    "model_path": "/data/fuhaiwen1/LightX2V/models/Wan-AI/Wan2.2-I2V-A14B",
    "config_json": "/tmp/baseline_req_4_qemxvm1m/request_config.json",
    "enable_bf16": false,
    "save_rendered": false,
    "render_depth": false,
    "_wm_cli_snapshot": {
        "subfolder": null,
        "disable_heads": null,
        "enable_bf16": false,
        "save_rendered": false,
        "render_interp_per_pair": null,
        "render_depth": false,
        "wm_config_path": null,
        "wm_ckpt_path": null
    },
    "infer_steps": 4,
    "in_dim": 36,
    "dim": 5120,
    "ffn_dim": 13824,
    "freq_dim": 256,
    "num_heads": 40,
    "num_layers": 40,
    "out_dim": 16,
    "eps": 1e-06,
    "model_type": "i2v",
    "target_video_length": 81,
    "text_len": 512,
    "target_height": 480,
    "target_width": 832,
    "self_attn_1_type": "sage_attn2",
    "cross_attn_1_type": "sage_attn2",
    "cross_attn_2_type": "sage_attn2",
    "sample_guide_scale": [
        3.5,
        3.5
    ],
    "sample_shift": 5.0,
    "offload_granularity": "block",
    "t5_cpu_offload": false,
    "vae_cpu_offload": false,
    "fps": 16,
    "boundary_step_index": 2,
    "denoising_step_list": [
        1000,
        750,
        500,
        250
    ],
    "dit_quantized": true,
    "dit_quant_scheme": "int8-q8f",
    "high_noise_quantized_ckpt": "/data/fuhaiwen1/LightX2V/models/lightx2v/Wan2.2-Distill-Models/wan2.2_i2v_A14b_high_noise_int8_lightx2v_4step.safetensors",
    "low_noise_quantized_ckpt": "/data/fuhaiwen1/LightX2V/models/lightx2v/Wan2.2-Distill-Models/wan2.2_i2v_A14b_low_noise_int8_lightx2v_4step.safetensors",
    "high_noise_original_ckpt": "/data/fuhaiwen1/LightX2V/models/lightx2v/Wan2.2-Distill-Models/wan2.2_i2v_A14b_high_noise_int8_lightx2v_4step.safetensors",
    "low_noise_original_ckpt": "/data/fuhaiwen1/LightX2V/models/lightx2v/Wan2.2-Distill-Models/wan2.2_i2v_A14b_low_noise_int8_lightx2v_4step.safetensors",
    "save_path": "/data/fuhaiwen1/LightX2V/save_results/baseline_benchmark_6.mp4",
    "prompt": "Summer beach vacation style, a white cat wearing sunglasses sits on a surfboard.",
    "negative_prompt": "镜头晃动，色调艳丽，过曝，静态",
    "image_path": "/data/fuhaiwen1/LightX2V/assets/inputs/imgs/img_0.jpg",
    "boundary": 0.9,
    "data_bootstrap_room": 4,
    "device_mesh": "DeviceMesh('cuda', [[0, 1, 2, 3, 4, 5, 6, 7]], mesh_dim_names=('cfg_p', 'seq_p'))",
    "tensor_parallel": false
}
2026-07-24 05:17:54.082 | DEBUG    | lightx2v.utils.utils:validate_config_paths:750 - ✓ Verified high_noise_original_ckpt: /data/fuhaiwen1/LightX2V/models/lightx2v/Wan2.2-Distill-Models/wan2.2_i2v_A14b_high_noise_int8_lightx2v_4step.safetensors
2026-07-24 05:17:54.083 | DEBUG    | lightx2v.utils.utils:validate_config_paths:750 - ✓ Verified high_noise_original_ckpt: /data/fuhaiwen1/LightX2V/models/lightx2v/Wan2.2-Distill-Models/wan2.2_i2v_A14b_high_noise_int8_lightx2v_4step.safetensors
2026-07-24 05:17:54.083 | DEBUG    | lightx2v.utils.utils:validate_config_paths:754 - ✓ Verified high_noise_quantized_ckpt: /data/fuhaiwen1/LightX2V/models/lightx2v/Wan2.2-Distill-Models/wan2.2_i2v_A14b_high_noise_int8_lightx2v_4step.safetensors
2026-07-24 05:17:54.083 | DEBUG    | lightx2v.utils.utils:validate_config_paths:750 - ✓ Verified high_noise_original_ckpt: /data/fuhaiwen1/LightX2V/models/lightx2v/Wan2.2-Distill-Models/wan2.2_i2v_A14b_high_noise_int8_lightx2v_4step.safetensors
2026-07-24 05:17:54.083 | DEBUG    | lightx2v.utils.utils:validate_config_paths:750 - ✓ Verified high_noise_original_ckpt: /data/fuhaiwen1/LightX2V/models/lightx2v/Wan2.2-Distill-Models/wan2.2_i2v_A14b_high_noise_int8_lightx2v_4step.safetensors
2026-07-24 05:17:54.083 | DEBUG    | lightx2v.utils.utils:validate_config_paths:754 - ✓ Verified high_noise_quantized_ckpt: /data/fuhaiwen1/LightX2V/models/lightx2v/Wan2.2-Distill-Models/wan2.2_i2v_A14b_high_noise_int8_lightx2v_4step.safetensors
2026-07-24 05:17:54.083 | DEBUG    | lightx2v.utils.utils:validate_config_paths:754 - ✓ Verified high_noise_quantized_ckpt: /data/fuhaiwen1/LightX2V/models/lightx2v/Wan2.2-Distill-Models/wan2.2_i2v_A14b_high_noise_int8_lightx2v_4step.safetensors
2026-07-24 05:17:54.083 | DEBUG    | lightx2v.utils.utils:validate_config_paths:750 - ✓ Verified high_noise_original_ckpt: /data/fuhaiwen1/LightX2V/models/lightx2v/Wan2.2-Distill-Models/wan2.2_i2v_A14b_high_noise_int8_lightx2v_4step.safetensors
2026-07-24 05:17:54.083 | DEBUG    | lightx2v.utils.utils:validate_config_paths:750 - ✓ Verified high_noise_original_ckpt: /data/fuhaiwen1/LightX2V/models/lightx2v/Wan2.2-Distill-Models/wan2.2_i2v_A14b_high_noise_int8_lightx2v_4step.safetensors
2026-07-24 05:17:54.083 | DEBUG    | lightx2v.utils.utils:validate_config_paths:754 - ✓ Verified high_noise_quantized_ckpt: /data/fuhaiwen1/LightX2V/models/lightx2v/Wan2.2-Distill-Models/wan2.2_i2v_A14b_high_noise_int8_lightx2v_4step.safetensors
2026-07-24 05:17:54.084 | DEBUG    | lightx2v.utils.utils:validate_config_paths:750 - ✓ Verified high_noise_original_ckpt: /data/fuhaiwen1/LightX2V/models/lightx2v/Wan2.2-Distill-Models/wan2.2_i2v_A14b_high_noise_int8_lightx2v_4step.safetensors
2026-07-24 05:17:54.084 | DEBUG    | lightx2v.utils.utils:validate_config_paths:754 - ✓ Verified high_noise_quantized_ckpt: /data/fuhaiwen1/LightX2V/models/lightx2v/Wan2.2-Distill-Models/wan2.2_i2v_A14b_high_noise_int8_lightx2v_4step.safetensors
2026-07-24 05:17:54.084 | DEBUG    | lightx2v.utils.utils:validate_config_paths:754 - ✓ Verified high_noise_quantized_ckpt: /data/fuhaiwen1/LightX2V/models/lightx2v/Wan2.2-Distill-Models/wan2.2_i2v_A14b_high_noise_int8_lightx2v_4step.safetensors
2026-07-24 05:17:54.084 | DEBUG    | lightx2v.utils.utils:validate_config_paths:759 - ✓ Verified low_noise_original_ckpt: /data/fuhaiwen1/LightX2V/models/lightx2v/Wan2.2-Distill-Models/wan2.2_i2v_A14b_low_noise_int8_lightx2v_4step.safetensors
2026-07-24 05:17:54.084 | DEBUG    | lightx2v.utils.utils:validate_config_paths:759 - ✓ Verified low_noise_original_ckpt: /data/fuhaiwen1/LightX2V/models/lightx2v/Wan2.2-Distill-Models/wan2.2_i2v_A14b_low_noise_int8_lightx2v_4step.safetensors
2026-07-24 05:17:54.084 | DEBUG    | lightx2v.utils.utils:validate_config_paths:759 - ✓ Verified low_noise_original_ckpt: /data/fuhaiwen1/LightX2V/models/lightx2v/Wan2.2-Distill-Models/wan2.2_i2v_A14b_low_noise_int8_lightx2v_4step.safetensors
2026-07-24 05:17:54.084 | DEBUG    | lightx2v.utils.utils:validate_config_paths:759 - ✓ Verified low_noise_original_ckpt: /data/fuhaiwen1/LightX2V/models/lightx2v/Wan2.2-Distill-Models/wan2.2_i2v_A14b_low_noise_int8_lightx2v_4step.safetensors
2026-07-24 05:17:54.084 | DEBUG    | lightx2v.utils.utils:validate_config_paths:754 - ✓ Verified high_noise_quantized_ckpt: /data/fuhaiwen1/LightX2V/models/lightx2v/Wan2.2-Distill-Models/wan2.2_i2v_A14b_high_noise_int8_lightx2v_4step.safetensors
2026-07-24 05:17:54.084 | DEBUG    | lightx2v.utils.utils:validate_config_paths:759 - ✓ Verified low_noise_original_ckpt: /data/fuhaiwen1/LightX2V/models/lightx2v/Wan2.2-Distill-Models/wan2.2_i2v_A14b_low_noise_int8_lightx2v_4step.safetensors
2026-07-24 05:17:54.084 | DEBUG    | lightx2v.utils.utils:validate_config_paths:759 - ✓ Verified low_noise_original_ckpt: /data/fuhaiwen1/LightX2V/models/lightx2v/Wan2.2-Distill-Models/wan2.2_i2v_A14b_low_noise_int8_lightx2v_4step.safetensors
2026-07-24 05:17:54.084 | DEBUG    | lightx2v.utils.utils:validate_config_paths:750 - ✓ Verified high_noise_original_ckpt: /data/fuhaiwen1/LightX2V/models/lightx2v/Wan2.2-Distill-Models/wan2.2_i2v_A14b_high_noise_int8_lightx2v_4step.safetensors
2026-07-24 05:17:54.084 | DEBUG    | lightx2v.utils.utils:validate_config_paths:763 - ✓ Verified low_noise_quantized_ckpt: /data/fuhaiwen1/LightX2V/models/lightx2v/Wan2.2-Distill-Models/wan2.2_i2v_A14b_low_noise_int8_lightx2v_4step.safetensors
2026-07-24 05:17:54.085 | DEBUG    | lightx2v.utils.utils:validate_config_paths:763 - ✓ Verified low_noise_quantized_ckpt: /data/fuhaiwen1/LightX2V/models/lightx2v/Wan2.2-Distill-Models/wan2.2_i2v_A14b_low_noise_int8_lightx2v_4step.safetensors
2026-07-24 05:17:54.085 | DEBUG    | lightx2v.utils.utils:validate_config_paths:763 - ✓ Verified low_noise_quantized_ckpt: /data/fuhaiwen1/LightX2V/models/lightx2v/Wan2.2-Distill-Models/wan2.2_i2v_A14b_low_noise_int8_lightx2v_4step.safetensors
2026-07-24 05:17:54.085 | DEBUG    | lightx2v.utils.utils:validate_config_paths:763 - ✓ Verified low_noise_quantized_ckpt: /data/fuhaiwen1/LightX2V/models/lightx2v/Wan2.2-Distill-Models/wan2.2_i2v_A14b_low_noise_int8_lightx2v_4step.safetensors
2026-07-24 05:17:54.085 | DEBUG    | lightx2v.utils.utils:validate_config_paths:759 - ✓ Verified low_noise_original_ckpt: /data/fuhaiwen1/LightX2V/models/lightx2v/Wan2.2-Distill-Models/wan2.2_i2v_A14b_low_noise_int8_lightx2v_4step.safetensors
2026-07-24 05:17:54.085 | DEBUG    | lightx2v.utils.utils:validate_config_paths:763 - ✓ Verified low_noise_quantized_ckpt: /data/fuhaiwen1/LightX2V/models/lightx2v/Wan2.2-Distill-Models/wan2.2_i2v_A14b_low_noise_int8_lightx2v_4step.safetensors
2026-07-24 05:17:54.085 | DEBUG    | lightx2v.utils.utils:validate_config_paths:763 - ✓ Verified low_noise_quantized_ckpt: /data/fuhaiwen1/LightX2V/models/lightx2v/Wan2.2-Distill-Models/wan2.2_i2v_A14b_low_noise_int8_lightx2v_4step.safetensors
2026-07-24 05:17:54.085 | DEBUG    | lightx2v.utils.utils:validate_config_paths:754 - ✓ Verified high_noise_quantized_ckpt: /data/fuhaiwen1/LightX2V/models/lightx2v/Wan2.2-Distill-Models/wan2.2_i2v_A14b_high_noise_int8_lightx2v_4step.safetensors
2026-07-24 05:17:54.085 | INFO     | lightx2v.utils.utils:validate_config_paths:765 - ✓ Config checkpoint paths validated successfully
2026-07-24 05:17:54.085 | INFO     | lightx2v.utils.utils:validate_config_paths:765 - ✓ Config checkpoint paths validated successfully
2026-07-24 05:17:54.085 | INFO     | lightx2v.utils.utils:validate_config_paths:765 - ✓ Config checkpoint paths validated successfully
2026-07-24 05:17:54.085 | INFO     | lightx2v.utils.utils:validate_config_paths:765 - ✓ Config checkpoint paths validated successfully
2026-07-24 05:17:54.086 | DEBUG    | lightx2v.utils.utils:validate_config_paths:763 - ✓ Verified low_noise_quantized_ckpt: /data/fuhaiwen1/LightX2V/models/lightx2v/Wan2.2-Distill-Models/wan2.2_i2v_A14b_low_noise_int8_lightx2v_4step.safetensors
2026-07-24 05:17:54.086 | INFO     | lightx2v.utils.utils:validate_config_paths:765 - ✓ Config checkpoint paths validated successfully
2026-07-24 05:17:54.086 | INFO     | lightx2v.utils.utils:validate_config_paths:765 - ✓ Config checkpoint paths validated successfully
2026-07-24 05:17:54.086 | DEBUG    | lightx2v.utils.utils:validate_config_paths:759 - ✓ Verified low_noise_original_ckpt: /data/fuhaiwen1/LightX2V/models/lightx2v/Wan2.2-Distill-Models/wan2.2_i2v_A14b_low_noise_int8_lightx2v_4step.safetensors
2026-07-24 05:17:54.086 | INFO     | lightx2v.models.runners.wan.wan_runner:init_scheduler:364 - Using WanScheduler
2026-07-24 05:17:54.086 | INFO     | lightx2v.utils.utils:validate_config_paths:765 - ✓ Config checkpoint paths validated successfully
2026-07-24 05:17:54.086 | INFO     | lightx2v.models.runners.wan.wan_runner:init_scheduler:364 - Using WanScheduler
2026-07-24 05:17:54.086 | INFO     | lightx2v.models.runners.wan.wan_runner:init_scheduler:364 - Using WanScheduler
2026-07-24 05:17:54.087 | DEBUG    | lightx2v.utils.utils:validate_config_paths:763 - ✓ Verified low_noise_quantized_ckpt: /data/fuhaiwen1/LightX2V/models/lightx2v/Wan2.2-Distill-Models/wan2.2_i2v_A14b_low_noise_int8_lightx2v_4step.safetensors
2026-07-24 05:17:54.087 | INFO     | lightx2v.models.runners.wan.wan_runner:init_scheduler:364 - Using WanScheduler
2026-07-24 05:17:54.087 | INFO     | lightx2v.models.runners.default_runner:init_modules:111 - Initializing runner modules...
2026-07-24 05:17:54.087 | INFO     | lightx2v.models.runners.wan.wan_runner:init_scheduler:364 - Using WanScheduler
2026-07-24 05:17:54.087 | INFO     | lightx2v.models.runners.wan.wan_runner:init_scheduler:364 - Using WanScheduler
2026-07-24 05:17:54.087 | INFO     | lightx2v.utils.custom_compiler:_discover_compiled_methods:120 - [Compile] Discovering compiled methods for WanModel...
2026-07-24 05:17:54.087 | INFO     | lightx2v.models.runners.default_runner:init_modules:111 - Initializing runner modules...
2026-07-24 05:17:54.087 | INFO     | lightx2v.models.runners.default_runner:init_modules:111 - Initializing runner modules...
2026-07-24 05:17:54.087 | INFO     | lightx2v.models.runners.default_runner:init_modules:111 - Initializing runner modules...
2026-07-24 05:17:54.087 | INFO     | lightx2v.utils.utils:validate_config_paths:765 - ✓ Config checkpoint paths validated successfully
2026-07-24 05:17:54.087 | INFO     | lightx2v.models.runners.wan.wan_runner:init_scheduler:364 - Using WanScheduler
2026-07-24 05:17:54.087 | INFO     | lightx2v.models.runners.default_runner:init_modules:111 - Initializing runner modules...
2026-07-24 05:17:54.087 | INFO     | lightx2v.models.runners.default_runner:init_modules:111 - Initializing runner modules...
2026-07-24 05:17:54.087 | INFO     | lightx2v.utils.custom_compiler:_discover_compiled_methods:125 - [Compile] Found compiled method: _infer_cond_uncond
2026-07-24 05:17:54.087 | INFO     | lightx2v.utils.custom_compiler:_discover_compiled_methods:120 - [Compile] Discovering compiled methods for WanModel...
2026-07-24 05:17:54.088 | INFO     | lightx2v.utils.custom_compiler:_discover_compiled_methods:120 - [Compile] Discovering compiled methods for WanModel...
2026-07-24 05:17:54.088 | INFO     | lightx2v.utils.custom_compiler:_discover_compiled_methods:120 - [Compile] Discovering compiled methods for WanModel...
2026-07-24 05:17:54.088 | INFO     | lightx2v.utils.custom_compiler:_discover_compiled_methods:120 - [Compile] Discovering compiled methods for WanModel...
2026-07-24 05:17:54.088 | INFO     | lightx2v.models.runners.default_runner:init_modules:111 - Initializing runner modules...
2026-07-24 05:17:54.088 | INFO     | lightx2v.utils.custom_compiler:_discover_compiled_methods:125 - [Compile] Found compiled method: _infer_cond_uncond
2026-07-24 05:17:54.088 | INFO     | lightx2v.models.runners.wan.wan_runner:init_scheduler:364 - Using WanScheduler
2026-07-24 05:17:54.088 | INFO     | lightx2v.utils.custom_compiler:_discover_compiled_methods:120 - [Compile] Discovering compiled methods for WanModel...
2026-07-24 05:17:54.088 | INFO     | lightx2v.utils.custom_compiler:_discover_compiled_methods:125 - [Compile] Found compiled method: _infer_cond_uncond
2026-07-24 05:17:54.088 | INFO     | lightx2v.utils.custom_compiler:_discover_compiled_methods:125 - [Compile] Found compiled method: _infer_cond_uncond
2026-07-24 05:17:54.088 | INFO     | lightx2v.utils.custom_compiler:_discover_compiled_methods:125 - [Compile] Found compiled method: _infer_cond_uncond
2026-07-24 05:17:54.089 | INFO     | lightx2v.utils.custom_compiler:_discover_compiled_methods:120 - [Compile] Discovering compiled methods for WanModel...
2026-07-24 05:17:54.089 | INFO     | lightx2v.models.runners.default_runner:init_modules:111 - Initializing runner modules...
2026-07-24 05:17:54.089 | INFO     | lightx2v.utils.custom_compiler:_discover_compiled_methods:125 - [Compile] Found compiled method: _infer_cond_uncond
2026-07-24 05:17:54.089 | INFO     | lightx2v.utils.custom_compiler:_discover_compiled_methods:125 - [Compile] Found compiled method: _infer_cond_uncond
2026-07-24 05:17:54.089 | INFO     | lightx2v.utils.custom_compiler:_discover_compiled_methods:120 - [Compile] Discovering compiled methods for WanModel...
2026-07-24 05:17:54.089 | INFO     | lightx2v.utils.custom_compiler:_discover_compiled_methods:125 - [Compile] Found compiled method: _infer_cond_uncond
2026-07-24 05:18:06.751 | INFO     | lightx2v.models.networks.base_model:_load_quant_ckpt:509 - Loading weights from /data/fuhaiwen1/LightX2V/models/lightx2v/Wan2.2-Distill-Models/wan2.2_i2v_A14b_high_noise_int8_lightx2v_4step.safetensors
2026-07-24 05:18:06.751 | INFO     | lightx2v.models.networks.base_model:_load_quant_ckpt:509 - Loading weights from /data/fuhaiwen1/LightX2V/models/lightx2v/Wan2.2-Distill-Models/wan2.2_i2v_A14b_high_noise_int8_lightx2v_4step.safetensors
2026-07-24 05:18:06.751 | INFO     | lightx2v.models.networks.base_model:_load_quant_ckpt:509 - Loading weights from /data/fuhaiwen1/LightX2V/models/lightx2v/Wan2.2-Distill-Models/wan2.2_i2v_A14b_high_noise_int8_lightx2v_4step.safetensors
2026-07-24 05:18:06.752 | INFO     | lightx2v.models.networks.base_model:_load_quant_ckpt:509 - Loading weights from /data/fuhaiwen1/LightX2V/models/lightx2v/Wan2.2-Distill-Models/wan2.2_i2v_A14b_high_noise_int8_lightx2v_4step.safetensors
2026-07-24 05:18:06.751 | INFO     | lightx2v.models.networks.base_model:_load_quant_ckpt:509 - Loading weights from /data/fuhaiwen1/LightX2V/models/lightx2v/Wan2.2-Distill-Models/wan2.2_i2v_A14b_high_noise_int8_lightx2v_4step.safetensors
2026-07-24 05:18:06.751 | INFO     | lightx2v.models.networks.base_model:_load_quant_ckpt:509 - Loading weights from /data/fuhaiwen1/LightX2V/models/lightx2v/Wan2.2-Distill-Models/wan2.2_i2v_A14b_high_noise_int8_lightx2v_4step.safetensors
2026-07-24 05:18:06.751 | INFO     | lightx2v.models.networks.base_model:_load_quant_ckpt:509 - Loading weights from /data/fuhaiwen1/LightX2V/models/lightx2v/Wan2.2-Distill-Models/wan2.2_i2v_A14b_high_noise_int8_lightx2v_4step.safetensors
2026-07-24 05:18:06.752 | INFO     | lightx2v.models.networks.base_model:_load_quant_ckpt:509 - Loading weights from /data/fuhaiwen1/LightX2V/models/lightx2v/Wan2.2-Distill-Models/wan2.2_i2v_A14b_high_noise_int8_lightx2v_4step.safetensors
2026-07-24 05:19:43.414 | INFO     | lightx2v.utils.custom_compiler:_discover_compiled_methods:120 - [Compile] Discovering compiled methods for WanModel...
2026-07-24 05:19:43.416 | INFO     | lightx2v.utils.custom_compiler:_discover_compiled_methods:125 - [Compile] Found compiled method: _infer_cond_uncond
2026-07-24 05:19:43.428 | INFO     | lightx2v.models.networks.base_model:_load_quant_ckpt:509 - Loading weights from /data/fuhaiwen1/LightX2V/models/lightx2v/Wan2.2-Distill-Models/wan2.2_i2v_A14b_low_noise_int8_lightx2v_4step.safetensors
2026-07-24 05:19:44.696 | INFO     | lightx2v.utils.custom_compiler:_discover_compiled_methods:120 - [Compile] Discovering compiled methods for WanModel...
2026-07-24 05:19:44.696 | INFO     | lightx2v.utils.custom_compiler:_discover_compiled_methods:125 - [Compile] Found compiled method: _infer_cond_uncond
2026-07-24 05:19:44.697 | INFO     | lightx2v.utils.custom_compiler:_discover_compiled_methods:120 - [Compile] Discovering compiled methods for WanModel...
2026-07-24 05:19:44.697 | INFO     | lightx2v.utils.custom_compiler:_discover_compiled_methods:125 - [Compile] Found compiled method: _infer_cond_uncond
2026-07-24 05:19:44.711 | INFO     | lightx2v.utils.custom_compiler:_discover_compiled_methods:120 - [Compile] Discovering compiled methods for WanModel...
2026-07-24 05:19:44.711 | INFO     | lightx2v.utils.custom_compiler:_discover_compiled_methods:125 - [Compile] Found compiled method: _infer_cond_uncond
2026-07-24 05:19:44.762 | INFO     | lightx2v.utils.custom_compiler:_discover_compiled_methods:120 - [Compile] Discovering compiled methods for WanModel...
2026-07-24 05:19:44.763 | INFO     | lightx2v.utils.custom_compiler:_discover_compiled_methods:125 - [Compile] Found compiled method: _infer_cond_uncond
2026-07-24 05:19:44.799 | INFO     | lightx2v.utils.custom_compiler:_discover_compiled_methods:120 - [Compile] Discovering compiled methods for WanModel...
2026-07-24 05:19:44.799 | INFO     | lightx2v.utils.custom_compiler:_discover_compiled_methods:125 - [Compile] Found compiled method: _infer_cond_uncond
2026-07-24 05:19:44.854 | INFO     | lightx2v.utils.custom_compiler:_discover_compiled_methods:120 - [Compile] Discovering compiled methods for WanModel...
2026-07-24 05:19:44.855 | INFO     | lightx2v.utils.custom_compiler:_discover_compiled_methods:125 - [Compile] Found compiled method: _infer_cond_uncond
2026-07-24 05:19:44.898 | INFO     | lightx2v.utils.custom_compiler:_discover_compiled_methods:120 - [Compile] Discovering compiled methods for WanModel...
2026-07-24 05:19:44.899 | INFO     | lightx2v.utils.custom_compiler:_discover_compiled_methods:125 - [Compile] Found compiled method: _infer_cond_uncond
2026-07-24 05:19:46.321 | INFO     | lightx2v.models.networks.base_model:_load_quant_ckpt:509 - Loading weights from /data/fuhaiwen1/LightX2V/models/lightx2v/Wan2.2-Distill-Models/wan2.2_i2v_A14b_low_noise_int8_lightx2v_4step.safetensors
2026-07-24 05:19:46.321 | INFO     | lightx2v.models.networks.base_model:_load_quant_ckpt:509 - Loading weights from /data/fuhaiwen1/LightX2V/models/lightx2v/Wan2.2-Distill-Models/wan2.2_i2v_A14b_low_noise_int8_lightx2v_4step.safetensors
2026-07-24 05:19:46.321 | INFO     | lightx2v.models.networks.base_model:_load_quant_ckpt:509 - Loading weights from /data/fuhaiwen1/LightX2V/models/lightx2v/Wan2.2-Distill-Models/wan2.2_i2v_A14b_low_noise_int8_lightx2v_4step.safetensors
2026-07-24 05:19:46.321 | INFO     | lightx2v.models.networks.base_model:_load_quant_ckpt:509 - Loading weights from /data/fuhaiwen1/LightX2V/models/lightx2v/Wan2.2-Distill-Models/wan2.2_i2v_A14b_low_noise_int8_lightx2v_4step.safetensors
2026-07-24 05:19:46.321 | INFO     | lightx2v.models.networks.base_model:_load_quant_ckpt:509 - Loading weights from /data/fuhaiwen1/LightX2V/models/lightx2v/Wan2.2-Distill-Models/wan2.2_i2v_A14b_low_noise_int8_lightx2v_4step.safetensors
2026-07-24 05:19:46.321 | INFO     | lightx2v.models.networks.base_model:_load_quant_ckpt:509 - Loading weights from /data/fuhaiwen1/LightX2V/models/lightx2v/Wan2.2-Distill-Models/wan2.2_i2v_A14b_low_noise_int8_lightx2v_4step.safetensors
2026-07-24 05:19:46.321 | INFO     | lightx2v.models.networks.base_model:_load_quant_ckpt:509 - Loading weights from /data/fuhaiwen1/LightX2V/models/lightx2v/Wan2.2-Distill-Models/wan2.2_i2v_A14b_low_noise_int8_lightx2v_4step.safetensors
2026-07-24 05:21:22.698 | INFO     | lightx2v.models.runners.wan.wan_runner:__init__:858 - boundary: 0.9, boundary_timestep: 900.0
2026-07-24 05:21:22.791 | INFO     | lightx2v.utils.utils:load_weights:516 - Loading weights from /data/fuhaiwen1/LightX2V/models/Wan-AI/Wan2.2-I2V-A14B/models_t5_umt5-xxl-enc-bf16.pth
2026-07-24 05:21:24.004 | INFO     | lightx2v.models.runners.wan.wan_runner:__init__:858 - boundary: 0.9, boundary_timestep: 900.0
2026-07-24 05:21:24.021 | INFO     | lightx2v.models.runners.wan.wan_runner:__init__:858 - boundary: 0.9, boundary_timestep: 900.0
2026-07-24 05:21:24.060 | INFO     | lightx2v.models.runners.wan.wan_runner:__init__:858 - boundary: 0.9, boundary_timestep: 900.0
2026-07-24 05:21:24.068 | INFO     | lightx2v.models.runners.wan.wan_runner:__init__:858 - boundary: 0.9, boundary_timestep: 900.0
2026-07-24 05:21:24.169 | INFO     | lightx2v.models.runners.wan.wan_runner:__init__:858 - boundary: 0.9, boundary_timestep: 900.0
2026-07-24 05:21:24.201 | INFO     | lightx2v.models.runners.wan.wan_runner:__init__:858 - boundary: 0.9, boundary_timestep: 900.0
2026-07-24 05:21:24.251 | INFO     | lightx2v.utils.utils:load_weights:516 - Loading weights from /data/fuhaiwen1/LightX2V/models/Wan-AI/Wan2.2-I2V-A14B/models_t5_umt5-xxl-enc-bf16.pth
2026-07-24 05:21:24.266 | INFO     | lightx2v.utils.utils:load_weights:516 - Loading weights from /data/fuhaiwen1/LightX2V/models/Wan-AI/Wan2.2-I2V-A14B/models_t5_umt5-xxl-enc-bf16.pth
2026-07-24 05:21:24.320 | INFO     | lightx2v.utils.utils:load_weights:516 - Loading weights from /data/fuhaiwen1/LightX2V/models/Wan-AI/Wan2.2-I2V-A14B/models_t5_umt5-xxl-enc-bf16.pth
2026-07-24 05:21:24.324 | INFO     | lightx2v.utils.utils:load_weights:516 - Loading weights from /data/fuhaiwen1/LightX2V/models/Wan-AI/Wan2.2-I2V-A14B/models_t5_umt5-xxl-enc-bf16.pth
2026-07-24 05:21:24.400 | INFO     | lightx2v.models.runners.wan.wan_runner:__init__:858 - boundary: 0.9, boundary_timestep: 900.0
2026-07-24 05:21:24.411 | INFO     | lightx2v.utils.utils:load_weights:516 - Loading weights from /data/fuhaiwen1/LightX2V/models/Wan-AI/Wan2.2-I2V-A14B/models_t5_umt5-xxl-enc-bf16.pth
2026-07-24 05:21:24.416 | INFO     | lightx2v.utils.utils:load_weights:516 - Loading weights from /data/fuhaiwen1/LightX2V/models/Wan-AI/Wan2.2-I2V-A14B/models_t5_umt5-xxl-enc-bf16.pth
2026-07-24 05:21:24.540 | INFO     | lightx2v.utils.utils:load_weights:516 - Loading weights from /data/fuhaiwen1/LightX2V/models/Wan-AI/Wan2.2-I2V-A14B/models_t5_umt5-xxl-enc-bf16.pth
2026-07-24 05:22:10.783 | INFO     | lightx2v.utils.utils:load_weights:516 - Loading weights from /data/fuhaiwen1/LightX2V/models/Wan-AI/Wan2.2-I2V-A14B/Wan2.1_VAE.pth
2026-07-24 05:22:12.441 | INFO     | lightx2v.utils.profiler:__exit__:87 - [Profile] Single GPU - Level2_Log Load models cost 258.353489 seconds
2026-07-24 05:22:12.442 | INFO     | lightx2v.utils.profiler:__exit__:87 - [Profile] Single GPU - Level2_Log Load models cost 258.353961 seconds
2026-07-24 05:22:12.460 | INFO     | lightx2v.models.runners.wan.wan_runner:run_vae_encoder:739 - ori latent: 90x68, adjust_latent: 90x68, grid: 2x4
2026-07-24 05:22:12.780 | INFO     | lightx2v.utils.utils:load_weights:516 - Loading weights from /data/fuhaiwen1/LightX2V/models/Wan-AI/Wan2.2-I2V-A14B/Wan2.1_VAE.pth
2026-07-24 05:22:12.828 | INFO     | lightx2v.utils.utils:load_weights:516 - Loading weights from /data/fuhaiwen1/LightX2V/models/Wan-AI/Wan2.2-I2V-A14B/Wan2.1_VAE.pth
2026-07-24 05:22:12.978 | INFO     | lightx2v.utils.utils:load_weights:516 - Loading weights from /data/fuhaiwen1/LightX2V/models/Wan-AI/Wan2.2-I2V-A14B/Wan2.1_VAE.pth
2026-07-24 05:22:13.034 | INFO     | lightx2v.utils.utils:load_weights:516 - Loading weights from /data/fuhaiwen1/LightX2V/models/Wan-AI/Wan2.2-I2V-A14B/Wan2.1_VAE.pth
2026-07-24 05:22:13.813 | INFO     | lightx2v.utils.utils:load_weights:516 - Loading weights from /data/fuhaiwen1/LightX2V/models/Wan-AI/Wan2.2-I2V-A14B/Wan2.1_VAE.pth
2026-07-24 05:22:13.889 | INFO     | lightx2v.utils.utils:load_weights:516 - Loading weights from /data/fuhaiwen1/LightX2V/models/Wan-AI/Wan2.2-I2V-A14B/Wan2.1_VAE.pth
2026-07-24 05:22:13.953 | INFO     | lightx2v.utils.utils:load_weights:516 - Loading weights from /data/fuhaiwen1/LightX2V/models/Wan-AI/Wan2.2-I2V-A14B/Wan2.1_VAE.pth
2026-07-24 05:22:15.903 | INFO     | lightx2v.utils.profiler:__exit__:87 - [Profile] Single GPU - Level2_Log Load models cost 261.814852 seconds
2026-07-24 05:22:15.904 | INFO     | lightx2v.utils.profiler:__exit__:87 - [Profile] Single GPU - Level2_Log Load models cost 261.816033 seconds
2026-07-24 05:22:16.134 | INFO     | lightx2v.models.runners.wan.wan_runner:run_vae_encoder:739 - ori latent: 90x68, adjust_latent: 90x68, grid: 2x4
2026-07-24 05:22:16.851 | INFO     | lightx2v.utils.profiler:__exit__:87 - [Profile] Single GPU - Level2_Log Load models cost 262.763492 seconds
2026-07-24 05:22:16.858 | INFO     | lightx2v.utils.profiler:__exit__:87 - [Profile] Single GPU - Level2_Log Load models cost 262.770595 seconds
2026-07-24 05:22:16.974 | INFO     | lightx2v.utils.profiler:__exit__:87 - [Profile] Single GPU - Level2_Log Load models cost 262.885794 seconds
2026-07-24 05:22:16.985 | INFO     | lightx2v.utils.profiler:__exit__:87 - [Profile] Single GPU - Level2_Log Load models cost 262.897182 seconds
2026-07-24 05:22:17.023 | INFO     | lightx2v.models.runners.wan.wan_runner:run_vae_encoder:739 - ori latent: 90x68, adjust_latent: 90x68, grid: 2x4
2026-07-24 05:22:17.189 | INFO     | lightx2v.models.runners.wan.wan_runner:run_vae_encoder:739 - ori latent: 90x68, adjust_latent: 90x68, grid: 2x4
2026-07-24 05:22:17.232 | INFO     | lightx2v.utils.profiler:__exit__:87 - [Profile] Single GPU - Level2_Log Load models cost 263.143918 seconds
2026-07-24 05:22:17.236 | INFO     | lightx2v.utils.profiler:__exit__:87 - [Profile] Single GPU - Level2_Log Load models cost 263.148394 seconds
2026-07-24 05:22:17.427 | INFO     | lightx2v.models.runners.wan.wan_runner:run_vae_encoder:739 - ori latent: 90x68, adjust_latent: 90x68, grid: 2x4
2026-07-24 05:22:17.561 | INFO     | lightx2v.utils.profiler:__exit__:87 - [Profile] Single GPU - Level2_Log Load models cost 263.472186 seconds
2026-07-24 05:22:17.562 | INFO     | lightx2v.utils.profiler:__exit__:87 - [Profile] Single GPU - Level2_Log Load models cost 263.473028 seconds
2026-07-24 05:22:17.598 | INFO     | lightx2v.models.runners.wan.wan_runner:run_vae_encoder:739 - ori latent: 90x68, adjust_latent: 90x68, grid: 2x4
2026-07-24 05:22:17.607 | INFO     | lightx2v.utils.profiler:__exit__:87 - [Profile] Single GPU - Level2_Log Load models cost 263.518420 seconds
2026-07-24 05:22:17.608 | INFO     | lightx2v.utils.profiler:__exit__:87 - [Profile] Single GPU - Level2_Log Load models cost 263.519357 seconds
2026-07-24 05:22:17.638 | INFO     | lightx2v.models.runners.wan.wan_runner:run_vae_encoder:739 - ori latent: 90x68, adjust_latent: 90x68, grid: 2x4
2026-07-24 05:22:17.647 | INFO     | lightx2v.utils.profiler:__exit__:87 - [Profile] Single GPU - Level2_Log Load models cost 263.558847 seconds
2026-07-24 05:22:17.647 | INFO     | lightx2v.utils.profiler:__exit__:87 - [Profile] Single GPU - Level2_Log Load models cost 263.559558 seconds
2026-07-24 05:22:17.669 | INFO     | lightx2v.models.runners.wan.wan_runner:run_vae_encoder:739 - ori latent: 90x68, adjust_latent: 90x68, grid: 2x4
2026-07-24 05:22:18.360 | INFO     | lightx2v.utils.profiler:__exit__:87 - [Profile] Single GPU - Level1_Log Run VAE Encoder cost 0.721888 seconds
2026-07-24 05:22:18.360 | INFO     | lightx2v.utils.profiler:__exit__:87 - [Profile] Single GPU - Level1_Log Run VAE Encoder cost 0.932891 seconds
2026-07-24 05:22:18.360 | INFO     | lightx2v.utils.profiler:__exit__:87 - [Profile] Single GPU - Level1_Log Run VAE Encoder cost 0.690961 seconds
2026-07-24 05:22:18.361 | INFO     | lightx2v.utils.profiler:__exit__:87 - [Profile] Single GPU - Level1_Log Run VAE Encoder cost 0.762435 seconds
2026-07-24 05:22:18.361 | INFO     | lightx2v.utils.profiler:__exit__:87 - [Profile] Single GPU - Level1_Log Run VAE Encoder cost 1.173063 seconds
2026-07-24 05:22:18.363 | INFO     | lightx2v.utils.profiler:__exit__:87 - [Profile] Single GPU - Level1_Log Run VAE Encoder cost 1.339881 seconds
2026-07-24 05:22:18.364 | INFO     | lightx2v.utils.profiler:__exit__:87 - [Profile] Single GPU - Level1_Log Run VAE Encoder cost 2.230092 seconds
2026-07-24 05:22:18.368 | INFO     | lightx2v.utils.profiler:__exit__:87 - [Profile] Single GPU - Level1_Log Run VAE Encoder cost 5.907313 seconds
2026-07-24 05:22:18.545 | INFO     | lightx2v.utils.profiler:__exit__:87 - [Profile] Single GPU - Level1_Log Run Text Encoder cost 0.180314 seconds
2026-07-24 05:22:18.546 | INFO     | lightx2v.utils.profiler:__exit__:87 - [Profile] Single GPU - Level2_Log Run Encoders cost 2.641799 seconds
2026-07-24 05:22:18.547 | INFO     | lightx2v.models.runners.default_runner:run_main:450 - 🔄 start segment 1/1
2026-07-24 05:22:18.553 | INFO     | lightx2v.utils.profiler:__exit__:87 - [Profile] Single GPU - Level1_Log Run Text Encoder cost 0.189972 seconds
2026-07-24 05:22:18.554 | INFO     | lightx2v.utils.profiler:__exit__:87 - [Profile] Single GPU - Level2_Log Run Encoders cost 1.567526 seconds
2026-07-24 05:22:18.555 | INFO     | lightx2v.models.runners.default_runner:run_main:450 - 🔄 start segment 1/1
2026-07-24 05:22:18.565 | INFO     | lightx2v.utils.profiler:__exit__:87 - [Profile] Single GPU - Level1_Log Run Text Encoder cost 0.203130 seconds
2026-07-24 05:22:18.567 | INFO     | lightx2v.utils.profiler:__exit__:87 - [Profile] Single GPU - Level1_Log Run Text Encoder cost 0.204603 seconds
2026-07-24 05:22:18.569 | INFO     | lightx2v.utils.profiler:__exit__:87 - [Profile] Single GPU - Level2_Log Run Encoders cost 1.332306 seconds
2026-07-24 05:22:18.569 | INFO     | lightx2v.utils.profiler:__exit__:87 - [Profile] Single GPU - Level2_Log Run Encoders cost 0.960699 seconds
2026-07-24 05:22:18.571 | INFO     | lightx2v.models.runners.default_runner:run_main:450 - 🔄 start segment 1/1
2026-07-24 05:22:18.572 | INFO     | lightx2v.utils.profiler:__exit__:87 - [Profile] Single GPU - Level1_Log Run Text Encoder cost 0.202909 seconds
2026-07-24 05:22:18.572 | INFO     | lightx2v.models.runners.default_runner:run_main:450 - 🔄 start segment 1/1
2026-07-24 05:22:18.574 | INFO     | lightx2v.utils.profiler:__exit__:87 - [Profile] Single GPU - Level1_Log Run Text Encoder cost 0.211755 seconds
2026-07-24 05:22:18.574 | INFO     | lightx2v.utils.profiler:__exit__:87 - [Profile] Single GPU - Level2_Log Run Encoders cost 6.132430 seconds
2026-07-24 05:22:18.575 | INFO     | lightx2v.utils.profiler:__exit__:87 - [Profile] Single GPU - Level2_Log Run Encoders cost 0.926754 seconds
2026-07-24 05:22:18.575 | INFO     | lightx2v.utils.profiler:__exit__:87 - [Profile] Single GPU - Level1_Log Run Text Encoder cost 0.211235 seconds
2026-07-24 05:22:18.576 | INFO     | lightx2v.models.runners.default_runner:run_main:450 - 🔄 start segment 1/1
2026-07-24 05:22:18.576 | INFO     | lightx2v.models.runners.default_runner:run_main:450 - 🔄 start segment 1/1
2026-07-24 05:22:18.576 | INFO     | lightx2v.utils.profiler:__exit__:87 - [Profile] Single GPU - Level2_Log Run Encoders cost 1.716716 seconds
2026-07-24 05:22:18.578 | INFO     | lightx2v.models.runners.default_runner:run_main:450 - 🔄 start segment 1/1
2026-07-24 05:22:18.580 | INFO     | lightx2v.models.runners.default_runner:run_segment:234 - ==> step_index: 1 / 4
2026-07-24 05:22:18.580 | INFO     | lightx2v.utils.profiler:__exit__:87 - [Profile] Rank 0 - Level1_Log step_pre cost 0.000114 seconds
2026-07-24 05:22:18.581 | INFO     | lightx2v.models.runners.wan.wan_runner:get_current_model_index:914 - using - HIGH - noise model at step_index 1
2026-07-24 05:22:18.581 | INFO     | lightx2v.utils.profiler:__exit__:87 - [Profile] Single GPU - Level2_Log Switch models in infer_main costs cost 0.000372 seconds
2026-07-24 05:22:18.596 | INFO     | lightx2v.models.runners.default_runner:run_segment:234 - ==> step_index: 1 / 4
2026-07-24 05:22:18.596 | INFO     | lightx2v.models.runners.default_runner:run_segment:234 - ==> step_index: 1 / 4
2026-07-24 05:22:18.596 | INFO     | lightx2v.models.runners.default_runner:run_segment:234 - ==> step_index: 1 / 4
2026-07-24 05:22:18.596 | INFO     | lightx2v.models.runners.default_runner:run_segment:234 - ==> step_index: 1 / 4
2026-07-24 05:22:18.596 | INFO     | lightx2v.models.runners.default_runner:run_segment:234 - ==> step_index: 1 / 4
2026-07-24 05:22:18.596 | INFO     | lightx2v.models.runners.default_runner:run_segment:234 - ==> step_index: 1 / 4
2026-07-24 05:22:18.596 | INFO     | lightx2v.utils.profiler:__exit__:87 - [Profile] Rank 5 - Level1_Log step_pre cost 0.000120 seconds
2026-07-24 05:22:18.597 | INFO     | lightx2v.utils.profiler:__exit__:87 - [Profile] Rank 2 - Level1_Log step_pre cost 0.000145 seconds
2026-07-24 05:22:18.597 | INFO     | lightx2v.utils.profiler:__exit__:87 - [Profile] Rank 6 - Level1_Log step_pre cost 0.000323 seconds
2026-07-24 05:22:18.597 | INFO     | lightx2v.utils.profiler:__exit__:87 - [Profile] Rank 1 - Level1_Log step_pre cost 0.000163 seconds
2026-07-24 05:22:18.598 | INFO     | lightx2v.models.runners.wan.wan_runner:get_current_model_index:914 - using - HIGH - noise model at step_index 1
2026-07-24 05:22:18.597 | INFO     | lightx2v.utils.profiler:__exit__:87 - [Profile] Rank 3 - Level1_Log step_pre cost 0.000228 seconds
2026-07-24 05:22:18.597 | INFO     | lightx2v.utils.profiler:__exit__:87 - [Profile] Rank 4 - Level1_Log step_pre cost 0.000231 seconds
2026-07-24 05:22:18.598 | INFO     | lightx2v.models.runners.wan.wan_runner:get_current_model_index:914 - using - HIGH - noise model at step_index 1
2026-07-24 05:22:18.598 | INFO     | lightx2v.utils.profiler:__exit__:87 - [Profile] Single GPU - Level2_Log Switch models in infer_main costs cost 0.000427 seconds
2026-07-24 05:22:18.598 | INFO     | lightx2v.models.runners.wan.wan_runner:get_current_model_index:914 - using - HIGH - noise model at step_index 1
2026-07-24 05:22:18.598 | INFO     | lightx2v.models.runners.wan.wan_runner:get_current_model_index:914 - using - HIGH - noise model at step_index 1
2026-07-24 05:22:18.598 | INFO     | lightx2v.utils.profiler:__exit__:87 - [Profile] Single GPU - Level2_Log Switch models in infer_main costs cost 0.000988 seconds
2026-07-24 05:22:18.599 | INFO     | lightx2v.utils.profiler:__exit__:87 - [Profile] Single GPU - Level2_Log Switch models in infer_main costs cost 0.001140 seconds
2026-07-24 05:22:18.598 | INFO     | lightx2v.models.runners.wan.wan_runner:get_current_model_index:914 - using - HIGH - noise model at step_index 1
2026-07-24 05:22:18.598 | INFO     | lightx2v.models.runners.wan.wan_runner:get_current_model_index:914 - using - HIGH - noise model at step_index 1
2026-07-24 05:22:18.599 | INFO     | lightx2v.utils.profiler:__exit__:87 - [Profile] Single GPU - Level2_Log Switch models in infer_main costs cost 0.000822 seconds
2026-07-24 05:22:18.599 | INFO     | lightx2v.utils.profiler:__exit__:87 - [Profile] Single GPU - Level2_Log Switch models in infer_main costs cost 0.001159 seconds
2026-07-24 05:22:18.600 | INFO     | lightx2v.utils.profiler:__exit__:87 - [Profile] Single GPU - Level2_Log Switch models in infer_main costs cost 0.001485 seconds
2026-07-24 05:22:18.609 | INFO     | lightx2v.utils.profiler:__exit__:87 - [Profile] Single GPU - Level1_Log Run Text Encoder cost 0.245989 seconds
2026-07-24 05:22:18.614 | INFO     | lightx2v.utils.profiler:__exit__:87 - [Profile] Single GPU - Level2_Log Run Encoders cost 1.050413 seconds
2026-07-24 05:22:18.615 | INFO     | lightx2v.models.runners.default_runner:run_main:450 - 🔄 start segment 1/1
2026-07-24 05:22:18.632 | INFO     | lightx2v.models.runners.default_runner:run_segment:234 - ==> step_index: 1 / 4
2026-07-24 05:22:18.632 | INFO     | lightx2v.utils.profiler:__exit__:87 - [Profile] Rank 7 - Level1_Log step_pre cost 0.000123 seconds
2026-07-24 05:22:18.633 | INFO     | lightx2v.models.runners.wan.wan_runner:get_current_model_index:914 - using - HIGH - noise model at step_index 1
2026-07-24 05:22:18.633 | INFO     | lightx2v.utils.profiler:__exit__:87 - [Profile] Single GPU - Level2_Log Switch models in infer_main costs cost 0.000393 seconds
Warning: Sage2++ NOT enabled
Warning: Sage2++ NOT enabled
Warning: Sage2++ NOT enabled
Warning: Sage2++ NOT enabled
Warning: Sage2++ NOT enabled
Warning: Sage2++ NOT enabled
Warning: Sage2++ NOT enabled
Warning: Sage2++ NOT enabled
2026-07-24 05:22:24.371 | INFO     | lightx2v.utils.profiler:__exit__:87 - [Profile] Rank 0 - Level1_Log 🚀 infer_main cost 5.790011 seconds
2026-07-24 05:22:24.373 | INFO     | lightx2v.utils.profiler:__exit__:87 - [Profile] Rank 6 - Level1_Log 🚀 infer_main cost 5.774723 seconds
2026-07-24 05:22:24.373 | INFO     | lightx2v.utils.profiler:__exit__:87 - [Profile] Rank 0 - Level1_Log step_post cost 0.001095 seconds
2026-07-24 05:22:24.374 | INFO     | lightx2v.utils.profiler:__exit__:87 - [Profile] Rank 0 - Level1_Log Run Dit every step cost 5.793819 seconds
2026-07-24 05:22:24.373 | INFO     | lightx2v.utils.profiler:__exit__:87 - [Profile] Rank 5 - Level1_Log 🚀 infer_main cost 5.775789 seconds
2026-07-24 05:22:24.374 | INFO     | lightx2v.models.runners.default_runner:run_segment:234 - ==> step_index: 2 / 4
2026-07-24 05:22:24.374 | INFO     | lightx2v.utils.profiler:__exit__:87 - [Profile] Rank 0 - Level1_Log step_pre cost 0.000143 seconds
2026-07-24 05:22:24.375 | INFO     | lightx2v.models.runners.wan.wan_runner:get_current_model_index:914 - using - HIGH - noise model at step_index 2
2026-07-24 05:22:24.375 | INFO     | lightx2v.utils.profiler:__exit__:87 - [Profile] Single GPU - Level2_Log Switch models in infer_main costs cost 0.000247 seconds
2026-07-24 05:22:24.375 | INFO     | lightx2v.utils.profiler:__exit__:87 - [Profile] Rank 6 - Level1_Log step_post cost 0.002022 seconds
2026-07-24 05:22:24.376 | INFO     | lightx2v.utils.profiler:__exit__:87 - [Profile] Rank 6 - Level1_Log Run Dit every step cost 5.779835 seconds
2026-07-24 05:22:24.376 | INFO     | lightx2v.utils.profiler:__exit__:87 - [Profile] Rank 5 - Level1_Log step_post cost 0.001560 seconds
2026-07-24 05:22:24.376 | INFO     | lightx2v.utils.profiler:__exit__:87 - [Profile] Rank 5 - Level1_Log Run Dit every step cost 5.780256 seconds
2026-07-24 05:22:24.378 | INFO     | lightx2v.utils.profiler:__exit__:87 - [Profile] Rank 7 - Level1_Log 🚀 infer_main cost 5.745299 seconds
2026-07-24 05:22:24.378 | INFO     | lightx2v.utils.profiler:__exit__:87 - [Profile] Rank 4 - Level1_Log 🚀 infer_main cost 5.779274 seconds
2026-07-24 05:22:24.379 | INFO     | lightx2v.utils.profiler:__exit__:87 - [Profile] Rank 7 - Level1_Log step_post cost 0.000995 seconds
2026-07-24 05:22:24.379 | INFO     | lightx2v.utils.profiler:__exit__:87 - [Profile] Rank 7 - Level1_Log Run Dit every step cost 5.747539 seconds
2026-07-24 05:22:24.382 | INFO     | lightx2v.utils.profiler:__exit__:87 - [Profile] Rank 4 - Level1_Log step_post cost 0.002894 seconds
2026-07-24 05:22:24.383 | INFO     | lightx2v.utils.profiler:__exit__:87 - [Profile] Rank 4 - Level1_Log Run Dit every step cost 5.787156 seconds
2026-07-24 05:22:24.384 | INFO     | lightx2v.utils.profiler:__exit__:87 - [Profile] Rank 3 - Level1_Log 🚀 infer_main cost 5.786303 seconds
2026-07-24 05:22:24.386 | INFO     | lightx2v.utils.profiler:__exit__:87 - [Profile] Rank 3 - Level1_Log step_post cost 0.001123 seconds
2026-07-24 05:22:24.386 | INFO     | lightx2v.utils.profiler:__exit__:87 - [Profile] Rank 3 - Level1_Log Run Dit every step cost 5.790570 seconds
2026-07-24 05:22:24.387 | INFO     | lightx2v.utils.profiler:__exit__:87 - [Profile] Rank 1 - Level1_Log 🚀 infer_main cost 5.789543 seconds
2026-07-24 05:22:24.389 | INFO     | lightx2v.utils.profiler:__exit__:87 - [Profile] Rank 2 - Level1_Log 🚀 infer_main cost 5.791149 seconds
2026-07-24 05:22:24.390 | INFO     | lightx2v.utils.profiler:__exit__:87 - [Profile] Rank 2 - Level1_Log step_post cost 0.000949 seconds
2026-07-24 05:22:24.390 | INFO     | lightx2v.utils.profiler:__exit__:87 - [Profile] Rank 2 - Level1_Log Run Dit every step cost 5.794587 seconds
2026-07-24 05:22:24.393 | INFO     | lightx2v.utils.profiler:__exit__:87 - [Profile] Rank 1 - Level1_Log step_post cost 0.004748 seconds
2026-07-24 05:22:24.393 | INFO     | lightx2v.utils.profiler:__exit__:87 - [Profile] Rank 1 - Level1_Log Run Dit every step cost 5.797362 seconds
2026-07-24 05:22:24.394 | INFO     | lightx2v.models.runners.default_runner:run_segment:234 - ==> step_index: 2 / 4
2026-07-24 05:22:24.394 | INFO     | lightx2v.models.runners.default_runner:run_segment:234 - ==> step_index: 2 / 4
2026-07-24 05:22:24.394 | INFO     | lightx2v.models.runners.default_runner:run_segment:234 - ==> step_index: 2 / 4
2026-07-24 05:22:24.394 | INFO     | lightx2v.models.runners.default_runner:run_segment:234 - ==> step_index: 2 / 4
2026-07-24 05:22:24.394 | INFO     | lightx2v.models.runners.default_runner:run_segment:234 - ==> step_index: 2 / 4
2026-07-24 05:22:24.394 | INFO     | lightx2v.models.runners.default_runner:run_segment:234 - ==> step_index: 2 / 4
2026-07-24 05:22:24.394 | INFO     | lightx2v.models.runners.default_runner:run_segment:234 - ==> step_index: 2 / 4
2026-07-24 05:22:24.394 | INFO     | lightx2v.utils.profiler:__exit__:87 - [Profile] Rank 2 - Level1_Log step_pre cost 0.000179 seconds
2026-07-24 05:22:24.394 | INFO     | lightx2v.utils.profiler:__exit__:87 - [Profile] Rank 6 - Level1_Log step_pre cost 0.000136 seconds
2026-07-24 05:22:24.394 | INFO     | lightx2v.utils.profiler:__exit__:87 - [Profile] Rank 3 - Level1_Log step_pre cost 0.000122 seconds
2026-07-24 05:22:24.394 | INFO     | lightx2v.utils.profiler:__exit__:87 - [Profile] Rank 7 - Level1_Log step_pre cost 0.000165 seconds
2026-07-24 05:22:24.394 | INFO     | lightx2v.utils.profiler:__exit__:87 - [Profile] Rank 5 - Level1_Log step_pre cost 0.000156 seconds
2026-07-24 05:22:24.395 | INFO     | lightx2v.models.runners.wan.wan_runner:get_current_model_index:914 - using - HIGH - noise model at step_index 2
2026-07-24 05:22:24.394 | INFO     | lightx2v.models.runners.wan.wan_runner:get_current_model_index:914 - using - HIGH - noise model at step_index 2
2026-07-24 05:22:24.395 | INFO     | lightx2v.utils.profiler:__exit__:87 - [Profile] Rank 1 - Level1_Log step_pre cost 0.000204 seconds
2026-07-24 05:22:24.395 | INFO     | lightx2v.models.runners.wan.wan_runner:get_current_model_index:914 - using - HIGH - noise model at step_index 2
2026-07-24 05:22:24.395 | INFO     | lightx2v.models.runners.wan.wan_runner:get_current_model_index:914 - using - HIGH - noise model at step_index 2
2026-07-24 05:22:24.395 | INFO     | lightx2v.utils.profiler:__exit__:87 - [Profile] Single GPU - Level2_Log Switch models in infer_main costs cost 0.000221 seconds
2026-07-24 05:22:24.395 | INFO     | lightx2v.utils.profiler:__exit__:87 - [Profile] Single GPU - Level2_Log Switch models in infer_main costs cost 0.000262 seconds
2026-07-24 05:22:24.395 | INFO     | lightx2v.models.runners.wan.wan_runner:get_current_model_index:914 - using - HIGH - noise model at step_index 2
2026-07-24 05:22:24.395 | INFO     | lightx2v.utils.profiler:__exit__:87 - [Profile] Single GPU - Level2_Log Switch models in infer_main costs cost 0.000372 seconds
2026-07-24 05:22:24.395 | INFO     | lightx2v.utils.profiler:__exit__:87 - [Profile] Single GPU - Level2_Log Switch models in infer_main costs cost 0.000350 seconds
2026-07-24 05:22:24.395 | INFO     | lightx2v.models.runners.wan.wan_runner:get_current_model_index:914 - using - HIGH - noise model at step_index 2
2026-07-24 05:22:24.395 | INFO     | lightx2v.utils.profiler:__exit__:87 - [Profile] Rank 4 - Level1_Log step_pre cost 0.000703 seconds
2026-07-24 05:22:24.395 | INFO     | lightx2v.utils.profiler:__exit__:87 - [Profile] Single GPU - Level2_Log Switch models in infer_main costs cost 0.000546 seconds
2026-07-24 05:22:24.395 | INFO     | lightx2v.utils.profiler:__exit__:87 - [Profile] Single GPU - Level2_Log Switch models in infer_main costs cost 0.000596 seconds
2026-07-24 05:22:24.396 | INFO     | lightx2v.models.runners.wan.wan_runner:get_current_model_index:914 - using - HIGH - noise model at step_index 2
2026-07-24 05:22:24.397 | INFO     | lightx2v.utils.profiler:__exit__:87 - [Profile] Single GPU - Level2_Log Switch models in infer_main costs cost 0.000961 seconds
2026-07-24 05:22:28.332 | INFO     | lightx2v.utils.profiler:__exit__:87 - [Profile] Rank 0 - Level1_Log 🚀 infer_main cost 3.957651 seconds
2026-07-24 05:22:28.335 | INFO     | lightx2v.utils.profiler:__exit__:87 - [Profile] Rank 0 - Level1_Log step_post cost 0.001249 seconds
2026-07-24 05:22:28.335 | INFO     | lightx2v.utils.profiler:__exit__:87 - [Profile] Rank 4 - Level1_Log 🚀 infer_main cost 3.939212 seconds
2026-07-24 05:22:28.335 | INFO     | lightx2v.utils.profiler:__exit__:87 - [Profile] Rank 0 - Level1_Log Run Dit every step cost 3.961417 seconds
2026-07-24 05:22:28.335 | INFO     | lightx2v.utils.profiler:__exit__:87 - [Profile] Rank 6 - Level1_Log 🚀 infer_main cost 3.940140 seconds
2026-07-24 05:22:28.336 | INFO     | lightx2v.models.runners.default_runner:run_segment:234 - ==> step_index: 3 / 4
2026-07-24 05:22:28.336 | INFO     | lightx2v.utils.profiler:__exit__:87 - [Profile] Rank 0 - Level1_Log step_pre cost 0.000096 seconds
2026-07-24 05:22:28.336 | INFO     | lightx2v.models.runners.wan.wan_runner:get_current_model_index:924 - using - LOW - noise model at step_index 3
2026-07-24 05:22:28.337 | INFO     | lightx2v.utils.profiler:__exit__:87 - [Profile] Single GPU - Level2_Log Switch models in infer_main costs cost 0.000299 seconds
2026-07-24 05:22:28.337 | INFO     | lightx2v.utils.profiler:__exit__:87 - [Profile] Rank 4 - Level1_Log step_post cost 0.001879 seconds
2026-07-24 05:22:28.337 | INFO     | lightx2v.utils.profiler:__exit__:87 - [Profile] Rank 4 - Level1_Log Run Dit every step cost 3.954258 seconds
2026-07-24 05:22:28.337 | INFO     | lightx2v.utils.profiler:__exit__:87 - [Profile] Rank 5 - Level1_Log 🚀 infer_main cost 3.942373 seconds
2026-07-24 05:22:28.338 | INFO     | lightx2v.utils.profiler:__exit__:87 - [Profile] Rank 7 - Level1_Log 🚀 infer_main cost 3.943108 seconds
2026-07-24 05:22:28.338 | INFO     | lightx2v.utils.profiler:__exit__:87 - [Profile] Rank 6 - Level1_Log step_post cost 0.002588 seconds
2026-07-24 05:22:28.339 | INFO     | lightx2v.utils.profiler:__exit__:87 - [Profile] Rank 6 - Level1_Log Run Dit every step cost 3.962689 seconds
2026-07-24 05:22:28.340 | INFO     | lightx2v.utils.profiler:__exit__:87 - [Profile] Rank 7 - Level1_Log step_post cost 0.001714 seconds
2026-07-24 05:22:28.340 | INFO     | lightx2v.utils.profiler:__exit__:87 - [Profile] Rank 7 - Level1_Log Run Dit every step cost 3.960967 seconds
2026-07-24 05:22:28.343 | INFO     | lightx2v.utils.profiler:__exit__:87 - [Profile] Rank 5 - Level1_Log step_post cost 0.005004 seconds
2026-07-24 05:22:28.343 | INFO     | lightx2v.utils.profiler:__exit__:87 - [Profile] Rank 5 - Level1_Log Run Dit every step cost 3.967149 seconds
2026-07-24 05:22:28.345 | INFO     | lightx2v.utils.profiler:__exit__:87 - [Profile] Rank 3 - Level1_Log 🚀 infer_main cost 3.950800 seconds
2026-07-24 05:22:28.348 | INFO     | lightx2v.utils.profiler:__exit__:87 - [Profile] Rank 3 - Level1_Log step_post cost 0.001684 seconds
2026-07-24 05:22:28.348 | INFO     | lightx2v.utils.profiler:__exit__:87 - [Profile] Rank 3 - Level1_Log Run Dit every step cost 3.961389 seconds
2026-07-24 05:22:28.348 | INFO     | lightx2v.utils.profiler:__exit__:87 - [Profile] Rank 1 - Level1_Log 🚀 infer_main cost 3.952749 seconds
2026-07-24 05:22:28.350 | INFO     | lightx2v.utils.profiler:__exit__:87 - [Profile] Rank 1 - Level1_Log step_post cost 0.001775 seconds
2026-07-24 05:22:28.350 | INFO     | lightx2v.utils.profiler:__exit__:87 - [Profile] Rank 1 - Level1_Log Run Dit every step cost 3.956806 seconds
2026-07-24 05:22:28.351 | INFO     | lightx2v.models.runners.default_runner:run_segment:234 - ==> step_index: 3 / 4
2026-07-24 05:22:28.350 | INFO     | lightx2v.utils.profiler:__exit__:87 - [Profile] Rank 2 - Level1_Log 🚀 infer_main cost 3.955925 seconds
2026-07-24 05:22:28.351 | INFO     | lightx2v.utils.profiler:__exit__:87 - [Profile] Rank 1 - Level1_Log step_pre cost 0.000140 seconds
2026-07-24 05:22:28.351 | INFO     | lightx2v.models.runners.wan.wan_runner:get_current_model_index:924 - using - LOW - noise model at step_index 3
2026-07-24 05:22:28.351 | INFO     | lightx2v.utils.profiler:__exit__:87 - [Profile] Single GPU - Level2_Log Switch models in infer_main costs cost 0.000299 seconds
2026-07-24 05:22:28.353 | INFO     | lightx2v.utils.profiler:__exit__:87 - [Profile] Rank 2 - Level1_Log step_post cost 0.002276 seconds
2026-07-24 05:22:28.354 | INFO     | lightx2v.utils.profiler:__exit__:87 - [Profile] Rank 2 - Level1_Log Run Dit every step cost 3.963248 seconds
2026-07-24 05:22:28.354 | INFO     | lightx2v.models.runners.default_runner:run_segment:234 - ==> step_index: 3 / 4
2026-07-24 05:22:28.354 | INFO     | lightx2v.models.runners.default_runner:run_segment:234 - ==> step_index: 3 / 4
2026-07-24 05:22:28.354 | INFO     | lightx2v.models.runners.default_runner:run_segment:234 - ==> step_index: 3 / 4
2026-07-24 05:22:28.354 | INFO     | lightx2v.models.runners.default_runner:run_segment:234 - ==> step_index: 3 / 4
2026-07-24 05:22:28.354 | INFO     | lightx2v.models.runners.default_runner:run_segment:234 - ==> step_index: 3 / 4
2026-07-24 05:22:28.354 | INFO     | lightx2v.models.runners.default_runner:run_segment:234 - ==> step_index: 3 / 4
2026-07-24 05:22:28.355 | INFO     | lightx2v.utils.profiler:__exit__:87 - [Profile] Rank 3 - Level1_Log step_pre cost 0.000281 seconds
2026-07-24 05:22:28.355 | INFO     | lightx2v.utils.profiler:__exit__:87 - [Profile] Rank 7 - Level1_Log step_pre cost 0.000146 seconds
2026-07-24 05:22:28.355 | INFO     | lightx2v.utils.profiler:__exit__:87 - [Profile] Rank 6 - Level1_Log step_pre cost 0.000140 seconds
2026-07-24 05:22:28.355 | INFO     | lightx2v.utils.profiler:__exit__:87 - [Profile] Rank 4 - Level1_Log step_pre cost 0.000288 seconds
2026-07-24 05:22:28.355 | INFO     | lightx2v.utils.profiler:__exit__:87 - [Profile] Rank 2 - Level1_Log step_pre cost 0.000141 seconds
2026-07-24 05:22:28.355 | INFO     | lightx2v.utils.profiler:__exit__:87 - [Profile] Rank 5 - Level1_Log step_pre cost 0.000125 seconds
2026-07-24 05:22:28.355 | INFO     | lightx2v.models.runners.wan.wan_runner:get_current_model_index:924 - using - LOW - noise model at step_index 3
2026-07-24 05:22:28.356 | INFO     | lightx2v.models.runners.wan.wan_runner:get_current_model_index:924 - using - LOW - noise model at step_index 3
2026-07-24 05:22:28.355 | INFO     | lightx2v.models.runners.wan.wan_runner:get_current_model_index:924 - using - LOW - noise model at step_index 3
2026-07-24 05:22:28.356 | INFO     | lightx2v.models.runners.wan.wan_runner:get_current_model_index:924 - using - LOW - noise model at step_index 3
2026-07-24 05:22:28.356 | INFO     | lightx2v.utils.profiler:__exit__:87 - [Profile] Single GPU - Level2_Log Switch models in infer_main costs cost 0.000228 seconds
2026-07-24 05:22:28.356 | INFO     | lightx2v.utils.profiler:__exit__:87 - [Profile] Single GPU - Level2_Log Switch models in infer_main costs cost 0.000589 seconds
2026-07-24 05:22:28.356 | INFO     | lightx2v.models.runners.wan.wan_runner:get_current_model_index:924 - using - LOW - noise model at step_index 3
2026-07-24 05:22:28.356 | INFO     | lightx2v.models.runners.wan.wan_runner:get_current_model_index:924 - using - LOW - noise model at step_index 3
2026-07-24 05:22:28.356 | INFO     | lightx2v.utils.profiler:__exit__:87 - [Profile] Single GPU - Level2_Log Switch models in infer_main costs cost 0.000635 seconds
2026-07-24 05:22:28.356 | INFO     | lightx2v.utils.profiler:__exit__:87 - [Profile] Single GPU - Level2_Log Switch models in infer_main costs cost 0.000561 seconds
2026-07-24 05:22:28.356 | INFO     | lightx2v.utils.profiler:__exit__:87 - [Profile] Single GPU - Level2_Log Switch models in infer_main costs cost 0.000636 seconds
2026-07-24 05:22:28.356 | INFO     | lightx2v.utils.profiler:__exit__:87 - [Profile] Single GPU - Level2_Log Switch models in infer_main costs cost 0.000908 seconds
2026-07-24 05:22:32.652 | INFO     | lightx2v.utils.profiler:__exit__:87 - [Profile] Rank 6 - Level1_Log 🚀 infer_main cost 4.296457 seconds
2026-07-24 05:22:32.652 | INFO     | lightx2v.utils.profiler:__exit__:87 - [Profile] Rank 7 - Level1_Log 🚀 infer_main cost 4.296622 seconds
2026-07-24 05:22:32.654 | INFO     | lightx2v.utils.profiler:__exit__:87 - [Profile] Rank 0 - Level1_Log 🚀 infer_main cost 4.317300 seconds
2026-07-24 05:22:32.657 | INFO     | lightx2v.utils.profiler:__exit__:87 - [Profile] Rank 4 - Level1_Log 🚀 infer_main cost 4.301411 seconds
2026-07-24 05:22:32.671 | INFO     | lightx2v.utils.profiler:__exit__:87 - [Profile] Rank 3 - Level1_Log 🚀 infer_main cost 4.315520 seconds
2026-07-24 05:22:32.671 | INFO     | lightx2v.utils.profiler:__exit__:87 - [Profile] Rank 5 - Level1_Log 🚀 infer_main cost 4.315355 seconds
2026-07-24 05:22:32.677 | INFO     | lightx2v.utils.profiler:__exit__:87 - [Profile] Rank 1 - Level1_Log 🚀 infer_main cost 4.325904 seconds
2026-07-24 05:22:32.681 | INFO     | lightx2v.utils.profiler:__exit__:87 - [Profile] Rank 2 - Level1_Log 🚀 infer_main cost 4.325305 seconds
2026-07-24 05:22:32.708 | INFO     | lightx2v.utils.profiler:__exit__:87 - [Profile] Rank 0 - Level1_Log step_post cost 0.053581 seconds
2026-07-24 05:22:32.708 | INFO     | lightx2v.utils.profiler:__exit__:87 - [Profile] Rank 0 - Level1_Log Run Dit every step cost 4.372320 seconds
2026-07-24 05:22:32.708 | INFO     | lightx2v.models.runners.default_runner:run_segment:234 - ==> step_index: 4 / 4
2026-07-24 05:22:32.709 | INFO     | lightx2v.utils.profiler:__exit__:87 - [Profile] Rank 0 - Level1_Log step_pre cost 0.000100 seconds
2026-07-24 05:22:32.709 | INFO     | lightx2v.models.runners.wan.wan_runner:get_current_model_index:924 - using - LOW - noise model at step_index 4
2026-07-24 05:22:32.709 | INFO     | lightx2v.utils.profiler:__exit__:87 - [Profile] Single GPU - Level2_Log Switch models in infer_main costs cost 0.000253 seconds
2026-07-24 05:22:32.736 | INFO     | lightx2v.utils.profiler:__exit__:87 - [Profile] Rank 7 - Level1_Log step_post cost 0.083603 seconds
2026-07-24 05:22:32.737 | INFO     | lightx2v.utils.profiler:__exit__:87 - [Profile] Rank 7 - Level1_Log Run Dit every step cost 4.396435 seconds
2026-07-24 05:22:32.739 | INFO     | lightx2v.utils.profiler:__exit__:87 - [Profile] Rank 6 - Level1_Log step_post cost 0.086609 seconds
2026-07-24 05:22:32.740 | INFO     | lightx2v.utils.profiler:__exit__:87 - [Profile] Rank 6 - Level1_Log Run Dit every step cost 4.400984 seconds
2026-07-24 05:22:32.747 | INFO     | lightx2v.utils.profiler:__exit__:87 - [Profile] Rank 5 - Level1_Log step_post cost 0.075528 seconds
2026-07-24 05:22:32.748 | INFO     | lightx2v.utils.profiler:__exit__:87 - [Profile] Rank 5 - Level1_Log Run Dit every step cost 4.404435 seconds
2026-07-24 05:22:32.751 | INFO     | lightx2v.utils.profiler:__exit__:87 - [Profile] Rank 3 - Level1_Log step_post cost 0.079584 seconds
2026-07-24 05:22:32.751 | INFO     | lightx2v.utils.profiler:__exit__:87 - [Profile] Rank 3 - Level1_Log Run Dit every step cost 4.403204 seconds
2026-07-24 05:22:32.751 | INFO     | lightx2v.utils.profiler:__exit__:87 - [Profile] Rank 4 - Level1_Log step_post cost 0.092874 seconds
2026-07-24 05:22:32.752 | INFO     | lightx2v.utils.profiler:__exit__:87 - [Profile] Rank 4 - Level1_Log Run Dit every step cost 4.414084 seconds
2026-07-24 05:22:32.757 | INFO     | lightx2v.utils.profiler:__exit__:87 - [Profile] Rank 2 - Level1_Log step_post cost 0.075984 seconds
2026-07-24 05:22:32.758 | INFO     | lightx2v.utils.profiler:__exit__:87 - [Profile] Rank 2 - Level1_Log Run Dit every step cost 4.403885 seconds
2026-07-24 05:22:32.767 | INFO     | lightx2v.utils.profiler:__exit__:87 - [Profile] Rank 1 - Level1_Log step_post cost 0.089504 seconds
2026-07-24 05:22:32.767 | INFO     | lightx2v.utils.profiler:__exit__:87 - [Profile] Rank 1 - Level1_Log Run Dit every step cost 4.417161 seconds
2026-07-24 05:22:32.768 | INFO     | lightx2v.models.runners.default_runner:run_segment:234 - ==> step_index: 4 / 4
2026-07-24 05:22:32.768 | INFO     | lightx2v.models.runners.default_runner:run_segment:234 - ==> step_index: 4 / 4
2026-07-24 05:22:32.768 | INFO     | lightx2v.models.runners.default_runner:run_segment:234 - ==> step_index: 4 / 4
2026-07-24 05:22:32.768 | INFO     | lightx2v.models.runners.default_runner:run_segment:234 - ==> step_index: 4 / 4
2026-07-24 05:22:32.768 | INFO     | lightx2v.models.runners.default_runner:run_segment:234 - ==> step_index: 4 / 4
2026-07-24 05:22:32.768 | INFO     | lightx2v.models.runners.default_runner:run_segment:234 - ==> step_index: 4 / 4
2026-07-24 05:22:32.768 | INFO     | lightx2v.models.runners.default_runner:run_segment:234 - ==> step_index: 4 / 4
2026-07-24 05:22:32.768 | INFO     | lightx2v.utils.profiler:__exit__:87 - [Profile] Rank 2 - Level1_Log step_pre cost 0.000127 seconds
2026-07-24 05:22:32.769 | INFO     | lightx2v.utils.profiler:__exit__:87 - [Profile] Rank 6 - Level1_Log step_pre cost 0.000110 seconds
2026-07-24 05:22:32.769 | INFO     | lightx2v.utils.profiler:__exit__:87 - [Profile] Rank 1 - Level1_Log step_pre cost 0.000149 seconds
2026-07-24 05:22:32.769 | INFO     | lightx2v.utils.profiler:__exit__:87 - [Profile] Rank 4 - Level1_Log step_pre cost 0.000134 seconds
2026-07-24 05:22:32.769 | INFO     | lightx2v.utils.profiler:__exit__:87 - [Profile] Rank 7 - Level1_Log step_pre cost 0.000319 seconds
2026-07-24 05:22:32.769 | INFO     | lightx2v.utils.profiler:__exit__:87 - [Profile] Rank 5 - Level1_Log step_pre cost 0.000184 seconds
2026-07-24 05:22:32.769 | INFO     | lightx2v.models.runners.wan.wan_runner:get_current_model_index:924 - using - LOW - noise model at step_index 4
2026-07-24 05:22:32.769 | INFO     | lightx2v.models.runners.wan.wan_runner:get_current_model_index:924 - using - LOW - noise model at step_index 4
2026-07-24 05:22:32.769 | INFO     | lightx2v.utils.profiler:__exit__:87 - [Profile] Rank 3 - Level1_Log step_pre cost 0.000391 seconds
2026-07-24 05:22:32.770 | INFO     | lightx2v.models.runners.wan.wan_runner:get_current_model_index:924 - using - LOW - noise model at step_index 4
2026-07-24 05:22:32.770 | INFO     | lightx2v.models.runners.wan.wan_runner:get_current_model_index:924 - using - LOW - noise model at step_index 4
2026-07-24 05:22:32.770 | INFO     | lightx2v.utils.profiler:__exit__:87 - [Profile] Single GPU - Level2_Log Switch models in infer_main costs cost 0.000616 seconds
2026-07-24 05:22:32.770 | INFO     | lightx2v.utils.profiler:__exit__:87 - [Profile] Single GPU - Level2_Log Switch models in infer_main costs cost 0.000575 seconds
2026-07-24 05:22:32.770 | INFO     | lightx2v.models.runners.wan.wan_runner:get_current_model_index:924 - using - LOW - noise model at step_index 4
2026-07-24 05:22:32.770 | INFO     | lightx2v.models.runners.wan.wan_runner:get_current_model_index:924 - using - LOW - noise model at step_index 4
2026-07-24 05:22:32.770 | INFO     | lightx2v.utils.profiler:__exit__:87 - [Profile] Single GPU - Level2_Log Switch models in infer_main costs cost 0.000640 seconds
2026-07-24 05:22:32.770 | INFO     | lightx2v.utils.profiler:__exit__:87 - [Profile] Single GPU - Level2_Log Switch models in infer_main costs cost 0.000667 seconds
2026-07-24 05:22:32.771 | INFO     | lightx2v.models.runners.wan.wan_runner:get_current_model_index:924 - using - LOW - noise model at step_index 4
2026-07-24 05:22:32.771 | INFO     | lightx2v.utils.profiler:__exit__:87 - [Profile] Single GPU - Level2_Log Switch models in infer_main costs cost 0.000803 seconds
2026-07-24 05:22:32.771 | INFO     | lightx2v.utils.profiler:__exit__:87 - [Profile] Single GPU - Level2_Log Switch models in infer_main costs cost 0.000889 seconds
2026-07-24 05:22:32.771 | INFO     | lightx2v.utils.profiler:__exit__:87 - [Profile] Single GPU - Level2_Log Switch models in infer_main costs cost 0.000888 seconds
2026-07-24 05:22:36.850 | INFO     | lightx2v.utils.profiler:__exit__:87 - [Profile] Rank 7 - Level1_Log 🚀 infer_main cost 4.079877 seconds
2026-07-24 05:22:36.850 | INFO     | lightx2v.utils.profiler:__exit__:87 - [Profile] Rank 6 - Level1_Log 🚀 infer_main cost 4.080544 seconds
2026-07-24 05:22:36.852 | INFO     | lightx2v.utils.profiler:__exit__:87 - [Profile] Rank 0 - Level1_Log 🚀 infer_main cost 4.142567 seconds
2026-07-24 05:22:36.853 | INFO     | lightx2v.utils.profiler:__exit__:87 - [Profile] Rank 7 - Level1_Log step_post cost 0.001978 seconds
2026-07-24 05:22:36.853 | INFO     | lightx2v.utils.profiler:__exit__:87 - [Profile] Rank 0 - Level1_Log step_post cost 0.001302 seconds
2026-07-24 05:22:36.853 | INFO     | lightx2v.utils.profiler:__exit__:87 - [Profile] Rank 7 - Level1_Log Run Dit every step cost 4.116193 seconds
2026-07-24 05:22:36.854 | INFO     | lightx2v.utils.profiler:__exit__:87 - [Profile] Rank 0 - Level1_Log Run Dit every step cost 4.145469 seconds
2026-07-24 05:22:36.854 | INFO     | lightx2v.utils.profiler:__exit__:87 - [Profile] Rank 6 - Level1_Log step_post cost 0.002179 seconds
2026-07-24 05:22:36.854 | INFO     | lightx2v.utils.profiler:__exit__:87 - [Profile] Rank 6 - Level1_Log Run Dit every step cost 4.113981 seconds
2026-07-24 05:22:36.854 | INFO     | lightx2v.utils.profiler:__exit__:87 - [Profile] Rank 4 - Level1_Log 🚀 infer_main cost 4.084510 seconds
2026-07-24 05:22:36.858 | INFO     | lightx2v.utils.profiler:__exit__:87 - [Profile] Rank 4 - Level1_Log step_post cost 0.003195 seconds
2026-07-24 05:22:36.859 | INFO     | lightx2v.utils.profiler:__exit__:87 - [Profile] Rank 4 - Level1_Log Run Dit every step cost 4.106467 seconds
2026-07-24 05:22:36.868 | INFO     | lightx2v.utils.profiler:__exit__:87 - [Profile] Rank 3 - Level1_Log 🚀 infer_main cost 4.097965 seconds
2026-07-24 05:22:36.871 | INFO     | lightx2v.utils.profiler:__exit__:87 - [Profile] Rank 3 - Level1_Log step_post cost 0.002215 seconds
2026-07-24 05:22:36.871 | INFO     | lightx2v.utils.profiler:__exit__:87 - [Profile] Rank 3 - Level1_Log Run Dit every step cost 4.119820 seconds
2026-07-24 05:22:36.871 | INFO     | lightx2v.utils.profiler:__exit__:87 - [Profile] Rank 5 - Level1_Log 🚀 infer_main cost 4.101438 seconds
2026-07-24 05:22:36.874 | INFO     | lightx2v.utils.profiler:__exit__:87 - [Profile] Rank 5 - Level1_Log step_post cost 0.002474 seconds
2026-07-24 05:22:36.875 | INFO     | lightx2v.utils.profiler:__exit__:87 - [Profile] Rank 5 - Level1_Log Run Dit every step cost 4.126197 seconds
2026-07-24 05:22:36.876 | INFO     | lightx2v.utils.profiler:__exit__:87 - [Profile] Rank 1 - Level1_Log 🚀 infer_main cost 4.106479 seconds
2026-07-24 05:22:36.879 | INFO     | lightx2v.utils.profiler:__exit__:87 - [Profile] Rank 1 - Level1_Log step_post cost 0.002629 seconds
2026-07-24 05:22:36.880 | INFO     | lightx2v.utils.profiler:__exit__:87 - [Profile] Rank 1 - Level1_Log Run Dit every step cost 4.112118 seconds
2026-07-24 05:22:36.880 | INFO     | lightx2v.utils.profiler:__exit__:87 - [Profile] Rank 2 - Level1_Log 🚀 infer_main cost 4.110404 seconds
2026-07-24 05:22:36.883 | INFO     | lightx2v.utils.profiler:__exit__:87 - [Profile] Rank 2 - Level1_Log step_post cost 0.002271 seconds
2026-07-24 05:22:36.883 | INFO     | lightx2v.utils.profiler:__exit__:87 - [Profile] Rank 2 - Level1_Log Run Dit every step cost 4.124873 seconds
2026-07-24 05:22:37.759 | INFO     | lightx2v.utils.profiler:__exit__:87 - [Profile] Single GPU - Level1_Log Run VAE Decoder cost 0.904690 seconds
2026-07-24 05:22:37.759 | INFO     | lightx2v.utils.profiler:__exit__:87 - [Profile] Single GPU - Level1_Log Run VAE Decoder cost 0.904298 seconds
2026-07-24 05:22:37.759 | INFO     | lightx2v.utils.profiler:__exit__:87 - [Profile] Single GPU - Level1_Log Run VAE Decoder cost 0.900175 seconds
2026-07-24 05:22:37.759 | INFO     | lightx2v.utils.profiler:__exit__:87 - [Profile] Single GPU - Level1_Log Run VAE Decoder cost 0.904830 seconds
2026-07-24 05:22:37.759 | INFO     | lightx2v.utils.profiler:__exit__:87 - [Profile] Single GPU - Level1_Log Run VAE Decoder cost 0.878714 seconds
2026-07-24 05:22:37.759 | INFO     | lightx2v.utils.profiler:__exit__:87 - [Profile] Rank 0 - Level1_Log segment end2end 1/1 cost 19.183058 seconds
2026-07-24 05:22:37.759 | INFO     | lightx2v.utils.profiler:__exit__:87 - [Profile] Single GPU - Level1_Log Run VAE Decoder cost 0.887377 seconds
2026-07-24 05:22:37.759 | INFO     | lightx2v.utils.profiler:__exit__:87 - [Profile] Single GPU - Level1_Log Run VAE Decoder cost 0.883898 seconds
2026-07-24 05:22:37.759 | INFO     | lightx2v.utils.profiler:__exit__:87 - [Profile] Single GPU - Level1_Log Run VAE Decoder cost 0.875713 seconds
2026-07-24 05:22:37.759 | INFO     | lightx2v.utils.profiler:__exit__:87 - [Profile] Rank 6 - Level1_Log segment end2end 1/1 cost 19.204215 seconds
2026-07-24 05:22:37.760 | INFO     | lightx2v.utils.profiler:__exit__:87 - [Profile] Rank 4 - Level1_Log segment end2end 1/1 cost 19.186852 seconds
2026-07-24 05:22:37.760 | INFO     | lightx2v.utils.profiler:__exit__:87 - [Profile] Rank 7 - Level1_Log segment end2end 1/1 cost 19.144301 seconds
2026-07-24 05:22:37.760 | INFO     | lightx2v.utils.profiler:__exit__:87 - [Profile] Rank 1 - Level1_Log segment end2end 1/1 cost 19.181594 seconds
2026-07-24 05:22:37.760 | INFO     | lightx2v.utils.profiler:__exit__:87 - [Profile] Rank 3 - Level1_Log segment end2end 1/1 cost 19.184139 seconds
2026-07-24 05:22:37.761 | INFO     | lightx2v.utils.profiler:__exit__:87 - [Profile] Rank 2 - Level1_Log segment end2end 1/1 cost 19.212879 seconds
2026-07-24 05:22:37.761 | INFO     | lightx2v.utils.profiler:__exit__:87 - [Profile] Rank 5 - Level1_Log segment end2end 1/1 cost 19.189811 seconds
2026-07-24 05:22:37.761 | INFO     | lightx2v.utils.profiler:__exit__:87 - [Profile] Single GPU - Level2_Log Run DiT cost 19.206816 seconds
2026-07-24 05:22:37.761 | INFO     | lightx2v.utils.profiler:__exit__:87 - [Profile] Single GPU - Level2_Log Run DiT cost 19.191154 seconds
2026-07-24 05:22:37.761 | INFO     | lightx2v.utils.profiler:__exit__:87 - [Profile] Single GPU - Level2_Log Run DiT cost 19.184788 seconds
2026-07-24 05:22:37.761 | INFO     | lightx2v.utils.profiler:__exit__:87 - [Profile] Rank 0 - Level2_Log wan_vae_to_comfy cost 0.001252 seconds
2026-07-24 05:22:37.761 | INFO     | lightx2v.utils.profiler:__exit__:87 - [Profile] Single GPU - Level2_Log Run DiT cost 19.147371 seconds
2026-07-24 05:22:37.761 | INFO     | lightx2v.utils.profiler:__exit__:87 - [Profile] Single GPU - Level2_Log Run DiT cost 19.215037 seconds
2026-07-24 05:22:37.761 | INFO     | lightx2v.utils.profiler:__exit__:87 - [Profile] Single GPU - Level1_Log RUN pipeline cost 20.775418 seconds
2026-07-24 05:22:37.762 | INFO     | lightx2v.utils.profiler:__exit__:87 - [Profile] Single GPU - Level2_Log Run DiT cost 19.186480 seconds
2026-07-24 05:22:37.762 | INFO     | lightx2v.utils.profiler:__exit__:87 - [Profile] Single GPU - Level1_Log RUN pipeline cost 20.152927 seconds
2026-07-24 05:22:37.762 | INFO     | lightx2v.utils.profiler:__exit__:87 - [Profile] Single GPU - Level1_Log RUN pipeline cost 20.902436 seconds
2026-07-24 05:22:37.762 | INFO     | lightx2v.models.runners.default_runner:process_images_after_vae_decoder:561 - 🎬 Start to save video 🎬
2026-07-24 05:22:37.762 | INFO     | lightx2v.utils.profiler:__exit__:87 - [Profile] Single GPU - Level2_Log Run DiT cost 19.192272 seconds
2026-07-24 05:22:37.762 | INFO     | lightx2v.utils.profiler:__exit__:87 - [Profile] Single GPU - Level1_Log RUN pipeline cost 21.857940 seconds
2026-07-24 05:22:37.762 | INFO     | lightx2v.utils.profiler:__exit__:87 - [Profile] Single GPU - Level1_Log RUN pipeline cost 20.198935 seconds
2026-07-24 05:22:37.762 | INFO     | lightx2v.utils.profiler:__exit__:87 - [Profile] Single GPU - Level1_Log RUN pipeline cost 20.114264 seconds
2026-07-24 05:22:37.763 | INFO     | lightx2v.utils.profiler:__exit__:87 - [Profile] Single GPU - Level1_Log RUN pipeline cost 20.525955 seconds
2026-07-24 05:22:38.143 | INFO     | lightx2v.models.runners.base_runner:_maybe_freeze_gc:84 - [GC] gc.collect() reclaimed 0 objects; gc.freeze() moved ~708859 live tracked objects out of future GC walks
2026-07-24 05:22:38.144 | INFO     | lightx2v.utils.profiler:__exit__:87 - [Profile] Rank 2 - Level1_Log Total Cost cost 284.057370 seconds
2026-07-24 05:22:38.180 | INFO     | lightx2v.models.runners.base_runner:_maybe_freeze_gc:84 - [GC] gc.collect() reclaimed 0 objects; gc.freeze() moved ~708858 live tracked objects out of future GC walks
2026-07-24 05:22:38.181 | INFO     | lightx2v.utils.profiler:__exit__:87 - [Profile] Rank 1 - Level1_Log Total Cost cost 284.094606 seconds
2026-07-24 05:22:38.209 | INFO     | lightx2v.models.runners.base_runner:_maybe_freeze_gc:84 - [GC] gc.collect() reclaimed 0 objects; gc.freeze() moved ~708860 live tracked objects out of future GC walks
2026-07-24 05:22:38.209 | INFO     | lightx2v.utils.profiler:__exit__:87 - [Profile] Rank 4 - Level1_Log Total Cost cost 284.122575 seconds
2026-07-24 05:22:38.261 | INFO     | lightx2v.models.runners.default_runner:process_images_after_vae_decoder:570 - ✅ Video saved successfully to: /data/fuhaiwen1/LightX2V/save_results/baseline_benchmark_6.mp4 ✅
2026-07-24 05:22:38.262 | INFO     | lightx2v.utils.profiler:__exit__:87 - [Profile] Single GPU - Level2_Log Run DiT cost 19.687257 seconds
2026-07-24 05:22:38.262 | INFO     | lightx2v.utils.profiler:__exit__:87 - [Profile] Single GPU - Level1_Log RUN pipeline cost 25.820228 seconds
2026-07-24 05:22:38.347 | INFO     | lightx2v.models.runners.base_runner:_maybe_freeze_gc:84 - [GC] gc.collect() reclaimed 0 objects; gc.freeze() moved ~708859 live tracked objects out of future GC walks
2026-07-24 05:22:38.347 | INFO     | lightx2v.utils.profiler:__exit__:87 - [Profile] Rank 3 - Level1_Log Total Cost cost 284.261091 seconds
2026-07-24 05:22:38.364 | INFO     | lightx2v.models.runners.base_runner:_maybe_freeze_gc:84 - [GC] gc.collect() reclaimed 0 objects; gc.freeze() moved ~708858 live tracked objects out of future GC walks
2026-07-24 05:22:38.365 | INFO     | lightx2v.utils.profiler:__exit__:87 - [Profile] Rank 6 - Level1_Log Total Cost cost 284.278489 seconds
2026-07-24 05:22:38.450 | INFO     | lightx2v.models.runners.base_runner:_maybe_freeze_gc:84 - [GC] gc.collect() reclaimed 0 objects; gc.freeze() moved ~708861 live tracked objects out of future GC walks
2026-07-24 05:22:38.452 | INFO     | lightx2v.utils.profiler:__exit__:87 - [Profile] Rank 5 - Level1_Log Total Cost cost 284.365682 seconds
2026-07-24 05:22:38.545 | INFO     | lightx2v.models.runners.base_runner:_maybe_freeze_gc:84 - [GC] gc.collect() reclaimed 0 objects; gc.freeze() moved ~708865 live tracked objects out of future GC walks
2026-07-24 05:22:38.546 | INFO     | lightx2v.utils.profiler:__exit__:87 - [Profile] Rank 0 - Level1_Log Total Cost cost 284.459610 seconds
2026-07-24 05:22:38.741 | INFO     | lightx2v.models.runners.base_runner:_maybe_freeze_gc:84 - [GC] gc.collect() reclaimed 0 objects; gc.freeze() moved ~708858 live tracked objects out of future GC walks
2026-07-24 05:22:38.742 | INFO     | lightx2v.utils.profiler:__exit__:87 - [Profile] Rank 7 - Level1_Log Total Cost cost 284.654206 seconds
2026-07-24 05:22:39.363 | INFO     | __main__:main:241 - Distributed process group cleaned up
2026-07-24 05:22:39.365 | INFO     | __main__:main:241 - Distributed process group cleaned up
2026-07-24 05:22:39.371 | INFO     | __main__:main:241 - Distributed process group cleaned up
2026-07-24 05:22:39.383 | INFO     | __main__:main:241 - Distributed process group cleaned up
2026-07-24 05:22:39.388 | INFO     | __main__:main:241 - Distributed process group cleaned up
2026-07-24 05:22:39.419 | INFO     | __main__:main:241 - Distributed process group cleaned up
2026-07-24 05:22:39.430 | INFO     | __main__:main:241 - Distributed process group cleaned up
2026-07-24 05:22:39.455 | INFO     | __main__:main:241 - Distributed process group cleaned up
2026-07-24 05:22:57.663 | INFO     | __main__:_controller_main:577 - [done] request_id=4 worker=cooperative_group start_ts=1784870262.176192 finish_ts=1784870577.655339 e2e=1585.965s elapsed_from_global_start=1585.965s rc=0
2026-07-24 05:22:58.957 | INFO     | lightx2v_platform.base.base:init_ai_device:17 - Initialized AI_DEVICE: cuda
2026-07-24 05:22:58.959 | INFO     | lightx2v_platform.base.base:init_ai_device:17 - Initialized AI_DEVICE: cuda
2026-07-24 05:22:58.962 | INFO     | lightx2v_platform.base.base:init_ai_device:17 - Initialized AI_DEVICE: cuda
2026-07-24 05:22:58.962 | INFO     | lightx2v_platform.base.base:init_ai_device:17 - Initialized AI_DEVICE: cuda
2026-07-24 05:22:58.963 | INFO     | lightx2v_platform.base.base:init_ai_device:17 - Initialized AI_DEVICE: cuda
2026-07-24 05:22:58.963 | INFO     | lightx2v_platform.base.base:init_ai_device:17 - Initialized AI_DEVICE: cuda
2026-07-24 05:22:58.966 | INFO     | lightx2v_platform.base.base:init_ai_device:17 - Initialized AI_DEVICE: cuda
2026-07-24 05:22:58.969 | INFO     | lightx2v_platform.base.base:init_ai_device:17 - Initialized AI_DEVICE: cuda
2026-07-24 05:22:59.040 | INFO     | lightx2v_platform.base.base:check_ai_device:34 - AI device for platform 'cuda' is available.
2026-07-24 05:22:59.048 | INFO     | lightx2v_platform.base.base:check_ai_device:34 - AI device for platform 'cuda' is available.
2026-07-24 05:22:59.048 | INFO     | lightx2v_platform.base.base:check_ai_device:34 - AI device for platform 'cuda' is available.
2026-07-24 05:22:59.050 | INFO     | lightx2v_platform.base.base:check_ai_device:34 - AI device for platform 'cuda' is available.
2026-07-24 05:22:59.054 | INFO     | lightx2v_platform.base.base:check_ai_device:34 - AI device for platform 'cuda' is available.
2026-07-24 05:22:59.058 | INFO     | lightx2v_platform.base.base:check_ai_device:34 - AI device for platform 'cuda' is available.
2026-07-24 05:22:59.059 | INFO     | lightx2v_platform.base.base:check_ai_device:34 - AI device for platform 'cuda' is available.
2026-07-24 05:22:59.061 | INFO     | lightx2v_platform.base.base:check_ai_device:34 - AI device for platform 'cuda' is available.
/app/MagiAttention/magi_attention/__init__.py:26: UserWarning: You are using magi_attention without installing it. This may cause some unexpected errors.
  warnings.warn(
/app/MagiAttention/magi_attention/__init__.py:26: UserWarning: You are using magi_attention without installing it. This may cause some unexpected errors.
  warnings.warn(
/app/MagiAttention/magi_attention/__init__.py:26: UserWarning: You are using magi_attention without installing it. This may cause some unexpected errors.
  warnings.warn(
/app/MagiAttention/magi_attention/__init__.py:26: UserWarning: You are using magi_attention without installing it. This may cause some unexpected errors.
  warnings.warn(
/app/MagiAttention/magi_attention/__init__.py:26: UserWarning: You are using magi_attention without installing it. This may cause some unexpected errors.
  warnings.warn(
/app/MagiAttention/magi_attention/__init__.py:26: UserWarning: You are using magi_attention without installing it. This may cause some unexpected errors.
  warnings.warn(
/app/MagiAttention/magi_attention/__init__.py:26: UserWarning: You are using magi_attention without installing it. This may cause some unexpected errors.
  warnings.warn(
/app/MagiAttention/magi_attention/__init__.py:26: UserWarning: You are using magi_attention without installing it. This may cause some unexpected errors.
  warnings.warn(
2026-07-24 05:23:02.239 | INFO     | lightx2v.common.ops.attn.dynamic_sparse_attn:<module>:16 - flash_attn.cute not found, please install flashattention4 first
2026-07-24 05:23:02.239 | INFO     | lightx2v.common.ops.attn.dynamic_sparse_attn:<module>:22 - sageattn3_sparse not found, please install sageattn3_sparse first
2026-07-24 05:23:02.242 | INFO     | lightx2v.common.ops.attn.flash_attn:<module>:26 - flash_attn.cute not found, please install flashattention4 first
2026-07-24 05:23:02.451 | INFO     | lightx2v.common.ops.attn.sage_attn:<module>:23 - sageattn3_sparse not found, please install sageattn3_sparse first
2026-07-24 05:23:02.486 | INFO     | lightx2v.common.ops.attn.sage_attn:<module>:61 - sageattn3_sparse not found, please install sageattention sparse first
2026-07-24 05:23:02.505 | INFO     | lightx2v.common.ops.attn.sparse_operator:<module>:14 - flash_attn.cute not found, please install flashattention4 first
2026-07-24 05:23:02.505 | INFO     | lightx2v.common.ops.attn.sparse_operator:<module>:20 - sageattn3_sparse not found, please install sageattn3_sparse first
2026-07-24 05:23:02.807 | INFO     | lightx2v.common.ops.attn.dynamic_sparse_attn:<module>:16 - flash_attn.cute not found, please install flashattention4 first
2026-07-24 05:23:02.808 | INFO     | lightx2v.common.ops.attn.dynamic_sparse_attn:<module>:22 - sageattn3_sparse not found, please install sageattn3_sparse first
2026-07-24 05:23:02.812 | INFO     | lightx2v.common.ops.attn.flash_attn:<module>:26 - flash_attn.cute not found, please install flashattention4 first
2026-07-24 05:23:02.825 | INFO     | lightx2v.common.ops.attn.dynamic_sparse_attn:<module>:16 - flash_attn.cute not found, please install flashattention4 first
2026-07-24 05:23:02.825 | INFO     | lightx2v.common.ops.attn.dynamic_sparse_attn:<module>:22 - sageattn3_sparse not found, please install sageattn3_sparse first
2026-07-24 05:23:02.828 | INFO     | lightx2v.common.ops.attn.flash_attn:<module>:26 - flash_attn.cute not found, please install flashattention4 first
2026-07-24 05:23:02.841 | INFO     | lightx2v.common.ops.attn.dynamic_sparse_attn:<module>:16 - flash_attn.cute not found, please install flashattention4 first
2026-07-24 05:23:02.841 | INFO     | lightx2v.common.ops.attn.dynamic_sparse_attn:<module>:22 - sageattn3_sparse not found, please install sageattn3_sparse first
2026-07-24 05:23:02.843 | INFO     | lightx2v.common.ops.attn.flash_attn:<module>:26 - flash_attn.cute not found, please install flashattention4 first
2026-07-24 05:23:02.855 | INFO     | lightx2v.common.ops.attn.dynamic_sparse_attn:<module>:16 - flash_attn.cute not found, please install flashattention4 first
2026-07-24 05:23:02.855 | INFO     | lightx2v.common.ops.attn.dynamic_sparse_attn:<module>:22 - sageattn3_sparse not found, please install sageattn3_sparse first
2026-07-24 05:23:02.857 | INFO     | lightx2v.common.ops.attn.flash_attn:<module>:26 - flash_attn.cute not found, please install flashattention4 first
2026-07-24 05:23:02.866 | INFO     | lightx2v.common.ops.attn.dynamic_sparse_attn:<module>:16 - flash_attn.cute not found, please install flashattention4 first
2026-07-24 05:23:02.866 | INFO     | lightx2v.common.ops.attn.dynamic_sparse_attn:<module>:22 - sageattn3_sparse not found, please install sageattn3_sparse first
2026-07-24 05:23:02.868 | INFO     | lightx2v.common.ops.attn.flash_attn:<module>:26 - flash_attn.cute not found, please install flashattention4 first
2026-07-24 05:23:02.868 | INFO     | lightx2v.common.ops.attn.dynamic_sparse_attn:<module>:16 - flash_attn.cute not found, please install flashattention4 first
2026-07-24 05:23:02.869 | INFO     | lightx2v.common.ops.attn.dynamic_sparse_attn:<module>:22 - sageattn3_sparse not found, please install sageattn3_sparse first
2026-07-24 05:23:02.871 | INFO     | lightx2v.common.ops.attn.flash_attn:<module>:26 - flash_attn.cute not found, please install flashattention4 first
2026-07-24 05:23:02.871 | INFO     | lightx2v.common.ops.attn.dynamic_sparse_attn:<module>:16 - flash_attn.cute not found, please install flashattention4 first
2026-07-24 05:23:02.872 | INFO     | lightx2v.common.ops.attn.dynamic_sparse_attn:<module>:22 - sageattn3_sparse not found, please install sageattn3_sparse first
2026-07-24 05:23:02.873 | INFO     | lightx2v.common.ops.attn.flash_attn:<module>:26 - flash_attn.cute not found, please install flashattention4 first
2026-07-24 05:23:03.013 | INFO     | lightx2v.common.ops.attn.sage_attn:<module>:23 - sageattn3_sparse not found, please install sageattn3_sparse first
2026-07-24 05:23:03.035 | INFO     | lightx2v.common.ops.attn.sage_attn:<module>:23 - sageattn3_sparse not found, please install sageattn3_sparse first
2026-07-24 05:23:03.043 | INFO     | lightx2v.common.ops.attn.sage_attn:<module>:23 - sageattn3_sparse not found, please install sageattn3_sparse first
2026-07-24 05:23:03.047 | INFO     | lightx2v.common.ops.attn.sage_attn:<module>:61 - sageattn3_sparse not found, please install sageattention sparse first
2026-07-24 05:23:03.057 | INFO     | lightx2v.common.ops.attn.sage_attn:<module>:23 - sageattn3_sparse not found, please install sageattn3_sparse first
2026-07-24 05:23:03.058 | INFO     | lightx2v.common.ops.attn.sparse_operator:<module>:14 - flash_attn.cute not found, please install flashattention4 first
2026-07-24 05:23:03.059 | INFO     | lightx2v.common.ops.attn.sparse_operator:<module>:20 - sageattn3_sparse not found, please install sageattn3_sparse first
2026-07-24 05:23:03.069 | INFO     | lightx2v.common.ops.attn.sage_attn:<module>:61 - sageattn3_sparse not found, please install sageattention sparse first
2026-07-24 05:23:03.072 | INFO     | lightx2v.common.ops.attn.sage_attn:<module>:23 - sageattn3_sparse not found, please install sageattn3_sparse first
2026-07-24 05:23:03.072 | INFO     | lightx2v.common.ops.attn.sage_attn:<module>:23 - sageattn3_sparse not found, please install sageattn3_sparse first
2026-07-24 05:23:03.074 | INFO     | lightx2v.common.ops.attn.sage_attn:<module>:23 - sageattn3_sparse not found, please install sageattn3_sparse first
2026-07-24 05:23:03.077 | INFO     | lightx2v.common.ops.attn.sage_attn:<module>:61 - sageattn3_sparse not found, please install sageattention sparse first
2026-07-24 05:23:03.081 | INFO     | lightx2v.common.ops.attn.sparse_operator:<module>:14 - flash_attn.cute not found, please install flashattention4 first
2026-07-24 05:23:03.081 | INFO     | lightx2v.common.ops.attn.sparse_operator:<module>:20 - sageattn3_sparse not found, please install sageattn3_sparse first
2026-07-24 05:23:03.088 | INFO     | lightx2v.common.ops.attn.sparse_operator:<module>:14 - flash_attn.cute not found, please install flashattention4 first
2026-07-24 05:23:03.088 | INFO     | lightx2v.common.ops.attn.sparse_operator:<module>:20 - sageattn3_sparse not found, please install sageattn3_sparse first
2026-07-24 05:23:03.092 | INFO     | lightx2v.common.ops.attn.sage_attn:<module>:61 - sageattn3_sparse not found, please install sageattention sparse first
2026-07-24 05:23:03.105 | INFO     | lightx2v.common.ops.attn.sparse_operator:<module>:14 - flash_attn.cute not found, please install flashattention4 first
2026-07-24 05:23:03.105 | INFO     | lightx2v.common.ops.attn.sparse_operator:<module>:20 - sageattn3_sparse not found, please install sageattn3_sparse first
2026-07-24 05:23:03.107 | INFO     | lightx2v.common.ops.attn.sage_attn:<module>:61 - sageattn3_sparse not found, please install sageattention sparse first
2026-07-24 05:23:03.108 | INFO     | lightx2v.common.ops.attn.sage_attn:<module>:61 - sageattn3_sparse not found, please install sageattention sparse first
2026-07-24 05:23:03.108 | INFO     | lightx2v.common.ops.attn.sage_attn:<module>:61 - sageattn3_sparse not found, please install sageattention sparse first
2026-07-24 05:23:03.117 | INFO     | lightx2v.common.ops.attn.sparse_operator:<module>:14 - flash_attn.cute not found, please install flashattention4 first
2026-07-24 05:23:03.118 | INFO     | lightx2v.common.ops.attn.sparse_operator:<module>:20 - sageattn3_sparse not found, please install sageattn3_sparse first
2026-07-24 05:23:03.119 | INFO     | lightx2v.common.ops.attn.sparse_operator:<module>:14 - flash_attn.cute not found, please install flashattention4 first
2026-07-24 05:23:03.119 | INFO     | lightx2v.common.ops.attn.sparse_operator:<module>:14 - flash_attn.cute not found, please install flashattention4 first
2026-07-24 05:23:03.119 | INFO     | lightx2v.common.ops.attn.sparse_operator:<module>:20 - sageattn3_sparse not found, please install sageattn3_sparse first
2026-07-24 05:23:03.120 | INFO     | lightx2v.common.ops.attn.sparse_operator:<module>:20 - sageattn3_sparse not found, please install sageattn3_sparse first
2026-07-24 05:23:06.980 | INFO     | lightx2v.utils.set_config:auto_calc_config:62 - Loading some config from /tmp/baseline_req_5_azobh8ox/request_config.json
2026-07-24 05:23:06.980 | INFO     | lightx2v.utils.set_config:auto_calc_config:62 - Loading some config from /tmp/baseline_req_5_qt5xms38/request_config.json
2026-07-24 05:23:06.980 | INFO     | lightx2v.utils.set_config:auto_calc_config:62 - Loading some config from /tmp/baseline_req_5_q71erqql/request_config.json
2026-07-24 05:23:06.980 | INFO     | lightx2v.utils.set_config:auto_calc_config:62 - Loading some config from /tmp/baseline_req_5_od_uk3qs/request_config.json
2026-07-24 05:23:06.980 | INFO     | lightx2v.utils.set_config:auto_calc_config:62 - Loading some config from /tmp/baseline_req_5_04cdech2/request_config.json
2026-07-24 05:23:06.980 | INFO     | lightx2v.utils.set_config:auto_calc_config:62 - Loading some config from /tmp/baseline_req_5_l6q7yys7/request_config.json
2026-07-24 05:23:06.980 | INFO     | lightx2v.utils.set_config:auto_calc_config:62 - Loading some config from /tmp/baseline_req_5_ao8po0b4/request_config.json
2026-07-24 05:23:06.980 | INFO     | lightx2v.utils.set_config:auto_calc_config:62 - Loading some config from /tmp/baseline_req_5_qo2zqa25/request_config.json
2026-07-24 05:23:08.170 | INFO     | lightx2v.utils.set_config:print_config:373 - config:
{
    "do_mm_calib": false,
    "cpu_offload": true,
    "max_area": false,
    "vae_stride": [
        4,
        8,
        8
    ],
    "patch_size": [
        1,
        2,
        2
    ],
    "feature_caching": "NoCaching",
    "teacache_thresh": 0.26,
    "use_ret_steps": false,
    "use_bfloat16": true,
    "lora_configs": null,
    "use_prompt_enhancer": false,
    "parallel": {
        "seq_p_size": 8,
        "seq_p_attn_type": "ulysses"
    },
    "seq_parallel": true,
    "cfg_parallel": false,
    "enable_cfg": false,
    "use_image_encoder": false,
    "model_cls": "wan2.2_moe",
    "task": "i2v",
    "support_tasks": [],
    "model_path": "/data/fuhaiwen1/LightX2V/models/Wan-AI/Wan2.2-I2V-A14B",
    "config_json": "/tmp/baseline_req_5_azobh8ox/request_config.json",
    "enable_bf16": false,
    "save_rendered": false,
    "render_depth": false,
    "_wm_cli_snapshot": {
        "subfolder": null,
        "disable_heads": null,
        "enable_bf16": false,
        "save_rendered": false,
        "render_interp_per_pair": null,
        "render_depth": false,
        "wm_config_path": null,
        "wm_ckpt_path": null
    },
    "infer_steps": 4,
    "in_dim": 36,
    "dim": 5120,
    "ffn_dim": 13824,
    "freq_dim": 256,
    "num_heads": 40,
    "num_layers": 40,
    "out_dim": 16,
    "eps": 1e-06,
    "model_type": "i2v",
    "target_video_length": 81,
    "text_len": 512,
    "target_height": 480,
    "target_width": 832,
    "self_attn_1_type": "sage_attn2",
    "cross_attn_1_type": "sage_attn2",
    "cross_attn_2_type": "sage_attn2",
    "sample_guide_scale": [
        3.5,
        3.5
    ],
    "sample_shift": 5.0,
    "offload_granularity": "block",
    "t5_cpu_offload": false,
    "vae_cpu_offload": false,
    "fps": 16,
    "boundary_step_index": 2,
    "denoising_step_list": [
        1000,
        750,
        500,
        250
    ],
    "dit_quantized": true,
    "dit_quant_scheme": "int8-q8f",
    "high_noise_quantized_ckpt": "/data/fuhaiwen1/LightX2V/models/lightx2v/Wan2.2-Distill-Models/wan2.2_i2v_A14b_high_noise_int8_lightx2v_4step.safetensors",
    "low_noise_quantized_ckpt": "/data/fuhaiwen1/LightX2V/models/lightx2v/Wan2.2-Distill-Models/wan2.2_i2v_A14b_low_noise_int8_lightx2v_4step.safetensors",
    "high_noise_original_ckpt": "/data/fuhaiwen1/LightX2V/models/lightx2v/Wan2.2-Distill-Models/wan2.2_i2v_A14b_high_noise_int8_lightx2v_4step.safetensors",
    "low_noise_original_ckpt": "/data/fuhaiwen1/LightX2V/models/lightx2v/Wan2.2-Distill-Models/wan2.2_i2v_A14b_low_noise_int8_lightx2v_4step.safetensors",
    "save_path": "/data/fuhaiwen1/LightX2V/save_results/baseline_benchmark_6.mp4",
    "prompt": "Summer beach vacation style, a white cat wearing sunglasses sits on a surfboard.",
    "negative_prompt": "镜头晃动，色调艳丽，过曝，静态",
    "image_path": "/data/fuhaiwen1/LightX2V/assets/inputs/imgs/img_0.jpg",
    "boundary": 0.9,
    "data_bootstrap_room": 5,
    "device_mesh": "DeviceMesh('cuda', [[0, 1, 2, 3, 4, 5, 6, 7]], mesh_dim_names=('cfg_p', 'seq_p'))",
    "tensor_parallel": false
}
2026-07-24 05:23:08.175 | DEBUG    | lightx2v.utils.utils:validate_config_paths:750 - ✓ Verified high_noise_original_ckpt: /data/fuhaiwen1/LightX2V/models/lightx2v/Wan2.2-Distill-Models/wan2.2_i2v_A14b_high_noise_int8_lightx2v_4step.safetensors
2026-07-24 05:23:08.175 | DEBUG    | lightx2v.utils.utils:validate_config_paths:750 - ✓ Verified high_noise_original_ckpt: /data/fuhaiwen1/LightX2V/models/lightx2v/Wan2.2-Distill-Models/wan2.2_i2v_A14b_high_noise_int8_lightx2v_4step.safetensors
2026-07-24 05:23:08.176 | DEBUG    | lightx2v.utils.utils:validate_config_paths:754 - ✓ Verified high_noise_quantized_ckpt: /data/fuhaiwen1/LightX2V/models/lightx2v/Wan2.2-Distill-Models/wan2.2_i2v_A14b_high_noise_int8_lightx2v_4step.safetensors
2026-07-24 05:23:08.175 | DEBUG    | lightx2v.utils.utils:validate_config_paths:750 - ✓ Verified high_noise_original_ckpt: /data/fuhaiwen1/LightX2V/models/lightx2v/Wan2.2-Distill-Models/wan2.2_i2v_A14b_high_noise_int8_lightx2v_4step.safetensors
2026-07-24 05:23:08.176 | DEBUG    | lightx2v.utils.utils:validate_config_paths:754 - ✓ Verified high_noise_quantized_ckpt: /data/fuhaiwen1/LightX2V/models/lightx2v/Wan2.2-Distill-Models/wan2.2_i2v_A14b_high_noise_int8_lightx2v_4step.safetensors
2026-07-24 05:23:08.176 | DEBUG    | lightx2v.utils.utils:validate_config_paths:750 - ✓ Verified high_noise_original_ckpt: /data/fuhaiwen1/LightX2V/models/lightx2v/Wan2.2-Distill-Models/wan2.2_i2v_A14b_high_noise_int8_lightx2v_4step.safetensors
2026-07-24 05:23:08.176 | DEBUG    | lightx2v.utils.utils:validate_config_paths:754 - ✓ Verified high_noise_quantized_ckpt: /data/fuhaiwen1/LightX2V/models/lightx2v/Wan2.2-Distill-Models/wan2.2_i2v_A14b_high_noise_int8_lightx2v_4step.safetensors
2026-07-24 05:23:08.176 | DEBUG    | lightx2v.utils.utils:validate_config_paths:750 - ✓ Verified high_noise_original_ckpt: /data/fuhaiwen1/LightX2V/models/lightx2v/Wan2.2-Distill-Models/wan2.2_i2v_A14b_high_noise_int8_lightx2v_4step.safetensors
2026-07-24 05:23:08.176 | DEBUG    | lightx2v.utils.utils:validate_config_paths:754 - ✓ Verified high_noise_quantized_ckpt: /data/fuhaiwen1/LightX2V/models/lightx2v/Wan2.2-Distill-Models/wan2.2_i2v_A14b_high_noise_int8_lightx2v_4step.safetensors
2026-07-24 05:23:08.176 | DEBUG    | lightx2v.utils.utils:validate_config_paths:750 - ✓ Verified high_noise_original_ckpt: /data/fuhaiwen1/LightX2V/models/lightx2v/Wan2.2-Distill-Models/wan2.2_i2v_A14b_high_noise_int8_lightx2v_4step.safetensors
2026-07-24 05:23:08.177 | DEBUG    | lightx2v.utils.utils:validate_config_paths:754 - ✓ Verified high_noise_quantized_ckpt: /data/fuhaiwen1/LightX2V/models/lightx2v/Wan2.2-Distill-Models/wan2.2_i2v_A14b_high_noise_int8_lightx2v_4step.safetensors
2026-07-24 05:23:08.177 | DEBUG    | lightx2v.utils.utils:validate_config_paths:759 - ✓ Verified low_noise_original_ckpt: /data/fuhaiwen1/LightX2V/models/lightx2v/Wan2.2-Distill-Models/wan2.2_i2v_A14b_low_noise_int8_lightx2v_4step.safetensors
2026-07-24 05:23:08.177 | DEBUG    | lightx2v.utils.utils:validate_config_paths:759 - ✓ Verified low_noise_original_ckpt: /data/fuhaiwen1/LightX2V/models/lightx2v/Wan2.2-Distill-Models/wan2.2_i2v_A14b_low_noise_int8_lightx2v_4step.safetensors
2026-07-24 05:23:08.177 | DEBUG    | lightx2v.utils.utils:validate_config_paths:754 - ✓ Verified high_noise_quantized_ckpt: /data/fuhaiwen1/LightX2V/models/lightx2v/Wan2.2-Distill-Models/wan2.2_i2v_A14b_high_noise_int8_lightx2v_4step.safetensors
2026-07-24 05:23:08.177 | DEBUG    | lightx2v.utils.utils:validate_config_paths:759 - ✓ Verified low_noise_original_ckpt: /data/fuhaiwen1/LightX2V/models/lightx2v/Wan2.2-Distill-Models/wan2.2_i2v_A14b_low_noise_int8_lightx2v_4step.safetensors
2026-07-24 05:23:08.177 | DEBUG    | lightx2v.utils.utils:validate_config_paths:750 - ✓ Verified high_noise_original_ckpt: /data/fuhaiwen1/LightX2V/models/lightx2v/Wan2.2-Distill-Models/wan2.2_i2v_A14b_high_noise_int8_lightx2v_4step.safetensors
2026-07-24 05:23:08.177 | DEBUG    | lightx2v.utils.utils:validate_config_paths:763 - ✓ Verified low_noise_quantized_ckpt: /data/fuhaiwen1/LightX2V/models/lightx2v/Wan2.2-Distill-Models/wan2.2_i2v_A14b_low_noise_int8_lightx2v_4step.safetensors
2026-07-24 05:23:08.177 | DEBUG    | lightx2v.utils.utils:validate_config_paths:759 - ✓ Verified low_noise_original_ckpt: /data/fuhaiwen1/LightX2V/models/lightx2v/Wan2.2-Distill-Models/wan2.2_i2v_A14b_low_noise_int8_lightx2v_4step.safetensors
2026-07-24 05:23:08.177 | DEBUG    | lightx2v.utils.utils:validate_config_paths:763 - ✓ Verified low_noise_quantized_ckpt: /data/fuhaiwen1/LightX2V/models/lightx2v/Wan2.2-Distill-Models/wan2.2_i2v_A14b_low_noise_int8_lightx2v_4step.safetensors
2026-07-24 05:23:08.177 | DEBUG    | lightx2v.utils.utils:validate_config_paths:750 - ✓ Verified high_noise_original_ckpt: /data/fuhaiwen1/LightX2V/models/lightx2v/Wan2.2-Distill-Models/wan2.2_i2v_A14b_high_noise_int8_lightx2v_4step.safetensors
2026-07-24 05:23:08.177 | DEBUG    | lightx2v.utils.utils:validate_config_paths:759 - ✓ Verified low_noise_original_ckpt: /data/fuhaiwen1/LightX2V/models/lightx2v/Wan2.2-Distill-Models/wan2.2_i2v_A14b_low_noise_int8_lightx2v_4step.safetensors
2026-07-24 05:23:08.178 | DEBUG    | lightx2v.utils.utils:validate_config_paths:763 - ✓ Verified low_noise_quantized_ckpt: /data/fuhaiwen1/LightX2V/models/lightx2v/Wan2.2-Distill-Models/wan2.2_i2v_A14b_low_noise_int8_lightx2v_4step.safetensors
2026-07-24 05:23:08.178 | DEBUG    | lightx2v.utils.utils:validate_config_paths:759 - ✓ Verified low_noise_original_ckpt: /data/fuhaiwen1/LightX2V/models/lightx2v/Wan2.2-Distill-Models/wan2.2_i2v_A14b_low_noise_int8_lightx2v_4step.safetensors
2026-07-24 05:23:08.178 | DEBUG    | lightx2v.utils.utils:validate_config_paths:754 - ✓ Verified high_noise_quantized_ckpt: /data/fuhaiwen1/LightX2V/models/lightx2v/Wan2.2-Distill-Models/wan2.2_i2v_A14b_high_noise_int8_lightx2v_4step.safetensors
2026-07-24 05:23:08.178 | INFO     | lightx2v.utils.utils:validate_config_paths:765 - ✓ Config checkpoint paths validated successfully
2026-07-24 05:23:08.178 | DEBUG    | lightx2v.utils.utils:validate_config_paths:763 - ✓ Verified low_noise_quantized_ckpt: /data/fuhaiwen1/LightX2V/models/lightx2v/Wan2.2-Distill-Models/wan2.2_i2v_A14b_low_noise_int8_lightx2v_4step.safetensors
2026-07-24 05:23:08.178 | INFO     | lightx2v.utils.utils:validate_config_paths:765 - ✓ Config checkpoint paths validated successfully
2026-07-24 05:23:08.178 | DEBUG    | lightx2v.utils.utils:validate_config_paths:754 - ✓ Verified high_noise_quantized_ckpt: /data/fuhaiwen1/LightX2V/models/lightx2v/Wan2.2-Distill-Models/wan2.2_i2v_A14b_high_noise_int8_lightx2v_4step.safetensors
2026-07-24 05:23:08.178 | DEBUG    | lightx2v.utils.utils:validate_config_paths:763 - ✓ Verified low_noise_quantized_ckpt: /data/fuhaiwen1/LightX2V/models/lightx2v/Wan2.2-Distill-Models/wan2.2_i2v_A14b_low_noise_int8_lightx2v_4step.safetensors
2026-07-24 05:23:08.178 | INFO     | lightx2v.utils.utils:validate_config_paths:765 - ✓ Config checkpoint paths validated successfully
2026-07-24 05:23:08.178 | DEBUG    | lightx2v.utils.utils:validate_config_paths:763 - ✓ Verified low_noise_quantized_ckpt: /data/fuhaiwen1/LightX2V/models/lightx2v/Wan2.2-Distill-Models/wan2.2_i2v_A14b_low_noise_int8_lightx2v_4step.safetensors
2026-07-24 05:23:08.178 | DEBUG    | lightx2v.utils.utils:validate_config_paths:759 - ✓ Verified low_noise_original_ckpt: /data/fuhaiwen1/LightX2V/models/lightx2v/Wan2.2-Distill-Models/wan2.2_i2v_A14b_low_noise_int8_lightx2v_4step.safetensors
2026-07-24 05:23:08.179 | INFO     | lightx2v.utils.utils:validate_config_paths:765 - ✓ Config checkpoint paths validated successfully
2026-07-24 05:23:08.179 | INFO     | lightx2v.models.runners.wan.wan_runner:init_scheduler:364 - Using WanScheduler
2026-07-24 05:23:08.179 | DEBUG    | lightx2v.utils.utils:validate_config_paths:759 - ✓ Verified low_noise_original_ckpt: /data/fuhaiwen1/LightX2V/models/lightx2v/Wan2.2-Distill-Models/wan2.2_i2v_A14b_low_noise_int8_lightx2v_4step.safetensors
2026-07-24 05:23:08.179 | INFO     | lightx2v.utils.utils:validate_config_paths:765 - ✓ Config checkpoint paths validated successfully
2026-07-24 05:23:08.179 | INFO     | lightx2v.models.runners.wan.wan_runner:init_scheduler:364 - Using WanScheduler
2026-07-24 05:23:08.179 | INFO     | lightx2v.utils.utils:validate_config_paths:765 - ✓ Config checkpoint paths validated successfully
2026-07-24 05:23:08.179 | DEBUG    | lightx2v.utils.utils:validate_config_paths:763 - ✓ Verified low_noise_quantized_ckpt: /data/fuhaiwen1/LightX2V/models/lightx2v/Wan2.2-Distill-Models/wan2.2_i2v_A14b_low_noise_int8_lightx2v_4step.safetensors
2026-07-24 05:23:08.179 | INFO     | lightx2v.models.runners.wan.wan_runner:init_scheduler:364 - Using WanScheduler
2026-07-24 05:23:08.180 | INFO     | lightx2v.models.runners.default_runner:init_modules:111 - Initializing runner modules...
2026-07-24 05:23:08.180 | DEBUG    | lightx2v.utils.utils:validate_config_paths:763 - ✓ Verified low_noise_quantized_ckpt: /data/fuhaiwen1/LightX2V/models/lightx2v/Wan2.2-Distill-Models/wan2.2_i2v_A14b_low_noise_int8_lightx2v_4step.safetensors
2026-07-24 05:23:08.180 | INFO     | lightx2v.models.runners.wan.wan_runner:init_scheduler:364 - Using WanScheduler
2026-07-24 05:23:08.180 | INFO     | lightx2v.models.runners.default_runner:init_modules:111 - Initializing runner modules...
2026-07-24 05:23:08.180 | INFO     | lightx2v.utils.utils:validate_config_paths:765 - ✓ Config checkpoint paths validated successfully
2026-07-24 05:23:08.180 | INFO     | lightx2v.models.runners.wan.wan_runner:init_scheduler:364 - Using WanScheduler
2026-07-24 05:23:08.180 | INFO     | lightx2v.models.runners.default_runner:init_modules:111 - Initializing runner modules...
2026-07-24 05:23:08.180 | INFO     | lightx2v.utils.custom_compiler:_discover_compiled_methods:120 - [Compile] Discovering compiled methods for WanModel...
2026-07-24 05:23:08.180 | INFO     | lightx2v.utils.utils:validate_config_paths:765 - ✓ Config checkpoint paths validated successfully
2026-07-24 05:23:08.181 | INFO     | lightx2v.utils.custom_compiler:_discover_compiled_methods:125 - [Compile] Found compiled method: _infer_cond_uncond
2026-07-24 05:23:08.180 | INFO     | lightx2v.models.runners.wan.wan_runner:init_scheduler:364 - Using WanScheduler
2026-07-24 05:23:08.180 | INFO     | lightx2v.models.runners.default_runner:init_modules:111 - Initializing runner modules...
2026-07-24 05:23:08.180 | INFO     | lightx2v.utils.custom_compiler:_discover_compiled_methods:120 - [Compile] Discovering compiled methods for WanModel...
2026-07-24 05:23:08.181 | INFO     | lightx2v.models.runners.default_runner:init_modules:111 - Initializing runner modules...
2026-07-24 05:23:08.181 | INFO     | lightx2v.utils.custom_compiler:_discover_compiled_methods:120 - [Compile] Discovering compiled methods for WanModel...
2026-07-24 05:23:08.181 | INFO     | lightx2v.models.runners.wan.wan_runner:init_scheduler:364 - Using WanScheduler
2026-07-24 05:23:08.181 | INFO     | lightx2v.models.runners.wan.wan_runner:init_scheduler:364 - Using WanScheduler
2026-07-24 05:23:08.181 | INFO     | lightx2v.models.runners.default_runner:init_modules:111 - Initializing runner modules...
2026-07-24 05:23:08.181 | INFO     | lightx2v.utils.custom_compiler:_discover_compiled_methods:120 - [Compile] Discovering compiled methods for WanModel...
2026-07-24 05:23:08.181 | INFO     | lightx2v.utils.custom_compiler:_discover_compiled_methods:125 - [Compile] Found compiled method: _infer_cond_uncond
2026-07-24 05:23:08.181 | INFO     | lightx2v.utils.custom_compiler:_discover_compiled_methods:120 - [Compile] Discovering compiled methods for WanModel...
2026-07-24 05:23:08.181 | INFO     | lightx2v.utils.custom_compiler:_discover_compiled_methods:125 - [Compile] Found compiled method: _infer_cond_uncond
2026-07-24 05:23:08.181 | INFO     | lightx2v.models.runners.default_runner:init_modules:111 - Initializing runner modules...
2026-07-24 05:23:08.182 | INFO     | lightx2v.models.runners.default_runner:init_modules:111 - Initializing runner modules...
2026-07-24 05:23:08.182 | INFO     | lightx2v.utils.custom_compiler:_discover_compiled_methods:120 - [Compile] Discovering compiled methods for WanModel...
2026-07-24 05:23:08.182 | INFO     | lightx2v.utils.custom_compiler:_discover_compiled_methods:125 - [Compile] Found compiled method: _infer_cond_uncond
2026-07-24 05:23:08.182 | INFO     | lightx2v.utils.custom_compiler:_discover_compiled_methods:125 - [Compile] Found compiled method: _infer_cond_uncond
2026-07-24 05:23:08.182 | INFO     | lightx2v.utils.custom_compiler:_discover_compiled_methods:120 - [Compile] Discovering compiled methods for WanModel...
2026-07-24 05:23:08.182 | INFO     | lightx2v.utils.custom_compiler:_discover_compiled_methods:120 - [Compile] Discovering compiled methods for WanModel...
2026-07-24 05:23:08.183 | INFO     | lightx2v.utils.custom_compiler:_discover_compiled_methods:125 - [Compile] Found compiled method: _infer_cond_uncond
2026-07-24 05:23:08.182 | INFO     | lightx2v.utils.custom_compiler:_discover_compiled_methods:125 - [Compile] Found compiled method: _infer_cond_uncond
2026-07-24 05:23:08.183 | INFO     | lightx2v.utils.custom_compiler:_discover_compiled_methods:125 - [Compile] Found compiled method: _infer_cond_uncond
2026-07-24 05:23:22.875 | INFO     | lightx2v.models.networks.base_model:_load_quant_ckpt:509 - Loading weights from /data/fuhaiwen1/LightX2V/models/lightx2v/Wan2.2-Distill-Models/wan2.2_i2v_A14b_high_noise_int8_lightx2v_4step.safetensors
2026-07-24 05:23:22.875 | INFO     | lightx2v.models.networks.base_model:_load_quant_ckpt:509 - Loading weights from /data/fuhaiwen1/LightX2V/models/lightx2v/Wan2.2-Distill-Models/wan2.2_i2v_A14b_high_noise_int8_lightx2v_4step.safetensors
2026-07-24 05:23:22.875 | INFO     | lightx2v.models.networks.base_model:_load_quant_ckpt:509 - Loading weights from /data/fuhaiwen1/LightX2V/models/lightx2v/Wan2.2-Distill-Models/wan2.2_i2v_A14b_high_noise_int8_lightx2v_4step.safetensors
2026-07-24 05:23:22.875 | INFO     | lightx2v.models.networks.base_model:_load_quant_ckpt:509 - Loading weights from /data/fuhaiwen1/LightX2V/models/lightx2v/Wan2.2-Distill-Models/wan2.2_i2v_A14b_high_noise_int8_lightx2v_4step.safetensors
2026-07-24 05:23:22.875 | INFO     | lightx2v.models.networks.base_model:_load_quant_ckpt:509 - Loading weights from /data/fuhaiwen1/LightX2V/models/lightx2v/Wan2.2-Distill-Models/wan2.2_i2v_A14b_high_noise_int8_lightx2v_4step.safetensors
2026-07-24 05:23:22.876 | INFO     | lightx2v.models.networks.base_model:_load_quant_ckpt:509 - Loading weights from /data/fuhaiwen1/LightX2V/models/lightx2v/Wan2.2-Distill-Models/wan2.2_i2v_A14b_high_noise_int8_lightx2v_4step.safetensors
2026-07-24 05:23:22.876 | INFO     | lightx2v.models.networks.base_model:_load_quant_ckpt:509 - Loading weights from /data/fuhaiwen1/LightX2V/models/lightx2v/Wan2.2-Distill-Models/wan2.2_i2v_A14b_high_noise_int8_lightx2v_4step.safetensors
2026-07-24 05:23:22.876 | INFO     | lightx2v.models.networks.base_model:_load_quant_ckpt:509 - Loading weights from /data/fuhaiwen1/LightX2V/models/lightx2v/Wan2.2-Distill-Models/wan2.2_i2v_A14b_high_noise_int8_lightx2v_4step.safetensors
2026-07-24 05:24:59.073 | INFO     | lightx2v.utils.custom_compiler:_discover_compiled_methods:120 - [Compile] Discovering compiled methods for WanModel...
2026-07-24 05:24:59.074 | INFO     | lightx2v.utils.custom_compiler:_discover_compiled_methods:125 - [Compile] Found compiled method: _infer_cond_uncond
2026-07-24 05:24:59.930 | INFO     | lightx2v.models.networks.base_model:_load_quant_ckpt:509 - Loading weights from /data/fuhaiwen1/LightX2V/models/lightx2v/Wan2.2-Distill-Models/wan2.2_i2v_A14b_low_noise_int8_lightx2v_4step.safetensors
2026-07-24 05:25:00.645 | INFO     | lightx2v.utils.custom_compiler:_discover_compiled_methods:120 - [Compile] Discovering compiled methods for WanModel...
2026-07-24 05:25:00.646 | INFO     | lightx2v.utils.custom_compiler:_discover_compiled_methods:125 - [Compile] Found compiled method: _infer_cond_uncond
2026-07-24 05:25:00.660 | INFO     | lightx2v.utils.custom_compiler:_discover_compiled_methods:120 - [Compile] Discovering compiled methods for WanModel...
2026-07-24 05:25:00.660 | INFO     | lightx2v.utils.custom_compiler:_discover_compiled_methods:125 - [Compile] Found compiled method: _infer_cond_uncond
2026-07-24 05:25:00.661 | INFO     | lightx2v.utils.custom_compiler:_discover_compiled_methods:120 - [Compile] Discovering compiled methods for WanModel...
2026-07-24 05:25:00.661 | INFO     | lightx2v.utils.custom_compiler:_discover_compiled_methods:125 - [Compile] Found compiled method: _infer_cond_uncond
2026-07-24 05:25:00.671 | INFO     | lightx2v.utils.custom_compiler:_discover_compiled_methods:120 - [Compile] Discovering compiled methods for WanModel...
2026-07-24 05:25:00.671 | INFO     | lightx2v.utils.custom_compiler:_discover_compiled_methods:125 - [Compile] Found compiled method: _infer_cond_uncond
2026-07-24 05:25:00.739 | INFO     | lightx2v.utils.custom_compiler:_discover_compiled_methods:120 - [Compile] Discovering compiled methods for WanModel...
2026-07-24 05:25:00.739 | INFO     | lightx2v.utils.custom_compiler:_discover_compiled_methods:125 - [Compile] Found compiled method: _infer_cond_uncond
2026-07-24 05:25:00.771 | INFO     | lightx2v.utils.custom_compiler:_discover_compiled_methods:120 - [Compile] Discovering compiled methods for WanModel...
2026-07-24 05:25:00.772 | INFO     | lightx2v.utils.custom_compiler:_discover_compiled_methods:125 - [Compile] Found compiled method: _infer_cond_uncond
2026-07-24 05:25:00.956 | INFO     | lightx2v.utils.custom_compiler:_discover_compiled_methods:120 - [Compile] Discovering compiled methods for WanModel...
2026-07-24 05:25:00.956 | INFO     | lightx2v.utils.custom_compiler:_discover_compiled_methods:125 - [Compile] Found compiled method: _infer_cond_uncond
2026-07-24 05:25:02.966 | INFO     | lightx2v.models.networks.base_model:_load_quant_ckpt:509 - Loading weights from /data/fuhaiwen1/LightX2V/models/lightx2v/Wan2.2-Distill-Models/wan2.2_i2v_A14b_low_noise_int8_lightx2v_4step.safetensors
2026-07-24 05:25:03.011 | INFO     | lightx2v.models.networks.base_model:_load_quant_ckpt:509 - Loading weights from /data/fuhaiwen1/LightX2V/models/lightx2v/Wan2.2-Distill-Models/wan2.2_i2v_A14b_low_noise_int8_lightx2v_4step.safetensors
2026-07-24 05:25:03.011 | INFO     | lightx2v.models.networks.base_model:_load_quant_ckpt:509 - Loading weights from /data/fuhaiwen1/LightX2V/models/lightx2v/Wan2.2-Distill-Models/wan2.2_i2v_A14b_low_noise_int8_lightx2v_4step.safetensors
2026-07-24 05:25:03.011 | INFO     | lightx2v.models.networks.base_model:_load_quant_ckpt:509 - Loading weights from /data/fuhaiwen1/LightX2V/models/lightx2v/Wan2.2-Distill-Models/wan2.2_i2v_A14b_low_noise_int8_lightx2v_4step.safetensors
2026-07-24 05:25:03.011 | INFO     | lightx2v.models.networks.base_model:_load_quant_ckpt:509 - Loading weights from /data/fuhaiwen1/LightX2V/models/lightx2v/Wan2.2-Distill-Models/wan2.2_i2v_A14b_low_noise_int8_lightx2v_4step.safetensors
2026-07-24 05:25:03.011 | INFO     | lightx2v.models.networks.base_model:_load_quant_ckpt:509 - Loading weights from /data/fuhaiwen1/LightX2V/models/lightx2v/Wan2.2-Distill-Models/wan2.2_i2v_A14b_low_noise_int8_lightx2v_4step.safetensors
2026-07-24 05:25:03.011 | INFO     | lightx2v.models.networks.base_model:_load_quant_ckpt:509 - Loading weights from /data/fuhaiwen1/LightX2V/models/lightx2v/Wan2.2-Distill-Models/wan2.2_i2v_A14b_low_noise_int8_lightx2v_4step.safetensors
2026-07-24 05:26:36.024 | INFO     | lightx2v.models.runners.wan.wan_runner:__init__:858 - boundary: 0.9, boundary_timestep: 900.0
2026-07-24 05:26:36.129 | INFO     | lightx2v.utils.utils:load_weights:516 - Loading weights from /data/fuhaiwen1/LightX2V/models/Wan-AI/Wan2.2-I2V-A14B/models_t5_umt5-xxl-enc-bf16.pth
2026-07-24 05:26:37.303 | INFO     | lightx2v.models.runners.wan.wan_runner:__init__:858 - boundary: 0.9, boundary_timestep: 900.0
2026-07-24 05:26:37.311 | INFO     | lightx2v.models.runners.wan.wan_runner:__init__:858 - boundary: 0.9, boundary_timestep: 900.0
2026-07-24 05:26:37.315 | INFO     | lightx2v.models.runners.wan.wan_runner:__init__:858 - boundary: 0.9, boundary_timestep: 900.0
2026-07-24 05:26:37.354 | INFO     | lightx2v.models.runners.wan.wan_runner:__init__:858 - boundary: 0.9, boundary_timestep: 900.0
2026-07-24 05:26:37.368 | INFO     | lightx2v.models.runners.wan.wan_runner:__init__:858 - boundary: 0.9, boundary_timestep: 900.0
2026-07-24 05:26:37.380 | INFO     | lightx2v.models.runners.wan.wan_runner:__init__:858 - boundary: 0.9, boundary_timestep: 900.0
2026-07-24 05:26:37.563 | INFO     | lightx2v.models.runners.wan.wan_runner:__init__:858 - boundary: 0.9, boundary_timestep: 900.0
2026-07-24 05:26:37.645 | INFO     | lightx2v.utils.utils:load_weights:516 - Loading weights from /data/fuhaiwen1/LightX2V/models/Wan-AI/Wan2.2-I2V-A14B/models_t5_umt5-xxl-enc-bf16.pth
2026-07-24 05:26:37.646 | INFO     | lightx2v.utils.utils:load_weights:516 - Loading weights from /data/fuhaiwen1/LightX2V/models/Wan-AI/Wan2.2-I2V-A14B/models_t5_umt5-xxl-enc-bf16.pth
2026-07-24 05:26:37.669 | INFO     | lightx2v.utils.utils:load_weights:516 - Loading weights from /data/fuhaiwen1/LightX2V/models/Wan-AI/Wan2.2-I2V-A14B/models_t5_umt5-xxl-enc-bf16.pth
2026-07-24 05:26:37.686 | INFO     | lightx2v.utils.utils:load_weights:516 - Loading weights from /data/fuhaiwen1/LightX2V/models/Wan-AI/Wan2.2-I2V-A14B/models_t5_umt5-xxl-enc-bf16.pth
2026-07-24 05:26:37.697 | INFO     | lightx2v.utils.utils:load_weights:516 - Loading weights from /data/fuhaiwen1/LightX2V/models/Wan-AI/Wan2.2-I2V-A14B/models_t5_umt5-xxl-enc-bf16.pth
2026-07-24 05:26:37.716 | INFO     | lightx2v.utils.utils:load_weights:516 - Loading weights from /data/fuhaiwen1/LightX2V/models/Wan-AI/Wan2.2-I2V-A14B/models_t5_umt5-xxl-enc-bf16.pth
2026-07-24 05:26:37.767 | INFO     | lightx2v.utils.utils:load_weights:516 - Loading weights from /data/fuhaiwen1/LightX2V/models/Wan-AI/Wan2.2-I2V-A14B/models_t5_umt5-xxl-enc-bf16.pth
2026-07-24 05:27:27.051 | INFO     | lightx2v.utils.utils:load_weights:516 - Loading weights from /data/fuhaiwen1/LightX2V/models/Wan-AI/Wan2.2-I2V-A14B/Wan2.1_VAE.pth
2026-07-24 05:27:27.936 | INFO     | lightx2v.utils.utils:load_weights:516 - Loading weights from /data/fuhaiwen1/LightX2V/models/Wan-AI/Wan2.2-I2V-A14B/Wan2.1_VAE.pth
2026-07-24 05:27:27.940 | INFO     | lightx2v.utils.utils:load_weights:516 - Loading weights from /data/fuhaiwen1/LightX2V/models/Wan-AI/Wan2.2-I2V-A14B/Wan2.1_VAE.pth
2026-07-24 05:27:27.943 | INFO     | lightx2v.utils.utils:load_weights:516 - Loading weights from /data/fuhaiwen1/LightX2V/models/Wan-AI/Wan2.2-I2V-A14B/Wan2.1_VAE.pth
2026-07-24 05:27:28.711 | INFO     | lightx2v.utils.utils:load_weights:516 - Loading weights from /data/fuhaiwen1/LightX2V/models/Wan-AI/Wan2.2-I2V-A14B/Wan2.1_VAE.pth
2026-07-24 05:27:28.844 | INFO     | lightx2v.utils.profiler:__exit__:87 - [Profile] Single GPU - Level2_Log Load models cost 260.663623 seconds
2026-07-24 05:27:28.844 | INFO     | lightx2v.utils.profiler:__exit__:87 - [Profile] Single GPU - Level2_Log Load models cost 260.664043 seconds
2026-07-24 05:27:28.862 | INFO     | lightx2v.models.runners.wan.wan_runner:run_vae_encoder:739 - ori latent: 90x68, adjust_latent: 90x68, grid: 2x4
2026-07-24 05:27:29.037 | INFO     | lightx2v.utils.utils:load_weights:516 - Loading weights from /data/fuhaiwen1/LightX2V/models/Wan-AI/Wan2.2-I2V-A14B/Wan2.1_VAE.pth
2026-07-24 05:27:29.264 | INFO     | lightx2v.utils.utils:load_weights:516 - Loading weights from /data/fuhaiwen1/LightX2V/models/Wan-AI/Wan2.2-I2V-A14B/Wan2.1_VAE.pth
2026-07-24 05:27:30.396 | INFO     | lightx2v.utils.utils:load_weights:516 - Loading weights from /data/fuhaiwen1/LightX2V/models/Wan-AI/Wan2.2-I2V-A14B/Wan2.1_VAE.pth
2026-07-24 05:27:31.110 | INFO     | lightx2v.utils.profiler:__exit__:87 - [Profile] Single GPU - Level2_Log Load models cost 262.929249 seconds
2026-07-24 05:27:31.114 | INFO     | lightx2v.utils.profiler:__exit__:87 - [Profile] Single GPU - Level2_Log Load models cost 262.932387 seconds
2026-07-24 05:27:31.183 | INFO     | lightx2v.utils.profiler:__exit__:87 - [Profile] Single GPU - Level2_Log Load models cost 263.001161 seconds
2026-07-24 05:27:31.185 | INFO     | lightx2v.utils.profiler:__exit__:87 - [Profile] Single GPU - Level2_Log Load models cost 263.003098 seconds
2026-07-24 05:27:31.333 | INFO     | lightx2v.models.runners.wan.wan_runner:run_vae_encoder:739 - ori latent: 90x68, adjust_latent: 90x68, grid: 2x4
2026-07-24 05:27:31.364 | INFO     | lightx2v.models.runners.wan.wan_runner:run_vae_encoder:739 - ori latent: 90x68, adjust_latent: 90x68, grid: 2x4
2026-07-24 05:27:31.495 | INFO     | lightx2v.utils.profiler:__exit__:87 - [Profile] Single GPU - Level2_Log Load models cost 263.314416 seconds
2026-07-24 05:27:31.500 | INFO     | lightx2v.utils.profiler:__exit__:87 - [Profile] Single GPU - Level2_Log Load models cost 263.320012 seconds
2026-07-24 05:27:31.673 | INFO     | lightx2v.models.runners.wan.wan_runner:run_vae_encoder:739 - ori latent: 90x68, adjust_latent: 90x68, grid: 2x4
2026-07-24 05:27:32.144 | INFO     | lightx2v.utils.profiler:__exit__:87 - [Profile] Single GPU - Level2_Log Load models cost 263.961712 seconds
2026-07-24 05:27:32.145 | INFO     | lightx2v.utils.profiler:__exit__:87 - [Profile] Single GPU - Level2_Log Load models cost 263.962367 seconds
2026-07-24 05:27:32.165 | INFO     | lightx2v.models.runners.wan.wan_runner:run_vae_encoder:739 - ori latent: 90x68, adjust_latent: 90x68, grid: 2x4
2026-07-24 05:27:32.217 | INFO     | lightx2v.utils.profiler:__exit__:87 - [Profile] Single GPU - Level2_Log Load models cost 264.034687 seconds
2026-07-24 05:27:32.217 | INFO     | lightx2v.utils.profiler:__exit__:87 - [Profile] Single GPU - Level2_Log Load models cost 264.035596 seconds
2026-07-24 05:27:32.228 | INFO     | lightx2v.utils.profiler:__exit__:87 - [Profile] Single GPU - Level2_Log Load models cost 264.046444 seconds
2026-07-24 05:27:32.228 | INFO     | lightx2v.utils.profiler:__exit__:87 - [Profile] Single GPU - Level2_Log Load models cost 264.047173 seconds
2026-07-24 05:27:32.240 | INFO     | lightx2v.models.runners.wan.wan_runner:run_vae_encoder:739 - ori latent: 90x68, adjust_latent: 90x68, grid: 2x4
2026-07-24 05:27:32.257 | INFO     | lightx2v.models.runners.wan.wan_runner:run_vae_encoder:739 - ori latent: 90x68, adjust_latent: 90x68, grid: 2x4
2026-07-24 05:27:32.343 | INFO     | lightx2v.utils.profiler:__exit__:87 - [Profile] Single GPU - Level2_Log Load models cost 264.161826 seconds
2026-07-24 05:27:32.343 | INFO     | lightx2v.utils.profiler:__exit__:87 - [Profile] Single GPU - Level2_Log Load models cost 264.162253 seconds
2026-07-24 05:27:32.364 | INFO     | lightx2v.models.runners.wan.wan_runner:run_vae_encoder:739 - ori latent: 90x68, adjust_latent: 90x68, grid: 2x4
2026-07-24 05:27:33.161 | INFO     | lightx2v.utils.profiler:__exit__:87 - [Profile] Single GPU - Level1_Log Run VAE Encoder cost 0.921685 seconds
2026-07-24 05:27:33.162 | INFO     | lightx2v.utils.profiler:__exit__:87 - [Profile] Single GPU - Level1_Log Run VAE Encoder cost 1.798518 seconds
2026-07-24 05:27:33.162 | INFO     | lightx2v.utils.profiler:__exit__:87 - [Profile] Single GPU - Level1_Log Run VAE Encoder cost 0.997098 seconds
2026-07-24 05:27:33.162 | INFO     | lightx2v.utils.profiler:__exit__:87 - [Profile] Single GPU - Level1_Log Run VAE Encoder cost 0.904699 seconds
2026-07-24 05:27:33.162 | INFO     | lightx2v.utils.profiler:__exit__:87 - [Profile] Single GPU - Level1_Log Run VAE Encoder cost 1.489166 seconds
2026-07-24 05:27:33.162 | INFO     | lightx2v.utils.profiler:__exit__:87 - [Profile] Single GPU - Level1_Log Run VAE Encoder cost 4.300100 seconds
2026-07-24 05:27:33.163 | INFO     | lightx2v.utils.profiler:__exit__:87 - [Profile] Single GPU - Level1_Log Run VAE Encoder cost 0.798893 seconds
2026-07-24 05:27:33.164 | INFO     | lightx2v.utils.profiler:__exit__:87 - [Profile] Single GPU - Level1_Log Run VAE Encoder cost 1.831035 seconds
2026-07-24 05:27:33.331 | INFO     | lightx2v.utils.profiler:__exit__:87 - [Profile] Single GPU - Level1_Log Run Text Encoder cost 0.167764 seconds
2026-07-24 05:27:33.332 | INFO     | lightx2v.utils.profiler:__exit__:87 - [Profile] Single GPU - Level2_Log Run Encoders cost 4.487083 seconds
2026-07-24 05:27:33.332 | INFO     | lightx2v.models.runners.default_runner:run_main:450 - 🔄 start segment 1/1
2026-07-24 05:27:33.336 | INFO     | lightx2v.models.runners.default_runner:run_segment:234 - ==> step_index: 1 / 4
2026-07-24 05:27:33.336 | INFO     | lightx2v.utils.profiler:__exit__:87 - [Profile] Rank 0 - Level1_Log step_pre cost 0.000092 seconds
2026-07-24 05:27:33.336 | INFO     | lightx2v.models.runners.wan.wan_runner:get_current_model_index:914 - using - HIGH - noise model at step_index 1
2026-07-24 05:27:33.337 | INFO     | lightx2v.utils.profiler:__exit__:87 - [Profile] Single GPU - Level2_Log Switch models in infer_main costs cost 0.000421 seconds
2026-07-24 05:27:33.343 | INFO     | lightx2v.utils.profiler:__exit__:87 - [Profile] Single GPU - Level1_Log Run Text Encoder cost 0.180495 seconds
2026-07-24 05:27:33.344 | INFO     | lightx2v.utils.profiler:__exit__:87 - [Profile] Single GPU - Level2_Log Run Encoders cost 2.152513 seconds
2026-07-24 05:27:33.345 | INFO     | lightx2v.utils.profiler:__exit__:87 - [Profile] Single GPU - Level1_Log Run Text Encoder cost 0.182201 seconds
2026-07-24 05:27:33.345 | INFO     | lightx2v.models.runners.default_runner:run_main:450 - 🔄 start segment 1/1
2026-07-24 05:27:33.345 | INFO     | lightx2v.utils.profiler:__exit__:87 - [Profile] Single GPU - Level2_Log Run Encoders cost 1.127272 seconds
2026-07-24 05:27:33.346 | INFO     | lightx2v.models.runners.default_runner:run_main:450 - 🔄 start segment 1/1
2026-07-24 05:27:33.356 | INFO     | lightx2v.utils.profiler:__exit__:87 - [Profile] Single GPU - Level1_Log Run Text Encoder cost 0.192797 seconds
2026-07-24 05:27:33.357 | INFO     | lightx2v.utils.profiler:__exit__:87 - [Profile] Single GPU - Level2_Log Run Encoders cost 1.852666 seconds
2026-07-24 05:27:33.357 | INFO     | lightx2v.models.runners.default_runner:run_main:450 - 🔄 start segment 1/1
2026-07-24 05:27:33.361 | INFO     | lightx2v.models.runners.default_runner:run_segment:234 - ==> step_index: 1 / 4
2026-07-24 05:27:33.361 | INFO     | lightx2v.utils.profiler:__exit__:87 - [Profile] Rank 1 - Level1_Log step_pre cost 0.000110 seconds
2026-07-24 05:27:33.362 | INFO     | lightx2v.models.runners.wan.wan_runner:get_current_model_index:914 - using - HIGH - noise model at step_index 1
2026-07-24 05:27:33.362 | INFO     | lightx2v.utils.profiler:__exit__:87 - [Profile] Single GPU - Level2_Log Switch models in infer_main costs cost 0.000325 seconds
2026-07-24 05:27:33.364 | INFO     | lightx2v.utils.profiler:__exit__:87 - [Profile] Single GPU - Level1_Log Run Text Encoder cost 0.201391 seconds
2026-07-24 05:27:33.365 | INFO     | lightx2v.utils.profiler:__exit__:87 - [Profile] Single GPU - Level2_Log Run Encoders cost 1.219833 seconds
2026-07-24 05:27:33.366 | INFO     | lightx2v.models.runners.default_runner:run_main:450 - 🔄 start segment 1/1
2026-07-24 05:27:33.375 | INFO     | lightx2v.utils.profiler:__exit__:87 - [Profile] Single GPU - Level1_Log Run Text Encoder cost 0.210032 seconds
2026-07-24 05:27:33.375 | INFO     | lightx2v.utils.profiler:__exit__:87 - [Profile] Single GPU - Level2_Log Run Encoders cost 2.259474 seconds
2026-07-24 05:27:33.376 | INFO     | lightx2v.models.runners.default_runner:run_main:450 - 🔄 start segment 1/1
2026-07-24 05:27:33.390 | INFO     | lightx2v.utils.profiler:__exit__:87 - [Profile] Single GPU - Level1_Log Run Text Encoder cost 0.227254 seconds
2026-07-24 05:27:33.391 | INFO     | lightx2v.utils.profiler:__exit__:87 - [Profile] Single GPU - Level2_Log Run Encoders cost 1.161967 seconds
2026-07-24 05:27:33.392 | INFO     | lightx2v.utils.profiler:__exit__:87 - [Profile] Single GPU - Level1_Log Run Text Encoder cost 0.228603 seconds
2026-07-24 05:27:33.392 | INFO     | lightx2v.models.runners.default_runner:run_main:450 - 🔄 start segment 1/1
2026-07-24 05:27:33.393 | INFO     | lightx2v.utils.profiler:__exit__:87 - [Profile] Single GPU - Level2_Log Run Encoders cost 1.049592 seconds
2026-07-24 05:27:33.394 | INFO     | lightx2v.models.runners.default_runner:run_main:450 - 🔄 start segment 1/1
2026-07-24 05:27:33.399 | INFO     | lightx2v.models.runners.default_runner:run_segment:234 - ==> step_index: 1 / 4
2026-07-24 05:27:33.399 | INFO     | lightx2v.models.runners.default_runner:run_segment:234 - ==> step_index: 1 / 4
2026-07-24 05:27:33.399 | INFO     | lightx2v.models.runners.default_runner:run_segment:234 - ==> step_index: 1 / 4
2026-07-24 05:27:33.399 | INFO     | lightx2v.models.runners.default_runner:run_segment:234 - ==> step_index: 1 / 4
2026-07-24 05:27:33.399 | INFO     | lightx2v.models.runners.default_runner:run_segment:234 - ==> step_index: 1 / 4
2026-07-24 05:27:33.399 | INFO     | lightx2v.utils.profiler:__exit__:87 - [Profile] Rank 4 - Level1_Log step_pre cost 0.000135 seconds
2026-07-24 05:27:33.399 | INFO     | lightx2v.utils.profiler:__exit__:87 - [Profile] Rank 3 - Level1_Log step_pre cost 0.000126 seconds
2026-07-24 05:27:33.399 | INFO     | lightx2v.utils.profiler:__exit__:87 - [Profile] Rank 6 - Level1_Log step_pre cost 0.000109 seconds
2026-07-24 05:27:33.399 | INFO     | lightx2v.utils.profiler:__exit__:87 - [Profile] Rank 5 - Level1_Log step_pre cost 0.000286 seconds
2026-07-24 05:27:33.399 | INFO     | lightx2v.models.runners.default_runner:run_segment:234 - ==> step_index: 1 / 4
2026-07-24 05:27:33.399 | INFO     | lightx2v.utils.profiler:__exit__:87 - [Profile] Rank 2 - Level1_Log step_pre cost 0.000201 seconds
2026-07-24 05:27:33.400 | INFO     | lightx2v.models.runners.wan.wan_runner:get_current_model_index:914 - using - HIGH - noise model at step_index 1
2026-07-24 05:27:33.400 | INFO     | lightx2v.models.runners.wan.wan_runner:get_current_model_index:914 - using - HIGH - noise model at step_index 1
2026-07-24 05:27:33.400 | INFO     | lightx2v.models.runners.wan.wan_runner:get_current_model_index:914 - using - HIGH - noise model at step_index 1
2026-07-24 05:27:33.400 | INFO     | lightx2v.utils.profiler:__exit__:87 - [Profile] Rank 7 - Level1_Log step_pre cost 0.000129 seconds
2026-07-24 05:27:33.400 | INFO     | lightx2v.utils.profiler:__exit__:87 - [Profile] Single GPU - Level2_Log Switch models in infer_main costs cost 0.000497 seconds
2026-07-24 05:27:33.400 | INFO     | lightx2v.models.runners.wan.wan_runner:get_current_model_index:914 - using - HIGH - noise model at step_index 1
2026-07-24 05:27:33.400 | INFO     | lightx2v.utils.profiler:__exit__:87 - [Profile] Single GPU - Level2_Log Switch models in infer_main costs cost 0.000634 seconds
2026-07-24 05:27:33.400 | INFO     | lightx2v.utils.profiler:__exit__:87 - [Profile] Single GPU - Level2_Log Switch models in infer_main costs cost 0.000539 seconds
2026-07-24 05:27:33.400 | INFO     | lightx2v.models.runners.wan.wan_runner:get_current_model_index:914 - using - HIGH - noise model at step_index 1
2026-07-24 05:27:33.400 | INFO     | lightx2v.utils.profiler:__exit__:87 - [Profile] Single GPU - Level2_Log Switch models in infer_main costs cost 0.000695 seconds
2026-07-24 05:27:33.401 | INFO     | lightx2v.models.runners.wan.wan_runner:get_current_model_index:914 - using - HIGH - noise model at step_index 1
2026-07-24 05:27:33.401 | INFO     | lightx2v.utils.profiler:__exit__:87 - [Profile] Single GPU - Level2_Log Switch models in infer_main costs cost 0.000706 seconds
2026-07-24 05:27:33.401 | INFO     | lightx2v.utils.profiler:__exit__:87 - [Profile] Single GPU - Level2_Log Switch models in infer_main costs cost 0.000467 seconds
Warning: Sage2++ NOT enabled
Warning: Sage2++ NOT enabled
Warning: Sage2++ NOT enabled
Warning: Sage2++ NOT enabled
Warning: Sage2++ NOT enabled
Warning: Sage2++ NOT enabled
Warning: Sage2++ NOT enabled
Warning: Sage2++ NOT enabled
2026-07-24 05:27:38.944 | INFO     | lightx2v.utils.profiler:__exit__:87 - [Profile] Rank 0 - Level1_Log 🚀 infer_main cost 5.607995 seconds
2026-07-24 05:27:38.946 | INFO     | lightx2v.utils.profiler:__exit__:87 - [Profile] Rank 4 - Level1_Log 🚀 infer_main cost 5.546644 seconds
2026-07-24 05:27:38.947 | INFO     | lightx2v.utils.profiler:__exit__:87 - [Profile] Rank 0 - Level1_Log step_post cost 0.001354 seconds
2026-07-24 05:27:38.947 | INFO     | lightx2v.utils.profiler:__exit__:87 - [Profile] Rank 0 - Level1_Log Run Dit every step cost 5.611381 seconds
2026-07-24 05:27:38.947 | INFO     | lightx2v.models.runners.default_runner:run_segment:234 - ==> step_index: 2 / 4
2026-07-24 05:27:38.948 | INFO     | lightx2v.utils.profiler:__exit__:87 - [Profile] Rank 4 - Level1_Log step_post cost 0.001054 seconds
2026-07-24 05:27:38.948 | INFO     | lightx2v.utils.profiler:__exit__:87 - [Profile] Rank 0 - Level1_Log step_pre cost 0.000101 seconds
2026-07-24 05:27:38.948 | INFO     | lightx2v.utils.profiler:__exit__:87 - [Profile] Rank 4 - Level1_Log Run Dit every step cost 5.549475 seconds
2026-07-24 05:27:38.948 | INFO     | lightx2v.models.runners.wan.wan_runner:get_current_model_index:914 - using - HIGH - noise model at step_index 2
2026-07-24 05:27:38.948 | INFO     | lightx2v.utils.profiler:__exit__:87 - [Profile] Single GPU - Level2_Log Switch models in infer_main costs cost 0.000192 seconds
2026-07-24 05:27:38.952 | INFO     | lightx2v.utils.profiler:__exit__:87 - [Profile] Rank 5 - Level1_Log 🚀 infer_main cost 5.552087 seconds
2026-07-24 05:27:38.954 | INFO     | lightx2v.utils.profiler:__exit__:87 - [Profile] Rank 5 - Level1_Log step_post cost 0.001359 seconds
2026-07-24 05:27:38.954 | INFO     | lightx2v.utils.profiler:__exit__:87 - [Profile] Rank 5 - Level1_Log Run Dit every step cost 5.555572 seconds
2026-07-24 05:27:38.954 | INFO     | lightx2v.utils.profiler:__exit__:87 - [Profile] Rank 6 - Level1_Log 🚀 infer_main cost 5.554745 seconds
2026-07-24 05:27:38.955 | INFO     | lightx2v.utils.profiler:__exit__:87 - [Profile] Rank 1 - Level1_Log 🚀 infer_main cost 5.593702 seconds
2026-07-24 05:27:38.956 | INFO     | lightx2v.utils.profiler:__exit__:87 - [Profile] Rank 6 - Level1_Log step_post cost 0.001054 seconds
2026-07-24 05:27:38.956 | INFO     | lightx2v.utils.profiler:__exit__:87 - [Profile] Rank 6 - Level1_Log Run Dit every step cost 5.557756 seconds
2026-07-24 05:27:38.956 | INFO     | lightx2v.utils.profiler:__exit__:87 - [Profile] Rank 7 - Level1_Log 🚀 infer_main cost 5.555487 seconds
2026-07-24 05:27:38.957 | INFO     | lightx2v.utils.profiler:__exit__:87 - [Profile] Rank 1 - Level1_Log step_post cost 0.001158 seconds
2026-07-24 05:27:38.957 | INFO     | lightx2v.utils.profiler:__exit__:87 - [Profile] Rank 1 - Level1_Log Run Dit every step cost 5.596484 seconds
2026-07-24 05:27:38.957 | INFO     | lightx2v.utils.profiler:__exit__:87 - [Profile] Rank 2 - Level1_Log 🚀 infer_main cost 5.557128 seconds
2026-07-24 05:27:38.958 | INFO     | lightx2v.utils.profiler:__exit__:87 - [Profile] Rank 7 - Level1_Log step_post cost 0.001239 seconds
2026-07-24 05:27:38.958 | INFO     | lightx2v.models.runners.default_runner:run_segment:234 - ==> step_index: 2 / 4
2026-07-24 05:27:38.958 | INFO     | lightx2v.utils.profiler:__exit__:87 - [Profile] Rank 7 - Level1_Log Run Dit every step cost 5.558880 seconds
2026-07-24 05:27:38.958 | INFO     | lightx2v.utils.profiler:__exit__:87 - [Profile] Rank 1 - Level1_Log step_pre cost 0.000112 seconds
2026-07-24 05:27:38.958 | INFO     | lightx2v.models.runners.wan.wan_runner:get_current_model_index:914 - using - HIGH - noise model at step_index 2
2026-07-24 05:27:38.958 | INFO     | lightx2v.utils.profiler:__exit__:87 - [Profile] Single GPU - Level2_Log Switch models in infer_main costs cost 0.000255 seconds
2026-07-24 05:27:38.959 | INFO     | lightx2v.utils.profiler:__exit__:87 - [Profile] Rank 3 - Level1_Log 🚀 infer_main cost 5.559050 seconds
2026-07-24 05:27:38.959 | INFO     | lightx2v.utils.profiler:__exit__:87 - [Profile] Rank 2 - Level1_Log step_post cost 0.001559 seconds
2026-07-24 05:27:38.959 | INFO     | lightx2v.utils.profiler:__exit__:87 - [Profile] Rank 2 - Level1_Log Run Dit every step cost 5.560942 seconds
2026-07-24 05:27:38.960 | INFO     | lightx2v.utils.profiler:__exit__:87 - [Profile] Rank 3 - Level1_Log step_post cost 0.001074 seconds
2026-07-24 05:27:38.960 | INFO     | lightx2v.utils.profiler:__exit__:87 - [Profile] Rank 3 - Level1_Log Run Dit every step cost 5.561769 seconds
2026-07-24 05:27:38.960 | INFO     | lightx2v.models.runners.default_runner:run_segment:234 - ==> step_index: 2 / 4
2026-07-24 05:27:38.960 | INFO     | lightx2v.utils.profiler:__exit__:87 - [Profile] Rank 2 - Level1_Log step_pre cost 0.000159 seconds
2026-07-24 05:27:38.961 | INFO     | lightx2v.models.runners.default_runner:run_segment:234 - ==> step_index: 2 / 4
2026-07-24 05:27:38.961 | INFO     | lightx2v.models.runners.default_runner:run_segment:234 - ==> step_index: 2 / 4
2026-07-24 05:27:38.961 | INFO     | lightx2v.models.runners.default_runner:run_segment:234 - ==> step_index: 2 / 4
2026-07-24 05:27:38.961 | INFO     | lightx2v.models.runners.default_runner:run_segment:234 - ==> step_index: 2 / 4
2026-07-24 05:27:38.961 | INFO     | lightx2v.models.runners.default_runner:run_segment:234 - ==> step_index: 2 / 4
2026-07-24 05:27:38.961 | INFO     | lightx2v.utils.profiler:__exit__:87 - [Profile] Rank 5 - Level1_Log step_pre cost 0.000134 seconds
2026-07-24 05:27:38.961 | INFO     | lightx2v.models.runners.wan.wan_runner:get_current_model_index:914 - using - HIGH - noise model at step_index 2
2026-07-24 05:27:38.961 | INFO     | lightx2v.utils.profiler:__exit__:87 - [Profile] Rank 4 - Level1_Log step_pre cost 0.000117 seconds
2026-07-24 05:27:38.961 | INFO     | lightx2v.utils.profiler:__exit__:87 - [Profile] Rank 6 - Level1_Log step_pre cost 0.000113 seconds
2026-07-24 05:27:38.961 | INFO     | lightx2v.utils.profiler:__exit__:87 - [Profile] Rank 3 - Level1_Log step_pre cost 0.000117 seconds
2026-07-24 05:27:38.961 | INFO     | lightx2v.utils.profiler:__exit__:87 - [Profile] Rank 7 - Level1_Log step_pre cost 0.000162 seconds
2026-07-24 05:27:38.961 | INFO     | lightx2v.utils.profiler:__exit__:87 - [Profile] Single GPU - Level2_Log Switch models in infer_main costs cost 0.000360 seconds
2026-07-24 05:27:38.961 | INFO     | lightx2v.models.runners.wan.wan_runner:get_current_model_index:914 - using - HIGH - noise model at step_index 2
2026-07-24 05:27:38.961 | INFO     | lightx2v.models.runners.wan.wan_runner:get_current_model_index:914 - using - HIGH - noise model at step_index 2
2026-07-24 05:27:38.961 | INFO     | lightx2v.models.runners.wan.wan_runner:get_current_model_index:914 - using - HIGH - noise model at step_index 2
2026-07-24 05:27:38.961 | INFO     | lightx2v.utils.profiler:__exit__:87 - [Profile] Single GPU - Level2_Log Switch models in infer_main costs cost 0.000348 seconds
2026-07-24 05:27:38.961 | INFO     | lightx2v.models.runners.wan.wan_runner:get_current_model_index:914 - using - HIGH - noise model at step_index 2
2026-07-24 05:27:38.961 | INFO     | lightx2v.utils.profiler:__exit__:87 - [Profile] Single GPU - Level2_Log Switch models in infer_main costs cost 0.000397 seconds
2026-07-24 05:27:38.961 | INFO     | lightx2v.models.runners.wan.wan_runner:get_current_model_index:914 - using - HIGH - noise model at step_index 2
2026-07-24 05:27:38.962 | INFO     | lightx2v.utils.profiler:__exit__:87 - [Profile] Single GPU - Level2_Log Switch models in infer_main costs cost 0.000348 seconds
2026-07-24 05:27:38.962 | INFO     | lightx2v.utils.profiler:__exit__:87 - [Profile] Single GPU - Level2_Log Switch models in infer_main costs cost 0.000437 seconds
2026-07-24 05:27:38.962 | INFO     | lightx2v.utils.profiler:__exit__:87 - [Profile] Single GPU - Level2_Log Switch models in infer_main costs cost 0.000463 seconds
2026-07-24 05:27:42.749 | INFO     | lightx2v.utils.profiler:__exit__:87 - [Profile] Rank 0 - Level1_Log 🚀 infer_main cost 3.801205 seconds
2026-07-24 05:27:42.751 | INFO     | lightx2v.utils.profiler:__exit__:87 - [Profile] Rank 0 - Level1_Log step_post cost 0.001201 seconds
2026-07-24 05:27:42.752 | INFO     | lightx2v.utils.profiler:__exit__:87 - [Profile] Rank 0 - Level1_Log Run Dit every step cost 3.804419 seconds
2026-07-24 05:27:42.752 | INFO     | lightx2v.models.runners.default_runner:run_segment:234 - ==> step_index: 3 / 4
2026-07-24 05:27:42.752 | INFO     | lightx2v.utils.profiler:__exit__:87 - [Profile] Rank 0 - Level1_Log step_pre cost 0.000098 seconds
2026-07-24 05:27:42.753 | INFO     | lightx2v.models.runners.wan.wan_runner:get_current_model_index:924 - using - LOW - noise model at step_index 3
2026-07-24 05:27:42.753 | INFO     | lightx2v.utils.profiler:__exit__:87 - [Profile] Single GPU - Level2_Log Switch models in infer_main costs cost 0.000288 seconds
2026-07-24 05:27:42.753 | INFO     | lightx2v.utils.profiler:__exit__:87 - [Profile] Rank 4 - Level1_Log 🚀 infer_main cost 3.792062 seconds
2026-07-24 05:27:42.757 | INFO     | lightx2v.utils.profiler:__exit__:87 - [Profile] Rank 4 - Level1_Log step_post cost 0.003009 seconds
2026-07-24 05:27:42.757 | INFO     | lightx2v.utils.profiler:__exit__:87 - [Profile] Rank 4 - Level1_Log Run Dit every step cost 3.809251 seconds
2026-07-24 05:27:42.758 | INFO     | lightx2v.utils.profiler:__exit__:87 - [Profile] Rank 1 - Level1_Log 🚀 infer_main cost 3.799370 seconds
2026-07-24 05:27:42.758 | INFO     | lightx2v.utils.profiler:__exit__:87 - [Profile] Rank 5 - Level1_Log 🚀 infer_main cost 3.797198 seconds
2026-07-24 05:27:42.759 | INFO     | lightx2v.utils.profiler:__exit__:87 - [Profile] Rank 1 - Level1_Log step_post cost 0.001441 seconds
2026-07-24 05:27:42.760 | INFO     | lightx2v.utils.profiler:__exit__:87 - [Profile] Rank 1 - Level1_Log Run Dit every step cost 3.802067 seconds
2026-07-24 05:27:42.760 | INFO     | lightx2v.models.runners.default_runner:run_segment:234 - ==> step_index: 3 / 4
2026-07-24 05:27:42.760 | INFO     | lightx2v.utils.profiler:__exit__:87 - [Profile] Rank 2 - Level1_Log 🚀 infer_main cost 3.799047 seconds
2026-07-24 05:27:42.760 | INFO     | lightx2v.utils.profiler:__exit__:87 - [Profile] Rank 1 - Level1_Log step_pre cost 0.000111 seconds
2026-07-24 05:27:42.760 | INFO     | lightx2v.models.runners.wan.wan_runner:get_current_model_index:924 - using - LOW - noise model at step_index 3
2026-07-24 05:27:42.761 | INFO     | lightx2v.utils.profiler:__exit__:87 - [Profile] Single GPU - Level2_Log Switch models in infer_main costs cost 0.000203 seconds
2026-07-24 05:27:42.761 | INFO     | lightx2v.utils.profiler:__exit__:87 - [Profile] Rank 3 - Level1_Log 🚀 infer_main cost 3.799432 seconds
2026-07-24 05:27:42.761 | INFO     | lightx2v.utils.profiler:__exit__:87 - [Profile] Rank 6 - Level1_Log 🚀 infer_main cost 3.799964 seconds
2026-07-24 05:27:42.762 | INFO     | lightx2v.utils.profiler:__exit__:87 - [Profile] Rank 5 - Level1_Log step_post cost 0.002843 seconds
2026-07-24 05:27:42.762 | INFO     | lightx2v.utils.profiler:__exit__:87 - [Profile] Rank 2 - Level1_Log step_post cost 0.001617 seconds
2026-07-24 05:27:42.762 | INFO     | lightx2v.utils.profiler:__exit__:87 - [Profile] Rank 2 - Level1_Log Run Dit every step cost 3.802500 seconds
2026-07-24 05:27:42.762 | INFO     | lightx2v.utils.profiler:__exit__:87 - [Profile] Rank 5 - Level1_Log Run Dit every step cost 3.808043 seconds
2026-07-24 05:27:42.763 | INFO     | lightx2v.models.runners.default_runner:run_segment:234 - ==> step_index: 3 / 4
2026-07-24 05:27:42.763 | INFO     | lightx2v.utils.profiler:__exit__:87 - [Profile] Rank 3 - Level1_Log step_post cost 0.001610 seconds
2026-07-24 05:27:42.763 | INFO     | lightx2v.utils.profiler:__exit__:87 - [Profile] Rank 2 - Level1_Log step_pre cost 0.000103 seconds
2026-07-24 05:27:42.763 | INFO     | lightx2v.utils.profiler:__exit__:87 - [Profile] Rank 3 - Level1_Log Run Dit every step cost 3.802625 seconds
2026-07-24 05:27:42.763 | INFO     | lightx2v.utils.profiler:__exit__:87 - [Profile] Rank 6 - Level1_Log step_post cost 0.001446 seconds
2026-07-24 05:27:42.763 | INFO     | lightx2v.models.runners.wan.wan_runner:get_current_model_index:924 - using - LOW - noise model at step_index 3
2026-07-24 05:27:42.763 | INFO     | lightx2v.utils.profiler:__exit__:87 - [Profile] Rank 7 - Level1_Log 🚀 infer_main cost 3.801217 seconds
2026-07-24 05:27:42.763 | INFO     | lightx2v.utils.profiler:__exit__:87 - [Profile] Rank 6 - Level1_Log Run Dit every step cost 3.806823 seconds
2026-07-24 05:27:42.763 | INFO     | lightx2v.utils.profiler:__exit__:87 - [Profile] Single GPU - Level2_Log Switch models in infer_main costs cost 0.000204 seconds
2026-07-24 05:27:42.763 | INFO     | lightx2v.models.runners.default_runner:run_segment:234 - ==> step_index: 3 / 4
2026-07-24 05:27:42.763 | INFO     | lightx2v.models.runners.default_runner:run_segment:234 - ==> step_index: 3 / 4
2026-07-24 05:27:42.763 | INFO     | lightx2v.models.runners.default_runner:run_segment:234 - ==> step_index: 3 / 4
2026-07-24 05:27:42.764 | INFO     | lightx2v.models.runners.default_runner:run_segment:234 - ==> step_index: 3 / 4
2026-07-24 05:27:42.764 | INFO     | lightx2v.utils.profiler:__exit__:87 - [Profile] Rank 4 - Level1_Log step_pre cost 0.000114 seconds
2026-07-24 05:27:42.764 | INFO     | lightx2v.utils.profiler:__exit__:87 - [Profile] Rank 3 - Level1_Log step_pre cost 0.000102 seconds
2026-07-24 05:27:42.764 | INFO     | lightx2v.utils.profiler:__exit__:87 - [Profile] Rank 5 - Level1_Log step_pre cost 0.000352 seconds
2026-07-24 05:27:42.764 | INFO     | lightx2v.utils.profiler:__exit__:87 - [Profile] Rank 6 - Level1_Log step_pre cost 0.000123 seconds
2026-07-24 05:27:42.764 | INFO     | lightx2v.models.runners.wan.wan_runner:get_current_model_index:924 - using - LOW - noise model at step_index 3
2026-07-24 05:27:42.764 | INFO     | lightx2v.models.runners.wan.wan_runner:get_current_model_index:924 - using - LOW - noise model at step_index 3
2026-07-24 05:27:42.764 | INFO     | lightx2v.utils.profiler:__exit__:87 - [Profile] Single GPU - Level2_Log Switch models in infer_main costs cost 0.000202 seconds
2026-07-24 05:27:42.764 | INFO     | lightx2v.models.runners.wan.wan_runner:get_current_model_index:924 - using - LOW - noise model at step_index 3
2026-07-24 05:27:42.764 | INFO     | lightx2v.utils.profiler:__exit__:87 - [Profile] Single GPU - Level2_Log Switch models in infer_main costs cost 0.000315 seconds
2026-07-24 05:27:42.764 | INFO     | lightx2v.models.runners.wan.wan_runner:get_current_model_index:924 - using - LOW - noise model at step_index 3
2026-07-24 05:27:42.764 | INFO     | lightx2v.utils.profiler:__exit__:87 - [Profile] Single GPU - Level2_Log Switch models in infer_main costs cost 0.000347 seconds
2026-07-24 05:27:42.765 | INFO     | lightx2v.utils.profiler:__exit__:87 - [Profile] Single GPU - Level2_Log Switch models in infer_main costs cost 0.000393 seconds
2026-07-24 05:27:42.767 | INFO     | lightx2v.utils.profiler:__exit__:87 - [Profile] Rank 7 - Level1_Log step_post cost 0.003910 seconds
2026-07-24 05:27:42.768 | INFO     | lightx2v.utils.profiler:__exit__:87 - [Profile] Rank 7 - Level1_Log Run Dit every step cost 3.809511 seconds
2026-07-24 05:27:42.768 | INFO     | lightx2v.models.runners.default_runner:run_segment:234 - ==> step_index: 3 / 4
2026-07-24 05:27:42.768 | INFO     | lightx2v.utils.profiler:__exit__:87 - [Profile] Rank 7 - Level1_Log step_pre cost 0.000111 seconds
2026-07-24 05:27:42.769 | INFO     | lightx2v.models.runners.wan.wan_runner:get_current_model_index:924 - using - LOW - noise model at step_index 3
2026-07-24 05:27:42.769 | INFO     | lightx2v.utils.profiler:__exit__:87 - [Profile] Single GPU - Level2_Log Switch models in infer_main costs cost 0.000273 seconds
2026-07-24 05:27:46.662 | INFO     | lightx2v.utils.profiler:__exit__:87 - [Profile] Rank 0 - Level1_Log 🚀 infer_main cost 3.909050 seconds
2026-07-24 05:27:46.663 | INFO     | lightx2v.utils.profiler:__exit__:87 - [Profile] Rank 6 - Level1_Log 🚀 infer_main cost 3.898535 seconds
2026-07-24 05:27:46.663 | INFO     | lightx2v.utils.profiler:__exit__:87 - [Profile] Rank 2 - Level1_Log 🚀 infer_main cost 3.899934 seconds
2026-07-24 05:27:46.665 | INFO     | lightx2v.utils.profiler:__exit__:87 - [Profile] Rank 4 - Level1_Log 🚀 infer_main cost 3.901350 seconds
2026-07-24 05:27:46.666 | INFO     | lightx2v.utils.profiler:__exit__:87 - [Profile] Rank 1 - Level1_Log 🚀 infer_main cost 3.905528 seconds
2026-07-24 05:27:46.667 | INFO     | lightx2v.utils.profiler:__exit__:87 - [Profile] Rank 3 - Level1_Log 🚀 infer_main cost 3.903138 seconds
2026-07-24 05:27:46.673 | INFO     | lightx2v.utils.profiler:__exit__:87 - [Profile] Rank 5 - Level1_Log 🚀 infer_main cost 3.909001 seconds
2026-07-24 05:27:46.673 | INFO     | lightx2v.utils.profiler:__exit__:87 - [Profile] Rank 7 - Level1_Log 🚀 infer_main cost 3.904839 seconds
2026-07-24 05:27:46.720 | INFO     | lightx2v.utils.profiler:__exit__:87 - [Profile] Rank 0 - Level1_Log step_post cost 0.057056 seconds
2026-07-24 05:27:46.720 | INFO     | lightx2v.utils.profiler:__exit__:87 - [Profile] Rank 0 - Level1_Log Run Dit every step cost 3.968431 seconds
2026-07-24 05:27:46.721 | INFO     | lightx2v.models.runners.default_runner:run_segment:234 - ==> step_index: 4 / 4
2026-07-24 05:27:46.721 | INFO     | lightx2v.utils.profiler:__exit__:87 - [Profile] Rank 0 - Level1_Log step_pre cost 0.000100 seconds
2026-07-24 05:27:46.721 | INFO     | lightx2v.models.runners.wan.wan_runner:get_current_model_index:924 - using - LOW - noise model at step_index 4
2026-07-24 05:27:46.722 | INFO     | lightx2v.utils.profiler:__exit__:87 - [Profile] Single GPU - Level2_Log Switch models in infer_main costs cost 0.000241 seconds
2026-07-24 05:27:46.731 | INFO     | lightx2v.utils.profiler:__exit__:87 - [Profile] Rank 1 - Level1_Log step_post cost 0.064184 seconds
2026-07-24 05:27:46.731 | INFO     | lightx2v.utils.profiler:__exit__:87 - [Profile] Rank 1 - Level1_Log Run Dit every step cost 3.971619 seconds
2026-07-24 05:27:46.731 | INFO     | lightx2v.utils.profiler:__exit__:87 - [Profile] Rank 3 - Level1_Log step_post cost 0.063789 seconds
2026-07-24 05:27:46.732 | INFO     | lightx2v.utils.profiler:__exit__:87 - [Profile] Rank 3 - Level1_Log Run Dit every step cost 3.968792 seconds
2026-07-24 05:27:46.732 | INFO     | lightx2v.models.runners.default_runner:run_segment:234 - ==> step_index: 4 / 4
2026-07-24 05:27:46.733 | INFO     | lightx2v.utils.profiler:__exit__:87 - [Profile] Rank 1 - Level1_Log step_pre cost 0.000215 seconds
2026-07-24 05:27:46.733 | INFO     | lightx2v.models.runners.wan.wan_runner:get_current_model_index:924 - using - LOW - noise model at step_index 4
2026-07-24 05:27:46.733 | INFO     | lightx2v.utils.profiler:__exit__:87 - [Profile] Single GPU - Level2_Log Switch models in infer_main costs cost 0.000318 seconds
2026-07-24 05:27:46.739 | INFO     | lightx2v.utils.profiler:__exit__:87 - [Profile] Rank 2 - Level1_Log step_post cost 0.075123 seconds
2026-07-24 05:27:46.739 | INFO     | lightx2v.utils.profiler:__exit__:87 - [Profile] Rank 2 - Level1_Log Run Dit every step cost 3.976955 seconds
2026-07-24 05:27:46.740 | INFO     | lightx2v.models.runners.default_runner:run_segment:234 - ==> step_index: 4 / 4
2026-07-24 05:27:46.740 | INFO     | lightx2v.models.runners.default_runner:run_segment:234 - ==> step_index: 4 / 4
2026-07-24 05:27:46.740 | INFO     | lightx2v.utils.profiler:__exit__:87 - [Profile] Rank 3 - Level1_Log step_pre cost 0.000119 seconds
2026-07-24 05:27:46.741 | INFO     | lightx2v.models.runners.wan.wan_runner:get_current_model_index:924 - using - LOW - noise model at step_index 4
2026-07-24 05:27:46.741 | INFO     | lightx2v.utils.profiler:__exit__:87 - [Profile] Rank 2 - Level1_Log step_pre cost 0.000303 seconds
2026-07-24 05:27:46.741 | INFO     | lightx2v.utils.profiler:__exit__:87 - [Profile] Single GPU - Level2_Log Switch models in infer_main costs cost 0.000293 seconds
2026-07-24 05:27:46.741 | INFO     | lightx2v.models.runners.wan.wan_runner:get_current_model_index:924 - using - LOW - noise model at step_index 4
2026-07-24 05:27:46.742 | INFO     | lightx2v.utils.profiler:__exit__:87 - [Profile] Single GPU - Level2_Log Switch models in infer_main costs cost 0.000539 seconds
2026-07-24 05:27:46.745 | INFO     | lightx2v.utils.profiler:__exit__:87 - [Profile] Rank 4 - Level1_Log step_post cost 0.078761 seconds
2026-07-24 05:27:46.745 | INFO     | lightx2v.utils.profiler:__exit__:87 - [Profile] Rank 4 - Level1_Log Run Dit every step cost 3.987613 seconds
2026-07-24 05:27:46.746 | INFO     | lightx2v.models.runners.default_runner:run_segment:234 - ==> step_index: 4 / 4
2026-07-24 05:27:46.746 | INFO     | lightx2v.utils.profiler:__exit__:87 - [Profile] Rank 4 - Level1_Log step_pre cost 0.000124 seconds
2026-07-24 05:27:46.748 | INFO     | lightx2v.models.runners.wan.wan_runner:get_current_model_index:924 - using - LOW - noise model at step_index 4
2026-07-24 05:27:46.748 | INFO     | lightx2v.utils.profiler:__exit__:87 - [Profile] Rank 7 - Level1_Log step_post cost 0.073378 seconds
2026-07-24 05:27:46.748 | INFO     | lightx2v.utils.profiler:__exit__:87 - [Profile] Single GPU - Level2_Log Switch models in infer_main costs cost 0.000733 seconds
2026-07-24 05:27:46.748 | INFO     | lightx2v.utils.profiler:__exit__:87 - [Profile] Rank 7 - Level1_Log Run Dit every step cost 3.980667 seconds
2026-07-24 05:27:46.762 | INFO     | lightx2v.utils.profiler:__exit__:87 - [Profile] Rank 5 - Level1_Log step_post cost 0.088096 seconds
2026-07-24 05:27:46.762 | INFO     | lightx2v.utils.profiler:__exit__:87 - [Profile] Rank 5 - Level1_Log Run Dit every step cost 3.999813 seconds
2026-07-24 05:27:46.763 | INFO     | lightx2v.models.runners.default_runner:run_segment:234 - ==> step_index: 4 / 4
2026-07-24 05:27:46.763 | INFO     | lightx2v.utils.profiler:__exit__:87 - [Profile] Rank 5 - Level1_Log step_pre cost 0.000152 seconds
2026-07-24 05:27:46.764 | INFO     | lightx2v.models.runners.wan.wan_runner:get_current_model_index:924 - using - LOW - noise model at step_index 4
2026-07-24 05:27:46.764 | INFO     | lightx2v.utils.profiler:__exit__:87 - [Profile] Single GPU - Level2_Log Switch models in infer_main costs cost 0.000318 seconds
2026-07-24 05:27:46.766 | INFO     | lightx2v.utils.profiler:__exit__:87 - [Profile] Rank 6 - Level1_Log step_post cost 0.102656 seconds
2026-07-24 05:27:46.767 | INFO     | lightx2v.utils.profiler:__exit__:87 - [Profile] Rank 6 - Level1_Log Run Dit every step cost 4.003243 seconds
2026-07-24 05:27:46.768 | INFO     | lightx2v.models.runners.default_runner:run_segment:234 - ==> step_index: 4 / 4
2026-07-24 05:27:46.768 | INFO     | lightx2v.models.runners.default_runner:run_segment:234 - ==> step_index: 4 / 4
2026-07-24 05:27:46.768 | INFO     | lightx2v.utils.profiler:__exit__:87 - [Profile] Rank 7 - Level1_Log step_pre cost 0.000111 seconds
2026-07-24 05:27:46.768 | INFO     | lightx2v.models.runners.wan.wan_runner:get_current_model_index:924 - using - LOW - noise model at step_index 4
2026-07-24 05:27:46.768 | INFO     | lightx2v.utils.profiler:__exit__:87 - [Profile] Rank 6 - Level1_Log step_pre cost 0.000259 seconds
2026-07-24 05:27:46.768 | INFO     | lightx2v.utils.profiler:__exit__:87 - [Profile] Single GPU - Level2_Log Switch models in infer_main costs cost 0.000242 seconds
2026-07-24 05:27:46.769 | INFO     | lightx2v.models.runners.wan.wan_runner:get_current_model_index:924 - using - LOW - noise model at step_index 4
2026-07-24 05:27:46.769 | INFO     | lightx2v.utils.profiler:__exit__:87 - [Profile] Single GPU - Level2_Log Switch models in infer_main costs cost 0.000418 seconds
2026-07-24 05:27:50.647 | INFO     | lightx2v.utils.profiler:__exit__:87 - [Profile] Rank 0 - Level1_Log 🚀 infer_main cost 3.925644 seconds
2026-07-24 05:27:50.648 | INFO     | lightx2v.utils.profiler:__exit__:87 - [Profile] Rank 6 - Level1_Log 🚀 infer_main cost 3.879221 seconds
2026-07-24 05:27:50.649 | INFO     | lightx2v.utils.profiler:__exit__:87 - [Profile] Rank 0 - Level1_Log step_post cost 0.001249 seconds
2026-07-24 05:27:50.649 | INFO     | lightx2v.utils.profiler:__exit__:87 - [Profile] Rank 2 - Level1_Log 🚀 infer_main cost 3.908253 seconds
2026-07-24 05:27:50.650 | INFO     | lightx2v.utils.profiler:__exit__:87 - [Profile] Rank 0 - Level1_Log Run Dit every step cost 3.929410 seconds
2026-07-24 05:27:50.650 | INFO     | lightx2v.utils.profiler:__exit__:87 - [Profile] Rank 1 - Level1_Log 🚀 infer_main cost 3.917127 seconds
2026-07-24 05:27:50.651 | INFO     | lightx2v.utils.profiler:__exit__:87 - [Profile] Rank 4 - Level1_Log 🚀 infer_main cost 3.903600 seconds
2026-07-24 05:27:50.652 | INFO     | lightx2v.utils.profiler:__exit__:87 - [Profile] Rank 2 - Level1_Log step_post cost 0.001791 seconds
2026-07-24 05:27:50.652 | INFO     | lightx2v.utils.profiler:__exit__:87 - [Profile] Rank 6 - Level1_Log step_post cost 0.003259 seconds
2026-07-24 05:27:50.652 | INFO     | lightx2v.utils.profiler:__exit__:87 - [Profile] Rank 2 - Level1_Log Run Dit every step cost 3.912526 seconds
2026-07-24 05:27:50.652 | INFO     | lightx2v.utils.profiler:__exit__:87 - [Profile] Rank 6 - Level1_Log Run Dit every step cost 3.885200 seconds
2026-07-24 05:27:50.652 | INFO     | lightx2v.utils.profiler:__exit__:87 - [Profile] Rank 1 - Level1_Log step_post cost 0.001515 seconds
2026-07-24 05:27:50.652 | INFO     | lightx2v.utils.profiler:__exit__:87 - [Profile] Rank 1 - Level1_Log Run Dit every step cost 3.920677 seconds
2026-07-24 05:27:50.653 | INFO     | lightx2v.utils.profiler:__exit__:87 - [Profile] Rank 3 - Level1_Log 🚀 infer_main cost 3.912055 seconds
2026-07-24 05:27:50.654 | INFO     | lightx2v.utils.profiler:__exit__:87 - [Profile] Rank 4 - Level1_Log step_post cost 0.002073 seconds
2026-07-24 05:27:50.654 | INFO     | lightx2v.utils.profiler:__exit__:87 - [Profile] Rank 4 - Level1_Log Run Dit every step cost 3.908252 seconds
2026-07-24 05:27:50.656 | INFO     | lightx2v.utils.profiler:__exit__:87 - [Profile] Rank 3 - Level1_Log step_post cost 0.002664 seconds
2026-07-24 05:27:50.656 | INFO     | lightx2v.utils.profiler:__exit__:87 - [Profile] Rank 3 - Level1_Log Run Dit every step cost 3.924110 seconds
2026-07-24 05:27:50.658 | INFO     | lightx2v.utils.profiler:__exit__:87 - [Profile] Rank 5 - Level1_Log 🚀 infer_main cost 3.894864 seconds
2026-07-24 05:27:50.661 | INFO     | lightx2v.utils.profiler:__exit__:87 - [Profile] Rank 5 - Level1_Log step_post cost 0.002168 seconds
2026-07-24 05:27:50.661 | INFO     | lightx2v.utils.profiler:__exit__:87 - [Profile] Rank 7 - Level1_Log 🚀 infer_main cost 3.892376 seconds
2026-07-24 05:27:50.661 | INFO     | lightx2v.utils.profiler:__exit__:87 - [Profile] Rank 5 - Level1_Log Run Dit every step cost 3.898844 seconds
2026-07-24 05:27:50.664 | INFO     | lightx2v.utils.profiler:__exit__:87 - [Profile] Rank 7 - Level1_Log step_post cost 0.002750 seconds
2026-07-24 05:27:50.664 | INFO     | lightx2v.utils.profiler:__exit__:87 - [Profile] Rank 7 - Level1_Log Run Dit every step cost 3.915518 seconds
2026-07-24 05:27:51.575 | INFO     | lightx2v.utils.profiler:__exit__:87 - [Profile] Single GPU - Level1_Log Run VAE Decoder cost 0.920862 seconds
2026-07-24 05:27:51.575 | INFO     | lightx2v.utils.profiler:__exit__:87 - [Profile] Single GPU - Level1_Log Run VAE Decoder cost 0.925020 seconds
2026-07-24 05:27:51.575 | INFO     | lightx2v.utils.profiler:__exit__:87 - [Profile] Single GPU - Level1_Log Run VAE Decoder cost 0.922635 seconds
2026-07-24 05:27:51.575 | INFO     | lightx2v.utils.profiler:__exit__:87 - [Profile] Single GPU - Level1_Log Run VAE Decoder cost 0.922420 seconds
2026-07-24 05:27:51.575 | INFO     | lightx2v.utils.profiler:__exit__:87 - [Profile] Rank 4 - Level1_Log segment end2end 1/1 cost 18.182634 seconds
2026-07-24 05:27:51.575 | INFO     | lightx2v.utils.profiler:__exit__:87 - [Profile] Single GPU - Level1_Log Run VAE Decoder cost 0.922696 seconds
2026-07-24 05:27:51.575 | INFO     | lightx2v.utils.profiler:__exit__:87 - [Profile] Single GPU - Level1_Log Run VAE Decoder cost 0.918443 seconds
2026-07-24 05:27:51.575 | INFO     | lightx2v.utils.profiler:__exit__:87 - [Profile] Rank 0 - Level1_Log segment end2end 1/1 cost 18.242848 seconds
2026-07-24 05:27:51.575 | INFO     | lightx2v.utils.profiler:__exit__:87 - [Profile] Single GPU - Level1_Log Run VAE Decoder cost 0.913561 seconds
2026-07-24 05:27:51.575 | INFO     | lightx2v.utils.profiler:__exit__:87 - [Profile] Single GPU - Level1_Log Run VAE Decoder cost 0.910452 seconds
2026-07-24 05:27:51.576 | INFO     | lightx2v.utils.profiler:__exit__:87 - [Profile] Rank 2 - Level1_Log segment end2end 1/1 cost 18.180648 seconds
2026-07-24 05:27:51.576 | INFO     | lightx2v.utils.profiler:__exit__:87 - [Profile] Rank 1 - Level1_Log segment end2end 1/1 cost 18.218159 seconds
2026-07-24 05:27:51.576 | INFO     | lightx2v.utils.profiler:__exit__:87 - [Profile] Rank 6 - Level1_Log segment end2end 1/1 cost 18.230474 seconds
2026-07-24 05:27:51.576 | INFO     | lightx2v.utils.profiler:__exit__:87 - [Profile] Single GPU - Level2_Log Run DiT cost 18.184739 seconds
2026-07-24 05:27:51.576 | INFO     | lightx2v.utils.profiler:__exit__:87 - [Profile] Rank 3 - Level1_Log segment end2end 1/1 cost 18.229370 seconds
2026-07-24 05:27:51.576 | INFO     | lightx2v.utils.profiler:__exit__:87 - [Profile] Rank 5 - Level1_Log segment end2end 1/1 cost 18.199901 seconds
2026-07-24 05:27:51.576 | INFO     | lightx2v.utils.profiler:__exit__:87 - [Profile] Rank 7 - Level1_Log segment end2end 1/1 cost 18.210122 seconds
2026-07-24 05:27:51.577 | INFO     | lightx2v.utils.profiler:__exit__:87 - [Profile] Single GPU - Level2_Log Run DiT cost 18.183628 seconds
2026-07-24 05:27:51.577 | INFO     | lightx2v.utils.profiler:__exit__:87 - [Profile] Single GPU - Level1_Log RUN pipeline cost 19.347801 seconds
2026-07-24 05:27:51.577 | INFO     | lightx2v.utils.profiler:__exit__:87 - [Profile] Single GPU - Level2_Log Run DiT cost 18.232624 seconds
2026-07-24 05:27:51.577 | INFO     | lightx2v.utils.profiler:__exit__:87 - [Profile] Single GPU - Level2_Log Run DiT cost 18.220255 seconds
2026-07-24 05:27:51.577 | INFO     | lightx2v.utils.profiler:__exit__:87 - [Profile] Single GPU - Level1_Log RUN pipeline cost 19.233882 seconds
2026-07-24 05:27:51.577 | INFO     | lightx2v.utils.profiler:__exit__:87 - [Profile] Single GPU - Level2_Log Run DiT cost 18.212186 seconds
2026-07-24 05:27:51.577 | INFO     | lightx2v.utils.profiler:__exit__:87 - [Profile] Single GPU - Level1_Log RUN pipeline cost 20.385741 seconds
2026-07-24 05:27:51.577 | INFO     | lightx2v.utils.profiler:__exit__:87 - [Profile] Single GPU - Level2_Log Run DiT cost 18.231666 seconds
2026-07-24 05:27:51.577 | INFO     | lightx2v.utils.profiler:__exit__:87 - [Profile] Single GPU - Level1_Log RUN pipeline cost 19.432511 seconds
2026-07-24 05:27:51.577 | INFO     | lightx2v.utils.profiler:__exit__:87 - [Profile] Single GPU - Level1_Log RUN pipeline cost 20.073590 seconds
2026-07-24 05:27:51.577 | INFO     | lightx2v.utils.profiler:__exit__:87 - [Profile] Rank 0 - Level2_Log wan_vae_to_comfy cost 0.001253 seconds
2026-07-24 05:27:51.578 | INFO     | lightx2v.utils.profiler:__exit__:87 - [Profile] Single GPU - Level2_Log Run DiT cost 18.202464 seconds
2026-07-24 05:27:51.578 | INFO     | lightx2v.utils.profiler:__exit__:87 - [Profile] Single GPU - Level1_Log RUN pipeline cost 19.359738 seconds
2026-07-24 05:27:51.578 | INFO     | lightx2v.models.runners.default_runner:process_images_after_vae_decoder:561 - 🎬 Start to save video 🎬
2026-07-24 05:27:51.578 | INFO     | lightx2v.utils.profiler:__exit__:87 - [Profile] Single GPU - Level1_Log RUN pipeline cost 20.462448 seconds
2026-07-24 05:27:51.942 | INFO     | lightx2v.models.runners.base_runner:_maybe_freeze_gc:84 - [GC] gc.collect() reclaimed 0 objects; gc.freeze() moved ~708861 live tracked objects out of future GC walks
2026-07-24 05:27:51.943 | INFO     | lightx2v.models.runners.base_runner:_maybe_freeze_gc:84 - [GC] gc.collect() reclaimed 0 objects; gc.freeze() moved ~708861 live tracked objects out of future GC walks
2026-07-24 05:27:51.943 | INFO     | lightx2v.utils.profiler:__exit__:87 - [Profile] Rank 2 - Level1_Log Total Cost cost 283.763779 seconds
2026-07-24 05:27:51.943 | INFO     | lightx2v.utils.profiler:__exit__:87 - [Profile] Rank 6 - Level1_Log Total Cost cost 283.762784 seconds
2026-07-24 05:27:51.980 | INFO     | lightx2v.models.runners.base_runner:_maybe_freeze_gc:84 - [GC] gc.collect() reclaimed 0 objects; gc.freeze() moved ~708859 live tracked objects out of future GC walks
2026-07-24 05:27:51.981 | INFO     | lightx2v.utils.profiler:__exit__:87 - [Profile] Rank 1 - Level1_Log Total Cost cost 283.801603 seconds
2026-07-24 05:27:52.086 | INFO     | lightx2v.models.runners.default_runner:process_images_after_vae_decoder:570 - ✅ Video saved successfully to: /data/fuhaiwen1/LightX2V/save_results/baseline_benchmark_6.mp4 ✅
2026-07-24 05:27:52.087 | INFO     | lightx2v.utils.profiler:__exit__:87 - [Profile] Single GPU - Level2_Log Run DiT cost 18.755598 seconds
2026-07-24 05:27:52.088 | INFO     | lightx2v.utils.profiler:__exit__:87 - [Profile] Single GPU - Level1_Log RUN pipeline cost 23.243181 seconds
2026-07-24 05:27:52.148 | INFO     | lightx2v.models.runners.base_runner:_maybe_freeze_gc:84 - [GC] gc.collect() reclaimed 0 objects; gc.freeze() moved ~708860 live tracked objects out of future GC walks
2026-07-24 05:27:52.149 | INFO     | lightx2v.utils.profiler:__exit__:87 - [Profile] Rank 5 - Level1_Log Total Cost cost 283.969317 seconds
2026-07-24 05:27:52.346 | INFO     | lightx2v.models.runners.base_runner:_maybe_freeze_gc:84 - [GC] gc.collect() reclaimed 0 objects; gc.freeze() moved ~708859 live tracked objects out of future GC walks
2026-07-24 05:27:52.347 | INFO     | lightx2v.utils.profiler:__exit__:87 - [Profile] Rank 7 - Level1_Log Total Cost cost 284.166279 seconds
2026-07-24 05:27:52.457 | INFO     | lightx2v.models.runners.base_runner:_maybe_freeze_gc:84 - [GC] gc.collect() reclaimed 0 objects; gc.freeze() moved ~708859 live tracked objects out of future GC walks
2026-07-24 05:27:52.458 | INFO     | lightx2v.utils.profiler:__exit__:87 - [Profile] Rank 3 - Level1_Log Total Cost cost 284.277807 seconds
2026-07-24 05:27:52.492 | INFO     | lightx2v.models.runners.base_runner:_maybe_freeze_gc:84 - [GC] gc.collect() reclaimed 0 objects; gc.freeze() moved ~708867 live tracked objects out of future GC walks
2026-07-24 05:27:52.493 | INFO     | lightx2v.utils.profiler:__exit__:87 - [Profile] Rank 0 - Level1_Log Total Cost cost 284.314237 seconds
2026-07-24 05:27:52.611 | INFO     | lightx2v.models.runners.base_runner:_maybe_freeze_gc:84 - [GC] gc.collect() reclaimed 0 objects; gc.freeze() moved ~708858 live tracked objects out of future GC walks
2026-07-24 05:27:52.612 | INFO     | lightx2v.utils.profiler:__exit__:87 - [Profile] Rank 4 - Level1_Log Total Cost cost 284.432360 seconds
2026-07-24 05:27:52.981 | INFO     | __main__:main:241 - Distributed process group cleaned up
2026-07-24 05:27:53.041 | INFO     | __main__:main:241 - Distributed process group cleaned up
2026-07-24 05:27:53.043 | INFO     | __main__:main:241 - Distributed process group cleaned up
2026-07-24 05:27:53.043 | INFO     | __main__:main:241 - Distributed process group cleaned up
2026-07-24 05:27:53.046 | INFO     | __main__:main:241 - Distributed process group cleaned up
2026-07-24 05:27:53.471 | INFO     | __main__:main:241 - Distributed process group cleaned up
2026-07-24 05:27:53.475 | INFO     | __main__:main:241 - Distributed process group cleaned up
2026-07-24 05:27:53.535 | INFO     | __main__:main:241 - Distributed process group cleaned up
2026-07-24 05:28:12.330 | INFO     | __main__:_controller_main:577 - [done] request_id=5 worker=cooperative_group start_ts=1784870577.664032 finish_ts=1784870892.319395 e2e=1900.629s elapsed_from_global_start=1900.629s rc=0
Warning: Sage2++ NOT enabled
Warning: Sage2++ NOT enabled
Warning: Sage2++ NOT enabled
Warning: Sage2++ NOT enabled
Warning: Sage2++ NOT enabled
Warning: Sage2++ NOT enabled
Warning: Sage2++ NOT enabled
Warning: Sage2++ NOT enabled
2026-07-24 05:28:15.955 | INFO     | __main__:_controller_main:614 - metrics saved to /data/fuhaiwen1/LightX2V/save_results/baseline_benchmark_6_metrics.json
Warning: Sage2++ NOT enabled
